symbol,name,price,cap_m
NVDA,NVIDIA Corporation Common Stock,228.86,5515526.0
AAPL,Apple Inc. Common Stock,338.4,4938670.512
GOOGL,Alphabet Inc. Class A Common Stock,342.75,4191832.5
GOOG,Alphabet Inc. Class C Capital Stock,339.16,4147926.8
MSFT,Microsoft Corporation Common Stock,509.22,3781236.274927
AMZN,"Amazon.com, Inc. Common Stock",246.15,2655051.085748
TSM,Taiwan Semiconductor Manufacturing Company Ltd.,452.88,2348864.340924
SPCX,Space Exploration Technologies Corp. Class A Common Stock,145.47,1974438.361789
META,"Meta Platforms, Inc. Class A Common Stock",715.62,1823046.404735
AVGO,Broadcom Inc. Common Stock,349.57,1668717.791908
TSLA,"Tesla, Inc. Common Stock",357.45,1411765.715985
SKHY,SK hynix Inc. American Depositary Shares,181.92,1325952.1176
MU,"Micron Technology, Inc. Common Stock",1053.98,1190357.793291
LLY,Eli Lilly and Company Common Stock,1184.78,1115301.023471
BRK/B,Berkshire Hathaway Inc.,503.09,1109973.187636
BRK/A,Berkshire Hathaway Inc.,753875.0,1108855.13675
AMD,"Advanced Micro Devices, Inc. Common Stock",607.87,992332.603781
JPM,JP Morgan Chase & Co. Common Stock,336.59,894718.891375
WMT,Walmart Inc. Common Stock,108.73,862636.228784
ASML,ASML Holding N.V. New York Registry Shares,1771.41,682732.705958
XOM,ExxonMobil Holdings Corporation Common Stock,162.52,668267.931739
V,Visa Inc.,367.74,657061.366442
JNJ,Johnson & Johnson Common Stock,271.95,655371.923454
INTC,Intel Corporation Common Stock,116.03,613226.615361
GOOGM,Alphabet Inc. Depositary Shares representing a 1/20th Interest in a Share of Series A Mandatory Convertible Preferred Stock,48.85,597435.5
GOOGN,Alphabet Inc. Depositary Shares representing a 1/20th Interest in a Share of Series B Mandatory Convertible Preferred Stock,48.56,593888.8
MA,Mastercard Incorporated Common Stock,568.26,497801.408504
ABBV,AbbVie Inc. Common Stock,266.28,470547.99065
PLTR,Palantir Technologies Inc. Class A Common Stock,187.48,450336.98643
CSCO,"Cisco Systems, Inc. Common Stock (DE)",106.74,420831.722824
COST,Costco Wholesale Corporation Common Stock,922.92,409295.457788
CVX,Chevron Corporation Common Stock,206.37,407739.917815
ORCL,Oracle Corporation Common Stock,132.6,401977.052357
LRCX,Lam Research Corporation Common Stock,314.47,393535.419118
BAC,Bank of America Corporation Common Stock,55.47,387887.751807
AMAT,"Applied Materials, Inc. Common Stock",486.76,386291.491355
CAT,"Caterpillar, Inc. Common Stock",819.95,376910.425236
KO,Coca-Cola Company (The) Common Stock,87.18,375096.243005
MRK,"Merck & Company, Inc. Common Stock (new)",148.69,366843.750854
HSBC,"HSBC Holdings, plc. Common Stock",101.18,347385.174961
PG,Procter & Gamble Company (The) Common Stock,149.03,346410.258932
DELL,Dell Technologies Inc. Class C Common Stock,543.43,345519.722733
UNH,UnitedHealth Group Incorporated Common Stock (DE),377.83,339138.261042
GE,GE Aerospace Common Stock,318.24,330193.894137
PANW,"Palo Alto Networks, Inc. Common Stock",392.09,320729.62
MS,Morgan Stanley Common Stock,193.64,304124.456783
PM,Philip Morris International Inc Common Stock,193.76,301996.939941
ARM,Arm Holdings plc American Depositary Shares,283.33,301478.774549
HD,"Home Depot, Inc. (The) Common Stock",289.89,289220.245681
NFLX,"Netflix, Inc. Common Stock",69.23,288269.543769
NVS,Novartis AG Common Stock,146.88,280269.318612
RY,Royal Bank Of Canada Common Stock,200.95,278201.168109
MUFG,"Mitsubishi UFJ Financial Group, Inc. Common Stock",23.37,277348.4042
SHEL,Shell PLC American Depositary Shares (each representing two (2) Ordinary Shares),96.47,266843.046778
GS,"Goldman Sachs Group, Inc. (The) Common Stock",916.28,266794.537722
CRWD,"CrowdStrike Holdings, Inc. Class A Common Stock",259.25,265455.107789
BABA,Alibaba Group Holding Limited American Depositary Shares each representing eight Ordinary share,108.76,263469.579318
ANET,"Arista Networks, Inc. Common Stock",204.92,258450.154868
AZN,AstraZeneca PLC Ordinary Shares,166.15,257653.103134
SAP,SAP  SE ADS,209.31,257138.2208
TXN,Texas Instruments Incorporated Common Stock,278.31,254165.963491
GEV,GE Vernova Inc. Common Stock,949.77,252955.645226
RTX,RTX Corporation Common Stock,187.66,252920.293303
TMO,Thermo Fisher Scientific Inc Common Stock,678.6,250910.50828
SNDK,Sandisk Corporation Common Stock,1712.89,250799.642623
KLAC,KLA Corporation Common Stock,189.17,246868.078092
TM,Toyota Motor Corporation Common Stock,188.3,245428.938995
WFC,Wells Fargo & Company Common Stock,80.81,244369.386342
CCZ,Comcast Holdings ZONES,64.67,229490.327176
AMGN,Amgen Inc. Common Stock,418.13,226054.460251
MRVL,"Marvell Technology, Inc. Common Stock",251.9,220891.11
C,"Citigroup, Inc. Common Stock",131.31,220264.223976
LIN,Linde plc Ordinary Shares,472.04,217601.076143
BHP,BHP Group Limited American Depositary Shares (Each representing two Ordinary Shares),84.58,215010.074119
STX,Seagate Technology Holdings PLC Ordinary Shares (Ireland),921.51,210766.431932
APH,Amphenol Corporation Common Stock,84.62,208670.120263
IBM,International Business Machines Corporation Common Stock,220.67,207900.795841
AXP,American Express Company Common Stock,306.33,206867.661143
SAN,"Banco Santander, S.A. Sponsored ADR (Spain)",14.22,205830.353946
TTE,TotalEnergies SE Ordinary Shares,90.34,197109.395373
QCOM,QUALCOMM Incorporated Common Stock,187.48,196897.855509
TD,Toronto Dominion Bank (The) Common Stock,119.55,195870.36135
VZ,Verizon Communications Inc. Common Stock,46.68,193944.906429
ADI,"Analog Devices, Inc. Common Stock",395.43,191611.721825
GILD,"Gilead Sciences, Inc. Common Stock",152.21,188733.574143
CRM,"Salesforce, Inc. Common Stock",227.27,187043.21
SHOP,Shopify Inc. Class A Subordinate Voting Shares,144.01,186609.74571
DE,Deere & Company Common Stock,689.59,185930.987861
DIS,Walt Disney Company (The) Common Stock,105.59,182320.869982
TMUS,"T-Mobile US, Inc. Common Stock",166.45,178546.189984
PEP,"PepsiCo, Inc. Common Stock",128.5,175388.565203
ABT,Abbott Laboratories Common Stock,100.98,174734.10523
NVO,Novo Nordisk A/S Common Stock,38.71,171405.190429
T,AT&T Inc.,24.9,170624.402685
SCHW,Charles Schwab Corporation (The) Common Stock,98.3,169993.700686
SCCO,Southern Copper Corporation Common Stock,202.63,169060.633587
WELL,Welltower Inc. Common Stock,232.96,167904.743785
ETN,"Eaton Corporation, PLC Ordinary Shares",431.41,167559.644
BLK,"BlackRock, Inc. Common Stock",1071.25,165903.693704
MCD,McDonald's Corporation Common Stock,233.6,165305.061642
BBVA,Banco Bilbao Vizcaya Argentaria S.A. Common Stock,28.8,164418.29856
PFE,"Pfizer, Inc. Common Stock",28.72,163694.625476
WDC,Western Digital Corporation Common Stock,453.23,163407.972049
UNP,Union Pacific Corporation Common Stock,274.1,162836.094002
DHR,Danaher Corporation Common Stock,227.33,159809.819656
NEE,"NextEra Energy, Inc. Common Stock",75.49,157470.494997
BUD,Anheuser-Busch Inbev SA Sponsored ADR (Belgium),77.1,152051.458463
COP,ConocoPhillips Common Stock,126.04,151416.575853
UBS,UBS Group AG Registered Ordinary Shares,48.62,150889.022293
ISRG,"Intuitive Surgical, Inc. Common Stock",414.79,146536.197382
BA,Boeing Company (The) Common Stock,184.39,145736.327988
TJX,"TJX Companies, Inc. (The) Common Stock",130.25,143271.621445
UBER,"Uber Technologies, Inc. Common Stock",68.16,139220.897847
MFG,"Mizuho Financial Group, Inc. Sponosred ADR (Japan)",11.05,137564.134819
SONY,Sony Group Corporation American Depositary Shares,23.33,137554.906085
TBB,AT&T Inc. 5.350% Global Notes due 2066,19.13,136786.874232
NOW,"ServiceNow, Inc. Common Stock",131.45,135919.3
UL,Unilever PLC American Depositary Shares (each representing One Ordinary Share),62.53,134710.08882
VRTX,Vertex Pharmaceuticals Incorporated Common Stock,527.67,133743.725767
PBR,Petroleo Brasileiro S.A. Petrobras ADS,20.65,133076.165768
GLW,Corning Incorporated Common Stock,151.59,130577.857096
BMY,Bristol-Myers Squibb Company Common Stock,63.88,130488.612225
FTNT,"Fortinet, Inc. Common Stock",176.33,129375.728433
CB,Chubb Limited  Common Stock,331.37,127842.499277
NET,"Cloudflare, Inc. Class A Common Stock",353.99,126048.658313
PLD,"Prologis, Inc. Common Stock",132.44,125563.18544
BKNG,Booking Holdings Inc. Common Stock,163.87,123128.722535
MNST,Monster Beverage Corporation,41.86,123008.983288
NEM,Newmont Corporation,116.05,122280.98805
PH,Parker-Hannifin Corporation Common Stock,969.55,122272.291963
PGR,Progressive Corporation (The) Common Stock,209.47,121779.944662
BTI,"British American Tobacco  Industries, p.l.c. Common Stock ADR",56.05,121086.695758
SMFG,Sumitomo Mitsui Financial Group Inc Unsponsored American Depositary Shares (Japan),26.43,120556.477117
COF,Capital One Financial Corporation Common Stock,196.46,120525.230881
LMT,Lockheed Martin Corporation Common Stock,518.1,119572.689129
BMO,Bank Of Montreal Common Stock,171.15,118965.036363
RIO,Rio Tinto Plc Common Stock,94.41,118582.602715
SPGI,S&P Global Inc. Common Stock,395.92,116717.216
ACN,Accenture plc Class A Ordinary Shares (Ireland),174.47,116460.506339
BP,BP p.l.c. Common Stock,44.43,116314.647716
SNOW,Snowflake Inc. Common Stock,328.12,115760.736
MO,"Altria Group, Inc.",69.13,115429.397604
HDB,HDFC Bank Limited Common Stock,22.41,114988.46141
MDT,Medtronic plc. Ordinary Shares,89.5,114482.841155
BNS,Bank Nova Scotia Halifax Pfd 3 Ordinary Shares,92.75,113784.52764
CVS,CVS Health Corporation Common Stock,87.85,112357.546917
VLO,Valero Energy Corporation Common Stock,389.57,112167.900982
PDD,PDD Holdings Inc. American Depositary Shares,78.49,111722.388302
MPC,Marathon Petroleum Corporation Common Stock,389.44,109364.395703
SBUX,Starbucks Corporation Common Stock,95.27,108607.8
EQNR,Equinor ASA,42.27,105686.456438
SYK,Stryker Corporation Common Stock,275.31,105601.495294
ING,"ING Group, N.V. Common Stock",36.38,105590.683089
LOW,"Lowe's Companies, Inc. Common Stock",187.66,105287.397206
HOOD,"Robinhood Markets, Inc. Class A Common Stock",116.46,104707.121514
ADP,"Automatic Data Processing, Inc. Common Stock",261.8,103738.655266
FCX,"Freeport-McMoRan, Inc. Common Stock",71.96,103335.820955
APP,Applovin Corporation Class A Common Stock,308.24,103152.82424
ENB,Enbridge Inc Common Stock,46.97,102587.582774
SPOT,Spotify Technology S.A. Ordinary Shares,497.51,102403.740508
CM,Canadian Imperial Bank of Commerce Common Stock,112.15,101827.280877
PSX,Phillips 66 Common Stock,253.55,101171.753252
BNY,The Bank of New York Mellon Corporation Common Stock,148.44,100717.154838
GSK,GSK plc American Depositary Shares (Each representing two Ordinary Shares),49.7,100528.469463
SNY,Sanofi ADS,41.18,100432.015627
MCK,McKesson Corporation Common Stock,856.29,99835.161933
EQIX,"Equinix, Inc. Common Stock REIT",1011.07,99763.981564
TT,Trane Technologies plc,452.06,99463.677395
CNQ,Canadian Natural Resources Limited Common Stock,47.55,98373.342
IBN,ICICI Bank Limited Common Stock,27.3,97735.536581
ASX,"ASE Technology Holding Co., Ltd. American Depositary Shares (each representing Two Common Shares)",43.79,97515.898058
DDOG,"Datadog, Inc. Class A Common Stock",268.7,96483.458949
PWR,"Quanta Services, Inc. Common Stock",644.36,94933.416396
SO,Southern Company (The) Common Stock,82.35,94732.39025
CME,CME Group Inc. Class A Common Stock,263.24,94655.645192
VRT,"Vertiv Holdings, LLC Class A Common Stock",244.04,93952.513739
HCA,"HCA Healthcare, Inc. Common Stock",432.6,93658.5489
MAR,Marriott International Class A Common Stock,358.57,93502.967888
AEM,Agnico Eagle Mines Limited Common Stock,184.15,93467.357782
ABNB,"Airbnb, Inc. Class A Common Stock",156.08,93458.469247
RACE,Ferrari N.V. Common Shares,398.0,93109.924532
CEG,Constellation Energy Corporation Common Stock,260.43,92272.270713
USB,U.S. Bancorp Common Stock,58.78,91582.263996
HWM,Howmet Aerospace Inc. Common Stock,228.32,91054.33542
GD,General Dynamics Corporation Common Stock,334.16,90409.392281
JCI,Johnson Controls International plc Ordinary Share,148.89,90188.847468
CDNS,"Cadence Design Systems, Inc. Common Stock",326.7,89970.8931
ADBE,Adobe Inc. Common Stock,231.01,89909.092
PNC,"PNC Financial Services Group, Inc. (The) Common Stock",223.67,89231.729998
EMR,Emerson Electric Company Common Stock,159.39,88907.742
BN,Brookfield Corporation Class A Limited Voting Shares,36.27,88888.69035
DUK,Duke Energy Corporation (Holding Company) Common Stock,113.41,88426.025708
ITUB,Itau Unibanco Banco Holding SA American Depositary Shares (Each repstg 500 Preferred shares),7.99,88101.930995
E,ENI S.p.A. Common Stock,55.62,87511.53782
MMM,3M Company Common Stock,169.48,87404.635233
MELI,"MercadoLibre, Inc. Common Stock",1712.41,86813.710713
CSX,CSX Corporation Common Stock,46.76,86621.727119
BX,Blackstone Inc. Common Stock,114.56,85991.61306
ICE,Intercontinental Exchange Inc. Common Stock,152.91,85842.831007
ELV,"Elevance Health, Inc. Common Stock",394.59,85574.453141
LYG,Lloyds Banking Group Plc American Depositary Shares,5.72,84776.199588
WMB,"Williams Companies, Inc. (The) Common Stock",68.98,84374.092219
KKR,KKR & Co. Inc. Common Stock,93.24,83695.543437
HPE,Hewlett Packard Enterprise Company Common Stock,62.63,83139.119109
BCS,Barclays PLC Common Stock,24.61,82696.206431
LITE,Lumentum Holdings Inc. Common Stock,921.32,82642.404
WM,"Waste Management, Inc. Common Stock",206.44,82517.202585
SHW,Sherwin-Williams Company (The) Common Stock,332.79,80787.485071
MRSH,Marsh Common Stock,169.03,80663.02063
SU,Suncor Energy  Inc. Common Stock,68.77,80435.428417
UPS,"United Parcel Service, Inc. Common Stock",94.25,80186.164104
CTAS,Cintas Corporation Common Stock,200.58,80135.073125
SNPS,"Synopsys, Inc. Common Stock",417.61,80029.379736
MCO,Moody's Corporation Common Stock,460.08,79685.856
EPD,Enterprise Products Partners L.P. Common Stock,36.65,79144.838244
NGG,"National Grid Transco, PLC National Grid PLC (NEW) American Depositary Shares",75.24,78999.465766
MRNA,"Moderna, Inc. Common Stock",197.28,78761.256182
ECL,Ecolab Inc. Common Stock,280.23,78556.484419
AMT,American Tower Corporation (REIT) Common Stock,168.0,78281.288064
ITW,Illinois Tool Works Inc. Common Stock,273.83,77986.784
WBD,"Warner Bros. Discovery, Inc. Series A Common Stock",30.9,77580.732403
REGN,"Regeneron Pharmaceuticals, Inc. Common Stock",752.25,77447.889723
BE,Bloom Energy Corporation Class A Common Stock,262.87,77422.403443
CMCSA,Comcast Corporation Class A Common Stock,21.79,77324.790926
DASH,"DoorDash, Inc. Class A Common Stock",178.39,77296.018981
NTES,"NetEase, Inc. American Depositary Shares",121.04,77239.025829
CP,Canadian Pacific Kansas City Limited Common Shares,86.56,77234.362924
MDLZ,"Mondelez International, Inc. Class A Common Stock",60.18,76808.21887
SLB,SLB Limited Common Shares,51.49,76418.534964
TRV,"The Travelers Companies, Inc. Common Stock",363.16,75746.10499
ROST,"Ross Stores, Inc. Common Stock",237.09,75739.13785
MSI,"Motorola Solutions, Inc. Common Stock",452.08,74816.431679
EOG,"EOG Resources, Inc. Common Stock",140.63,73764.538021
CNI,Canadian National Railway Company Common Stock,121.14,73180.674
NWG,"NatWest Group plc American Depositary Shares, (each representing two (2) Ordinary Shares)",18.34,72902.134436
MFC,Manulife Financial Corporation Common Stock,43.5,72596.737359
HLT,Hilton Worldwide Holdings Inc. Common Stock,320.28,72083.789375
INTU,Intuit Inc. Common Stock,269.4,71993.3784
TGT,Target Corporation Common Stock,158.43,71974.231884
NOC,Northrop Grumman Corporation Common Stock,505.8,71855.478551
CI,The Cigna Group Common Stock,271.83,71828.491309
BRKRP,"Bruker Corporation 6.375% Mandatory Convertible Preferred Stock, Series A",469.28,71499.179812
CMI,Cummins Inc. Common Stock,517.84,71288.177948
BAM,Brookfield Asset Management Inc Class A Limited Voting Shares,44.5,71077.047301
GM,General Motors Company Common Stock,80.64,70757.692266
NSC,Norfolk Southern Corporation Common Stock,313.05,70313.651168
APO,"Apollo Global Management, Inc. (New) Common Stock",119.0,70274.635921
ORLY,"O'Reilly Automotive, Inc. Common Stock",86.51,69983.198116
ET,Energy Transfer LP Common Units,20.1,69210.32198
CL,Colgate-Palmolive Company Common Stock,86.52,68971.393165
FDX,FedEx Corporation Common Stock,289.65,68551.591498
KMI,"Kinder Morgan, Inc. Common Stock",30.63,68206.947986
DB,Deutsche Bank AG Common Stock,36.08,67880.912
B,Barrick Mining Corporation Common Shares,41.09,67629.390777
HON,Honeywell International Inc. Common Stock,211.52,67039.150915
CVNA,Carvana Co. Class A Common Stock,60.47,66545.044172
MPWR,"Monolithic Power Systems, Inc. Common Stock",1351.2,66402.0216
SPG,"Simon Property Group, Inc. Common Stock",204.53,66175.991363
MSTR,Strategy Inc Common Stock Class A,157.14,66076.899051
DLR,"Digital Realty Trust, Inc. Common Stock",177.18,65563.009664
RSG,"Republic Services, Inc. Common Stock",212.93,65201.929406
AMX,"America Movil, S.A.B. de C.V. American Depositary Shares (each representing the right to receive twenty (20) Series B Shares",21.66,65191.185
URI,"United Rentals, Inc. Common Stock",1043.92,64976.179117
RCL,Royal Caribbean Cruises Ltd. Common Stock,242.59,64881.201058
AEP,"American Electric Power Company, Inc. Common Stock",118.2,64347.767006
BSX,Boston Scientific Corporation Common Stock,44.11,63925.514392
NBIS,Nebius Group N.V. Class A Ordinary Shares,231.88,63037.78795
TER,"Teradyne, Inc. Common Stock",401.3,62739.542975
TEL,TE Connectivity plc Ordinary Shares,214.71,62161.385184
APD,"Air Products and Chemicals, Inc. Common Stock",278.75,62073.591488
WPM,Wheaton Precious Metals Corp Common Shares (Canada),135.62,61593.17486
TDG,Transdigm Group Incorporated Common Stock,1109.22,61313.827061
KEYS,Keysight Technologies Inc. Common Stock,359.74,61243.844566
ALAB,"Astera Labs, Inc. Common Stock",351.31,60947.051886
MET,"MetLife, Inc. Common Stock",95.82,60891.399145
SE,"Sea Limited American Depositary Shares, each representing one Class A Ordinary Share",98.91,60580.844071
ARGX,argenx SE American Depositary Shares,972.25,60340.642858
UMC,United Microelectronics Corporation (NEW) Common Stock,23.85,60045.505766
BMNP,"BitMine Immersion Technologies, Inc. 9.5% Series A Perpetual Preferred Stock",99.16,59815.929229
TAK,Takeda Pharmaceutical Company Limited American Depositary Shares (each representing 1/2 of a share of Common Stock),18.9,59721.063091
NXPI,NXP Semiconductors N.V. Common Stock,236.32,59591.4376
TRGP,"Targa Resources, Inc. Common Stock",277.43,59489.598156
NU,Nu Holdings Ltd. Class A Ordinary Shares,12.23,59384.888519
NTRA,"Natera, Inc. Common Stock",411.77,59354.244881
IMO,Imperial Oil Limited Common Stock,122.34,59162.76762
GWW,"W.W. Grainger, Inc. Common Stock",1255.69,59144.18186
AJG,Arthur J. Gallagher & Co. Common Stock,229.46,58810.598
PCAR,PACCAR Inc. Common Stock,111.65,58768.647002
TRP,TC Energy Corporation Common Stock,58.68,58680.0
MPLX,MPLX LP Common Units Representing Limited Partner Interests,57.66,58459.066753
FIX,"Comfort Systems USA, Inc. Common Stock",1658.3,58362.755781
CVE,Cenovus Energy Inc Common Stock,31.1,58312.5
NOK,Nokia Corporation Sponsored American Depositary Shares,10.12,58111.465724
VALE,VALE S.A.  American Depositary Shares Each Representing one common share,13.59,58022.700057
COR,"Cencora, Inc. Common Stock",303.81,57975.200999
FAST,Fastenal Company Common Stock,50.49,57937.152461
RELX,RELX PLC PLC American Depositary Shares (Each representing One Ordinary Share),33.07,57791.824478
AON,Aon plc Class A Ordinary Shares (Ireland),272.1,57719.330591
AME,"AMETEK, Inc.",251.67,57698.177277
ALL,Allstate Corporation (The) Common Stock,227.55,57537.826523
TFC,Truist Financial Corporation Common Stock,47.09,57526.377193
AFL,AFLAC Incorporated Common Stock,113.55,56927.531488
GRMN,Garmin Ltd. Common Stock (Switzerland),294.05,56708.288211
BKR,Baker Hughes Company Class A Common Stock,57.12,56701.542936
OXY,Occidental Petroleum Corporation Common Stock,56.1,56079.656513
CRH,CRH PLC Ordinary Shares,83.75,56057.17743
OKE,"ONEOK, Inc. Common Stock",88.62,55863.35989
LNG,"Cheniere Energy, Inc. Common Stock",269.65,55691.935705
NUE,Nucor Corporation Common Stock,244.49,55468.834025
COHR,Coherent Corp. Common Stock,282.45,55312.817883
DAL,"Delta Air Lines, Inc. Common Stock",84.03,55260.063211
NKE,"Nike, Inc. Common Stock",36.39,53984.517802
MT,Arcelor Mittal NY Registry Shares NEW,69.85,53164.638457
D,"Dominion Energy, Inc. Common Stock",60.28,53017.824206
O,Realty Income Corporation Common Stock,55.35,52373.168127
FANG,"Diamondback Energy, Inc. Common Stock",185.23,51868.910906
CTVA,"Corteva, Inc. Common Stock",77.74,51867.81704
NDAQ,"Nasdaq, Inc. Common Stock",92.62,51772.484195
DVN,Devon Energy Corporation Common Stock,46.73,51403.0
SOMN,Southern Company (The) 2025 Series A Corporate Units,44.64,51352.202802
CAH,"Cardinal Health, Inc. Common Stock",220.29,51010.20811
HBANL,"Huntington Bancshares Incorporated Depositary Shares, Each Representing a 1/40th Interest in a Share of 6.875% Series J Non-Cumulative Perpetual Preferred Stock",25.18,50874.045319
COIN,"Coinbase Global, Inc. Class A Common Stock",191.79,50601.283462
SRE,DBA Sempra Common Stock,76.89,50278.397758
BDX,"Becton, Dickinson and Company Common Stock",183.83,50072.865444
EW,Edwards Lifesciences Corporation Common Stock,86.83,50048.812
PSA,Public Storage Common Stock,284.79,50015.142752
A,"Agilent Technologies, Inc. Common Stock",175.21,49396.754509
WAB,Westinghouse Air Brake Technologies Corporation Common Stock,292.37,49384.465507
STT,State Street Corporation Common Stock,179.73,49372.148223
CIEN,Ciena Corporation Common Stock,344.19,48809.07622
F,Ford Motor Company Common Stock,12.38,48489.285657
VMRK,Vivmark Residential Common Shares of Beneficial Interest,61.37,48328.875
HONA,Honeywell Aerospace Inc. Common Stock,152.32,48278.239072
DEO,Diageo plc Common Stock,86.24,48005.491343
ROK,"Rockwell Automation, Inc. Common Stock",431.22,47983.554013
EBAY,eBay Inc. Common Stock,107.32,47757.4
AZO,"AutoZone, Inc. Common Stock",2913.28,47560.330214
FNV,Franco-Nevada Corporation,245.81,47410.311236
STM,STMicroelectronics N.V. Common Stock,52.74,47072.834217
AU,AngloGold Ashanti PLC Ordinary Shares,92.77,46920.213879
CRWV,"CoreWeave, Inc. Class A Common Stock",85.07,46919.218732
HUM,Humana Inc. Common Stock,389.63,46786.890406
FITB,Fifth Third Bancorp Common Stock,51.57,46768.449525
CBRS,Cerebras Systems Inc. Class A Common Stock,196.74,46738.349426
CCEP,Coca-Cola Europacific Partners plc Ordinary Shares,102.87,46701.172883
PYPL,"PayPal Holdings, Inc. Common Stock",54.28,46434.416241
VST,Vistra Corp. Common Stock,138.02,46324.369614
MDLN,Medline Inc. Class A Common Stock,35.07,46106.791744
CARR,Carrier Global Corporation Common Stock,55.87,46055.040935
SMCIP,"Super Micro Computer, Inc. Depositary Shares representing a 1/20th Interest in a Share of 7% Series A Mandatory Convertible Preferred Stock",69.93,45941.589303
ETR,Entergy Corporation Common Stock,98.1,45776.549954
KB,KB Financial Group Inc,127.17,45601.600607
WDAY,"Workday, Inc. Class A Common Stock",188.6,45452.6
VEEV,Veeva Systems Inc. Class A Common Stock,279.96,45328.001646
RKLB,Rocket Lab Corporation Common Stock,72.19,45317.975558
TEVA,Teva Pharmaceutical Industries Limited Ordinary Shares,38.88,45306.711746
ABEV,Ambev S.A. American Depositary Shares (Each representing 1 Common Share),2.87,45235.90323
TEAM,Atlassian Corporation Class A Common Stock,178.54,45195.40403
VTR,"Ventas, Inc. Common Stock",87.04,44646.851087
AMP,"Ameriprise Financial, Inc. Common Stock",496.16,44603.337197
IQV,"IQVIA Holdings, Inc. Common Stock",270.97,44601.662
LHX,"L3Harris Technologies, Inc. Common Stock",237.7,44263.214223
SLF,Sun Life Financial Inc. Common Stock,79.48,44259.614622
TWLO,Twilio Inc. Class A Common Stock,286.98,44073.016636
XYZ,"Block, Inc. Class A Common Stock,",73.31,44044.28145
FERG,Ferguson Enterprises Inc. Common Stock,227.3,43971.802574
IX,ORIX Corporation American Depositary Shares,39.03,43873.881535
STRF,Strategy Inc 10.00% Series A Perpetual Strife Preferred Stock,103.55,43542.464661
WAT,Waters Corporation Common Stock,442.94,43518.018286
XEL,Xcel Energy Inc. Common Stock,69.39,43343.374493
ADSK,"Autodesk, Inc. Common Stock",207.19,43302.71
RVMD,"Revolution Medicines, Inc. Common Stock",201.74,43240.228967
P,"Everpure, Inc. Class A common stock",129.4,43119.606279
KDP,Keurig Dr Pepper Inc. Common Stock,31.46,42811.587155
INFY,Infosys Limited American Depositary Shares,10.52,42672.908157
BSBR,"Banco Santander Brasil SA American Depositary Shares, each representing one unit",5.71,42660.541328
HEI,Heico Corporation Common Stock,304.61,42571.503137
MCHP,Microchip Technology Incorporated Common Stock,77.97,42338.387637
TRI,Thomson Reuters Corporation Common Shares,97.33,42163.356
HMC,"Honda Motor Company, Ltd. Common Stock",32.49,42156.646187
WDS,"Woodside Energy Group Limited American Depositary Shares, each representing one Ordinary Share",22.09,41995.302159
FLEX,Flex Ltd. Ordinary Shares,113.04,41757.312633
ONC,BeOne Medicines Ltd. American Depositary Shares,367.0,41728.588859
IDXX,"IDEXX Laboratories, Inc. Common Stock",529.06,41679.937231
STRC,Strategy Inc Variable Rate Series A Perpetual Stretch Preferred Stock,99.1,41671.252997
EXC,Exelon Corporation Common Stock,40.32,41620.479949
ILMN,"Illumina, Inc. Common Stock",271.9,41056.9
CLS,"Celestica, Inc. Common Stock",356.53,40991.361839
LYV,"Live Nation Entertainment, Inc. Common Stock",171.89,40503.104195
FMX,Fomento Economico Mexicano S.A.B. de C.V. Common Stock,118.85,40489.992472
HBANM,Huntington Bancshares Incorporated Depositary Shares each representing a 1/1000th interest in a share of Huntington Series I Preferred Stock,19.99,40388.092372
HLN,Haleon plc American Depositary Shares (Each representing two Ordinary Shares),9.17,40332.176175
CMG,"Chipotle Mexican Grill, Inc. Common Stock",31.85,40303.5633
NTAP,"NetApp, Inc. Common Stock",204.41,40150.008812
FER,Ferrovial N.V. Ordinary Shares,55.77,40124.158829
PRU,"Prudential Financial, Inc. Common Stock",116.09,40051.05
WCN,"Waste Connections, Inc. Common Shares",156.16,39855.940372
MSCI,MSCI Inc. Common Stock,542.72,39455.744
IBKR,"Interactive Brokers Group, Inc. Class A Common Stock",87.08,39454.047131
ARES,Ares Management Corporation Class A Common Stock,118.34,39085.00728
DHI,"D.R. Horton, Inc. Common Stock",139.42,38995.950645
ADM,Archer-Daniels-Midland Company Common Stock,80.38,38739.911282
SYY,Sysco Corporation Common Stock,78.57,38649.679837
SHG,Shinhan Financial Group Co Ltd American Depositary Shares,81.12,38503.961764
VOD,Vodafone Group Plc American Depositary Shares,16.58,38371.029587
HBANZ,"Huntington Bancshares Incorporated Depositary Shares, Each Representing a 1/1000th Interest in a Share of 5.50% Series L Non-Cumulative Perpetual Preferred Stock",18.97,38327.269249
AIG,"American International Group, Inc. New Common Stock",72.78,38056.16484
ED,"Consolidated Edison, Inc. Common Stock",102.83,38029.478331
CCJ,Cameco Corporation Common Stock,87.04,37908.790405
TTWO,"Take-Two Interactive Software, Inc. Common Stock",202.35,37835.492641
CBRE,CBRE Group Inc Common Stock Class A,130.35,37746.140094
YUM,"Yum! Brands, Inc.",138.28,37736.762034
BBD,Banco Bradesco Sa American Depositary Shares,3.35,37470.400671
BTSGU,"BrightSpring Health Services, Inc. Tangible Equity Unit",188.43,37283.558932
ODFL,"Old Dominion Freight Line, Inc. Common Stock",176.85,36671.018601
BAP,Credicorp Ltd. Common Stock,385.95,36426.855246
MCHPP,Microchip Technology Incorporated Depositary Shares Each Representing a 1/20th Interest in a Share of 7.50% Series A Mandatory Convertible Preferred Stock,66.78,36262.120385
CRDO,Credo Technology Group Holding Ltd Ordinary Shares,192.67,36212.696041
UAL,"United Airlines Holdings, Inc. Common Stock",111.51,36194.336416
JD,"JD.com, Inc. American Depositary Shares",26.61,35763.84
CHT,"Chunghwa Telecom Co., Ltd.",45.98,35668.739191
VIK,Viking Holdings Ltd Ordinary Shares,79.3,35350.832893
PAYX,"Paychex, Inc. Common Stock",99.3,35348.860969
OKTA,"Okta, Inc. Class A Common Stock",202.18,35345.295223
KR,Kroger Company (The) Common Stock,59.69,35252.239503
ROP,"Roper Technologies, Inc. Common Stock",354.0,35010.909396
NTR,Nutrien Ltd. Common Shares,71.98,34691.641531
EL,"Estee Lauder Companies, Inc. (The) Common Stock",95.57,34577.089048
AXON,"Axon Enterprise, Inc. Common Stock",424.75,34505.592021
TKO,"TKO Group Holdings, Inc. Class A Common Stock",181.58,34367.594487
KVUE,Kenvue Inc. Common Stock,17.88,34343.42959
EC,Ecopetrol S.A. American Depositary Shares,16.7,34332.440075
ALNY,"Alnylam Pharmaceuticals, Inc. Common Stock",255.36,34169.496372
HIG,"The Hartford Insurance Group, Inc. Common Stock",126.04,34140.707132
BBDO,Banco Bradesco Sa American Depositary Shares (each representing one Common Share),3.04,34002.990459
BIIB,Biogen Inc. Common Stock,228.69,33789.861803
EME,"EMCOR Group, Inc. Common Stock",765.52,33767.011414
RPRX,Royalty Pharma plc Class A Ordinary Shares,58.37,33562.820277
UI,Ubiquiti Inc. Common Stock,553.37,33494.590194
JBL,Jabil Inc. Common Stock,318.93,33419.746295
PEG,Public Service Enterprise Group Incorporated Common Stock,66.73,33259.568602
PPLC,PPL Corporation Corporate Units,44.14,33217.329282
IRM,Iron Mountain Incorporated (Delaware)Common Stock REIT,111.05,33059.897273
WEC,"WEC Energy Group, Inc. Common Stock",101.45,33057.419905
HSY,The Hershey Company Common Stock,164.41,33034.187267
STLD,"Steel Dynamics, Inc.",230.39,33021.358194
RKT,"Rocket Companies, Inc. Class A Common Stock",11.64,32960.31778
KMB,Kimberly-Clark Corporation Common Stock,98.77,32848.831583
ESLT,Elbit Systems Ltd. Ordinary Shares,704.27,32754.846244
DXCM,"DexCom, Inc. Common Stock",86.68,32709.63111
ALC,Alcon Inc. Ordinary Shares,65.26,32610.422
ZS,"Zscaler, Inc. Common Stock",199.39,32511.476234
QSR,Restaurant Brands International Inc. Common Shares,71.43,32465.570227
ACGL,Arch Capital Group Ltd. Common Stock,94.9,32382.644057
VG,"Venture Global, Inc. Class A common stock",12.89,32226.196849
RMD,ResMed Inc. Common Stock,222.1,32038.437163
PCG,Pacific Gas & Electric Co. Common Stock,11.95,32027.320427
NTRS,Northern Trust Corporation Common Stock,174.55,31934.909231
TECK,Teck Resources Ltd Ordinary Shares,65.16,31898.610803
VMC,Vulcan Materials Company (Holding Company) Common Stock,246.15,31895.806605
MTB,M&T Bank Corporation Common Stock,220.44,31835.120795
HBANP,Huntington Bancshares Incorporated Depositary Shares 4.500% Series H Non-Cumulative Perpetual Preferred Stock,15.72,31760.921065
ERIC,Ericsson American Depositary Shares,9.42,31758.133344
STRK,Strategy Inc 8.00% Series A Perpetual Strike Preferred Stock,75.15,31600.349775
PUK,Prudential Public Limited Company Common Stock,25.2,31494.905165
GFI,Gold Fields Limited American Depositary Shares,35.18,31486.953009
EQT,EQT Corporation Common Stock,49.87,31194.48292
RJF,"Raymond James Financial, Inc. Common Stock",161.16,31001.013345
MTD,"Mettler-Toledo International, Inc. Common Stock",1545.26,30961.69316
HBAN,Huntington Bancshares Incorporated Common Stock,15.3,30912.346838
CNC,Centene Corporation Common Stock,62.53,30889.50735
SUNB,"Sunbelt Rentals Holdings, Inc. Common Stock",74.89,30687.293136
STRD,Strategy Inc 10.00% Series A Perpetual Stride Preferred Stock,72.55,30507.057568
AGNCN,"AGNC Investment Corp. Depositary Shares Each Representing a 1/1,000th Interest in a Share of 7.00% Series C Fixed-To-Floating Rate Cumulative Redeemable Preferred Stock",25.67,30431.308744
CQP,"Cheniere Energy Partners, LP Common Units",62.8,30398.823811
CCL,Carnival Corporation Ltd. Common Shares,22.14,30324.031495
AGNCO,"AGNC Investment Corp. Depositary Shares, each representing a 1/1,000th interest in a share of 6.50% Series E Fixed-to-Floating Cumulative Redeemable Preferred Stock",25.54,30277.196156
EXPE,"Expedia Group, Inc. Common Stock",264.23,30253.249279
GEHC,GE HealthCare Technologies Inc. Common Stock,66.78,30163.607909
AGNCL,"AGNC Investment Corp. Depositary Shares Each Representing a 1/1,000th Interest in a Share of 7.75% Series G Fixed-Rate Reset Cumulative Redeemable Preferred Stock",25.41,30123.083568
RBLX,Roblox Corporation Class A Common Stock,41.86,29903.77689
AGNCP,"AGNC Investment Corp. Depositary Shares Each Representing a 1/1,000th Interest in a Share of 6.125% Series F Fixed-to-Floating Rate Cumulative Redeemable Preferred Stock",25.2,29874.132464
AGNCM,AGNC Investment Corp. Depositary Shares rep 6.875% Series D Fixed-to-Floating Cumulative Redeemable Preferred Stock,25.11,29767.439134
TS,Tenaris S.A. American Depositary Shares,56.12,29712.752576
AGNCZ,"AGNC Investment Corp. Depositary Shares Each Representing a 1/1,000th Interest in a Share of 8.75% Series H Fixed-Rate Cumulative Redeemable Preferred Stock",25.02,29660.745804
IR,Ingersoll Rand Inc. Common Stock,76.38,29635.396387
BIDU,"Baidu, Inc. ADS",86.97,29591.773753
ZTS,Zoetis Inc. Class A Common Stock,71.43,29516.561891
MLM,"Martin Marietta Materials, Inc. Common Stock",490.77,29478.511806
ON,ON Semiconductor Corporation Common Stock,75.65,29451.953073
NMR,Nomura Holdings Inc ADR American Depositary Shares,10.02,29071.398984
RYAAY,Ryanair Holdings plc American Depositary Shares,55.13,29011.268788
KGC,Kinross Gold Corporation Common Stock,24.11,28789.751
CCI,Crown Castle Inc. Common Stock,67.1,28548.059957
CBOE,"Cboe Global Markets, Inc. Common Stock",253.26,28319.216625
TDY,Teledyne Technologies Incorporated Common Stock,610.83,28315.435739
HPQ,HP Inc. Common Stock,31.32,28244.093149
KHC,The Kraft Heinz Company Common Stock,23.56,27938.007738
EXR,Extra Space Storage Inc Common Stock,131.68,27819.975397
FTI,TechnipFMC plc Ordinary Share,70.62,27694.649081
RDDT,"Reddit, Inc. Class A Common Stock",143.08,27528.092651
AEE,Ameren Corporation Common Stock,99.39,27515.450717
SMCI,"Super Micro Computer, Inc. Common Stock",41.78,27448.013744
DG,Dollar General Corporation Common Stock,124.37,27438.110172
CFG,"Citizens Financial Group, Inc. Common Stock",64.8,27292.255862
WSM,"Williams-Sonoma, Inc. Common Stock (DE)",231.03,27210.522338
FTS,Fortis Inc. Common Shares,53.12,27139.008
WTW,Willis Towers Watson Public Limited Company Ordinary Shares,292.11,27128.821517
HAL,Halliburton Company Common Stock,32.43,27018.417802
MDB,"MongoDB, Inc. Class A Common Stock",334.68,26960.596206
ROIV,Roivant Sciences Ltd. Common Shares,36.98,26711.505095
GFS,GlobalFoundries Inc. Ordinary Shares,47.78,26633.460851
SYF,Synchrony Financial Common Stock,71.52,26609.555833
FOXA,Fox Corporation Class A Common Stock,63.06,26590.738603
ATO,Atmos Energy Corporation Common Stock,157.05,26539.652249
WST,"West Pharmaceutical Services, Inc. Common Stock",375.65,26436.654995
DGX,Quest Diagnostics Incorporated Common Stock,237.62,26226.917803
PBA,Pembina Pipeline Corp. Ordinary Shares (Canada),45.05,26199.05275
Q,"Qnity Electronics, Inc. Common Stock",124.91,26132.239106
CPAY,"Corpay, Inc. Common Stock",396.23,26016.302912
NVT,nVent Electric plc Ordinary Shares,160.5,25978.19921
ECHO,EchoStar  Corporation Common Stock,89.22,25946.589602
DOV,Dover Corporation Common Stock,191.48,25788.569483
INSM,Insmed Incorporated Common Stock,117.67,25696.951458
SN,"SharkNinja, Inc. Ordinary Shares",181.99,25637.213748
AWK,"American Water Works Company, Inc. Common Stock",128.93,25622.128552
CTSH,Cognizant Technology Solutions Corporation Class A Common Stock,56.75,25562.708861
TSEM,Tower Semiconductor Ltd. Ordinary Shares,226.04,25549.52724
VICI,VICI Properties Inc. Common Stock,23.19,25533.988663
ZM,"Zoom Communications, Inc. Class A Common Stock",87.3,25472.71797
VRSN,"VeriSign, Inc. Common Stock",282.07,25470.921
SYM,Symbotic Inc. Class A Common Stock,42.0,25401.671736
INCY,Incyte Corp. Common Stock,124.82,25300.732656
OTIS,Otis Worldwide Corporation Common Stock,66.33,25249.797256
CPRT,"Copart, Inc. (DE) Common Stock",27.22,25200.58854
DTE,DTE Energy Company Common Stock,120.83,25143.281377
TCOM,Trip.com Group Limited American Depositary Shares,39.9,25125.238358
LVS,Las Vegas Sands Corp. Common Stock,38.78,25117.851916
WRB,W.R. Berkley Corporation Common Stock,67.66,25117.254612
LH,Labcorp Holdings Inc. Common Stock,309.57,25106.127
FE,FirstEnergy Corp. Common Stock,43.02,24893.089875
BNTX,BioNTech SE American Depositary Share,99.08,24889.328583
CINF,Cincinnati Financial Corporation Common Stock,161.92,24851.165046
CPNG,"Coupang, Inc. Class A Common Stock",13.75,24715.785903
PHG,Koninklijke Philips N.V. NY Registry Shares,25.11,24680.237002
FFIV,"F5, Inc. Common Stock",435.56,24664.535392
LPLA,LPL Financial Holdings Inc. Common Stock,312.68,24621.139237
HUBB,Hubbell Inc Common Stock,465.72,24605.184966
ATI,ATI Inc. Common Stock,180.67,24601.903097
PFG,Principal Financial Group Inc Common Stock,114.64,24544.956044
EXPD,"Expeditors International of Washington, Inc. Common Stock",188.58,24513.631497
FISV,"Fiserv, Inc. Common Stock",46.02,24471.9045
PPL,PPL Corporation Common Stock,32.11,24164.214845
CNP,"CenterPoint Energy, Inc (Holding Co) Common Stock",36.62,24122.336947
FOX,Fox Corporation Class B Common Stock,56.55,23845.643324
ES,Eversource Energy (D/B/A) Common Stock,63.28,23835.978433
GH,"Guardant Health, Inc. Common Stock",177.33,23797.006826
PPG,"PPG Industries, Inc. Common Stock",107.01,23788.323
FWONK,Liberty Media Corporation Series C Common Stock,94.86,23782.206887
ASTS,"AST SpaceMobile, Inc. Class A Common Stock",61.0,23739.217134
FCNCA,"First Citizens BancShares, Inc. Class A Common Stock",2098.23,23695.563178
PS,Pershing Square Inc. Common Stock,59.17,23668.0
SW,Smurfit WestRock plc Ordinary Shares,45.07,23640.247464
TW,Tradeweb Markets Inc. Class A Common Stock,100.77,23583.027962
XYL,Xylem Inc. Common Stock New,100.91,23561.154199
ULTA,"Ulta Beauty, Inc. Common Stock",549.13,23479.41005
VLTO,Veralto Corp Common Stock,96.2,23452.919693
RBRK,"Rubrik, Inc. Class A Common Stock",113.09,23444.058328
TPL,Texas Pacific Land Corporation Common Stock,338.15,23323.789056
RF,Regions Financial Corporation Common Stock,27.26,23223.598334
BSP,Bending Spoons S.p.A. Ordinary Shares,33.56,23098.653308
ENTG,"Entegris, Inc. Common Stock",150.63,23016.264
IHG,Intercontinental Hotels Group American Depositary Shares (Each representing one Ordinary Share),161.11,22995.283627
CHD,"Church & Dwight Company, Inc. Common Stock",95.62,22681.437587
AFRM,"Affirm Holdings, Inc. Class A Common Stock",67.21,22678.082616
TPR,"Tapestry, Inc. Common Stock",113.45,22661.685376
ROKU,"Roku, Inc. Class A Common Stock",152.67,22659.123997
AER,AerCap Holdings N.V. Ordinary Shares,146.51,22625.548823
DRI,"Darden Restaurants, Inc. Common Stock",197.02,22475.641452
GPN,Global Payments Inc. Common Stock,84.7,22413.177633
CASY,"Casey's General Stores, Inc. Common Stock",606.24,22406.731642
PHM,"PulteGroup, Inc. Common Stock",119.13,22331.22109
BNH,"Brookfield Finance Inc. 4.625% Subordinated Notes due October 16, 2080",14.76,22255.083189
IOT,Samsara Inc. Class A Common Stock,37.93,22212.005577
TROW,"T. Rowe Price Group, Inc. Common Stock",103.81,22144.318389
CIB,Grupo Cibest S.A. American Depositary Shares each representing four Preferred Shares,92.35,22007.343555
IFF,"International Flavors & Fragrances, Inc. Common Stock",85.72,21871.454828
VRSK,"Verisk Analytics, Inc. Common Stock",167.77,21836.274133
CRCL,"Circle Internet Group, Inc. Class A Common Stock",85.8,21782.55059
KEY,KeyCorp Common Stock,20.4,21769.422502
DLTR,Dollar Tree Inc. Common Stock,116.02,21768.86729
BNJ,Brookfield Finance Inc. 4.50% Perpetual Subordinated Notes,14.42,21742.432221
FWONA,Liberty Media Corporation Series A Common Stock,86.62,21716.368971
MKL,Markel Group Inc. Common Stock,1740.4,21563.482903
L,Loews Corporation Common Stock,104.95,21454.689214
RIVN,"Rivian Automotive, Inc. Class A Common Stock",14.79,21413.858718
RL,Ralph Lauren Corporation Common Stock,357.16,21280.392481
MTSI,"MACOM Technology Solutions Holdings, Inc. Common Stock",278.56,21273.886539
JBHT,"J.B. Hunt Transport Services, Inc. Common Stock",226.07,21231.35026
VTRS,Viatris Inc. Common Stock,18.27,20984.755085
BG,Bunge Limited Common Shares,109.06,20952.511554
BCH,Banco De Chile ADS,41.45,20935.790079
PKG,Packaging Corporation of America Common Stock,234.52,20895.333081
UTHR,United Therapeutics Corporation Common Stock,485.54,20825.146594
AMRZ,Amrize Ltd Ordinary Shares,38.05,20810.520754
THC,Tenet Healthcare Corporation Common Stock,257.93,20768.26567
XPO,"XPO, Inc. Common Stock",176.66,20684.494907
LUV,Southwest Airlines Company Common Stock,42.28,20683.722738
OMC,Omnicom Group Inc. Common Stock,75.1,20603.382122
SOFI,"SoFi Technologies, Inc. Common Stock",15.93,20574.715261
STE,STERIS plc (Ireland) Ordinary Shares,211.0,20572.52321
SNX,TD SYNNEX Corporation Common Stock,256.75,20529.409576
SOJC,"Southern Company (The) Series 2017B 5.25% Junior Subordinated Notes due December 1, 2077",18.63,20493.883192
NRG,"NRG Energy, Inc. Common Stock",97.0,20390.416851
RGLD,"Royal Gold, Inc. Common Stock",240.32,20361.798594
USFD,US Foods Holding Corp. Common Stock,93.72,20274.51536
ARXS,"Arxis, Inc. Class A Common Stock",48.44,20222.458483
YPF,YPF Sociedad Anonima American Depositary Shares,51.37,20204.478176
BRO,"Brown & Brown, Inc. Common Stock",60.24,20156.927906
DOW,Dow Inc. Common Stock,27.89,20146.08243
AQNB,"Algonquin Power & Utilities Corp. 6.20% Fixed-to-Floating Subordinated Notes Series 2019-A due July 1, 2079",26.1,20045.452526
RS,"Reliance, Inc. Common Stock",391.53,19989.389919
EIX,Edison International Common Stock,51.47,19806.375499
BPYPM,"Brookfield Property Partners L.P. 6.25% Class A Cumulative Redeemable Preferred Units, Series 1",15.98,19794.865482
AMCR,Amcor plc Ordinary Shares,42.79,19783.772075
LEN,Lennar Corporation Class A Common Stock,82.03,19760.628498
EXE,Expand Energy Corporation Common Stock,85.31,19749.58824
SITM,SiTime Corporation Common Stock,656.65,19746.145789
CW,Curtiss-Wright Corporation Common Stock,532.36,19662.420608
CMS,CMS Energy Corporation Common Stock,62.6,19629.928714
WF,Woori Financial Group Inc. American Depositary Shares (each representing three (3) shares of Common Stock),79.26,19314.046364
SOJD,"Southern Company (The) Series 2020A 4.95% Junior Subordinated Notes due January 30, 2080",17.55,19305.831993
STZ,"Constellation Brands, Inc. Common Stock",112.92,19284.300767
WWD,"Woodward, Inc. Common Stock",325.94,19245.394571
BCE,"BCE, Inc. Common Stock",20.56,19172.730798
BEKE,KE Holdings Inc American Depositary Shares (each representing three Class A Ordinary Shares),16.95,19150.786542
SNA,Snap-On Incorporated Common Stock,369.21,19098.171452
CRS,Carpenter Technology Corporation Common Stock,385.3,19094.91548
PAAS,Pan American Silver Corp. Common Stock,45.77,18977.06586
BEP,Brookfield Renewable Partners L.P. Limited Partnership Units,27.87,18957.141253
BPYPP,Brookfield Property Partners L.P. 6.50% Class A Cumulative Redeemable Perpetual Preferred Units,15.25,18890.594406
DINO,HF Sinclair Corporation Common Stock,106.19,18878.866925
BBY,"Best Buy Co., Inc. Common Stock",89.91,18856.617327
LYB,LyondellBasell Industries NV Ordinary Shares Class A (Netherlands),58.27,18823.421463
NI,NiSource Inc Common Stock,39.1,18750.79991
PKX,POSCO HOLDINGS INC. American Depositary Shares (Each representing 1/4th of a share of Common Stock),57.84,18724.647775
WES,"Western Midstream Partners, LP Common Units Representing Limited Partner Interests",45.27,18704.413825
SQM,Sociedad Quimica y Minera S.A. Common Stock,65.16,18612.159569
GFL,"GFL Environmental Inc. Subordinate voting shares, no par value",41.4,18591.926863
FSLR,"First Solar, Inc. Common Stock",172.97,18589.04923
NTNX,"Nutanix, Inc. Class A Common Stock",68.7,18588.171297
BR,"Broadridge Financial Solutions, Inc. Common Stock",162.92,18576.43133
ITT,ITT Inc. Common Stock,207.18,18521.892
NDSN,Nordson Corporation Common Stock,331.32,18454.313943
CDE,"Coeur Mining, Inc. Common Stock",17.87,18369.198414
SSNC,"SS&C Technologies Holdings, Inc. Common Stock",78.0,18303.089688
BPYPO,"Brookfield Property Partners L.P. 6.375% Class A Cumulative Redeemable Perpetual Preferred Units, Series 2",14.75,18271.230655
FICO,Fair Isaac Corporation Common Stock,840.89,18161.235295
KSPI,Joint Stock Company Kaspi.kz American Depository Shares,95.82,18141.932616
SBS,Companhia de saneamento Basico Do Estado De Sao Paulo - Sabesp American Depositary Shares (Each repstg 250 Common Shares),5.14,18116.104889
ONON,On Holding AG Class A Ordinary Shares,30.0,18102.9321
VIV,Telefonica Brasil S.A. American Depositary Shares (Each representing One Common Share),11.29,18039.197857
IP,International Paper Company Common Stock,34.0,18005.37643
GIS,"General Mills, Inc. Common Stock",33.6,17965.488038
EVRG,"Evergy, Inc. Common Stock",77.91,17963.488371
TSN,"Tyson Foods, Inc. Common Stock",50.95,17924.287036
PR,Permian Resources Corporation Class A Common Stock,21.3,17839.964718
WCC,"WESCO International, Inc. Common Stock",364.67,17771.409868
FIS,"Fidelity National Information Services, Inc. Common Stock",34.31,17693.870012
DD,"DuPont de Nemours, Inc. Common Stock",130.98,17687.928866
GPC,Genuine Parts Company Common Stock,128.13,17663.970793
LSCC,Lattice Semiconductor Corporation Common Stock,124.03,17616.014636
ZBRA,Zebra Technologies Corporation Class A Common Stock,371.87,17593.415134
TOST,"Toast, Inc. Class A Common Stock",30.38,17559.64
ESS,"Essex Property Trust, Inc. Common Stock",273.01,17545.926531
U,Unity Software Inc. Common Stock,39.86,17541.944869
CF,"CF Industries Holdings, Inc. Common Stock",115.51,17481.067396
ZBH,"Zimmer Biomet Holdings, Inc. Common Stock",91.62,17475.387066
MKSI,MKS Inc. Common Stock,258.38,17471.024636
NWS,News Corporation Class B Common Stock,32.24,17423.979137
EWBC,"East West Bancorp, Inc. Common Stock",126.72,17362.142392
SBAC,SBA Communications Corporation Class A Common Stock,163.43,17337.979817
CHRW,"C.H. Robinson Worldwide, Inc. Common Stock",148.24,17322.030486
PAA,"Plains All American Pipeline, L.P. Common Units representing Limited Partner Interests",24.53,17307.545264
MEDP,"Medpace Holdings, Inc. Common Stock",615.94,17191.904781
FTAI,FTAI Aviation Ltd. Common Stock,167.1,17162.354906
MGA,"Magna International, Inc. Common Stock",64.64,17158.968925
SOJE,"Southern Company (The) Series 2020C 4.20% Junior Subordinated Notes due October 15, 2060",15.65,17129.953784
EFX,"Equifax, Inc. Common Stock",145.78,17126.948139
IEX,IDEX Corporation Common Stock,231.15,17040.35396
IONQ,"IonQ, Inc. Common Stock",44.58,16985.083158
RCI,"Rogers Communication, Inc. Common Stock",31.43,16979.249058
RVTY,"Revvity, Inc. Common Stock",151.02,16851.778279
FTV,Fortive Corporation Common Stock,55.76,16840.47082
OVV,Ovintiv Inc. (DE),59.53,16829.131
AEG,Aegon Ltd. New York Registry Shares,8.8,16798.764488
FDXF,"FedEx Freight Holding Company, Inc. Common Stock",112.3,16790.886336
BURL,"Burlington Stores, Inc. Common Stock",266.39,16733.339796
DT,"Dynatrace, Inc. Common Stock",57.84,16715.883084
TSCO,Tractor Supply Company Common Stock,32.07,16709.757194
NVR,"NVR, Inc. Common Stock",6267.89,16703.049345
BEN,"Franklin Templeton, Inc. Common Stock",32.68,16603.953419
APG,APi Group Corporation Common Stock,38.35,16573.34739
BPYPN,"Brookfield Property Partners L.P. 5.750% Class A Cumulative Redeemable Perpetual Preferred Units, Series 3",13.35,16537.012152
CLH,"Clean Harbors, Inc. Common Stock",313.26,16536.133308
RGA,"Reinsurance Group of America, Incorporated Common Stock",252.97,16519.362195
IREN,IREN Limited Ordinary Shares,41.72,16440.126795
TPG,TPG Inc. Class A Common Stock,43.49,16435.687133
CNH,CNH Industrial N.V. Common Shares,13.26,16412.246203
MTZ,"MasTec, Inc. Common Stock",204.09,16389.436837
LNT,Alliant Energy Corporation Common Stock,63.21,16389.385824
SMTC,Semtech Corporation Common Stock,174.78,16311.452912
CDW,CDW Corporation Common Stock,130.33,16293.521131
J,Jacobs Solutions Inc. Common Stock,138.37,16194.632604
BMNR,"BitMine Immersion Technologies, Inc. Common Stock",26.84,16190.596415
WIT,Wipro Limited Common Stock,1.62,16043.750671
DOCN,"DigitalOcean Holdings, Inc. Common Stock",136.29,16024.91687
RBC,RBC Bearings Incorporated Common Stock,504.2,15962.591329
BSAC,Banco Santander - Chile ADS,33.88,15961.38694
BIP,Brookfield Infrastructure Partners LP Limited Partnership Units,34.84,15946.773075
FUTU,Futu Holdings Limited American Depositary Shares,112.27,15736.619483
NWSA,News Corporation Class A Common Stock,29.1,15726.978687
GIB,CGI Inc. Common Stock,67.71,15701.162278
DUKB,Duke Energy Corporation 5.625% Junior Subordinated Debentures due 2078,20.13,15695.405145
INVH,Invitation Homes Inc. Common Stock,26.54,15675.140418
AKAM,"Akamai Technologies, Inc. Common Stock",108.99,15663.673215
HST,"Host Hotels & Resorts, Inc. Common Stock",22.66,15524.918881
JAZZ,Jazz Pharmaceuticals plc Common Stock (Ireland),238.28,15467.845408
TEM,"Tempus AI, Inc. Class A Common Stock",85.08,15446.797667
AS,"Amer Sports, Inc. Ordinary Shares",27.62,15402.773229
LDOS,"Leidos Holdings, Inc. Common Stock",122.35,15353.971771
NLY,Annaly Capital Management Inc. Common Stock,20.35,15338.088895
SUN,Sunoco LP Common Units representing limited partner interests,74.62,15284.013816
STRL,"Sterling Infrastructure, Inc. Common Stock",498.36,15244.09383
SOLV,Solventum Corporation Common Stock,89.54,15241.832695
H,Hyatt Hotels Corporation Class A Common Stock,161.19,15184.356065
PTC,PTC Inc. Common Stock,139.69,15157.239599
ZTO,"ZTO Express (Cayman) Inc. American Depositary Shares, each representing one Class A ordinary share.",19.67,15143.946631
BALL,Ball Corporation Common Stock,57.13,15122.502785
ASND,Ascendis Pharma A/S Ordinary Share,230.05,15108.138984
KIM,Kimco Realty Corporation (HC) Common Stock,22.49,15086.052999
CRBG,Corebridge Financial Inc. Common Stock,33.78,15058.195793
TIGO,Millicom International Cellular S.A. Common Stock,89.78,15041.815628
WPC,W. P. Carey Inc. REIT,65.82,14994.906976
APA,APA Corporation Common Stock,42.33,14830.379418
LTM,"LATAM Airlines Group S.A. American Depositary Shares (each representing two thousand (2,000) shares of Common Stock)",51.5,14786.061588
LECO,"Lincoln Electric Holdings, Inc. Common Shares",271.18,14780.871183
JHX,James Hardie Industries plc. Ordinary Shares,25.39,14739.46597
LAMR,Lamar Advertising Company Class A Common Stock,145.03,14727.750671
ROL,"Rollins, Inc. Common Stock",30.59,14718.237908
FN,Fabrinet Ordinary Shares,409.96,14690.860845
EMA,Emera Incorporated Common Shares,47.76,14671.872
RBA,"RB Global, Inc. Common Stock",80.77,14662.703347
VNOM,"Viper Energy, Inc. Class A Common Stock",40.53,14558.169013
TLN,Talen Energy Corporation Common Stock,303.5,14541.977607
PFGC,Performance Food Group Company Common Stock,91.97,14488.312953
EXEL,"Exelixis, Inc. Common Stock",58.37,14463.017362
CX,"Cemex, S.A.B. de C.V. Sponsored ADR",9.53,14446.680576
UNM,Unum Group Common Stock,91.12,14424.915434
JLL,Jones Lang LaSalle Incorporated Common Stock,314.1,14394.17338
LOGI,Logitech International S.A. Ordinary Shares,100.33,14366.08535
APOS,"Apollo Global Management, Inc. 7.625% Fixed-Rate Resettable Junior Subordinated Notes due 2053",25.18,14340.872944
SGI,Somnigroup International Inc. Common Stock,62.28,14339.296753
ARMK,Aramark Common Stock,54.26,14304.294887
EQH,"Equitable Holdings, Inc. Common Stock",52.31,14282.469063
NBIX,"Neurocrine Biosciences, Inc. Common Stock",140.44,14275.61098
OWL,Blue Owl Capital Inc. Class A Common Stock,9.15,14265.69384
KEP,Korea Electric Power Corporation Common Stock,11.07,14213.084665
WY,Weyerhaeuser Company Common Stock,19.72,14212.91392
WMG,Warner Music Group Corp. Class A Common Stock,27.14,14197.199131
EG,"Everest Group, Ltd. Common Stock",369.8,14179.143033
ONTO,Onto Innovation Inc. Common Stock,288.74,14169.698079
OHI,"Omega Healthcare Investors, Inc. Common Stock",46.68,14144.64684
WSE,Wise Group plc Class A Ordinary Shares,11.5,14139.288077
PNFP,"Pinnacle Financial Partners, Inc. Common stock",93.46,14122.987334
CG,The Carlyle Group Inc. Common Stock,39.52,14082.272177
YUMC,"Yum China Holdings, Inc. Common Stock",41.1,14075.02939
CRL,"Charles River Laboratories International, Inc. Common Stock",294.59,14063.394302
VLYPN,"Valley National Bancorp 8.250% Fixed-Rate Reset Non-Cumulative Perpetual Preferred Stock, Series C",25.37,14019.594584
SLMBP,"SLM Corporation Floating Rate Non-Cumulative Preferred Stock, Series B",74.0,13908.074892
DOC,"Healthpeak Properties, Inc. Common Stock",20.1,13859.497926
EMBJ,Embraer S.A. Common Stock,76.53,13828.323174
VLYPP,"Valley National Bancorp 6.25% Fixed-to-Floating Rate Non-Cumulative Perpetual Preferred Stock, Series A",25.012,13821.761913
KKRS,KKR Group Finance Co. IX LLC 4.625% Subordinated Notes due 2061,15.33,13760.753763
AGI,Alamos Gold Inc. Class A Common Shares,32.72,13741.268248
ARCC,Ares Capital Corporation Common Stock,19.13,13735.777025
MAA,"Mid-America Apartment Communities, Inc. Common Stock",118.34,13730.038391
VLYPO,"Valley National Bancorp 5.50% Fixed-to-Floating Rate Non-Cumulative Perpetual Preferred Stock, Series B",24.77,13688.031448
SUI,"Sun Communities, Inc. Common Stock",112.28,13675.811452
CACI,"CACI International, Inc. Class A Common Stock",616.4,13622.191591
INIO,INNIO N.V. Ordinary Shares,18.16,13620.0
SKM,"SK Telecom Co., Ltd. Common Stock",35.5,13617.09
PAG,"Penske Automotive Group, Inc. Common Stock",207.22,13606.660543
W,Wayfair Inc. Class A Common Stock,98.63,13509.160744
RNR,RenaissanceRe Holdings Ltd. Common Stock,324.9,13500.210036
MLI,"Mueller Industries, Inc. Common Stock",60.97,13485.429226
MAS,Masco Corporation Common Stock,68.36,13479.732715
ICLR,ICON plc Ordinary Shares,175.57,13442.92525
IVZ,Invesco Ltd Common Stock,30.43,13434.838305
REG,Regency Centers Corporation Common Stock,73.33,13428.229712
FLUT,Flutter Entertainment plc Ordinary Shares,76.63,13424.128766
TRMB,Trimble Inc. Common Stock,57.51,13410.173058
SWK,"Stanley Black & Decker, Inc. Common Stock",88.73,13399.706556
STLA,Stellantis N.V. Common Shares,4.62,13386.372366
CET,Central Securities Corporation Common Stock,55.22,13364.631544
HTHT,H World Group Limited American Depositary Shares,43.29,13312.706125
TXT,Textron Inc. Common Stock,77.37,13306.627768
TU,Telus Corporation Ordinary Shares,8.36,13284.04
TYL,"Tyler Technologies, Inc. Common Stock",324.02,13269.355821
ALLE,Allegion plc Ordinary Shares,155.38,13213.015809
AMKR,"Amkor Technology, Inc. Common Stock",53.18,13212.702461
CHKP,Check Point Software Technologies Ltd. Ordinary Shares,129.27,13198.548957
SWKS,"Skyworks Solutions, Inc. Common Stock",87.59,13179.910975
TME,"Tencent Music Entertainment Group American Depositary Shares, each representing two Class A Ordinary Shares",8.37,13173.580665
VICR,Vicor Corporation Common Stock,285.1,13145.029293
EQX,Equinox Gold Corp. Common Shares,11.23,13110.573801
TLK,"PT Telekomunikasi Indonesia, Tbk",13.23,13105.931256
TTMI,"TTM Technologies, Inc. Common Stock",124.19,13083.27542
ULS,UL Solutions Inc. Class A Common Stock,64.8,13083.00161
MKC,"McCormick & Company, Incorporated Common Stock",48.46,13028.54621
AVY,Avery Dennison Corporation Common Stock,171.89,13027.223728
BBIO,"BridgeBio Pharma, Inc. Common Stock",66.61,13021.420643
AIZ,"Assurant, Inc. Common Stock",263.53,12998.292318
CSL,Carlisle Companies Incorporated Common Stock,326.32,12959.515881
QNT,Quantinuum Inc. Class A Common Stock,49.11,12931.062854
WSO,"Watsco, Inc. Common Stock",313.22,12921.012205
SJM,The J.M. Smucker Company Common Stock,120.63,12886.080565
COKE,"Coca-Cola Consolidated, Inc. Common Stock",193.57,12884.85039
IESC,"IES Holdings, Inc. Common Stock",322.09,12834.871648
FMS,Fresenius Medical Care AG American Depositary Shares (Each representing 1/2 of an Ordinary Share),22.95,12819.359822
HALO,"Halozyme Therapeutics, Inc. Common Stock",112.89,12812.78922
GL,Globe Life Inc. Common Stock,166.69,12810.03432
RPM,RPM International Inc. Common Stock,100.2,12799.689482
CHTR,"Charter Communications, Inc. Class A Common Stock New",111.4,12763.932609
LII,"Lennox International, Inc. Common Stock",368.41,12732.498277
PAC,"Grupo Aeroportuario Del Pacifico, S.A. B. de C.V. Grupo Aeroportuario Del Pacifico, S.A. de C.V. (each representing 10 Series B shares)",213.82,12722.679152
GRAB,Grab Holdings Limited Class A Ordinary Shares,3.095,12690.991118
TRU,TransUnion Common Stock,66.19,12682.004
GGG,Graco Inc. Common Stock,78.25,12672.886728
ALB,Albemarle Corporation Common Stock,107.39,12672.563071
HAS,"Hasbro, Inc. Common Stock",89.45,12616.427573
SEIC,SEI Investments Company Common Stock,104.82,12580.410657
TOL,"Toll Brothers, Inc. Common Stock",136.51,12578.98697
QXO,"QXO, Inc. Common Stock",12.12,12574.387393
PEN,"Penumbra, Inc. Common Stock",319.18,12572.315714
FIVE,"Five Below, Inc. Common Stock",228.0,12552.31998
MAIR,Madison Air Solutions Corporation Class A Common Stock,24.97,12528.013622
DOCU,"DocuSign, Inc. Common Stock",66.98,12518.726235
CORT,Corcept Therapeutics Incorporated Common Stock,115.63,12499.417645
GEN,Gen Digital Inc. Common Stock,20.85,12480.539617
DTM,"DT Midstream, Inc. Common Stock",121.97,12442.805653
BWA,BorgWarner Inc. Common Stock,61.07,12437.904239
JBS,JBS N.V. Class A Common Shares,11.6,12422.778569
AIT,"Applied Industrial Technologies, Inc. Common Stock",337.42,12394.750851
SMMT,Summit Therapeutics Inc. Common Stock,15.48,12349.163839
BWXT,"BWX Technologies, Inc. Common Stock",134.35,12309.413013
CNA,CNA Financial Corporation Common Stock,45.44,12296.106168
BNT,Brookfield Wealth Solutions Ltd. Class A Exchangeable Limited Voting Shares,36.22,12242.877584
EHC,Encompass Health Corporation Common Stock,124.02,12234.992684
BJ,"BJ's Wholesale Club Holdings, Inc. Common Stock",96.81,12228.525333
BAX,Baxter International Inc. Common Stock,23.49,12144.236017
GNRC,Generac Holdlings Inc. Common Stock,205.21,12108.695341
AHR,"American Healthcare REIT, Inc. Common Stock",51.9,12102.31188
GME,GameStop Corporation Common Stock,23.96,12087.84372
NXT,Nextpower Inc. Common Stock,79.13,12006.356918
SREA,DBA Sempra 5.750% Junior Subordinated Notes due 2079,18.93,11985.451414
CR,Crane Company Common Stock,206.92,11960.049664
WTS,"Watts Water Technologies, Inc. Class A Common Stock",358.01,11951.465731
MDGL,"Madrigal Pharmaceuticals, Inc. Common Stock",517.04,11945.757307
HBM,Hudbay Minerals Inc. Ordinary Shares (Canada),26.87,11934.169701
DKS,Dick's Sporting Goods Inc Common Stock,134.16,11930.386753
TWST,Twist Bioscience Corporation Common Stock,179.6,11907.69085
GWRE,"Guidewire Software, Inc. Common Stock",145.18,11903.695685
GDDY,GoDaddy Inc. Class A Common Stock,93.71,11868.156342
UHAL,U-Haul Holding Company Common Stock,60.72,11803.573016
SANM,Sanmina Corporation Common Stock,220.06,11794.634161
NVMI,Nova Ltd. Ordinary Shares,370.42,11773.048488
MANH,"Manhattan Associates, Inc. Common Stock",201.88,11770.607747
SAIL,"SailPoint, Inc. Common Stock",20.57,11743.652291
ARW,"Arrow Electronics, Inc. Common Stock",230.46,11731.663785
IT,"Gartner, Inc. Common Stock",185.73,11728.659312
CCK,"Crown Holdings, Inc.",107.47,11688.492117
ALLY,Ally Financial Inc. Common Stock,38.19,11617.386276
PSKY,Paramount Skydance Corporation Class B Common Stock,10.28,11533.602608
TXG,"10x Genomics, Inc. Class A Common Stock",88.5,11530.768368
MICC,The Magnum Ice Cream Company N.V. Ordinary Shares,18.8,11510.483093
BMRN,BioMarin Pharmaceutical Inc. Common Stock,59.46,11509.89571
ELS,"Equity Lifestyle Properties, Inc. Common Stock",59.08,11465.337691
AFG,"American Financial Group, Inc. Common Stock",138.18,11458.088172
HUT,Hut 8 Corp. Common Stock,92.71,11427.385278
HL,Hecla Mining Company Common Stock,17.01,11426.781011
TECH,Bio-Techne Corp Common Stock,72.51,11370.890437
DVA,DaVita Inc. Common Stock,178.07,11360.866
SNN,"Smith & Nephew SNATS, Inc. Common Stock",27.08,11338.627913
HMY,Harmony Gold Mining Company Limited,17.74,11260.779424
GLPI,"Gaming and Leisure Properties, Inc. Common Stock",38.63,11238.241261
ELAN,Elanco Animal Health Incorporated Common Stock,22.45,11216.510084
AGNC,AGNC Investment Corp. Common Stock,9.46,11214.654489
BTSG,"BrightSpring Health Services, Inc. Common Stock",56.54,11187.244186
AA,Alcoa Corporation Common Stock,42.25,11150.174051
FPS,"Forgent Power Solutions, Inc. Class A Common Stock",36.59,11139.053049
AEIS,"Advanced Energy Industries, Inc. Common Stock",277.84,11127.614805
FRHC,Freedom Holding Corp. Common Stock,174.37,11122.65532
RMBS,Rambus Inc. Common Stock,102.12,11076.098898
PNW,Pinnacle West Capital Corporation Common Stock,91.32,11067.731409
WTRG,"Essential Utilities, Inc. Common Stock",38.96,11056.014451
FNF,"Fidelity National Financial, Inc. Common Stock",41.08,11017.361333
HRL,Hormel Foods Corporation Common Stock,19.97,10990.505476
FHN,First Horizon Corporation Common Stock,23.19,10986.892294
AMH,American Homes 4 Rent Common Shares of Beneficial Interest,30.56,10976.539089
FROG,JFrog Ltd. Ordinary Shares,88.81,10950.38943
CSGP,"CoStar Group, Inc. Common Stock",27.02,10948.438828
LFUS,"Littelfuse, Inc. Common Stock",429.21,10901.3962
EGP,"EastGroup Properties, Inc. Common Stock",202.44,10885.870293
UDR,"UDR, Inc. Common Stock",33.83,10868.36863
PAYP,PayPay Corporation American Depository Shares,16.0,10834.29016
SUZ,Suzano S.A. American Depositary Shares (each representing One Ordinary Share),8.57,10833.487961
FIG,"Figma, Inc. Class A Common Stock",20.25,10793.449807
COO,"The Cooper Companies, Inc. Common Stock",56.57,10757.084982
BIPJ,Brookfield Infrastructure Corporation 7.250% Subordinated Notes due 2084,23.22,10712.40703
FRO,Frontline Plc Ordinary Shares,48.1,10708.160961
TX,"Ternium S.A. Ternium S.A. American Depositary Shares (each representing ten shares, USD1.00 par value)",54.47,10692.879221
DECK,Deckers Outdoor Corporation Common Stock,78.36,10689.418828
GSAT,"Globalstar, Inc. Common Stock",82.34,10668.249533
IAG,Iamgold Corporation Ordinary Shares,18.68,10666.28
DDS,"Dillard's, Inc. Common Stock",681.94,10651.528415
LI,Li Auto Inc. American Depositary Shares,11.71,10646.293519
SF,Stifel Financial Corporation Common Stock,70.41,10632.032091
LULU,lululemon athletica inc. Common Stock,100.58,10620.650957
AES,The AES Corporation Common Stock,14.87,10608.832428
AUR,"Aurora Innovation, Inc. Class A Common Stock",5.29,10601.981368
AR,Antero Resources Corporation Common Stock,34.34,10557.45526
BEPC,Brookfield Renewable Corporation Brookfield Renewable Corporation Class A Subordinate Voting Shares,27.97,10541.507965
SCI,Service Corporation International Common Stock,77.07,10529.262861
DKNG,DraftKings Inc. Class A Common Stock,21.16,10504.967656
XP,XP Inc. Class A Common Stock,20.23,10485.450526
UHS,"Universal Health Services, Inc. Common Stock",177.48,10460.052682
RDY,Dr. Reddy's Laboratories Ltd Common Stock,12.51,10441.558695
PINS,"Pinterest, Inc. Class A Common Stock",18.41,10425.822827
RRX,Regal Rexnord Corporation Common Stock,156.48,10420.295348
TXRH,"Texas Roadhouse, Inc. Common Stock",158.45,10400.804725
JKHY,"Jack Henry & Associates, Inc. Common Stock",147.82,10364.045715
KNX,Knight-Swift Transportation Holdings Inc.,63.55,10343.1438
AVTR,"Avantor, Inc. Common Stock",15.29,10341.526664
RTO,Rentokil Initial plc American Depositary Shares (each representing five (5) Ordinary Shares),20.5,10340.2
EGO,Eldorado Gold Corporation Ordinary Shares,39.44,10306.455397
ALGN,"Align Technology, Inc. Common Stock",145.0,10300.77854
NYT,New York Times Company (The) Common Stock,64.17,10299.468655
CART,Maplebear Inc. Common Stock,43.34,10286.029556
ENSG,"The Ensign Group, Inc. Common Stock",176.36,10278.69006
QRVO,"Qorvo, Inc. Common Stock",116.3,10260.175918
ERIE,Erie Indemnity Company Class A Common Stock,221.92,10250.277971
FORM,"FormFactor, Inc. FormFactor, Inc. Common Stock",130.97,10231.471353
AXSM,"Axsome Therapeutics, Inc. Common Stock",193.89,10156.116802
DCI,"Donaldson Company, Inc. Common Stock",87.48,10139.818085
UMBF,UMB Financial Corporation Common Stock,133.42,10133.253003
BPOP,"Popular, Inc. Common Stock",158.85,10131.214884
HII,"Huntington Ingalls Industries, Inc. Common Stock",257.05,10128.951916
HUBS,"HubSpot, Inc. Common Stock",202.84,10114.860211
CHYM,"Chime Financial, Inc. Class A Common Stock",26.69,10104.436613
BIO,"Bio-Rad Laboratories, Inc. Class A Common Stock",377.69,10098.741316
VIAV,Viavi Solutions Inc. Common Stock,40.87,10084.66547
EVR,Evercore Inc. Class A Common Stock,261.62,10061.32388
TFII,TFI International Inc. Common Shares,122.37,10057.594093
GMED,"Globus Medical, Inc. Class A Common Stock",74.78,10040.105929
MSGS,Madison Square Garden Sports Corp. Class A Common Stock (New),416.34,10025.442636
KRYS,"Krystal Biotech, Inc. Common Stock",337.08,9977.175639
BXP,"BXP, Inc. Common Stock",62.43,9967.670941
PAYC,"Paycom Software, Inc. Common Stock",220.58,9941.897719
MOH,Molina Healthcare Inc Common Stock,189.64,9899.208
CPT,Camden Property Trust Common Stock,98.4,9893.07204
CGNX,Cognex Corporation Common Stock,58.75,9883.150718
VSAT,"ViaSat, Inc. Common Stock",71.65,9870.203787
WMS,"Advanced Drainage Systems, Inc. Common Stock",130.78,9861.510627
SSB,SouthState Bank Corporation Common Stock,101.69,9861.340362
CLX,Clorox Company (The) Common Stock,81.42,9846.202427
AM,Antero Midstream Corporation Common Stock,20.7,9825.7518
DRS,"Leonardo DRS, Inc. Common Stock",36.67,9786.911855
RYAN,"Ryan Specialty Holdings, Inc. Class A Common Stock",38.12,9751.659604
CFR,"Cullen/Frost Bankers, Inc. Common Stock",156.42,9721.31295
WTFC,Wintrust Financial Corporation Common Stock,144.02,9716.448567
SATA,"Strive, Inc. Variable Rate Series A Perpetual Preferred Stock",100.01,9701.234926
DPZ,Domino's Pizza Inc Common Stock,292.27,9668.798688
OC,Owens Corning Inc Common Stock New,122.03,9646.310786
ONB,Old National Bancorp Common Stock,25.21,9644.5897
BRKR,Bruker Corporation Common Stock,63.28,9641.297516
PSO,"Pearson, Plc Common Stock",15.94,9591.415094
ENLT,Enlight Renewable Energy Ltd. Ordinary Shares,68.75,9586.779125
HSIC,"Henry Schein, Inc. Common Stock",85.99,9583.288147
DAR,Darling Ingredients Inc. Common Stock,60.59,9561.27868
MUSA,Murphy USA Inc. Common Stock,520.12,9559.986082
FRT,Federal Realty Investment Trust Common Stock,109.83,9543.033477
XPEV,"XPeng Inc. American depositary shares, each representing two Class A ordinary shares",9.95,9532.798192
FDS,FactSet Research Systems Inc. Common Stock,267.67,9519.828895
AMG,"Affiliated Managers Group, Inc. Common Stock",368.13,9519.817135
RGEN,Repligen Corporation Common Stock,194.09,9495.529702
ONBPP,"Old National Bancorp Depositary Shares, Each Representing a 1/40th Interest in a Share of Series A Preferred Stock",24.79,9483.9103
ONBPO,"Old National Bancorp Depositary Shares, Each Representing a 1/40th Interest in a Share of Series C Preferred Stock",24.75,9468.6075
GGB,Gerdau S.A. Common Stock,4.78,9454.926274
BSY,"Bentley Systems, Incorporated Class B Common Stock",31.29,9452.486497
SIMO,Silicon Motion Technology Corporation American Depositary Shares,278.07,9428.862906
FLS,Flowserve Corporation Common Stock,74.09,9417.78587
FCFS,"FirstCash Holdings, Inc. Common Stock",216.95,9409.51201
ALSN,"Allison Transmission Holdings, Inc. Common Stock",113.66,9385.819799
GKOS,Glaukos Corporation Common Stock,158.56,9352.493051
JAN,"Janus Living, Inc. Class A-1 Common Stock",30.04,9321.134911
KYMR,"Kymera Therapeutics, Inc. Common Stock",112.0,9312.869216
MOD,Modine Manufacturing Company Common Stock,175.04,9296.848408
QGEN,Qiagen N.V. Common Shares,45.01,9275.424633
ARWR,"Arrowhead Pharmaceuticals, Inc. Common Stock",65.46,9246.51741
KT,KT Corporation Common Stock,19.16,9238.762814
ESTC,Elastic N.V. Ordinary Shares,87.94,9232.933163
PODD,Insulet Corporation Common Stock,133.11,9231.737429
OGE,OGE Energy Corp Common Stock,44.68,9230.051903
ZION,Zions Bancorporation N.A. Common Stock,63.19,9222.792502
PTGX,"Protagonist Therapeutics, Inc. Common Stock",142.44,9217.048115
CYTK,"Cytokinetics, Incorporated Common Stock",66.16,9197.789335
LLYVK,"Liberty Live Holdings, Inc. Series C Liberty Live Group Common Stock",99.92,9193.17717
TTC,Toro Company (The) Common Stock,97.07,9188.974102
ORI,Old Republic International Corporation Common Stock,38.02,9179.279694
AYI,Acuity Inc. Common Stock,305.91,9157.583183
OSCR,"Oscar Health, Inc. Class A Common Stock",29.65,9151.32425
JEF,Jefferies Financial Group Inc. Common Stock,47.13,9131.09298
GLXY,Galaxy Digital Inc. Class A Common Stock,23.21,9072.535779
MTCH,"Match Group, Inc. Common Stock",39.51,9069.559417
APTV,Aptiv PLC Ordinary Shares,43.64,9061.118565
HLI,"Houlihan Lokey, Inc. Class A Common Stock",129.54,9053.09721
SOLS,Solstice Advanced Materials Inc. Common Stock,56.93,9043.180717
VMI,"Valmont Industries, Inc. Common Stock",467.84,9031.584767
IBRX,"ImmunityBio, Inc. Common Stock",8.52,9029.805046
SSL,Sasol Ltd. American Depositary Shares,13.93,9023.320063
NIO,"NIO Inc. American depositary shares, each  representing one Class A ordinary share",3.59,8995.344609
ELPC,Companhia Paranaense de Energia (COPEL) American Depositary Shares (each representing four (4) Common Shares),12.05,8985.716908
CAI,"Caris Life Sciences, Inc. Common Stock",31.75,8972.397156
R,"Ryder System, Inc. Common Stock",233.93,8970.482831
AAL,American Airlines Group Inc. Common Stock,13.52,8949.833738
ENJ,"Entergy New Orleans, LLC First Mortgage Bonds, 5.0% Series due December 1, 2052",19.14,8931.326872
LLYVA,"Liberty Live Holdings, Inc. Series A Liberty Live Group Common Stock",97.07,8930.961848
JXN,Jackson Financial Inc. Class A Common Stock,131.81,8927.325747
EMP,"Entergy Mississippi, LLC First Mortgage Bonds, 4.90% Series Due October 1, 2066",19.02,8875.331092
AG,First Majestic Silver Corp. Ordinary Shares (Canada),17.95,8847.669575
RRC,Range Resources Corporation Common Stock,37.86,8847.106438
LTH,"Life Time Group Holdings, Inc. Common Stock",39.59,8846.858521
CTRE,"CareTrust REIT, Inc. Common Stock",37.42,8842.091507
SNAP,Snap Inc. Class A Common Stock,5.22,8828.052057
PBF,PBF Energy Inc. Class A Common Stock,74.39,8817.955379
SAIA,"Saia, Inc. Common Stock",330.25,8809.303163
EAI,"Entergy Arkansas, LLC First Mortgage Bonds, 4.875% Series Due September 1, 2066",18.85,8796.003737
KLAR,Klarna Group plc Ordinary Shares,12.41,8757.048233
SIRI,SiriusXM Holdings Inc. Common Stock,25.94,8743.515153
VOYA,"Voya Financial, Inc. Common Stock",95.98,8695.437577
TTEK,"Tetra Tech, Inc. Common Stock",33.89,8677.345665
PCVX,"Vaxcyte, Inc. Common Stock",58.27,8670.883549
EDU,"New Oriental Education & Technology Group, Inc. Sponsored ADR representing 10 Ordinary Share (Cayman Islands)",55.87,8661.502635
TGTX,"TG Therapeutics, Inc. Common Stock",56.19,8600.950088
BRX,Brixmor Property Group Inc. Common Stock,28.0,8592.424848
ESI,Element Solutions Inc. Common Stock,35.12,8558.4249
WLK,Westlake Corporation Common Stock,66.84,8541.921268
SPXC,"SPX Technologies, Inc. Common Stock",170.11,8520.105645
YMM,Full Truck Alliance Co. Ltd. American Depositary Shares (each representing 20 Class A Ordinary Shares),8.2,8507.863498
ARE,"Alexandria Real Estate Equities, Inc. Common Stock",48.66,8478.886756
EAT,"Brinker International, Inc. Common Stock",202.45,8478.861087
PRI,"Primerica, Inc. Common Stock",275.45,8477.621058
PNR,Pentair plc. Ordinary Share,53.03,8465.600489
BAH,Booz Allen Hamilton Holding Corporation Common Stock,70.25,8450.019353
IDCC,"InterDigital, Inc. Common Stock",327.14,8442.17713
TIMB,TIM S.A. American Depositary Shares (Each representing 5 Common Shares),17.64,8439.42014
MHK,"Mohawk Industries, Inc. Common Stock",124.43,8428.657382
RHP,"Ryman Hospitality Properties, Inc. (REIT)",122.09,8422.177812
CUBE,CubeSmart Common Shares,37.39,8418.81664
NEU,NewMarket Corp Common Stock,912.44,8391.168691
ADC,Agree Realty Corporation Common Stock,67.3,8370.727563
WAL,Western Alliance Bancorporation Common Stock (DE),76.55,8351.671139
ALV,"Autoliv, Inc. Common Stock",114.03,8351.239855
ABVX,Abivax SA American Depositary Shares,96.85,8338.255715
AVT,"Avnet, Inc. Common Stock",101.45,8326.30372
KNTK,Kinetik Holdings Inc. Class A Common Stock,51.21,8315.435196
REXR,"Rexford Industrial Realty, Inc. Common Stock",37.19,8292.928332
WYNN,"Wynn Resorts, Limited Common stock",80.515,8290.942834
KTOS,"Kratos Defense & Security Solutions, Inc. Common Stock",44.07,8272.878881
MP,MP Materials Corp. Common Stock,46.45,8272.818763
AGCO,AGCO Corporation Common Stock,117.61,8236.431648
MGM,MGM Resorts International Common Stock,31.86,8230.175336
COLB,"Columbia Banking System, Inc. Common Stock",29.06,8221.139908
AAOI,"Applied Optoelectronics, Inc. Common Stock",96.82,8220.626901
OSK,Oshkosh Corporation (Holding Company)Common Stock,132.79,8198.42127
MXL,"MaxLinear, Inc. Common Stock",90.0,8162.38719
BVN,Buenaventura Mining Company Inc.,32.05,8140.279087
FR,"First Industrial Realty Trust, Inc. Common Stock",61.26,8121.418672
RIOT,"Riot Platforms, Inc. Common Stock",21.62,8113.098175
TKR,Timken Company (The) Common Stock,116.75,8090.405953
PB,"Prosperity Bancshares, Inc. Common Stock",67.32,8090.300224
CNM,"Core & Main, Inc. Class A Common Stock",42.39,8075.04278
LINE,"Lineage, Inc. Common Stock",35.43,8067.765725
VIRT,"Virtu Financial, Inc. Class A Common Stock",51.97,8065.755797
GAP,"Gap, Inc. (The) Common Stock",22.95,8061.649644
DY,"Dycom Industries, Inc. Common Stock",266.79,8046.641718
KMX,CarMax Inc,56.55,8025.072479
CBSH,"Commerce Bancshares, Inc. Common Stock",55.88,8014.990107
SM,SM Energy Company Common Stock,33.55,7980.003981
PRAX,"Praxis Precision Medicines, Inc. Common Stock",285.65,7975.344572
SNEX,StoneX Group Inc. Common Stock,65.9,7948.642837
NNN,"NNN REIT, Inc. Common Stock",41.4,7945.95996
MAAS,Maase Inc. Class A Ordinary Shares,17.95,7937.051625
BOKF,BOK Financial Corporation Common Stock,130.59,7935.545162
AOS,A.O. Smith Corporation Common Stock,58.38,7934.342492
UGP,Ultrapar Participacoes S.A. (New) American Depositary Shares (Each representing one Common Share),7.13,7934.336669
S,"SentinelOne, Inc. Class A Common Stock",22.74,7914.636921
ATR,"AptarGroup, Inc. Common Stock",124.45,7912.671504
GIL,"Gildan Activewear, Inc. Class A Sub. Vot. Common Stock",42.62,7892.876562
LNC,Lincoln National Corporation Common Stock,40.88,7826.367096
CAE,CAE Inc. Common Shares,24.28,7806.230265
UGI,UGI Corporation Common Stock,36.24,7773.297604
ZWS,Zurn Elkay Water Solutions Corporation Common Stock,46.73,7750.829253
RAL,Ralliant Corporation Common Stock,69.96,7740.37496
STN,Stantec Inc Common Stock,68.72,7724.10759
GTLB,GitLab Inc. Class A Common Stock,46.21,7698.586
ACM,AECOM Common Stock,59.42,7647.141574
CBC,"Central Bancompany, Inc. Class A Common Stock",31.85,7628.238486
LEVI,Levi Strauss & Co Class A Common Stock,19.81,7623.889633
EMN,Eastman Chemical Company Common Stock,66.47,7602.667174
THG,Hanover Insurance Group Inc,217.57,7575.835483
IONS,"Ionis Pharmaceuticals, Inc. Common Stock",45.57,7573.019554
PCTY,Paylocity Holding Corporation Common Stock,142.72,7572.289759
SYRE,"Spyre Therapeutics, Inc. Common Stock",85.79,7564.427042
WULF,TeraWulf Inc. Common Stock,15.12,7544.406396
SFD,"Smithfield Foods, Inc. Common Stock",19.14,7536.708629
TPGXL,"TPG Operating Group II, L.P. 6.950% Fixed-Rate Junior Subordinated Notes due 2064",20.52,7486.224903
AVAV,"AeroVironment, Inc. Common Stock",147.23,7482.331955
CHWY,"Chewy, Inc. Class A Common Stock",18.61,7479.866104
PRH,"Prudential Financial, Inc. 5.950% Junior Subordinated Notes due 2062",21.225,7471.2
HNGE,"Hinge Health, Inc. Class A Common Stock",92.45,7460.198852
PCOR,"Procore Technologies, Inc. Common Stock",49.06,7454.928882
IDA,"IDACORP, Inc. Common Stock",128.81,7450.633559
VIST,"Vista Energy S.A.B. de C.V. American Depositary Shares, each representing one series A share, with no par value",66.91,7448.247368
KNSL,"Kinsale Capital Group, Inc. Common Stock",324.92,7401.165851
CHRD,Chord Energy Corporation Common Stock,135.15,7392.417401
NFG,National Fuel Gas Company Common Stock,77.76,7390.706898
SLAB,"Silicon Laboratories, Inc. Common Stock",221.03,7375.055184
SARO,"StandardAero, Inc. Common Stock",22.22,7353.029757
VFS,VinFast Auto Ltd. Ordinary Shares,3.14,7346.143071
APLD,Applied Digital Corporation Common Stock,24.53,7336.78497
ASR,"Grupo Aeroportuario del Sureste, S.A. de C.V. Common Stock",243.96,7318.8
HQY,"HealthEquity, Inc. Common Stock",88.44,7315.340778
NTSK,"Netskope, Inc. Class A Common Stock",17.85,7293.291302
ZETA,Zeta Global Holdings Corp. Class A Common Stock,28.99,7276.884409
TRNO,Terreno Realty Corporation Common Stock,66.57,7254.153537
GJS,"Goldman Sachs Group Securities STRATS Trust for Goldman Sachs Group Securities, Series 2006-2",23.12,7214.342443
DBX,"Dropbox, Inc. Class A Common Stock",31.92,7204.640377
ACA,"Arcosa, Inc. Common Stock",146.53,7195.620723
MORN,"Morningstar, Inc. Common Stock",191.56,7186.099661
SBSW,D/B/A Sibanye-Stillwater Limited ADS,10.14,7175.488014
SSD,"Simpson Manufacturing Company, Inc. Common Stock",174.79,7163.712567
AMRX,"Amneal Pharmaceuticals, Inc. Class A Common Stock",20.5,7140.068349
STAG,"Stag Industrial, Inc. Common Stock",37.01,7135.836256
CMC,Commercial Metals Company Common Stock,64.49,7134.163364
PRS,"Prudential Financial, Inc. 5.625% Junior Subordinated Notes due 2058",20.17,7099.84
SOBO,South Bow Corporation Common Shares,34.01,7093.963164
CELH,"Celsius Holdings, Inc. Common Stock",28.0,7084.981316
MOS,Mosaic Company (The) Common Stock,22.25,7073.178124
VLY,Valley National Bancorp Common Stock,12.78,7062.294788
PRMB,Primo Brands Corporation Class A Common Stock,19.49,7062.280337
PLXS,Plexus Corp. Common Stock,264.96,7061.740151
VSXY,Victorias Secret & Co. Common Stock,88.29,7042.367003
AAON,"AAON, Inc. Common Stock",85.34,7036.593552
MSA,MSA Safety Incorporated Common Stock,182.32,7033.59365
BIPH,Brookfield Infrastructure Corporation 5.000% Subordinated Notes due 2081,15.24,7030.882133
FSS,Federal Signal Corporation Common Stock,115.01,7020.395681
APPF,"AppFolio, Inc. Class A Common Stock",197.91,7009.376887
AXTA,Axalta Coating Systems Ltd. Common Shares,32.68,6994.173502
BTG,B2Gold Corp Common shares (Canada),5.28,6975.253623
AWI,Armstrong World Industries Inc Common Stock,164.75,6962.800584
NOV,NOV Inc. Common Stock,19.5,6951.323438
KEX,Kirby Corporation Common Stock,131.59,6947.952
CIFR,Cipher Digital Inc. Common Stock,16.74,6947.614286
IMVT,"Immunovant, Inc. Common Stock",33.49,6917.44932
OKLO,Oklo Inc. Class A common stock,37.11,6903.114992
SSRM,SSR Mining Inc. Common Stock,33.84,6900.291118
COMP,"Compass, Inc. Class A Common Stock",9.1,6893.451993
ESE,ESCO Technologies Inc. Common Stock,266.04,6892.449125
AXS,Axis Capital Holdings Limited Common Stock,94.45,6891.668641
ALGM,"Allegro MicroSystems, Inc. Common Stock",36.94,6885.691579
POWL,"Powell Industries, Inc. Common Stock",187.23,6821.268958
MSM,"MSC Industrial Direct Company, Inc. Common Stock",122.14,6821.066838
PACS,"PACS Group, Inc. Common Stock",43.06,6817.931453
NE,Noble Corporation plc A Ordinary Shares,42.61,6802.354909
CAG,"ConAgra Brands, Inc. Common Stock",14.16,6797.757513
RYTM,"Rhythm Pharmaceuticals, Inc. Common Stock",98.56,6786.061202
TAP,Molson Coors Beverage Company Class B Common Stock,36.27,6762.68415
GTES,Gates Industrial Corporation Ltd. Common Shares,26.67,6751.541704
DSGX,Descartes Systems Group Inc. (The) Common Stock,78.85,6745.503404
VCTR,"Victory Capital Holdings, Inc. Class A Common Stock",109.6,6741.449091
ALKS,Alkermes plc Ordinary Shares,40.15,6735.695371
CHE,Chemed Corp,514.3,6721.880942
HIMS,"Hims & Hers Health, Inc. Class A Common Stock",28.78,6714.760026
PPC,Pilgrim's Pride Corporation Common Stock,28.11,6693.23061
BLTE,"Belite Bio, Inc American Depositary Shares",165.93,6682.356854
MATX,"Matson, Inc. Common Stock",223.45,6681.92769
LAD,"Lithia Motors, Inc. Common Stock",303.07,6662.422966
CAMT,Camtek Ltd. Ordinary Shares,142.61,6638.296844
MBLY,Mobileye Global Inc. Class A Common Stock,7.795,6627.212326
FAF,First American Corporation (New) Common Stock,64.72,6607.912
TAL,TAL Education Group American Depositary Shares,11.89,6595.39791
LQDA,Liquidia Corporation Common Stock,73.67,6594.12
BROS,Dutch Bros Inc. Class A Common Stock,37.74,6592.487962
FLR,Fluor Corporation Common Stock,49.22,6582.735318
GLBE,Global-E Online Ltd. Ordinary Shares,39.28,6582.082353
FIGR,"Figure Technology Solutions, Inc. Class A Common Stock",29.33,6581.002986
NCLH,Norwegian Cruise Line Holdings Ltd. Ordinary Shares,14.31,6570.978076
BZ,KANZHUN LIMITED American Depository Shares,14.18,6562.584869
NFEGP,New Fortress Energy Inc. Series A Mandatorily Convertible Preferred Stock,400.0,6528.646
AUGO,Aura Minerals Inc. Common Shares,77.72,6512.098412
LNTH,"Lantheus Holdings, Inc. Common Stock",99.74,6510.266084
NPO,Enpro Inc. Common Stock,307.44,6507.791847
BEPJ,Brookfield BRP Holdings (Canada) Inc. 7.250% Perpetual Subordinated Notes,22.6,6489.914084
NICE,NICE Ltd American Depositary Shares,109.09,6480.336542
ICL,ICL Group Ltd. Ordinary Shares,5.02,6479.1771
OMF,"OneMain Holdings, Inc. Common Stock",56.23,6468.781802
URBN,"Urban Outfitters, Inc. Common Stock",75.44,6462.204055
ACT,"Enact Holdings, Inc. Common Stock",46.94,6453.483517
RUSHB,"Rush Enterprises, Inc. Class B",55.09,6430.675367
OR,OR Royalties Inc. Common Shares,34.28,6427.358218
ENS,EnerSys Common Stock,177.98,6418.888568
TXNM,"TXNM Energy, Inc. Common Stock",58.27,6417.02786
CLF,Cleveland-Cliffs Inc. Common Stock,11.22,6401.459327
MAC,Macerich Company (The) Common Stock,22.57,6399.935094
GATX,GATX Corporation Common Stock,181.26,6398.478
QBTS,D-Wave Quantum Inc. Common Stock,16.78,6370.134818
TFPM,Triple Flag Precious Metals Corp. Common Shares,30.83,6369.598607
VNO,Vornado Realty Trust Common Stock,34.1,6367.170107
MTDR,Matador Resources Company Common Stock,51.45,6367.154413
UBSI,"United Bankshares, Inc. Common Stock",46.72,6363.851317
HXL,Hexcel Corporation Common Stock,84.14,6362.957251
RNG,"RingCentral, Inc. Class A Common Stock",76.13,6357.324113
MGY,Magnolia Oil & Gas Corporation Class A Common Stock,23.71,6354.429895
PATH,"UiPath, Inc. Class A Common Stock",12.19,6352.884436
GDS,GDS Holdings Limited ADS,31.66,6343.955228
TEX,Terex Corporation Common Stock,55.5,6343.65
ACGLO,"Arch Capital Group Ltd. Depositary Shares Each Representing 1/1,000th Interest in a Share of 5.45% Non-Cumulative Preferred Shares, Series F",18.59,6343.449452
ZG,"Zillow Group, Inc. Class A Common Stock",28.15,6330.229955
ETSY,"Etsy, Inc. Common Stock",68.92,6325.598072
TBBB,BBB Foods Inc. Class A Common Shares,53.54,6310.071757
BILI,Bilibili Inc. American Depositary Shares,15.14,6307.682016
DUOL,"Duolingo, Inc. Class A Common Stock",134.3,6283.395927
LGND,Ligand Pharmaceuticals Incorporated Common Stock,314.1,6261.774787
BLDR,"Builders FirstSource, Inc. Common Stock",58.01,6241.670471
LB,LandBridge Company LLC Class A Shares Representing Limited Liability Company Interests,80.72,6222.334457
DOX,Amdocs Limited Ordinary Shares,57.42,6198.462529
Z,"Zillow Group, Inc. Class C Capital Stock",27.44,6170.568738
CGON,"CG Oncology, Inc. Common stock",69.61,6170.256504
HR,Healthcare Realty Trust Incorporated Common Stock,17.98,6162.101285
FNB,F.N.B. Corporation Common Stock,17.43,6152.806942
CVLT,"Commvault Systems, Inc. Common Stock",148.08,6137.111037
IFS,Intercorp Financial Services Inc. Common Shares,55.52,6129.280582
PJT,PJT Partners Inc. Class A Common Stock,149.14,6116.471366
CMSC,CMS Energy Corporation 5.875% Junior Subordinated Notes due 2078,20.4,6106.443404
INGM,Ingram Micro Holding Corporation Common Stock,26.46,6103.31398
PL,Planet Labs PBC Class A Common Stock,16.77,6101.730776
INGR,Ingredion Incorporated Common Stock,96.45,6082.520775
ST,Sensata Technologies Holding plc Ordinary Shares,41.74,6074.66688
JOBY,"Joby Aviation, Inc. Common Stock",6.11,6072.572859
CMSD,CMS Energy Corporation 5.875% Junior Subordinated Notes due 2079,20.27,6067.529794
DPC,DPC Holdings PLC Ordinary Shares,40.54,6056.392869
BLCO,Bausch + Lomb Corporation Common Shares,16.95,6053.95092
OGC,OceanaGold Corporation Common Shares,26.93,6038.191359
WEX,WEX Inc. common stock,177.06,6034.490044
CZR,"Caesars Entertainment, Inc. Common Stock",29.59,6028.085807
NXE,Nexgen Energy Ltd. Common Shares,8.99,6027.849848
CAVA,"CAVA Group, Inc. Common Stock",51.58,6024.863693
CMBT,CMB.TECH NV Ordinary Shares,19.05,6019.374175
QLYS,"Qualys, Inc. Common Stock",173.83,6013.649024
M,Macy's Inc Common Stock,23.01,6009.674624
ELF,"e.l.f. Beauty, Inc. Common Stock",101.8,6007.013993
CRUS,"Cirrus Logic, Inc. Common Stock",119.53,5990.552066
VIPS,"Vipshop Holdings Limited American Depositary Shares, each representing two ordinary shares",12.47,5988.973634
SRRK,Scholar Rock Holding Corporation Common Stock,49.13,5983.310905
CPB,The Campbell's Company Common Stock,20.04,5976.623248
ANDG,Andersen Group Inc. Class A Common Stock,52.78,5963.530549
ECG,"Everus Construction Group, Inc. Common Stock",116.66,5957.107108
LOAR,Loar Holdings Inc. Common Stock,63.57,5955.776101
SGHC,Super Group (SGHC) Limited Ordinary Shares,11.72,5954.659955
GGAL,Grupo Financiero Galicia S.A. American Depositary Shares,36.98,5939.926294
KNSA,"Kiniksa Pharmaceuticals International, plc Class A Ordinary Shares",76.1,5937.627389
LW,"Lamb Weston Holdings, Inc. Common Stock",43.18,5936.430055
POOL,Pool Corporation Common Stock,163.31,5934.807393
SWX,"Southwest Gas Holdings, Inc. Common Stock (DE)",81.87,5931.141985
LEA,Lear Corporation Common Stock,120.24,5930.809623
GRAL,"GRAIL, Inc. Common Stock",132.63,5924.082615
WFRD,Weatherford International plc Ordinary Shares,82.8,5921.202211
SFM,"Sprouts Farmers Market, Inc. Common Stock",63.45,5916.561806
XMTR,"Xometry, Inc. Class A Common Stock",103.14,5912.353319
RIG,Transocean Ltd (Switzerland) Common Stock,5.28,5897.126849
ENIC,Enel Chile S.A. American Depositary Shares (Each representing 50 shares of Common Stock),4.26,5892.990673
LKQ,LKQ Corporation Common Stock,23.22,5874.708437
CROX,"Crocs, Inc. Common Stock",122.36,5866.559377
XE,"X-Energy, Inc. Class A Common Stock",14.43,5863.862938
STVN,Stevanato Group S.p.A. Ordinary Shares,21.41,5845.009089
HWC,Hancock Whitney Corporation Common Stock,72.83,5842.645314
TTD,"The Trade Desk, Inc. Class A Common Stock",12.34,5834.291583
MTG,MGIC Investment Corporation Common Stock,28.35,5815.289214
CIG,Comp En De Mn Cemig ADS American Depositary Shares,2.03,5809.417247
TVTX,"Travere Therapeutics, Inc. Common Stock",61.57,5803.654819
TTAN,"ServiceTitan, Inc. Class A Common Stock",59.92,5780.356748
HOMB,"Home BancShares, Inc. Common Stock",28.86,5773.432322
LGN,Legence Corp. Class A Common stock,53.41,5772.311387
MKTX,"MarketAxess Holdings, Inc. Common Stock",163.94,5769.522551
JBTM,JBT Marel Corporation Common Stock,111.15,5766.10821
MMED,"MiniMed Group, Inc. Common Stock",20.49,5764.860086
BLSH,Bullish Ordinary Shares,35.99,5745.48758
BLLN,"BillionToOne, Inc. Class A Common Stock",121.72,5743.606265
GBCI,"Glacier Bancorp, Inc. Common Stock",44.06,5737.138649
CMSA,CMS Energy Corporation 5.625% Junior Subordinated Notes due 2078,19.155,5733.770755
KOF,"Coca Cola Femsa S.A.B. de C.V.  American Depositary Shares, each representing 10 Units (each Unit consists of 3 Series B Shares and 5 Series L Shares)",108.77,5712.688177
MIRM,"Mirum Pharmaceuticals, Inc. Common Stock",87.96,5711.436576
EPRT,"Essential Properties Realty Trust, Inc. Common Stock",26.4,5709.607306
CACC,Credit Acceptance Corporation Common Stock,550.0,5709.319
LUMN,"Lumen Technologies, Inc. Common Stock",5.53,5703.893084
ESNT,Essent Group Ltd. Common Shares,63.44,5701.764716
ANF,Abercrombie & Fitch Company Common Stock,134.18,5693.844706
AVAL,Grupo Aval Acciones y Valores S.A. ADR (Each representing 20 preferred shares),4.79,5686.562445
VFC,V.F. Corporation Common Stock,14.42,5669.000499
KOD,Kodiak Sciences Inc Common Stock,89.92,5651.423173
RDNT,"RadNet, Inc. Common Stock",71.81,5651.250025
ACI,"Albertsons Companies, Inc. Class A Common Stock",11.64,5649.19095
FSV,FirstService Corporation Common Shares,129.02,5634.273725
LYFT,"Lyft, Inc. Class A Common Stock",14.88,5632.678905
LSTR,"Landstar System, Inc. Common Stock",165.41,5613.506764
WFG,West Fraser Timber Co. Ltd Common stock,71.47,5596.374158
BGC,"BGC Group, Inc. Class A Common Stock",11.77,5596.240964
RYN,Rayonier Inc. REIT Common Stock,18.79,5591.289398
ORKA,"Oruka Therapeutics, Inc. Common Stock",84.19,5574.194559
OTEX,Open Text Corporation Common Shares,22.22,5568.393705
ORA,"Ormat Technologies, Inc. Common Stock",90.36,5556.863589
RUSHA,"Rush Enterprises, Inc. Common Stock Cl A",47.53,5548.193868
EPAM,"EPAM Systems, Inc. Common Stock",107.55,5548.179807
CGABL,The Carlyle Group Inc. 4.625% Subordinated Notes due 2061,15.32,5541.319175
SNDR,"Schneider National, Inc. Common Stock",31.58,5536.00239
COGT,"Cogent Biosciences, Inc. Common Stock",31.86,5528.505927
VAL,Valaris Limited Common Shares,79.62,5528.478953
WPP,WPP plc American Depositary Shares,25.57,5516.995269
AUB,Atlantic Union Bankshares Corporation Common Stock,38.55,5505.514241
VRNS,"Varonis Systems, Inc. Common Stock",47.925,5504.688744
PTCT,"PTC Therapeutics, Inc. Common Stock",65.95,5504.239892
SAIC,Science Applications International Corporation Common Stock,130.93,5485.657351
SXT,Sensient Technologies Corporation Common Stock,128.88,5485.495082
G,Genpact Limited Common Stock,32.6,5477.921668
MCY,Mercury General Corporation Common Stock,98.85,5475.165779
ASB,Associated Banc-Corp Common Stock,28.96,5469.086125
ABCB,Ameris Bancorp Common Stock,81.44,5465.213544
PEGA,Pegasystems Inc. Common Stock,33.23,5463.176322
YOU,"Clear Secure, Inc. Class A Common Stock",40.36,5460.22699
MTRN,Materion Corporation,261.99,5458.227613
DLB,Dolby Laboratories Common Stock,58.19,5450.587181
BIRK,Birkenstock Holding plc Ordinary Shares,32.97,5444.210946
USAR,"USA Rare Earth, Inc. Class A Common Stock",14.415,5406.728713
PI,"Impinj, Inc. Common Stock",176.88,5404.464571
TFX,Teleflex Incorporated Common Stock,127.38,5397.39593
EXP,Eagle Materials Inc Common Stock,175.87,5394.869408
CPA,"Copa Holdings, S.A. Class A Common Stock",131.07,5392.030142
BCPC,Balchem Corporation Common Stock,168.68,5377.184582
NOVT,Novanta Inc. Common Stock,142.08,5373.148762
INSW,"International Seaways, Inc. Common Stock",108.31,5364.736294
CORZZ,"Core Scientific, Inc. Tranche 2 Warrants",16.67,5356.745151
AROC,"Archrock, Inc. Common Stock",30.55,5356.581552
BETA,"Beta Technologies, Inc. Class A Common Stock",22.88,5352.571453
PSMT,"PriceSmart, Inc. Common Stock",172.97,5337.944836
AN,"AutoNation, Inc. Common Stock",161.36,5334.691656
KGS,"Kodiak Gas Services, Inc. Common Stock",52.72,5330.204514
RGTI,"Rigetti Computing, Inc. Common Stock",15.95,5323.611515
BKH,Black Hills Corporation Common Stock,69.73,5317.131522
PFH,"Prudential Financial, Inc. 4.125% Junior Subordinated Notes due 2060",14.88,5312.16
OBDC,Blue Owl Capital Corporation Common Stock,10.77,5311.145468
CORZ,"Core Scientific, Inc. Common Stock",16.52,5308.544085
STWD,"STARWOOD PROPERTY TRUST, INC. Starwood Property Trust Inc.",14.32,5300.819364
RRR,"Red Rock Resorts, Inc. Class A Common Stock",50.45,5298.066735
JMKE,Jersey Mike's Subs Inc. Class A Common Stock,16.67,5295.040463
SEI,"Solaris Energy Infrastructure, Inc. Class A Common Stock",69.15,5294.566007
ACMR,"ACM Research, Inc. Class A Common Stock",75.95,5289.856436
MRX,Marex Group Limited Ordinary Shares,71.29,5284.92995
CHDN,"Churchill Downs, Incorporated Common Stock",75.72,5277.7024
OZK,Bank OZK Common Stock,46.61,5273.275113
BBUC,Brookfield Business Corporation Class A Subordinate Voting Shares,25.33,5266.107
SHC,Sotera Health Company Common Stock,18.45,5265.164968
PAGP,"Plains GP Holdings, L.P. Class A Units representing Limited Partner Interests",26.6,5264.249698
WH,"Wyndham Hotels & Resorts, Inc. Common Stock",70.83,5256.373771
MUR,Murphy Oil Corporation Common Stock,36.65,5254.918231
ROAD,"Construction Partners, Inc. Class A Common Stock",91.47,5248.050546
EXLS,"ExlService Holdings, Inc. Common Stock",34.6,5245.792465
MBGL,Mobility Global Inc. Common Stock,17.76,5236.026643
CAKE,Cheesecake Factory Incorporated (The) Common Stock,105.16,5232.828271
CRSP,CRISPR Therapeutics AG Common Shares,54.09,5230.105601
ACGLN,"Arch Capital Group Ltd. Depositary Shares, each Representing a 1/1,000th Interest in a 4.550% Non-Cumulative Preferred Share, Series G",15.28,5213.981045
IBP,"Installed Building Products, Inc. Common Stock",196.09,5211.910818
TEO,Telecom Argentina SA,12.08,5203.310232
NAVN,"Navan, Inc. Class A Common Stock",19.98,5203.00165
STEP,StepStone Group Inc. Class A Common Stock,43.11,5202.371157
POR,Portland General Electric Co Common Stock,44.18,5195.909953
MMSI,"Merit Medical Systems, Inc. Common Stock",87.0,5194.80654
CWST,"Casella Waste Systems, Inc. Class A Common Stock",81.6,5193.027754
NIQ,NIQ Global Intelligence plc Ordinary Shares,17.58,5185.324089
LAUR,"Laureate Education, Inc. Common Stock",37.62,5182.130923
BB,BlackBerry Limited Common Stock,8.8,5165.884055
DFTX,"Definium Therapeutics, Inc. Common Shares",38.41,5161.03455
WHD,"Cactus, Inc. Class A Common Stock",64.24,5150.725748
MAIN,Main Street Capital Corporation Common Stock,55.07,5149.510947
RLI,RLI Corp. Common Stock (DE),55.98,5137.450861
GXO,"GXO Logistics, Inc. Common Stock",44.77,5134.428602
IRDM,Iridium Communications Inc Common Stock,48.33,5121.06531
NJR,NewJersey Resources Corporation Common Stock,50.4,5113.984478
CVI,CVR Energy Inc. Common Stock,50.75,5101.927899
GRFS,"Grifols, S.A. American Depositary Shares",7.41,5094.781868
OLLI,"Ollie's Bargain Outlet Holdings, Inc. Common Stock",85.53,5080.687529
RITM,Rithm Capital Corp. Common Stock,9.08,5070.335841
SIGI,"Selective Insurance Group, Inc. Common Stock",85.08,5068.140645
GVA,Granite Construction Incorporated Common Stock,115.77,5066.617323
PIPR,Piper Sandler Companies Common Stock,71.69,5066.353162
SBRA,"Sabra Health Care REIT, Inc. Common Stock",19.82,5063.271824
CE,Celanese Corporation Common Stock,45.92,5039.670682
MDA,MDA Space Ltd. Common Shares,31.05,5034.161247
BYD,Boyd Gaming Corporation Common Stock,69.19,5027.028095
FTDR,"Frontdoor, Inc. Common Stock",72.92,5023.700603
FLG,"Flagstar Bank, N.A. Common Stock",12.04,4997.717745
AX,"Axos Financial, Inc. Common Stock",87.72,4987.584023
OCTV,Octave Intelligence plc Class B Ordinary Shares,18.58,4987.574101
NXST,"Nexstar Media Group, Inc. Common Stock",161.78,4984.166936
AGX,"Argan, Inc. Common Stock",355.21,4983.540177
SPHR,Sphere Entertainment Co. Class A Common Stock,138.72,4981.935563
IOVA,"Iovance Biotherapeutics, Inc. Common Stock",10.99,4978.156038
HRB,"H&R Block, Inc. Common Stock",40.34,4972.547293
KRG,Kite Realty Group Trust Common Stock,24.8,4968.603938
CNO,"CNO Financial Group, Inc. Common Stock",53.64,4962.84634
GLNG,Golar Lng Ltd,48.79,4956.540386
ACIW,"ACI Worldwide, Inc. Common Stock",49.0,4946.806809
VSH,"Vishay Intertechnology, Inc. Common Stock",32.23,4943.410552
ERAS,"Erasca, Inc. Common Stock",14.13,4942.137555
SON,Sonoco Products Company Common Stock,49.97,4940.7839
HESM,Hess Midstream LP Class A Representing Limited Partner Interests,38.48,4938.941901
FND,"Floor & Decor Holdings, Inc. Common Stock",46.36,4936.874777
WAY,Waystar Holding Corp. Common Stock,25.74,4935.604228
MTN,"Vail Resorts, Inc. Common Stock",138.09,4920.633605
OMAB,Grupo Aeroportuario del Centro Norte S.A.B. de C.V. ADS,101.87,4917.384903
OUT,OUTFRONT Media Inc. Common Stock,27.91,4915.934855
DNTH,"Dianthus Therapeutics, Inc. Common Stock",87.83,4912.71642
VSEC,VSE Corporation Common Stock,174.65,4901.54736
GOLF,Acushnet Holdings Corp. Common Stock,83.79,4893.758637
IEP,"Icahn Enterprises, L.P. Common Stock",6.865,4880.432113
MRCY,Mercury Systems Inc Common Stock,80.12,4876.39051
ATHS,Athene Holding Ltd. 7.250% Fixed-Rate Reset Junior Subordinated Debentures due 2064,23.91,4872.97755
HCC,"Warrior Met Coal, Inc. Common Stock",91.75,4844.591482
PECO,"Phillips Edison & Company, Inc. Common Stock",37.59,4837.833
AXTI,AXT Inc Common Stock,73.67,4830.778528
EBC,"Eastern Bankshares, Inc. Common Stock",21.13,4828.449094
GHC,Graham Holdings Company Common Stock,1140.01,4827.860269
MIDD,Middleby Corporation (The) Common Stock,106.68,4824.320191
GTX,Garrett Motion Inc. Common Stock,25.86,4822.719686
MWH,"SOLV Energy, Inc. Class A Common Stock",23.81,4818.827851
CSW,"CSW Industrials, Inc. Common Stock",295.41,4813.258995
HAE,Haemonetics Corporation Common Stock,105.79,4813.133025
SIM,"Grupo Simec, S.A.B. de C.V. American Depositary Shares",28.99,4809.530028
WTM,"White Mountains Insurance Group, Ltd. Common Stock",2014.97,4809.171213
MANE,"Veradermics, Incorporated Common Stock",115.0,4804.71564
KLIC,"Kulicke and Soffa Industries, Inc. Common Stock",91.68,4797.533263
CWEN,"Clearway Energy, Inc. Class C Common Stock",29.21,4787.919469
VEON,VEON Ltd. ADS,69.41,4779.655545
SKY,"Champion Homes, Inc. Common Stock",86.82,4712.601234
GNTX,Gentex Corporation Common Stock,22.34,4706.665615
UNF,Unifirst Corporation Common Stock,259.44,4691.757843
CNX,CNX Resources Corporation Common Stock,31.7,4689.813293
OTF,Blue Owl Technology Finance Corp. Common Stock,10.22,4682.654676
HLNE,Hamilton Lane Incorporated Class A Common Stock,84.96,4682.199804
MARA,"MARA Holdings, Inc. Common Stock",12.11,4678.084487
DOCS,"Doximity, Inc. Class A Common Stock",26.2,4670.044676
HASI,"HA Sustainable Infrastructure Capital, Inc. Common Stock",36.25,4657.972388
REYN,Reynolds Consumer Products Inc. Common Stock,22.08,4654.264883
CHH,"Choice Hotels International, Inc. Common Stock",103.0,4653.48232
HGTY,"Hagerty, Inc. Class A Common Stock",13.53,4649.214847
RELY,"Remitly Global, Inc. Common Stock",21.89,4633.763942
AIR,AAR Corp. Common Stock,115.09,4633.389896
BEPI,Brookfield BRP Holdings (Canada) Inc. 4.875% Perpetual Subordinated Notes,16.11,4626.217517
MEOH,Methanex Corporation Common Stock,59.78,4624.835642
CLMT,"Calumet, Inc. Common Stock",52.61,4624.326091
LPX,Louisiana-Pacific Corporation Common Stock,66.06,4619.140465
CUZ,Cousins Properties Incorporated Common Stock,28.06,4618.733747
EQPT,EquipmentShare.com Inc Class A Common Stock,18.21,4613.976286
TFSL,TFS Financial Corporation Common Stock,16.45,4613.28332
CRC,California Resources Corporation Common Stock,51.84,4604.423253
CIGI,Colliers International Group Inc. Subordinate Voting Shares,89.91,4594.744546
FFIN,"First Financial Bankshares, Inc. Common Stock",32.05,4593.646599
FBIN,"Fortune Brands Innovations, Inc. Common Stock",38.43,4587.445861
NSIT,"Insight Enterprises, Inc. Common Stock",155.96,4577.246646
PRM,"Perimeter Solutions, SA Common Stock",27.88,4563.591413
HAFN,Hafnia Limited Common Shares,9.13,4563.560007
OII,"Oceaneering International, Inc. Common Stock",45.84,4562.438927
CHEF,"The Chefs' Warehouse, Inc. Common Stock",111.76,4559.370236
UEC,Uranium Energy Corp. Common Stock,9.21,4557.774491
ADPT,Adaptive Biotechnologies Corporation Common Stock,28.51,4550.077455
MC,Moelis & Company Class A Common Stock,58.1,4547.432851
GMAB,Genmab A/S ADS,35.36,4542.940214
SR,Spire Inc. Common Stock,76.84,4542.22809
HCXY,"Hercules Capital, Inc. 6.25% Notes due 2033",24.98,4538.258561
DHCNL,Diversified Healthcare Trust 6.25% Senior Notes Due 2046,18.79,4536.175768
RSI,"Rush Street Interactive, Inc. Class A Common Stock",19.55,4531.169149
TREX,"Trex Company, Inc. Common Stock",44.44,4526.889044
LFST,"LifeStance Health Group, Inc. Common Stock",11.84,4524.7051
ADT,ADT Inc. Common Stock,6.19,4522.161745
AMTM,"Amentum Holdings, Inc. Common Stock",18.49,4520.923576
CON,"Concentra Group Holdings Parent, Inc. Common Stock",35.36,4509.027145
ABCL,AbCellera Biologics Inc. Common Shares,13.92,4508.764964
VSNT,"Versant Media Group, Inc. Class A Common Stock",32.46,4505.198155
OGS,"ONE Gas, Inc. Common Stock",71.66,4504.280308
TKC,Turkcell Iletisim Hizmetleri AS Common Stock,5.1,4488.0
SFBS,"ServisFirst Bancshares, Inc. Common Stock",41.02,4485.33272
HRI,Herc Holdings Inc. Common Stock,133.9,4476.470352
ONDS,Ondas Inc. Common Stock,7.68,4472.084728
KRMN,Karman Holdings Inc. Common Stock,33.68,4463.735285
ATAT,Atour Lifestyle Holdings Limited American Depositary Shares,32.77,4458.135533
MMYT,MakeMyTrip Limited Ordinary Shares,47.39,4457.439992
MYRG,"MYR Group, Inc. Common Stock",285.93,4451.715653
CNK,"Cinemark Holdings Inc Cinemark Holdings, Inc. Common Stock",38.38,4448.696995
PSN,Parsons Corporation Common Stock,41.6,4443.10439
BWIN,"The Baldwin Insurance Group, Inc. Class A Common Stock",31.82,4438.836988
NNI,"Nelnet, Inc. Common Stock",124.05,4438.439284
DIOD,Diodes Incorporated Common Stock,96.37,4438.002811
ALK,"Alaska Air Group, Inc. Common Stock",39.7,4430.643864
HHH,Howard Hughes Holdings Inc. Common Stock,73.95,4416.370612
TPC,Tutor Perini Corporation Common Stock,83.98,4414.754446
KBR,"KBR, Inc. Common Stock",34.84,4392.200584
CNR,"Core Natural Resources, Inc. Common Stock",88.4,4387.845119
FULT,Fulton Financial Corporation Common Stock,22.97,4385.307512
KVYO,"Klaviyo, Inc. Series A Common Stock",15.4,4384.80253
UFPI,"UFP Industries, Inc. Common Stock",79.42,4380.925615
MRP,"Millrose Properties, Inc. Class A Common Stock",26.34,4373.702397
RDN,Radian Group Inc. Common Stock,33.0,4365.943494
EPR,EPR Properties Common Stock,56.98,4365.176376
INDV,"Indivior Pharmaceuticals, Inc. Common Stock",36.88,4353.017726
GFF,Griffon Corporation Common Stock,96.08,4351.916313
OXLCM,"Oxford Lane Capital Corp. Preferred Stock Shares, 8.25% Series 2031",25.05,4348.68
ALH,Alliance Laundry Holdings Inc. Common Stock,21.87,4347.51753
CGAU,Centerra Gold Inc. Common Shares,21.76,4345.696585
HTFL,"Heartflow, Inc. Common Stock",49.92,4340.72506
IBOC,International Bancshares Corporation Common Stock,69.53,4324.175968
ENO,"Entergy New Orleans, LLC First Mortgage Bonds, 5.50% Series due April 1, 2066",20.22,4323.659706
OXLCZ,Oxford Lane Capital Corp. 5.00% Notes due 2027,24.9,4322.64
EWTX,"Edgewise Therapeutics, Inc. Common Stock",39.79,4321.358293
BCO,Brinks Company (The) Common Stock,104.75,4314.614162
FELE,"Franklin Electric Co., Inc. Common Stock",97.58,4314.154657
STNG,Scorpio Tankers Inc. Common Shares,83.19,4306.1465
BIPC,Brookfield Infrastructure Corporation Brookfield Infrastructure Corporation,34.99,4304.315739
SLM,SLM Corporation Common Stock,22.9,4303.985338
CAAP,Corporacion America Airports SA Common Shares,26.05,4303.958753
BOX,"Box, Inc. Class A Common Stock",31.34,4299.872226
FHI,"Federated Hermes, Inc. Common Stock",57.56,4297.445774
ITGR,Integer Holdings Corporation Common Stock,126.38,4295.915026
BDC,Belden Inc Common Stock,109.82,4291.566936
CRGY,Crescent Energy Company Class A Common Stock,12.98,4288.639974
ARX,Accelerant Holdings Class A Common Shares,19.74,4287.302016
CVCO,"Cavco Industries, Inc. Common Stock When Issued",557.53,4287.072297
BC,Brunswick Corporation Common Stock,66.13,4285.053914
LIVN,LivaNova PLC Ordinary Shares,77.21,4253.769675
OXLCN,Oxford Lane Capital Corp. 7.125% Series 2029 Term Preferred Stock,24.5,4253.2
BEPH,Brookfield BRP Holdings (Canada) Inc. 4.625% Perpetual Subordinated Notes,14.7999,4250.003516
MTH,Meritage Homes Corporation Common Stock,65.0,4236.316045
OPLN,"OPENLANE, Inc. Common Stock",34.68,4233.382918
ENVA,"Enova International, Inc. Common Stock",170.02,4233.221037
CECO,CECO Environmental Corp. Common Stock,72.26,4232.255916
BMA,Banco Macro S.A.  ADR (representing Ten Class B Common Shares),66.04,4222.533541
DHCNI,Diversified Healthcare Trust 5.625% Senior Notes due 2042,17.4,4200.609812
NWE,"NorthWestern Energy Group, Inc. Common Stock",68.06,4186.904871
VNT,Vontier Corporation Common Stock,30.96,4185.792
ESAB,ESAB Corporation Common Stock,67.25,4180.785223
PAM,Pampa Energia S.A.,76.55,4175.099388
JOYY,JOYY Inc. American Depositary Shares,80.59,4168.275335
FRVO,Fervo Energy Company Class A common stock,14.105,4157.634922
COLD,"Americold Realty Trust, Inc. Common Stock",14.56,4156.596823
OXLCL,Oxford Lane Capital Corp. 6.75% Notes due 2031,23.885,4146.436
TDW,Tidewater Inc. Common Stock,83.27,4143.201355
PTEN,"Patterson-UTI Energy, Inc. Common Stock",10.85,4138.025883
DK,"Delek US Holdings, Inc. Common Stock",67.47,4131.33478
TCBI,"Texas Capital Bancshares, Inc. Common Stock",94.7,4117.022744
LBTYB,Liberty Global Ltd. Class B Common Shares,12.05,4110.10517
ICUI,"ICU Medical, Inc. Common Stock",164.03,4101.904443
UCB,"United Community Banks, Inc. Common Stock",33.99,4098.361347
OXLCO,"Oxford Lane Capital Corp. Preferred Stock Shares, 6.00% Series 2029",23.605,4097.828
TNGX,"Tango Therapeutics, Inc.",24.3,4097.231918
DAVE,Dave Inc. Class A Common Stock,320.7,4090.691095
FBP,First BanCorp. New Common Stock,26.76,4085.402852
ENPH,"Enphase Energy, Inc. Common Stock",30.91,4084.59107
DLO,DLocal Limited Class A Common Shares,13.82,4075.959632
AZZ,AZZ Inc.,135.13,4060.85933
CATY,Cathay General Bancorp Common Stock,60.74,4052.197427
CBT,Cabot Corporation Common Stock,78.45,4050.452499
ACHR,Archer Aviation Inc. Class A Common Stock,5.2,4047.08238
FLY,Firefly Aerospace Inc. Common Stock,24.11,4036.125991
DOO,BRP Inc. Common Subordinate Voting Shares,56.67,4032.087614
CVSA,Covista Inc. Common Shares,117.51,3999.901738
TDS,"Telephone and Data Systems, Inc. Common Shares",34.75,3999.725
LILAP,Liberty Latin America Ltd. 9.0% Fixed Rate Cumulative Perpetual Redeemable Series A Preference Shares,20.4,3996.36
SKT,Tanger Inc. Common Stock,34.77,3994.342448
REGCP,Regency Centers Corporation 6.25% Series A Cumulative Redeemable Preferred Stock,21.81,3993.85913
ELC,"Entergy Louisiana, Inc. Collateral Trust Mortgage Bonds, 4.875 % Series due September 1, 2066",18.71,3989.674598
SYNA,Synaptics Incorporated Common Stock $0.001 Par Value,100.36,3983.530569
GEO,Geo Group Inc (The) REIT,30.22,3977.543828
PBLS,"Parabilis Medicines, Inc. Common Stock",32.57,3971.977617
FSLY,"Fastly, Inc. Class A Common Stock",24.92,3969.756
SITE,"SiteOne Landscape Supply, Inc. Common Stock",90.93,3969.584613
SIG,Signet Jewelers Limited Common Shares,103.3,3958.171202
KRC,Kilroy Realty Corporation Common Stock,33.92,3945.200873
BRC,Brady Corporation Common Stock,84.1,3944.223897
SEB,Seaboard Corporation Common Stock,4110.76,3937.261263
TLX,Telix Pharmaceuticals Limited American Depositary Shares,11.62,3936.589309
RUM,RUM Group Inc. Class A Common Stock,7.93,3931.774838
BWLP,BW LPG Limited Common Shares,24.66,3927.89412
SKYW,"SkyWest, Inc. Common Stock",100.72,3910.788894
TNL,Travel   Leisure Co. Common  Stock,63.87,3909.114298
PARR,"Par Pacific Holdings, Inc.  Common Stock",77.97,3906.267917
CVBF,CVB Financial Corporation Common Stock,22.19,3905.383083
WSFS,WSFS Financial Corporation Common Stock,76.44,3905.365846
ERO,Ero Copper Corp. Common Shares,37.41,3901.038783
CCC,CCC Intelligent Solutions Holdings Inc. Common Stock,6.62,3899.14494
MDU,"MDU Resources Group, Inc. Common Stock (Holding Company)",18.53,3897.77542
CELC,Celcuity Inc. Common Stock,79.64,3896.937153
TGS,Transportadora de Gas del Sur SA TGS Common Stock,25.86,3893.280202
SRAD,Sportradar Group AG Class A Ordinary Shares,12.48,3890.731903
KFY,Korn Ferry Common Stock,71.31,3890.591665
BFH,"Bread Financial Holdings, Inc. Common Stock",101.25,3889.950885
SUNC,"SunocoCorp LLC Common Units, representing limited liability company interests",75.31,3879.760181
RLAY,"Relay Therapeutics, Inc. Common Stock",17.69,3876.615452
ITRI,"Itron, Inc. Common Stock",88.49,3874.689773
NWCL,newcleo plc Ordinary Shares,7.6,3871.279868
MSGE,Madison Square Garden Entertainment Corp. Class A Common Stock,81.77,3868.148984
APLE,"Apple Hospitality REIT, Inc. Common Shares",16.35,3859.952112
AQN,Algonquin Power & Utilities Corp. Common Shares,5.01,3856.435897
VKTX,"Viking Therapeutics, Inc. Common Stock",33.03,3853.046509
DTW,DTE Energy Company 2017 Series E 5.25% Junior Subordinated Debentures due 2077,18.49,3847.548396
ACLS,"Axcelis Technologies, Inc. Common Stock",124.01,3829.613451
CDP,COPT Defense Properties Common Shares of Beneficial Interest,33.76,3828.737062
PRIM,Primoris Services Corporation Common Stock,71.12,3828.555096
BATRA,"Atlanta Braves Holdings, Inc. Series A Common Stock",59.61,3825.04834
AYA,Aya Gold & Silver Inc. Common Shares,26.53,3821.279537
BOOT,"Boot Barn Holdings, Inc. Common Stock",126.16,3820.735919
LOPE,"Grand Canyon Education, Inc. Common Stock",146.4,3815.921417
NP,Neptune Insurance Holdings Inc. Class A Common Stock,27.8,3815.079902
NVST,Envista Holdings Corporation Common Stock,23.73,3811.458235
MAT,"Mattel, Inc. Common Stock",13.34,3811.238
ALM,Almonty Industries Inc. Common Shares,13.21,3810.830708
BULL,Webull Corporation Class A Ordinary Shares,7.05,3810.418439
SLGN,Silgan Holdings Inc. Common Stock,35.95,3799.268619
TENB,"Tenable Holdings, Inc. Common Stock",34.47,3796.525214
CNS,Cohen & Steers Inc Common Stock,73.77,3793.366489
REGCO,Regency Centers Corporation 5.875% Series B Cumulative Redeemable Preferred Stock,20.7,3790.595323
XXI,"Twenty One Capital, Inc. Class A Common Stock",6.74,3790.388776
AVNT,Avient Corporation Common Stock,41.19,3777.928265
IPAR,"Interparfums, Inc. Common Stock",117.94,3777.120611
GEF,Greif Inc. Class A Common Stock,81.62,3768.25836
PAY,"Paymentus Holdings, Inc. Class A Common Stock",29.92,3768.114238
INDB,Independent Bank Corp. Common Stock,79.54,3767.738134
ASBA,Associated Banc-Corp 6.625% Fixed-Rate Reset Subordinated Notes due 2033,24.94,3763.466326
RHI,Robert Half Inc. Common Stock,36.76,3762.820797
JOE,St. Joe Company (The) Common Stock,65.99,3756.840461
SKE,Skeena Resources Limited Common Shares,29.87,3747.570998
AMLX,"Amylyx Pharmaceuticals, Inc. Common Stock",29.85,3744.929748
HP,"Helmerich & Payne, Inc. Common Stock",37.47,3744.712269
TAC,TransAlta Corporation Ordinary Shares,11.81,3731.96
PLSE,"Pulse Biosciences, Inc Common Stock (DE)",52.32,3731.598798
CRVL,CorVel Corp. Common Stock,73.84,3730.143603
CRK,"Comstock Resources, Inc. Common Stock",12.69,3726.044754
EE,"Excelerate Energy, Inc. Class A Common Stock",32.84,3724.125128
OTTR,Otter Tail Corporation Common Stock,88.51,3716.143686
IRTC,"iRhythm Holdings, Inc. Common Stock",112.6,3711.634138
WK,Workiva Inc. Class A Common Stock,68.19,3710.660317
CAR,"Avis Budget Group, Inc. Common Stock",104.93,3706.731367
CENX,Century Aluminum Company Common Stock,37.4,3702.349233
PHI,PLDT Inc. Sponsored ADR,17.11,3696.71431
IDYA,"IDEAYA Biosciences, Inc. Common Stock",38.22,3687.828078
THO,"Thor Industries, Inc. Common Stock",71.38,3684.233088
IOND,Ionic Digital Inc. Class A Common Stock,81.82,3681.587039
USAC,"USA Compression Partners, LP Common Units Representing Limited Partner Interests",25.33,3671.414929
DORM,"Dorman Products, Inc. Common Stock",123.71,3671.170703
WSBC,"WesBanco, Inc. Common Stock",38.25,3668.400254
BMI,"Badger Meter, Inc. Common Stock",126.53,3667.705751
UNMA,Unum Group 6.250% Junior Subordinated Notes due 2058,21.47,3656.625263
FCN,"FTI Consulting, Inc. Common Stock",132.28,3652.459141
SEZL,Sezzle Inc. Common Stock,108.3,3647.004016
WT,"WisdomTree, Inc. Common Stock",24.06,3645.381391
RNST,Renasant Corporation Common Stock,39.86,3643.381975
VCYT,"Veracyte, Inc. Common Stock",45.23,3636.072763
TRMD,TORM plc Class A Common Stock,35.42,3635.890521
VVV,Valvoline Inc. Common Stock,28.48,3633.661185
LEGN,Legend Biotech Corporation American Depositary Shares,18.62,3621.37425
BNL,"Broadstone Net Lease, Inc. Common Stock",18.84,3615.263574
ARIS,Aris Mining Corporation Common Shares,17.5,3612.0
OGN,Organon & Co. Common Stock,13.73,3605.627515
BANF,BancFirst Corporation Common Stock,107.29,3604.809351
VAC,Marriott Vacations Worldwide Corporation Common Stock,104.56,3596.374659
TARS,"Tarsus Pharmaceuticals, Inc. Common Stock",76.81,3594.069555
ATMU,Atmus Filtration Technologies Inc. Common Stock,44.04,3593.467009
LXP,LXP Industrial Trust Common Stock (Maryland REIT),60.91,3591.08695
BELFB,Bel Fuse Inc. Class B Common Stock,248.07,3581.994362
WBI,WaterBridge Infrastructure LLC Class A Shares Representing Limited Liability Company Interests,28.95,3574.057251
MIR,"Mirion Technologies, Inc. Class A Common Stock",14.35,3573.690234
XENE,Xenon Pharmaceuticals Inc. Common Shares,36.72,3555.980663
CII,"BlackRock Enhanced Large Cap Core Fund, Inc. Common Stock",23.87,3550.960183
KTB,"Kontoor Brands, Inc. Common Stock",64.93,3548.659547
BILL,"BILL Holdings, Inc. Common Stock",41.6,3547.514131
GNW,Genworth Financial Inc Common Stock,9.38,3544.242727
NHC,National HealthCare Corporation Common Stock,225.97,3539.005428
ACAD,ACADIA Pharmaceuticals Inc. Common Stock,20.53,3537.432285
UCTT,"Ultra Clean Holdings, Inc. Common Stock",78.07,3534.777654
MANU,Manchester United Ltd. Class A Ordinary Shares,20.46,3529.173901
DHT,"DHT Holdings, Inc.",21.9,3526.81185
NIC,Nicolet Bankshares Inc. Common Stock,166.75,3494.665293
SLG,SL Green Realty Corp Common Stock,49.32,3494.317413
PVH,PVH Corp. Common Stock,75.73,3494.018093
LAZ,"Lazard, Inc. Common Stock",35.79,3487.755972
BATRK,"Atlanta Braves Holdings, Inc. Series C Common Stock",54.29,3483.675128
LUNR,"Intuitive Machines, Inc. Class A Common Stock",15.2,3479.645834
MHO,"M/I Homes, Inc. Common Stock",137.4,3473.888459
OLED,Universal Display Corporation Common Stock,75.47,3469.117037
IRT,"Independence Realty Trust, Inc. Common Stock",14.7,3465.445135
FIBK,"First Interstate BancSystem, Inc. Common Stock (DE)",36.33,3462.416372
QTWO,"Q2 Holdings, Inc. Common Stock",55.1,3435.743695
ARQT,"Arcutis Biotherapeutics, Inc. Common Stock",27.33,3435.161294
OPCH,"Option Care Health, Inc. Common Stock",22.9,3430.082065
CLSK,"CleanSpark, Inc. Common Stock",13.34,3425.939754
ZIM,ZIM Integrated Shipping Services Ltd. Ordinary Shares,28.39,3420.027128
SXI,Standex International Corporation Common Stock,278.47,3420.019559
FSM,Fortuna Mining Corp. Common Shares,11.21,3414.088308
SMR,NuScale Power Corporation Class A Common Stock,7.91,3399.111082
LMND,"Lemonade, Inc. Common Stock",43.91,3398.485365
MNDY,monday.com Ltd. Ordinary Shares,79.05,3391.793923
ZGN,Ermenegildo Zegna N.V. Ordinary Shares,12.64,3391.464312
COCO,"The Vita Coco Company, Inc. Common Stock",57.66,3384.307457
HNI,HNI Corporation Common Stock,46.86,3382.439148
NATL,NCR Atleos Corporation Common Stock,45.75,3380.784731
PDI,PIMCO Dynamic Income Fund Common Stock,13.9,3378.951
MWA,MUELLER WATER PRODUCTS Common Stock,21.64,3378.559694
GPGI,"GPGI, Inc. Class A Common Stock",11.63,3371.421654
ELVN,"Enliven Therapeutics, Inc. Common Stock",46.01,3371.187714
MIAX,"Miami International Holdings, Inc. Common Stock",33.91,3364.919751
FFBC,First Financial Bancorp. Common Stock,31.92,3356.928278
MGNI,"Magnite, Inc. Common Stock",23.4,3356.125274
DNLI,Denali Therapeutics Inc. Common Stock,20.98,3353.598515
CDNA,"CareDx, Inc. Common Stock",64.6,3342.030806
KEN,Kenon Holdings Ltd. Ordinary Shares,64.1,3340.148248
CSTM,Constellium SE Ordinary Shares (France),24.63,3338.047941
NTRSO,"Northern Trust Corporation Depositary Shares Each Representing a 1/1,000th Interest in a Share of Series E Non-Cumulative Perpetual Preferred Stock",18.21,3331.622441
AAMI,Acadian Asset Management Inc. Common Stock,93.79,3328.619105
RXO,"RXO, Inc. Common Stock",20.15,3323.261479
TNK,Teekay Tankers Ltd.,95.71,3315.763649
FULTP,"Fulton Financial Corporation Depositary Shares, Each Representing a 1/40th Interest in a Share of Fixed Rate Non-Cumulative Perpetual Preferred Stock, Series A",17.35,3312.367668
PFSI,"PennyMac Financial Services, Inc. Common Stock",63.66,3307.237074
SFNC,Simmons First National Corporation Class A Common Stock,22.83,3299.249803
POST,"Post Holdings, Inc. Common Stock",74.87,3291.04599
MCHB,Mechanics Bancorp Class A Common Stock,14.92,3287.05595
SHOO,"Steven Madden, Ltd. Common Stock",44.9,3285.651566
IPGP,IPG Photonics Corporation Common Stock,77.23,3284.942447
NHI,"National Health Investors, Inc. Common Stock",66.84,3282.541409
PRK,Park National Corporation Common Stock,181.5,3278.645222
AB,AllianceBernstein Holding L.P.  Units,35.13,3269.732443
FRSH,Freshworks Inc. Class A Common Stock,12.53,3269.337273
SBLK,Star Bulk Carriers Corp. Common Shares,29.3,3267.833395
BBWI,"Bath & Body Works, Inc.",16.19,3264.637617
LION,Lionsgate Studios Corp Common Shares,10.97,3264.22969
CURB,Curbline Properties Corp. Common Stock,28.35,3261.328009
LIF,"Life360, Inc. Common Stock",39.98,3257.585153
CSQ,Calamos Strategic Total Return Common Stock,20.44,3247.662994
HIW,"Highwoods Properties, Inc. Common Stock",29.41,3244.105666
GBDC,"Golub Capital BDC, Inc. Common Stock",12.49,3243.048347
PLMR,"Palomar Holdings, Inc. Common stock",123.04,3238.127716
WSC,WillScot Holdings Corporation Class A Common Stock,17.87,3237.882419
ABG,Asbury Automotive Group Inc Common Stock,179.68,3225.600447
AWR,American States Water Company Common Stock,81.35,3224.358175
TGB,Trekor Metals Limited Common Shares,8.8,3221.005198
AEHR,Aehr Test Systems Common Stock,98.49,3216.638686
LBTYA,Liberty Global Ltd. Class A Common Shares,9.43,3216.455747
VGNT,Versigent PLC Ordinary Shares,45.4,3215.921031
BTE,Baytex Energy Corp Common Shares,4.53,3211.26264
FA,First Advantage Corporation Common Stock,18.61,3196.33619
ATKR,Atkore Inc. Common Stock,94.6,3194.88323
ARLP,"Alliance Resource Partners, L.P. Common Units representing Limited Partners Interests",24.83,3194.598029
USLM,"United States Lime & Minerals, Inc. Common Stock",111.32,3193.588569
KAI,Kadant Inc Common Stock,269.84,3186.572131
LRN,"Stride, Inc. Common Stock",76.66,3185.977718
DTG,DTE Energy Company 2021 Series E 4.375% Junior Subordinated Debentures,15.3057,3184.933558
RCUS,"Arcus Biosciences, Inc. Common Stock",25.01,3184.607734
INFQ,"Infleqtion, Inc. Common Stock",14.13,3184.295145
CBU,"Community Financial System, Inc. Common Stock",60.49,3182.736093
KN,Knowles Corporation Common Stock,37.24,3180.68054
PK,Park Hotels & Resorts Inc. Common Stock,15.72,3165.038548
HTGC,"Hercules Capital, Inc. Common Stock",16.91,3164.94324
SLNHP,"Soluna Holdings, Inc 9.0% Series A Cumulative Perpetual Preferred Stock",12.82,3162.720243
YETI,"YETI Holdings, Inc. Common Stock",43.33,3162.604531
CALM,"Cal-Maine Foods, Inc. Common Stock",67.355,3160.020108
SBCF,Seacoast Banking Corporation of Florida Common Stock,32.55,3151.582107
DTB,DTE Energy Company 2020 Series G 4.375% Junior Subordinated Debentures due 2080,15.11,3144.210723
CORZW,"Core Scientific, Inc. Tranche 1 Warrants",9.77,3139.496109
CXW,"CoreCivic, Inc. Common Stock",31.69,3133.934666
COHU,"Cohu, Inc. Common Stock",66.07,3127.650268
ASH,Ashland Inc. Common Stock,68.07,3117.154696
LBTYK,Liberty Global Ltd. Class C Common Shares,9.13,3114.129478
SII,Sprott Inc. Common Shares,120.35,3105.03
BFAM,Bright Horizons Family Solutions Inc. Common Stock,63.73,3099.528051
LBRT,Liberty Energy Inc. Class A common stock,18.95,3092.477333
ECO,Okeanis Eco Tankers Corp. Common Stock,79.17,3091.165336
FSK,FS KKR Capital Corp. Common Stock,11.16,3083.957525
NMIH,NMI Holdings Inc. Common Stock,40.97,3081.675355
IMAX,Imax Corporation Common Stock,56.13,3078.287859
OSIS,"OSI Systems, Inc. Common Stock (DE)",193.04,3077.437503
BSM,"Black Stone Minerals, L.P. Common units representing limited partner interests",14.46,3075.794857
SA,"Seabridge Gold, Inc. Common Shares New",28.49,3073.250944
RWTN,"Redwood Trust, Inc. 9.125% Senior Notes Due 2029",23.78,3072.933974
CPK,Chesapeake Utilities Corporation Common Stock,127.3,3068.751722
BKU,"BankUnited, Inc. Common Stock",43.07,3067.972964
RGC,Regencell Bioscience Holdings Limited Ordinary Shares,6.2,3065.83123
BTU,Peabody Energy Corporation Common Stock,25.15,3065.785
NVTS,Navitas Semiconductor Corporation Common Stock,11.73,3062.626614
EXPO,"Exponent, Inc. Common Stock",64.35,3059.590505
AGO,Assured Guaranty Ltd. Common Stock,69.39,3051.717243
DYN,"Dyne Therapeutics, Inc. Common Stock",16.34,3051.436683
WRBY,Warby Parker Inc. Class A Common Stock,24.66,3048.174612
PLNT,"Planet Fitness, Inc. Common Stock",40.5,3046.287083
FHB,"First Hawaiian, Inc. Common Stock",24.96,3037.166546
AMBA,"Ambarella, Inc. Ordinary Shares",68.68,3031.601888
KNF,Knife Riv Holding Co. Common Stock,53.37,3029.463725
FGN,"F&G Annuities & Life, Inc. 7.950% Senior Notes due 2053",23.91,3015.016283
PONY,Pony AI Inc. American Depositary Shares,6.94,3008.778378
NESR,National Energy Services Reunited Corp Ordinary Shares,29.81,3006.390787
COLM,Columbia Sportswear Company Common Stock,58.69,3004.528556
LPL,"LG Display Co, Ltd AMERICAN DEPOSITORY SHARES",3.0,3000.0
VECO,Veeco Instruments Inc. Common Stock,49.07,2999.631435
BTDR,Bitdeer Technologies Group Class A Ordinary Shares,11.03,2997.758162
DBRG,"DigitalBridge Group, Inc.",15.98,2996.17459
ASO,"Academy Sports and Outdoors, Inc. Common Stock",48.61,2993.349892
BHF,"Brighthouse Financial, Inc. Common Stock",52.04,2992.901739
NEOG,Neogen Corporation Common Stock,13.72,2992.414389
WOR,"Worthington Enterprises, Inc. Common Shares",60.87,2978.173342
PII,Polaris Inc. Common Stock,52.3,2976.054305
PTRN,Pattern Group Inc. Series A Common Stock,16.77,2974.982723
BHE,"Benchmark Electronics, Inc. Common Stock",82.79,2973.811253
ATRC,"AtriCure, Inc. Common Stock",58.41,2971.100233
DXPE,"DXP Enterprises, Inc. Common Stock",191.43,2970.447642
CBZ,"CBIZ, Inc. Common Stock",54.71,2968.77682
DGII,Digi International Inc. Common Stock,78.22,2968.302181
KYIV,Kyivstar Group Ltd. Common Shares,12.76,2958.579842
NAN,Nuveen New York Quality Municipal Income Fund Common Stock,9.78,2956.648524
PPLI,People Incorporated Common Stock,39.64,2951.749987
OUST,"Ouster, Inc. Common Stock",40.9,2949.39442
PFS,"Provident Financial Services, Inc Common Stock",22.53,2938.421584
GRBK,"Green Brick Partners, Inc. Common Stock",68.28,2936.770323
AMC,"AMC Entertainment Holdings, Inc. Class A Common Stock",3.29,2936.669259
KBH,KB Home Common Stock,47.88,2935.509777
AAUC,Allied Gold Corporation Common Shares,21.02,2929.092711
FOUR,"Shift4 Payments, Inc. Class A Common Stock",37.03,2923.893244
NG,Novagold Resources Inc.,6.65,2917.891083
DNOW,DNOW Inc. Common Stock,16.14,2917.884281
DAN,Dana Incorporated Common Stock,27.12,2917.479534
SPSC,"SPS Commerce, Inc. Common Stock",81.01,2916.374096
AVA,Avista Corporation Common Stock,34.79,2913.760956
WIX,Wix.com Ltd. Ordinary Shares,69.6,2912.725966
TNET,"TriNet Group, Inc. Common Stock",63.39,2909.901342
ATRO,Astronics Corporation Common Stock,67.65,2909.56318
APAM,Artisan Partners Asset Management Inc. Class A Common Stock,35.83,2904.83373
RWTO,"Redwood Trust, Inc. 9.00% Senior Notes Due 2029",22.45,2901.066767
AEO,"American Eagle Outfitters, Inc. Common Stock",17.31,2900.694394
POWI,"Power Integrations, Inc. Common Stock",51.84,2896.471768
BELFA,Bel Fuse Inc. Class A Common Stock,200.5,2895.109725
VTMX,"Corporacion Inmobiliaria Vesta, S.A.B de C.V. American Depositary Shares, each representing ten (10) Common Shares",32.73,2894.924118
AD,"Array Digital Infrastructure, Inc. Common Shares",33.45,2893.425
AVPT,"AvePoint, Inc. Class A Common Stock",13.67,2892.099373
GPI,"Group 1 Automotive, Inc. Common Stock",242.23,2887.920562
CHRN,ChronoScale Holdings Corporation Common Stock,19.815,2885.806111
EFXT,Enerflex Ltd Common Shares,23.63,2885.291125
SPNT,SiriusPoint Ltd. Common Shares,24.83,2884.377347
ZLAB,Zai Lab Limited American Depositary Shares,25.69,2884.119397
PURR,Hyperliquid Strategies Inc Common Stock,12.08,2874.064999
ABM,ABM Industries Incorporated Common Stock,49.02,2873.2873
TMDX,"TransMedics Group, Inc. Common Stock",82.73,2868.674746
NTCT,"NetScout Systems, Inc. Common Stock",39.41,2865.395166
DKL,"Delek Logistics Partners, L.P. Common Units representing Limited Partner Interests",53.63,2852.971253
SDRL,Seadrill Limited Common Shares,45.58,2850.638972
ARCB,ArcBest Corporation Common Stock,127.07,2840.186553
TR,"Tootsie Roll Industries, Inc. Common Stock",37.78,2836.206861
FG,"F&G Annuities & Life, Inc. Common Stock",21.61,2829.509866
CWT,California Water Service Group Common Stock,45.66,2823.573352
QS,QuantumScape Corporation Class A Common Stock,4.56,2823.157592
SMG,Scotts Miracle-Gro Company (The) Common Stock,48.44,2820.190073
NAMS,NewAmsterdam Pharma Company N.V. Ordinary Shares,23.58,2818.686445
PENG,"Penguin Solutions, Inc. Common Stock",54.98,2817.323591
EROK,"EagleRock Land, LLC Class A shares representing limited liability company interests",21.39,2813.203602
ASST,"Strive, Inc. Class A Common Stock",29.0,2813.076821
DX,"Dynex Capital, Inc. Common Stock",11.33,2811.73117
IHS,IHS Holding Limited Ordinary Shares,8.38,2811.66784
MGRC,McGrath RentCorp Common Stock,114.86,2805.531652
SOUN,"SoundHound AI, Inc Class A Common Stock",5.83,2804.257302
RDW,Redwire Corporation Common Stock,11.2,2799.917221
POWWP,Outdoor Holding Company 8.75% Series A Cumulative Redeemable Perpetual Preferred Stock,24.1,2797.068437
PGEN,"Precigen, Inc. Common Stock",7.81,2796.255279
WTTR,"Select Water Solutions, Inc. Class A common stock",20.18,2794.54321
HGV,Hilton Grand Vacations Inc. Common Stock,35.94,2793.405771
DAC,Danaos Corporation Common Stock,153.28,2790.228648
BANC,"Banc of California, Inc. Common Stock",17.66,2789.406342
FTAIM,FTAI Aviation Ltd. 9.500% Fixed-Rate Reset Series D Cumulative Perpetual Redeemable Preferred Shares,27.1119,2784.58438
CWK,Cushman & Wakefield Ltd. Common Shares,11.86,2783.704577
CLBT,Cellebrite DI Ltd. Ordinary Shares,11.07,2782.345534
BOH,Bank of Hawaii Corporation Common Stock,70.43,2778.49139
EXTR,"Extreme Networks, Inc. Common Stock",21.0,2775.584595
WING,Wingstop Inc. Common Stock,101.8,2773.291183
MBX,"MBX Biosciences, Inc. Common Stock",57.54,2771.131924
LEU,Centrus Energy Corp. Class A Common Stock,140.37,2770.048666
AVAH,Aveanna Healthcare Holdings Inc. Common Stock,12.69,2769.207942
FIZZ,National Beverage Corp. Common Stock,29.57,2768.20448
REZI,"Resideo Technologies, Inc. Common Stock",18.22,2766.659227
HG,"Hamilton Insurance Group, Ltd. Class B Common Shares",33.23,2765.092791
KWR,Quaker Houghton Common Stock,160.38,2759.771247
UNFI,"United Natural Foods, Inc. Common Stock",45.75,2759.506593
MZTI,The Marzetti Company Common Stock,101.1,2759.1201
MNSO,"MINISO Group Holding Limited American Depositary Shares, each representing four Ordinary Shares",8.91,2756.674202
UUUU,Energy Fuels Inc Ordinary Shares (Canada),11.03,2756.03301
TALO,"Talos Energy, Inc. Common Stock",16.46,2748.251603
ADEA,Adeia Inc. Common Stock,24.92,2748.181338
FRPT,"Freshpet, Inc. Common Stock",57.17,2747.480091
CARG,"CarGurus, Inc. Class A Common Stock",30.81,2744.353857
KC,Kingsoft Cloud Holdings Limited American Depositary Shares,9.15,2739.232426
AGYS,"Agilysys, Inc. Common Stock (DE)",97.1,2738.782015
GPK,Graphic Packaging Holding Company,9.25,2738.66205
WDFC,WD-40 Company Common Stock,203.9,2736.561474
CXT,"Crane NXT, Co. Common Stock",47.5,2734.16194
PPTA,Perpetua Resources Corp. Common Shares,21.82,2729.590421
FRMI,Fermi Inc. Common Stock,4.26,2728.390902
MMS,"Maximus, Inc. Common Stock",52.1,2727.839452
SECZ,Securitize Corp. Common Stock,16.63,2715.108342
GRND,Grindr Inc. Common Stock,15.61,2713.339987
QURE,uniQure N.V. Ordinary Shares,39.11,2712.920373
INTA,"Intapp, Inc. Common Stock",35.39,2707.729528
VCRE,Vicore Pharma Holding AB American Depositary Shares,9.59,2699.830437
TOWN,TowneBank Common Stock,36.09,2692.93944
NMFCZ,New Mountain Finance Corporation 8.250% Notes due 2028,25.31,2691.995923
GPOR,Gulfport Energy Corporation Common Shares,152.09,2689.53918
CSQR,"Csquare, Inc. Common Stock",16.14,2689.472502
BCC,"Boise Cascade, L.L.C. Common Stock",76.59,2672.328573
SLDE,"Slide Insurance Holdings, Inc. Common Stock",22.86,2670.315896
HWKN,"Hawkins, Inc. Common Stock",127.83,2668.466206
FUL,H. B. Fuller Company Common Stock,49.37,2657.543605
HAYW,"Hayward Holdings, Inc. Common Stock",12.52,2655.737167
TDC,Teradata Corporation Common Stock,28.55,2655.15
EXK,Endeavour Silver Corporation Ordinary Shares (Canada),8.96,2652.776466
MAN,ManpowerGroup Common Stock,57.02,2651.747601
LFTO,"Liftoff Mobile, Inc. Common Stock",15.66,2651.731713
TRMK,Trustmark Corporation Common Stock,45.62,2649.179723
AKR,Acadia Realty Trust Common Stock,19.26,2645.028226
NBTB,NBT Bancorp Inc. Common Stock,50.82,2640.6103
ALRM,"Alarm.com Holdings, Inc. Common Stock",53.77,2639.58156
ZIONP,"Zions Bancorporation, N.A. Depositary Shares (Each representing 1/40th Interest in a Share of Series A Floating-Rate Non-Cumulative Perpetual Preferred Stock)",18.07,2637.377125
BKD,Brookdale Senior Living Inc. Common Stock,11.04,2636.542462
NMM,Navios Maritime Partners LP Common Units Representing Limited Partner Interests,90.33,2634.773171
BRZE,"Braze, Inc. Class A Common Stock",23.17,2631.751174
AMBP,Ardagh Metal Packaging S.A. Ordinary Shares,4.4,2629.878178
GCMG,GCM Grosvenor Inc. Class A Common Stock,12.92,2620.073932
FBK,FB Financial Corporation Common Stock,52.27,2612.357273
FBNC,First Bancorp Common Stock,63.07,2611.023767
EROC,"ERock, Inc. Class A Common Stock",11.88,2606.47295
MGEE,"MGE Energy, Inc",68.93,2604.451947
PLUG,"Plug Power, Inc. Common Stock",1.86,2598.783217
ACHC,"Acadia Healthcare Company, Inc. Common Stock",27.91,2598.428675
SUPN,"Supernus Pharmaceuticals, Inc. Common Stock",44.6,2592.46478
FIVN,"Five9, Inc. Common Stock",34.66,2589.917584
CHTRP,"Charter Communications, Inc. Series A Cumulative Redeemable Preferred Stock",22.6,2589.451319
MFAO,"MFA Financial, Inc. 9.000% Senior Notes due 2029",25.2001,2587.261557
PAGS,PagSeguro Digital Ltd. Class A Common Shares,8.9,2587.03161
DRH,Diamondrock Hospitality Company Common Stock,12.64,2586.215808
GRDN,"Guardian Pharmacy Services, Inc. Class A Common Stock",40.74,2580.565465
MFAN,"MFA Financial, Inc. 8.875% Senior Notes due 2029",25.13,2580.064481
GDV,Gabelli Dividend & Income Trust Common Shares of Beneficial Interest,28.59,2578.488958
HTO,H2O America Common Stock,61.37,2568.752061
HOG,"Harley-Davidson, Inc. Common Stock",24.67,2567.468748
BBAR,Banco BBVA Argentina S.A. ADS,12.55,2563.170497
WGS,GeneDx Holdings Corp. Class A Common Stock,85.93,2562.650948
CUBI,"Customers Bancorp, Inc Common Stock",75.79,2560.474126
CALY,Callaway Golf Company Common Stock,14.31,2554.485556
DCO,Ducommun Incorporated Common Stock,169.04,2552.466642
AXGN,"Axogen, Inc. Common Stock",43.36,2543.996804
PRVA,"Privia Health Group, Inc. Common Stock",19.87,2538.078693
TTAM,Titan America SA Common Shares,13.76,2536.827518
FRME,First Merchants Corporation Common Stock,40.37,2535.293447
DJT,Trump Media & Technology Group Corp. Common Stock,9.12,2534.824419
UE,Urban Edge Properties Common Shares of Beneficial Interest,19.91,2513.527318
APPN,Appian Corporation Class A Common Stock,35.02,2508.398447
HURN,Huron Consulting Group Inc. Common Stock,157.62,2507.745549
IMOS,ChipMOS TECHNOLOGIES INC. American Depositary Shares,71.58,2505.239586
BEAM,Beam Therapeutics Inc. Common Stock,24.23,2502.660123
NGVT,Ingevity Corporation Common Stock,72.74,2500.650046
GPCR,Structure Therapeutics Inc. American Depositary Shares,35.065,2500.480136
BANR,Banner Corporation Common Stock,68.17,2497.712806
RNW,ReNew Energy Global plc Class A Ordinary Shares,6.84,2492.514386
IRON,"Disc Medicine, Inc. Common Stock",64.92,2492.463432
CENT,Central Garden & Pet Company Common Stock,39.68,2483.674289
NEO,"NeoGenomics, Inc. Common Stock",19.29,2478.291238
KALU,Kaiser Aluminum Corporation Common Stock,151.57,2478.031874
BUSE,First Busey Corporation Class A Common Stock,29.76,2475.71955
NOG,"Northern Oil and Gas, Inc. Common Stock",23.21,2473.005261
CLDX,"Celldex Therapeutics, Inc.",31.49,2472.894963
HCM,HUTCHMED (China) Limited American Depositary Shares,14.13,2465.197854
IMNM,"Immunome, Inc. Common Stock",21.68,2462.362997
SHAK,"Shake Shack, Inc. Class A Common Stock",57.52,2461.794914
NRIX,"Nurix Therapeutics, Inc. Common stock",23.67,2456.512437
HSAI,Hesai Group American Depositary Share,15.59,2449.847069
KD,"Kyndryl Holdings, Inc. Common Stock",11.23,2446.099093
ATHM,"Autohome Inc. American Depositary Shares, each representing four class A ordinary shares.",21.21,2442.775022
ROG,Rogers Corporation Common Stock,136.64,2441.529294
BFLY,"Butterfly Network, Inc. Class A Common Stock",9.15,2436.509424
HIMX,"Himax Technologies, Inc. American Depositary Shares",13.96,2434.985759
KMT,Kennametal Inc. Common Stock,31.8,2429.202986
EEFT,"Euronet Worldwide, Inc. Common Stock",64.93,2428.615423
SYBT,"Stock Yards Bancorp, Inc. Common Stock",78.02,2423.819487
WLYB,"John Wiley & Sons, Inc. Common Stock",47.77,2421.171336
PAYO,Payoneer Global Inc. Common Stock,7.14,2419.394969
FCPT,"Four Corners Property Trust, Inc. Common Stock",22.03,2417.933624
WLY,"John Wiley & Sons, Inc. Common Stock",47.61,2413.061907
WSBCO,"WesBanco, Inc. Depositary Shares each representing 1/40th interest in a share of 7.375% Fixed-Rate Reset Non-Cumulative Perpetual Preferred Stock, Series B",25.16,2412.992167
IOSP,Innospec Inc. Common Stock,97.88,2410.88688
NVA,Nova Minerals Corp Common Stock,5.34,2408.490604
RVMDW,"Revolution Medicines, Inc. Warrant",11.22,2404.85461
NN,NextNav Inc. Common Stock,14.24,2403.853118
AAP,Advance Auto Parts Inc.,39.77,2402.108
ALVO,Alvotech Ordinary Shares,6.15,2401.153602
BKV,BKV Corporation Common Stock,21.9,2396.688477
IVT,InvenTrust Properties Corp. Common Stock,30.72,2395.4974
MH,"McGraw Hill, Inc. Common Stock",12.5,2391.360175
LCLN,"Lincoln International, Inc. Class A Common Stock",23.0,2383.386247
SVM,Silvercorp Metals Inc. Common Shares,10.76,2380.269548
SKWD,"Skyward Specialty Insurance Group, Inc. Common Stock",53.59,2379.20806
TRLV,Trulieve Cannabis Corp. Subordinate Voting Shares,12.34,2376.255827
VIA,"Via Transportation, Inc. Class A Common Stock",29.1,2371.813338
MBIN,Merchants Bancorp Common Stock,51.55,2368.107766
COTY,Coty Inc. Class A Common Stock,2.68,2360.239724
OPEN,Opendoor Technologies Inc Common Stock,2.43,2359.751252
NTB,Bank of N.T. Butterfield & Son Limited (The) Voting Ordinary Shares,58.8,2352.0
MFICL,MidCap Financial Investment Corporation 8.00% Notes due 2028,25.16,2347.51913
VERA,"Vera Therapeutics, Inc. Class A Common Stock",32.5,2342.058388
AGM,Federal Agricultural Mortgage Corporation Common Stock,215.71,2341.145929
SLS,"SELLAS Life Sciences Group, Inc. Common Stock",11.59,2340.550767
ARR,"ARMOUR Residential REIT, Inc.",13.98,2336.021624
DNN,Denison Mines Corp Ordinary Shares (Canada),2.58,2335.457608
PLUS,ePlus inc. Common Stock,89.41,2332.744273
BBT,Beacon Financial Corporation Common stock,27.81,2330.925352
VRDN,"Viridian Therapeutics, Inc. Common Stock",20.57,2330.421973
HRMY,"Harmony Biosciences Holdings, Inc. Common Stock",40.01,2330.038084
LPG,Dorian LPG Ltd. Common Stock,54.36,2325.666539
LTC,"LTC Properties, Inc. Common Stock",43.09,2322.79071
BGR,BlackRock Energy and Resources Trust,17.12,2321.235641
VC,Visteon Corporation Common Stock,86.95,2321.167552
PRLB,"Proto Labs, Inc. Common stock",96.9,2318.031819
UFPT,"UFP Technologies, Inc. Common Stock",299.22,2317.695284
NWL,Newell Brands Inc. Common Stock,5.44,2316.896
OSW,OneSpaWorld Holdings Limited Common Shares,22.78,2312.140659
RH,RH Common Stock,122.08,2311.360051
VVX,"V2X, Inc. Common Stock",73.71,2310.466338
CLOV,"Clover Health Investments, Corp. Class A Common Stock",4.33,2299.906619
INOD,Innodata Inc. Common Stock,66.79,2296.41726
AERO,"Grupo Aeromexico, S.A.B. de C.V. American Depositary Shares (each representing ten (10) Common Shares)",15.71,2292.142555
RAMP,"LiveRamp Holdings, Inc. Common Stock",37.63,2287.715173
NOVTU,Novanta Inc. Tangible Equity Units,60.49,2287.596907
STNE,StoneCo Ltd. Class A Common Shares,9.27,2287.044963
ADAMM,"Adamas Trust, Inc. 7.875% Series E Fixed-to-Floating Rate Cumulative Redeemable Preferred Stock",25.4,2282.946564
WAFD,"WaFd, Inc. Common Stock",30.85,2282.753092
LASR,"nLIGHT, Inc. Common Stock",39.55,2281.647291
HLIO,"Helios Technologies, Inc. Common Stock",68.91,2270.624261
ADMA,ADMA Biologics Inc Common Stock,10.12,2266.724962
MLYS,"Mineralys Therapeutics, Inc. Common Stock",25.63,2265.868463
CNXN,"PC Connection, Inc. Common Stock",89.7,2263.85748
NMRK,"Newmark Group, Inc. Class A Common Stock",12.49,2263.545551
ALMR,"Alamar Biosciences, Inc. Common Stock",32.61,2262.898099
FIGS,"FIGS, Inc. Class A Common Stock",13.62,2262.830096
ADAMI,"Adamas Trust, Inc. 9.125% Senior Notes Due 2029",24.98,2262.674636
ANDE,"Andersons, Inc. (The) Common Stock",66.45,2257.676627
ADAML,"Adamas Trust, Inc. 6.875% Series F Fixed-to-Floating Rate Cumulative Redeemable Preferred Stock, $0.01 par value per share",25.06,2252.387437
PBI,Pitney Bowes Inc. Common Stock,16.38,2245.537673
UPST,"Upstart Holdings, Inc. Common stock",23.03,2241.119449
AMR,"Alpha Metallurgical Resources, Inc. Common Stock",175.54,2225.679559
ICHR,Ichor Holdings Ordinary Shares,59.42,2225.530287
PHIN,PHINIA Inc. Common Stock,60.74,2225.397465
INTR,Inter & Co. Inc. Class A Common Shares,5.04,2224.261182
PBH,Prestige Consumer Healthcare Inc. Common Stock,46.93,2223.286317
KEEL,Keel Infrastructure Corp. Common Stock,3.6,2223.263563
PHVS,Pharvaris N.V. Ordinary Shares,31.91,2223.056515
PRCH,"Porch Group, Inc. Common Stock",16.83,2218.733301
BKE,"Buckle, Inc. (The) Common Stock",43.07,2218.640532
PATK,"Patrick Industries, Inc. Common Stock",69.0,2216.160216
NWBI,"Northwest Bancshares, Inc. Common Stock",15.12,2214.461925
CDLR,Cadeler A/S American Depositary Share (each representing four (4) Ordinary Shares),22.9,2209.640167
SDGR,"Schrodinger, Inc. Common Stock",29.5,2206.766026
TRN,"Trinity Industries, Inc. Common Stock",27.6,2198.877814
AUPH,Aurinia Pharmaceuticals Inc Ordinary Shares,16.52,2198.005295
PMTU,PennyMac Mortgage Investment Trust 8.50% Senior Notes due 2028,25.15,2193.139404
ADAMN,"Adamas Trust, Inc. 8.00% Series D Fixed-to-Floating Rate Cumulative Redeemable Preferred Stock",24.36,2189.471587
BGSI,Boyd Group Services Inc. Common Shares,78.47,2184.325054
CHA,Chagee Holdings Limited American Depositary Shares,11.45,2184.240083
HTH,Hilltop Holdings Inc.,38.12,2183.758216
LIFE,Ethos Technologies Inc. Class A Common Stock,34.24,2183.123705
HCI,"HCI Group, Inc. Common Stock",175.29,2180.408996
SIND,Sinda Ltd. Common Stock,13.73,2180.198851
EFSC,Enterprise Financial Services Corporation Common Stock,60.15,2176.980078
BCRX,"BioCryst Pharmaceuticals, Inc. Common Stock",8.47,2164.382339
OFG,OFG Bancorp Common Stock,51.2,2163.993293
BHC,Bausch Health Companies Inc. Common Stock,5.77,2157.925537
CENTA,Central Garden & Pet Company Class A Common Stock Nonvoting,34.2,2140.666852
SSMR,Sunshine Silver Mining & Refining Company Common Stock,14.89,2140.089119
CC,Chemours Company (The) Common Stock,14.13,2126.550799
SONO,"Sonos, Inc. Common Stock",17.97,2125.742803
CTOS,"Custom Truck One Source, Inc. Common Stock",9.31,2118.076531
BUSEP,"First Busey Corporation Depositary Shares, Each Representing a 1/40thInterest in a Share of 8.25% Fixed-Rate Series B Non-Cumulative Perpetual Preferred Stock, $0.001 par value",25.42,2114.677115
PEB,Pebblebrook Hotel Trust Common Shares of Beneficial Interest,18.73,2113.544071
MD,"Pediatrix Medical Group, Inc. Common Stock",25.93,2106.897317
PTON,"Peloton Interactive, Inc. Class A Common Stock",4.8,2106.584645
FLYW,Flywire Corporation Voting Common Stock,17.3,2104.85076
DRD,DRDGOLD Limited American Depositary Shares,24.34,2104.40892
MCRI,"Monarch Casino & Resort, Inc. Common Stock",117.26,2101.594812
SHO,"Sunstone Hotel Investors, Inc. Sunstone Hotel Investors, Inc. Common Shares",11.3,2101.166533
PDFS,"PDF Solutions, Inc. Common Stock",49.75,2100.803996
UNIT,Uniti Group Inc. Common Stock,8.65,2099.572418
PRGO,Perrigo Company plc Ordinary Shares,15.1,2095.4156
ALGT,Allegiant Travel Company Common Stock,76.55,2092.705145
BXMT,"Blackstone Mortgage Trust, Inc. Common Stock",12.41,2091.625964
MPT,"Medical Properties Trust, Inc. common stock",3.5,2090.2
ADUS,Addus HomeCare Corporation Common Stock,111.91,2089.840913
CALX,"Calix, Inc Common Stock",33.19,2089.774795
BTX,BlackRock Technology and Private Equity Term Trust Common Shares of Beneficial Interest,8.86,2089.154102
MTX,Minerals Technologies Inc. Common Stock,66.86,2081.269027
ETOR,eToro Group Ltd. Class A Common Shares,25.82,2079.706318
LCII,LCI Industries,85.52,2079.120079
FCF,First Commonwealth Financial Corporation Common Stock,20.57,2078.720377
RLX,"RLX Technology Inc. American Depositary Shares, each representing the right to receive one (1) Class A ordinary share",1.7,2077.832759
AADX,"Applied Aerospace & Defense, Inc. Common Stock",12.05,2077.341892
DV,"DoubleVerify Holdings, Inc. Common Stock",13.4,2076.82375
RGTIW,"Rigetti Computing, Inc. Warrants",6.22,2076.041606
PLGO,Pelagos Insurance Capital Limited Common Shares,23.92,2068.605068
DBD,Diebold Nixdorf Incorporated Common stock,60.89,2067.007743
BLX,"Bladex, Inc. Class E Common Stock",54.97,2066.812577
SBET,"Sharplink, Inc. Common Stock",9.5,2063.624238
NKTR,Nektar Therapeutics  Common Stock,60.4,2062.236838
KSS,Kohl's Corporation Common Stock,18.18,2061.18377
VCEL,Vericel Corporation Common Stock,40.24,2060.554147
SRCE,1st Source Corporation Common Stock,85.53,2059.718578
VOYG,"Voyager Technologies, Inc. Class A Common Stock",33.18,2056.09021
PLBL,Polibeli Group Ltd Class A Ordinary Shares,5.61,2055.433707
ADRX,"ADARx Pharmaceuticals, Inc. Common Stock",20.09,2053.216181
TRVI,"Trevi Therapeutics, Inc. Common Stock",14.4,2051.65211
UTZ,Utz Brands Inc Class A Common Stock,14.25,2051.461535
WHR,Whirlpool Corporation Common Stock,31.4,2047.260469
ECPG,Encore Capital Group Inc Common Stock,96.49,2046.491725
PENN,"PENN Entertainment, Inc. Common Stock",15.24,2043.174847
PLPC,Preformed Line Products Company Common Stock,416.37,2035.508435
TILE,"Interface, Inc. Common Stock",35.17,2032.842178
STUB,"StubHub Holdings, Inc. Class A Common Stock",5.3,2025.07682
INSP,"Inspire Medical Systems, Inc. Common Stock",70.0,2023.72625
BVC,BitVentures Limited Ordinary Shares,12.03,2021.04
INVX,"Innovex International, Inc. Common Stock",28.86,2018.347967
PVLA,"Palvella Therapeutics, Inc. Common Stock",139.83,2014.727551
CIMN,Chimera Investment Corporation 9.000% Senior Notes due 2029,25.01,2014.072707
CTRI,"Centuri Holdings, Inc. Common Stock",19.92,2011.184016
WERN,"Werner Enterprises, Inc. Common Stock",33.53,2011.034041
STGW,Stagwell Inc. Class A Common Stock,8.22,2009.588207
GRC,Gorman-Rupp Company (The) Common Stock,76.06,2008.763083
UWMC,UWM Holdings Corporation Class A Common Stock,1.25,2008.144569
EMAT,Evolution Metals & Technologies Corp. Common Stock,3.2,2007.042067
TBBK,The Bancorp Inc Common Stock,49.16,2005.07953
BHVN,Biohaven Ltd. Common Shares,13.27,2004.350974
CCU,"Compania Cervecerias Unidas, S.A. Common Stock",10.84,2002.705566
URGN,UroGen Pharma Ltd. Ordinary Shares,40.9,1999.215068
AGIO,"Agios Pharmaceuticals, Inc. Common Stock",33.42,1995.236896
SRPT,"Sarepta Therapeutics, Inc. Common Stock (DE)",18.8,1985.787995
MRVI,"Maravai LifeSciences Holdings, Inc. Class A Common Stock",7.63,1981.309759
RXRX,"Recursion Pharmaceuticals, Inc. Class A Common Stock",3.7,1980.766029
ASAN,"Asana, Inc. Class A Common Stock",8.64,1978.301811
SAH,"Sonic Automotive, Inc. Common Stock",62.45,1974.344385
NWN,Northwest Natural Holding Company Common Stock,46.8,1969.977578
UMBFO,"UMB Financial Corporation Depositary Shares Each Representing a 1/400th Interest in a Share of 7.750% Fixed-Rate Reset Non-Cumulative Perpetual Preferred Stock, Series B",25.91,1967.865277
NCNO,"nCino, Inc. Common Stock",18.6,1966.692836
LKFT,Lakefront Biotherapeutics American Depositary Shares,29.84,1966.368599
NUVB,Nuvation Bio Inc. Class A Common Stock,5.6,1966.290105
CHCO,City Holding Company Common Stock,139.97,1965.901045
GNL,"Global Net Lease, Inc. Common Stock",8.49,1963.888606
BAND,Bandwidth Inc. Class A Common Stock,61.01,1963.349876
PGNY,"Progyny, Inc. Common Stock",25.52,1958.067885
CMPR,Cimpress plc Ordinary Shares (Ireland),80.05,1949.175554
SFB,Stifel Financial Corporation 5.20% Senior Notes due 2047,19.06,1947.425118
ESTA,Establishment Labs Holdings Inc. Common Shares,65.34,1947.255558
ALNT,Allient Inc. Common Stock,114.41,1945.257284
LIND,Lindblad Expeditions Holdings Inc. Common Stock,29.64,1944.967582
IQMX,IQM Quantum Computers Oyj American Depositary Shares,10.25,1942.336235
DRVN,Driven Brands Holdings Inc. Common Stock,11.76,1940.162636
SEDG,"SolarEdge Technologies, Inc. Common Stock",31.53,1939.906834
QUBT,Quantum Computing Inc. Common Stock,8.57,1939.792599
DHC,Diversified Healthcare Trust Common Shares of Beneficial Interest,7.96,1927.346744
ZYME,Zymeworks Inc. Common Stock,27.12,1924.414616
SGRY,"Surgery Partners, Inc. Common Stock",14.69,1923.189239
TH,Target Hospitality Corp. Common Stock,19.3,1922.732064
BLKB,"Blackbaud, Inc. Common Stock",42.36,1922.724509
ALG,"Alamo Group, Inc. Common Stock",157.72,1919.6046
BLFS,"BioLife Solutions, Inc. Common Stock",39.15,1914.697462
GENB,"Generate Biomedicines, Inc. Common Stock",14.91,1913.734821
ZD,"Ziff Davis, Inc. Common Stock",55.68,1909.111741
WU,Western Union Company (The) Common Stock,6.12,1908.699364
FTRE,Fortrea Holdings Inc. Common Stock,20.06,1907.706
TIC,"TIC Solutions, Inc. Common Stock",8.73,1905.063708
SPB,"Spectrum Brands Holdings, Inc. Common Stock",82.84,1904.955173
XNCR,"Xencor, Inc. Common Stock",25.6,1903.446963
TOP,TOP Financial Group Limited Class A Ordinary Shares,15.13,1901.924412
BRVE,"Braveheart Bio, Inc. Common Stock",21.07,1897.121077
SHAZ,"SharonAI Holdings, Inc. Class A Common Stock",52.91,1894.36345
EZPW,"EZCORP, Inc. Class A Non Voting Common Stock",30.83,1894.299313
MESO,Mesoblast Limited American Depositary Shares,14.5,1886.22976
ABXL,"Abacus Global Management, Inc. 9.875% Fixed Rate Senior Notes due 2028",25.25,1884.946512
LMAT,"LeMaitre Vascular, Inc. Common Stock",82.34,1883.054621
KARO,Karooooo Ltd. Ordinary Shares,60.84,1879.548372
LIME,"Neutron Holdings, Inc. Common Stock",28.92,1879.342775
GCT,GigaCloud Technology Inc Class A Ordinary Shares,52.62,1879.072671
WS,"Worthington Steel, Inc. Common Shares",36.87,1878.401843
PRDO,Perdoceo Education Corporation Common Stock,30.01,1877.937421
KYN,"Kayne Anderson Energy Infrastructure Fund, Inc.",13.78,1875.892483
TY,Tri Continental Corporation Common Stock,34.38,1868.585145
MFP,"Midera Food Processing, Inc. Common Stock",41.15,1861.233223
NGL,NGL ENERGY PARTNERS LP Common Units representing Limited Partner Interests,14.88,1857.23662
RVT,"Royce Small-Cap Trust, Inc. Common Stock",17.2,1856.855498
SEPN,"Septerna, Inc. Common Stock",39.74,1854.941874
GABC,"German American Bancorp, Inc. Common Stock",49.35,1854.514175
CDZIP,"Cadiz, Inc. Depositary Shares",21.9,1854.427943
AFGB,"American Financial Group, Inc. 5.875% Subordinated Debentures due 2059",22.36,1854.12398
WRD,WeRide Inc. American Depositary Shares,5.53,1853.968307
NHPBP,"National Healthcare Properties, Inc. 7.125% Series B Cumulative Redeemable Perpetual Preferred Stock",25.42,1853.241948
ATEN,"A10 Networks, Inc. Common Stock",25.5,1851.530036
XPRO,Expro Ltd Ordinary Shares,16.32,1850.611019
XRAY,DENTSPLY SIRONA Inc. Common Stock,9.28,1850.003969
HUBG,"Hub Group, Inc. Class A Common Stock",30.22,1848.059072
RUN,Sunrun Inc. Common Stock,7.67,1847.296352
NVCR,NovoCure Limited Ordinary Shares,15.83,1843.337647
NTST,NetSTREIT Corp. Common Stock,18.13,1840.702604
UAA,"Under Armour, Inc. Class A Common Stock",4.28,1838.454915
MLCO,Melco Resorts & Entertainment Limited American Depositary Shares,4.67,1837.482493
RBCAA,"Republic Bancorp, Inc. Class A Common Stock",93.45,1834.811411
CMPS,COMPASS Pathways Plc American Depository Shares,13.23,1832.048355
OLN,Olin Corporation Common Stock,16.05,1829.418965
FSUN,FirstSun Capital Bancorp Common Stock,39.27,1829.35262
CEPU,Central Puerto S.A. American Depositary Shares (each represents ten Common Shares),12.07,1827.120656
HYMC,Hycroft Mining Holding Corporation Class A Common Stock,19.6,1826.360948
ATS,ATS Corporation Common Shares,18.82,1825.680792
BXDC,Blackstone Digital Infrastructure Trust Inc. Common Stock,18.13,1824.782778
HMN,Horace Mann Educators Corporation Common Stock,44.97,1821.332398
UA,"Under Armour, Inc. Class C Common Stock",4.24,1821.273094
BRSL,"Brightstar Lottery PLC Trading under the Legal Name to begin at the market open on July 21, 2025. Ordinary Shares",9.87,1821.015
BOBS,"Bob's Discount Furniture, Inc. Common Stock",13.89,1815.243486
SNDA,"Sonida Senior Living, Inc. Common Stock",37.61,1807.084904
STDN,"Standard Nuclear, Inc. Class A Common Stock",11.53,1805.030205
BLBD,Blue Bird Corporation Common Stock,56.98,1804.900702
WMK,"Weis Markets, Inc. Common Stock",72.89,1803.633675
EPAC,Enerpac Tool Group Corp. Common Stock,35.23,1801.579269
WKC,World Kinect Corporation Common Stock,35.22,1801.560056
PLAB,"Photronics, Inc. Common Stock",30.5,1799.413594
AFGD,"American Financial Group, Inc. 5.625% Subordinated Debentures due 2060",21.69,1798.566598
ZBIO,"Zenas BioPharma, Inc. Common Stock",27.55,1795.618719
VERX,"Vertex, Inc. Class A Common Stock",11.06,1794.130859
HWCPZ,Hancock Whitney Corporation 6.25% Subordinated Notes due 2060,21.15,1792.567785
XERS,"Xeris Biopharma Holdings, Inc. Common Stock",9.83,1792.208608
NSP,"Insperity, Inc. Common Stock",46.91,1791.740116
NVAX,"Novavax, Inc. Common Stock",10.8,1781.413841
VIR,"Vir Biotechnology, Inc. Common Stock",10.51,1778.459719
VSTS,Vestis Corporation Common Stock,13.45,1777.553412
ACVA,ACV Auctions Inc. Class A Common Stock,10.46,1776.191471
CMRE,Costamare Inc. Common Stock $0.0001 par value,14.72,1775.066532
NBHC,National Bank Holdings Corporation Common Stock,39.64,1765.547643
VET,Vermilion Energy Inc. Common (Canada),11.52,1764.864
HOS,"Hornbeck Offshore Services, Inc. Common Stock",7.94,1764.002701
GTY,Getty Realty Corporation Common Stock,28.45,1761.985287
FORTY,Formula Systems (1985) Ltd. American Depositary Shares,114.99,1761.378528
TRNZ,Trinity Capital Inc. 7.875% Notes due 2029,25.0225,1759.436069
DAO,"Youdao, Inc. American Depositary Shares, each representing one Class A Ordinary Share",14.58,1758.85292
MQ,"Marqeta, Inc. Class A Common Stock",16.89,1758.229306
WTFCN,"Wintrust Financial Corporation Depositary Shares, Each Representing a 1/1,000th Interest in a Share of 7.875% Fixed-Rate Reset Non-Cumulative Perpetual Preferred StocK",26.0506,1757.52892
STC,Stewart Information Services Corporation Common Stock,57.54,1756.24733
AVEX,AEVEX Corp. Class A Common Stock,15.39,1755.101763
TRNI,Trinity Capital Inc. 7.875% Notes Due 2029,24.95,1754.338292
CCS,"Century Communities, Inc. Common Stock",61.61,1751.750969
DCOM,"Dime Commercial Bancshares, Inc. Common Stock",39.59,1748.159596
NEXT,NextDecade Corporation Common Stock,6.56,1746.17644
PSNL,"Personalis, Inc. Common Stock",16.32,1742.973911
ASTH,Astrana Health Inc. Common Stock,35.13,1742.601378
HOPE,"Hope Bancorp, Inc. Common Stock",13.64,1742.398643
FRNM,"Freenome, Inc. Common stock",16.19,1739.563919
STBA,"S&T Bancorp, Inc. Common Stock",49.11,1731.888312
IDT,IDT Corporation Class B Common Stock,69.56,1729.857451
SMA,"SmartStop Self Storage REIT, Inc. Common Stock",31.2,1727.509774
TSLX,"Sixth Street Specialty Lending, Inc. Common Stock",18.11,1726.664247
MNR,Mach Natural Resources LP Common Units representing Limited Partner Interests,10.32,1722.90433
HAPN,"Happen, Inc. Common Stock",14.9,1719.571214
ANIP,"ANI Pharmaceuticals, Inc.",74.83,1718.058487
GEL,"Genesis Energy, L.P. Common Units",14.06,1717.770953
FLOC,Flowco Holdings Inc. Class A Common Stock,18.98,1714.904267
TSAT,Telesat Corporation Class A Common Shares and Class B Variable Voting Shares,47.39,1713.527999
SFL,SFL Corporation Ltd,12.83,1706.297419
AIN,Albany International Corporation Common Stock,60.08,1706.272
VNET,"VNET Group, Inc. American Depositary Shares",5.98,1703.274191
TMC,TMC the metals company Inc. Common Stock,3.86,1702.782961
LOB,"Live Oak Bancshares, Inc. Common Stock",36.77,1701.848707
SAM,"Boston Beer Company, Inc. (The) Common Stock",165.36,1701.83237
JSM,"Navient Corporation 6% Senior Notes due December 15, 2043",17.09,1699.276439
XHR,"Xenia Hotels & Resorts, Inc. Common Stock",18.42,1699.168281
IE,Ivanhoe Electric Inc. Common Stock,10.64,1698.040356
PDO,PIMCO Dynamic Income Opportunities Fund Common Shares of Beneficial Interest,11.67,1694.803408
CTS,CTS Corporation Common Stock,59.33,1694.239049
ETON,"Eton Pharmaceuticals, Inc. Common Stock",59.18,1691.549929
RLJ,RLJ Lodging Trust Common Shares of Beneficial Interest $0.01 par value,11.07,1686.800903
STRA,"Strategic Education, Inc. Common Stock",75.91,1685.775804
OZKAP,Bank OZK 4.625% Series A Non-Cumulative Perpetual Preferred Stock,14.89,1684.597005
OCUL,"Ocular Therapeutix, Inc. Common Stock",7.655,1681.15947
CPRI,Capri Holdings Limited Ordinary Shares,14.79,1680.90743
BY,"Byline Bancorp, Inc. Common Stock",37.18,1680.031096
MIY,"Blackrock MuniYield Michigan Quality Fund, Inc. Common Stock",11.28,1678.040673
KMTS,"Kestra Medical Technologies, Ltd. Common Stock",28.13,1675.473293
BFC,Bank First Corporation Common Stock,151.06,1674.591793
AI,"C3.ai, Inc. Class A Common Stock",10.41,1673.718301
BDJ,Blackrock Enhanced Equity Dividend Trust,9.44,1670.775764
NYAX,Nayax Ltd. Ordinary Shares,44.66,1668.461649
FLNG,FLEX LNG Ltd. Ordinary Shares,30.8,1666.045181
LILA,Liberty Latin America Ltd. Class A Common Stock,8.49,1663.191
CNOB,"ConnectOne Bancorp, Inc. Common Stock",30.6,1661.438628
AMPL,"Amplitude, Inc. Class A Common Stock",13.3,1661.383678
TCBK,TriCo Bancshares Common Stock,51.89,1658.748431
KRP,Kimbell Royalty Partners Common Units Representing Limited Partner Interests,14.46,1658.613911
MUJ,"Blackrock MuniHoldings New Jersey Quality Fund, Inc. Common Stock",11.14,1657.213927
TRIN,Trinity Capital Inc. Common Stock,17.5,1657.137545
NBTX,Nanobiotix S.A. American Depositary Shares,32.6,1656.337638
RZC,"Reinsurance Group of America, Incorporated 7.125% Fixed-Rate Reset Subordinated Debentures due 2052",25.33,1654.091174
DXC,DXC Technology Company Common Stock,10.35,1653.709431
AMBQ,"Ambiq Micro, Inc. Common Stock",68.3,1651.803809
NAT,Nordic American Tankers Limited Common Stock,7.79,1649.537665
GENI,Genius Sports Limited Ordinary Shares,6.15,1645.905786
STOK,"Stoke Therapeutics, Inc. Common Stock",25.5,1645.419171
ALHC,"Alignment Healthcare, Inc. Common Stock",7.93,1644.960732
EVTC,"Evertec, Inc. Common Stock",27.51,1643.79243
LILAK,Liberty Latin America Ltd. Class C Common Stock,8.39,1643.601
QCRH,"QCR Holdings, Inc. Common Stock",99.98,1637.233888
OBK,"Origin Bancorp, Inc. Common Stock",53.01,1635.341431
PAX,Patria Investments Limited Class A Common Shares,10.06,1632.604413
ETV,Eaton Vance Corporation Eaton Vance Tax-Managed Buy-Write Opportunities Fund Common Shares of Beneficial Interest,14.92,1630.283767
ABSI,Absci Corporation Common Stock,9.49,1628.616955
TSHA,"Taysha Gene Therapies, Inc. Common Stock",4.99,1625.90939
MGRT,Mega Fortune Company Limited Ordinary Shares,118.0,1622.5
NEXA,Nexa Resources S.A. Common Shares,12.23,1619.72897
DEI,"Douglas Emmett, Inc. Common Stock",9.67,1619.582532
CBL,"CBL & Associates Properties, Inc. Common Stock",52.33,1619.234474
DSGR,"Distribution Solutions Group, Inc. Common Stock",35.0,1618.93977
PRGS,Progress Software Corporation Common Stock (DE),39.41,1616.320044
IMKTA,"Ingles Markets, Incorporated Class A Common Stock",85.09,1616.231454
OCFC,OceanFirst Financial Corp. Common Stock,16.72,1615.908062
GIC,Global Industrial Company Common Stock,42.32,1612.744991
GHRS,GH Research PLC Ordinary Shares,23.42,1605.609015
RAPP,"Rapport Therapeutics, Inc. Common Stock",33.44,1604.393884
GLP,Global Partners LP Common Units representing Limited Partner Interests,47.17,1603.570707
ATEX,Anterix Inc. Common Stock,81.75,1603.100006
NTLA,"Intellia Therapeutics, Inc. Common Stock",11.42,1600.246834
BPOPM,"Popular, Inc. Popular Capital Trust II - 6.125% Cumulative Monthly Income Trust Preferred Securities",25.09,1600.20259
SNDX,"Syndax Pharmaceuticals, Inc. Common Stock",17.86,1594.845956
ADAMZ,"Adamas Trust, Inc. 7.000% Series G Cumulative Redeemable Preferred Stock, $0.01 par value per share",17.72,1592.669808
JBLU,JetBlue Airways Corporation Common Stock,4.22,1592.257404
WB,Weibo Corporation American Depositary Share,6.47,1589.501541
ELE,Elemental Royalty Corporation Common Stock,19.69,1585.419622
SBH,"Sally Beauty Holdings, Inc. (Name to be changed from Sally Holdings, Inc.) Common Stock",16.92,1584.089181
FRMEP,First Merchants Corporation Depository Shares,25.2,1582.59586
IMCR,Immunocore Holdings plc American Depositary Shares,30.64,1577.917625
GSHD,"Goosehead Insurance, Inc. Class A Common Stock",44.39,1576.551023
EFC,Ellington Financial Inc. Common Stock,12.2,1572.426109
GSL,Global Ship Lease Inc New Class A Common Shares,43.73,1570.70481
WWW,"Wolverine World Wide, Inc. Common Stock",19.13,1569.929065
PFBC,Preferred Bank Common Stock,109.02,1565.168524
OPRA,Opera Limited American Depositary Shares,17.4,1563.920926
WLTH,Wealthfront Corporation Common Stock,10.0,1561.7644
GAB,"Gabelli Equity Trust, Inc. (The) Common Stock",5.3,1557.231229
FRA,Blackrock Floating Rate Income Strategies Fund Inc  Common Stock,10.44,1553.080197
CNXC,Concentrix Corporation Common Stock,25.45,1552.917008
ATEC,"Alphatec Holdings, Inc. Common Stock",10.05,1552.233314
XNET,Xunlei Limited American Depositary Shares,4.87,1549.969645
OXSQG,Oxford Square Capital Corp. 5.50% Notes due 2028,24.3,1549.315998
COAG,"Hemab Therapeutics Holdings, Inc. Common Stock",33.12,1547.105315
OXLC,Oxford Lane Capital Corp. Common Stock,8.91,1546.776
HE,"Hawaiian Electric Industries, Inc. Common Stock",8.95,1545.915636
OMCL,"Omnicell, Inc. Common Stock ($0.001 par value)",33.87,1544.976121
BL,"BlackLine, Inc. Common Stock",26.56,1543.807171
UZD,"Array Digital Infrastructure, Inc. 6.250% Senior Notes due 2069",17.9299,1541.9714
AFGC,"American Financial Group, Inc. 5.125% Subordinated Debentures due 2059",18.55,1538.193194
AESI,Atlas Energy Solutions Inc. Common Stock,12.3,1537.542447
LCID,"Lucid Group, Inc. Common Stock",3.9,1536.873686
KOS,Kosmos Energy Ltd. Common Shares (DE),2.58,1536.35814
TGLS,Tecnoglass Holdings Inc. Common Stock,34.63,1536.346652
GAM,"General American Investors, Inc. Common Stock",63.98,1533.959528
INVA,"Innoviva, Inc. Common Stock",21.23,1533.771647
MHD,"Blackrock MuniHoldings Fund, Inc. Common Stock",10.27,1527.790577
PBT,Permian Basin Royalty Trust Common Stock,32.77,1527.370245
ENR,"Energizer Holdings, Inc. Common Stock",22.29,1526.500269
ECCC,Eagle Point Credit Company 6.50% Series C Term Preferred Stock due 2031,25.15,1525.662479
IIPR,"Innovative Industrial Properties, Inc. Common Stock",55.21,1522.214178
USAS,"Americas Gold and Silver Corporation Common Shares, no par value",4.5,1521.709263
SAFT,"Safety Insurance Group, Inc. Common Stock",103.57,1520.457521
HAWK,"HawkEye 360, Inc. Common Stock",15.51,1519.445712
ECAT,BlackRock ESG Capital Allocation Term Trust Common Shares of Beneficial Interest,14.01,1514.97135
NOMD,Nomad Foods Limited Ordinary Shares,10.66,1514.637741
HUN,Huntsman Corporation Common Stock,8.63,1513.517456
RVLV,"Revolve Group, Inc. Class A Common Stock",21.24,1509.854321
UROY,Uranium Royalty Corp. Common Stock,4.0,1508.842492
ARCO,Arcos Dorados Holdings Inc. Class A Shares,7.14,1504.134227
ANAB,"AnaptysBio, Inc. Common Stock",50.8,1504.110835
CASH,"Pathward Financial, Inc. Common Stock",72.29,1501.706339
AZTA,"Azenta, Inc.",34.25,1500.43746
INBX,"Inhibrx Biosciences, Inc. Common Stock",101.71,1496.933199
KMPR,Kemper Corporation,25.33,1492.523491
MAZE,"Maze Therapeutics, Inc. Common Stock",26.85,1491.495161
MQY,"Blackrock MuniYield Quality Fund, Inc. Common Stock",10.01,1489.112335
ICFI,"ICF International, Inc. Common Stock",83.0,1488.512372
WBTN,WEBTOON Entertainment Inc. Common stock,10.95,1486.036217
RQI,Cohen & Steers Quality Income Realty Fund Inc Common Shares,11.0,1477.304488
ARDT,"Ardent Health, Inc. Common Stock",10.47,1476.750646
TYRA,"Tyra Biosciences, Inc. Common Stock",21.45,1474.814892
SID,Companhia Siderurgica Nacional S.A. Common Stock,1.11,1471.964281
DJTWW,Trump Media & Technology Group Corp. Warrants,5.28,1467.529927
BCAT,BlackRock Capital Allocation Term Trust Common Shares of Beneficial Interest,13.56,1466.3106
LKFN,Lakeland Financial Corporation Common Stock,58.76,1460.646678
CRSR,"Corsair Gaming, Inc. Common Stock",13.5,1460.388947
WOLF,"Wolfspeed, Inc. Common Stock New",27.58,1459.825093
GLOB,Globant S.A. Common Shares,33.79,1459.037197
KMPB,Kemper Corporation 5.875% Fixed-Rate Reset Junior Subordinated Debentures due 2062,24.73,1457.169598
NUTX,Nutex Health Inc. Common Stock,212.735,1456.803536
NRP,Natural Resource Partners LP Limited Partnership,109.71,1453.702701
AGRO,Adecoagro S.A. Common Shares,10.07,1453.186253
SCL,Stepan Company Common Stock,63.92,1453.063957
PRKS,United Parks & Resorts Inc. Common Stock,32.04,1452.73554
JJSF,J & J Snack Foods Corp. Common Stock,77.75,1452.495022
XNDU,Xanadu Quantum Technologies Limited Class B Subordinate Voting Shares,4.77,1451.148594
PAHC,Phibro Animal Health Corporation Class A Common Stock,35.7,1449.477227
ESQ,"Esquire Financial Holdings, Inc. Common Stock",119.69,1448.797539
TFIN,"Triumph Financial, Inc. Common Stock",60.63,1448.725778
DMC,Del Monte Corporation Ordinary Shares,30.66,1445.503044
GT,The Goodyear Tire & Rubber Company Common Stock,5.02,1445.25166
ECCV,Eagle Point Credit Company 5.375% Notes due 2029,23.82,1444.981322
AVBP,"ArriVent BioPharma, Inc. Common Stock",29.3,1444.71646
TV,Grupo Televisa S.A.B. Common Stock,2.34,1444.162824
SVV,"Savers Value Village, Inc. Common Stock",9.35,1442.294862
KLRA,"Kailera Therapeutics, Inc. Common Stock",11.12,1441.637677
MUC,"Blackrock MuniHoldings California Quality Fund, Inc.  Common Stock",9.67,1438.533095
ALKT,"Alkami Technology, Inc. Common Stock",13.39,1431.953112
IAUX,i-80 Gold Corp. Common Shares,1.65,1428.737777
CSWC,Capital Southwest Corporation Common Stock,22.99,1428.615291
PNTG,"The Pennant Group, Inc. Common Stock",40.9,1428.599127
HCSG,"Healthcare Services Group, Inc. Common Stock",20.78,1426.177158
MYI,"Blackrock MuniYield Quality Fund III, Inc Common Stock",9.58,1425.144472
PWP,Perella Weinberg Partners Class A Common Stock,14.64,1424.637813
LYNX,Lyntris Inc. Common Stock,12.27,1422.698942
PSQL,Pasqal Holding SA Ordinary Share,6.7,1422.36773
BKT,BlackRock Income Trust Inc. (The),9.55,1420.681598
RARE,Ultragenyx Pharmaceutical Inc. Common Stock,14.41,1420.66566
AMSC,American Superconductor Corporation Common Stock,29.29,1418.870368
PGY,Pagaya Technologies Ltd. Class A Ordinary Shares,17.0,1418.239331
MBC,"MasterBrand, Inc. Common Stock",6.96,1416.29381
NVGS,Navigator Holdings Ltd. Ordinary Shares (Marshall Islands),22.92,1414.163335
TRS,TriMas Corporation Common Stock,39.41,1413.789335
AMAL,Amalgamated Financial Corp. Common Stock (DE),47.28,1413.67895
REX,REX American Resources Corporation,42.61,1413.61402
EVCM,EverCommerce Inc. Common Stock,7.97,1408.022011
NMAX,"Newsmax, Inc. Class B Common Stock",10.9,1407.851031
ADIG,ADI Global Distribution Inc. Common Stock,18.53,1406.856859
OMER,Omeros Corporation Common Stock,19.43,1406.50498
PEBO,Peoples Bancorp Inc. Common Stock,39.11,1405.70394
TMP,Tompkins Financial Corporation Common Stock,97.71,1405.353648
VISN,"Vistance Networks, Inc. Common Stock",6.09,1404.514849
KRSA,"Korsana Biosciences, Inc. Common Stock",30.83,1404.042133
AMPX,"Amprius Technologies, Inc. Common Stock",9.6,1402.373933
ULCC,"Frontier Group Holdings, Inc. Common Stock",6.08,1399.711888
TEN,Tsakos Energy Navigation Ltd Common Shares,46.31,1395.209295
BHRB,Burke & Herbert Financial Services Corp. Common Stock,69.06,1394.116499
MLKN,"MillerKnoll, Inc. Common Stock",20.28,1393.906518
CERT,"Certara, Inc. Common Stock",9.13,1392.679061
CNMD,CONMED Corporation Common Stock,46.48,1392.134007
AFGE,"American Financial Group, Inc. 4.500% Subordinated Debentures due 2060",16.78,1391.422199
DRTS,Alpha Tau Medical Ltd. Ordinary Shares,15.04,1390.871436
SLVM,Sylvamo Corporation Common Stock,34.98,1390.8133
DMLP,"Dorchester Minerals, L.P. Common Units Representing Limited Partnership Interests",28.33,1390.759589
AAPG,Ascentage Pharma Group International American Depository Shares,14.89,1389.69186
UZF,"Array Digital Infrastructure, Inc. 5.500% Senior Notes due 2070",16.1301,1387.1886
MUA,"Blackrock MuniAssets Fund, Inc Common Stock",9.32,1386.46623
GFR,Greenfire Resources Ltd. Common Shares,5.76,1384.782866
FLNC,"Fluence Energy, Inc. Class A Common Stock",7.5,1384.472768
HLMN,Hillman Solutions Corp. Common Stock,7.11,1383.214943
KARD,"Kardigan, Inc. Common Stock",14.78,1381.984671
ORIC,"Oric Pharmaceuticals, Inc. Common Stock",13.27,1375.470745
UZE,"Array Digital Infrastructure, Inc. 5.500% Senior Notes due 2070",15.96,1372.56
WABC,Westamerica Bancorporation Common Stock,59.38,1372.340265
UFCS,"United Fire Group, Inc. Common Stock",53.34,1371.128116
CNOBP,"ConnectOne Bancorp, Inc. Depositary Shares, each representing a 1/40th interest in a share of 5.25% Fixed-Rate Reset Non-Cumulative Perpetual Preferred Stock, Series A",25.21,1368.78653
CTBI,"Community Trust Bancorp, Inc. Common Stock",75.22,1366.5935
ARHS,"Arhaus, Inc. Class A Common Stock",9.63,1365.069189
NAMSW,NewAmsterdam Pharma Company N.V. Warrant,11.4,1362.723727
NCV,Virtus Convertible & Income Fund Common Shares of Beneficial Interest,15.07,1361.929685
XZO,"Exzeo Group, Inc. Common Stock",15.09,1359.396503
APPS,"Digital Turbine, Inc. Common Stock",11.22,1357.802325
LQDT,"Liquidity Services, Inc. Common Stock",43.33,1357.599008
VZLA,Vizsla Silver Corp. Common Shares,3.82,1356.317251
ARLO,"Arlo Technologies, Inc. Common Stock",12.6,1355.92763
PRSU,"Pursuit Attractions and Hospitality, Inc. Common Stock",49.65,1353.665296
EFOR,"Everforth, Inc. Common Stock",32.83,1346.03
FOR,Forestar Group Inc Common Stock,26.29,1341.253414
FOIL,"Londian Wason New Energy Tech Inc. American Depositary Shares, each representing five Ordinary Shares",17.14,1339.63561
AGL,"agilon health, inc. Common Stock",79.53,1335.404931
NBR,Nabors Industries Ltd.,79.42,1329.839295
AAT,"American Assets Trust, Inc. Common Stock",21.63,1328.173127
UMH,"UMH Properties, Inc. Common Stock",15.55,1327.74608
AMN,AMN Healthcare Services Inc,34.26,1326.889492
CRCT,"Cricut, Inc. Class A Common Stock",6.33,1325.783153
ATLC,Atlanticus Holdings Corporation Common Stock,87.1,1321.31031
HLF,Herbalife Ltd. Common Shares,12.6,1320.522588
ADNT,Adient plc Ordinary Shares,17.1,1318.357537
LUXE,"LuxExperience B.V. American Depositary Shares, each representing one Ordinary Share",9.42,1315.972408
CDNL,Cardinal Infrastructure Group Inc. Class A Common Stock,27.72,1315.953195
FMBH,"First Mid Bancshares, Inc. Common Stock",49.39,1313.868434
CCEC,Capital Clean Energy Carriers Corp. Common Share,21.75,1311.302672
TRAX,"First Tracks Biotherapeutics, Inc. Ordinary Shares",36.645,1309.356742
UAN,"CVR Partners, LP Common Units representing Limited Partner Interests",123.58,1306.19574
TWFG,"TWFG, Inc. Class A Common Stock",24.16,1305.891343
HBT,"HBT Financial, Inc. Common Stock",35.9,1305.525471
EPC,Edgewell Personal Care Company Common Stock,28.29,1303.855405
GBX,"Greenbrier Companies, Inc. (The) Common Stock",42.09,1302.251384
ODC,Oil-Dri Corporation Of America Common Stock,89.68,1299.313883
LSPD,Lightspeed Commerce Inc. Subordinate Voting Shares,9.69,1291.817185
VSECU,VSE Corporation Tangible Equity Units,46.01,1291.269362
BRUN,Boost Run Inc. Class A Common Stock,16.24,1290.876042
FCEL,"FuelCell Energy, Inc. Common Stock",16.14,1290.460723
USPH,"U.S. Physical Therapy, Inc. Common Stock",86.09,1284.695071
OPY,"Oppenheimer Holdings, Inc. Class A Common Stock (DE)",119.8,1282.818999
POET,POET Technologies Inc. Common Shares,7.41,1282.360432
DMRA,"Damora Therapeutics, Inc. Ordinary Shares",20.75,1281.012019
BJRI,"BJ's Restaurants, Inc. Common Stock",60.02,1276.851375
BBAI,"BigBear.ai, Inc. Common Stock",2.66,1275.455351
EYE,"National Vision Holdings, Inc. Common Stock",16.12,1274.597326
ASIC,Ategrity Specialty Insurance Company Holdings Common Stock,26.57,1273.418477
PRG,"PROG Holdings, Inc. Common Stock",31.94,1272.222358
ALX,"Alexander's, Inc. Common Stock",249.08,1272.123793
IMTX,Immatics N.V. Ordinary Shares,8.5,1271.869246
WD,"Walker & Dunlop, Inc Common Stock",37.04,1271.425595
RES,"RPC, Inc. Common Stock",5.73,1270.094679
SENEB,Seneca Foods Corp. Class B Common Stock,187.42,1268.78036
AZUL,"Azul S.A. American Depositary Shares, each representing two (2) Common Shares",6.87,1265.996469
IART,Integra LifeSciences Holdings Corporation Common Stock,16.27,1265.358673
OSBC,"Old Second Bancorp, Inc. Common Stock",24.85,1264.261543
RDVT,"Red Violet, Inc. Common Stock",78.61,1261.452705
RYZ,Ryerson Holding Corporation Common Stock,24.29,1260.618281
CRON,Cronos Group Inc. Common Share,3.41,1256.287866
AVLN,Avalyn Pharma Inc. Common Stock,28.32,1255.51325
YSS,York Space Systems Inc. Common Stock,9.14,1255.44851
NSSC,"NAPCO Security Technologies, Inc. Common Stock",35.06,1254.041401
VTOL,"Bristow Group, Inc. Common Stock",42.16,1249.70672
GOLD,"Gold.com, Inc. Common Stock",42.85,1249.281295
SHLS,"Shoals Technologies Group, Inc. Class A Common Stock",7.42,1248.785629
RDWR,Radware Ltd. Ordinary Shares,29.46,1246.363336
BCAX,Bicara Therapeutics Inc. Common Stock,18.8,1244.051159
QMCO,Quantum Corporation Common Stock,31.4,1237.474031
SENEA,Seneca Foods Corp. Class A Common Stock,182.53,1235.676444
BORR,Borr Drilling Limited Common Shares,4.01,1233.881311
COUR,"Coursera, Inc. Common Stock",4.64,1226.816
YSWY,"Yesway, Inc. Class A Common Stock",19.41,1226.61002
DOLE,Dole plc Ordinary Shares,12.98,1226.075315
LBRX,LB Pharmaceuticals Inc Common Stock,37.89,1222.300141
WEN,Wendy's Company (The) Common Stock,6.39,1218.380853
CYD,China Yuchai International Limited Common Stock,32.44,1217.094366
OPK,"OPKO Health, Inc. Common Stock",1.63,1216.515007
DCH,Dauch Corporation Common Stock,5.11,1214.159516
TK,Teekay Corporation Ltd. Common Stock,13.98,1213.163877
INNV,InnovAge Holding Corp. Common Stock,8.89,1213.053168
TPB,"Turning Point Brands, Inc. Common Stock",60.38,1210.55391
ROCK,"Gibraltar Industries, Inc. Common Stock",40.55,1203.681699
CCO,"Clear Channel Outdoor Holdings, Inc. Common Stock",2.36,1201.461474
CBRL,"Cracker Barrel Old Country Store, Inc Common Stock",53.73,1200.996064
BULLW,Webull Corporation Warrants,2.22,1199.876445
FLO,"Flowers Foods, Inc. Common Stock",5.65,1198.124412
UMAC,"Unusual Machines, Inc. Common Stock",23.96,1196.95786
LZB,La-Z-Boy Incorporated Common Stock,29.83,1194.774159
OMDA,"Omada Health, Inc. Common Stock",19.39,1186.991871
HROW,"Harrow, Inc. Common Stock",31.6,1184.61606
XPEL,"XPEL, Inc. Common Stock",42.96,1184.439334
MYE,"Myers Industries, Inc. Common Stock",31.48,1184.216844
REPL,"Replimune Group, Inc. Common Stock",12.56,1183.398603
FUN,Six Flags Entertainment Corporation Common Stock New,11.54,1180.73024
WAFDP,"WaFd, Inc. Depositary Shares",15.95,1180.224046
NEWP,New Pacific Metals Corp. Common Shares,6.37,1179.768743
BVS,Bioventus Inc. Class A Common Stock,14.02,1178.968158
IMPPP,Imperial Petroleum Inc. 8.75% Series A Cumulative Redeemable Perpetual Preferred Shares,26.05,1177.815791
UVE,UNIVERSAL INSURANCE HOLDINGS INC Common Stock,42.3,1177.224017
WLDN,"Willdan Group, Inc. Common Stock",77.21,1176.069746
NHP,"National Healthcare Properties, Inc. Class A Common Stock",16.12,1175.226601
DFIN,"Donnelley Financial Solutions, Inc. Common Stock",47.68,1172.231061
SCCD,Sachem Capital Corp. 6.00% Notes due 2026,24.76,1172.195051
SCCF,Sachem Capital Corp. 7.125% Notes due 2027,24.68,1168.407668
TBN,Tamboran Resources Corporation Common stock,33.35,1165.9162
SCCG,Sachem Capital Corp. 8.00% Notes due 2027,24.6135,1165.259406
AMPH,"Amphastar Pharmaceuticals, Inc. Common Stock",27.39,1165.114286
MBINM,"Merchants Bancorp Depositary Shares, Each Representing a 1/40th Interest in a Share of 8.25% Fixed-Rate Reset Series D Non-Cumulative Perpetual Preferred Stock",25.35,1164.530201
SCSC,"ScanSource, Inc. Common Stock",57.78,1163.851677
GIII,"G-III Apparel Group, LTD. Common Stock",27.13,1163.239662
TNC,Tennant Company Common Stock,68.21,1162.932958
SLSR,Solaris Resources Inc. Common Shares,6.96,1162.565883
SCCE,Sachem Capital Corp. 6.00% Notes due 2027,24.55,1162.25317
LTGO,"Latigo Biotherapeutics, Inc. Common Stock",17.48,1158.912586
LNN,Lindsay Corporation Common Stock,113.9,1158.236002
HZO,"MarineMax, Inc.  (FL) Common Stock",52.37,1156.682888
CXM,"Sprinklr, Inc. Class A Common Stock",4.98,1156.213273
IRS,IRSA Inversiones Y Representaciones S.A. Global Depositary Shares (Each representing ten shares of Common Stock),14.24,1154.575099
HLIT,Harmonic Inc. Common Stock,10.58,1153.922988
FMC,FMC Corporation Common Stock,9.21,1153.339187
HFWA,Heritage Financial Corporation Common Stock,28.16,1152.182113
AVO,"Mission Produce, Inc. Common Stock",13.1,1148.587092
AMTB,Amerant Bancorp Inc. Class A Common Stock,29.3,1148.262839
UVSP,Univest Financial Corporation Common Stock,41.6,1147.359949
TNDM,"Tandem Diabetes Care, Inc. Common Stock",16.42,1142.482369
PUMP,ProPetro Holding Corp. Common Stock,9.3,1142.262428
LADR,Ladder Capital Corp Class A Common Stock,8.99,1140.519074
LGIH,"LGI Homes, Inc. Common Stock",49.02,1139.630293
PD,"PagerDuty, Inc. Common Stock",14.48,1138.850161
PDM,"Piedmont Realty Trust, Inc. Class A Common Stock",9.1,1138.708708
CRI,"Carter's, Inc. Common Stock",31.0,1138.046735
CNL,Collective Mining Ltd. Common Shares,12.27,1137.953015
PSEC,Prospect Capital Corporation Common Stock,2.13,1137.029888
AIP,"Arteris, Inc. Common Stock",23.12,1136.396598
CLBK,"Columbia Financial, Inc. Common Stock",10.9,1134.117412
ORC,"Orchid Island Capital, Inc. Common Stock",5.68,1133.747528
AIIR,Air Global PLC Ordinary Shares,7.06,1132.32941
BRAI,Braiin Limited Common Stock,5.49,1131.424372
GNK,Genco Shipping & Trading Limited Ordinary Shares New (Marshall Islands),25.93,1130.200668
GDRX,"GoodRx Holdings, Inc. Class A Common Stock",3.31,1129.191234
AFYA,Afya Limited Class A Common Shares,12.04,1128.422885
CRML,Critical Metals Corp. Ordinary Shares,7.65,1124.50221
AORT,"Artivion, Inc. Common Stock",22.95,1118.955272
EOSE,"Eos Energy Enterprises, Inc. Class A Common Stock",3.07,1117.994974
CDRE,"Cadre Holdings, Inc. Common Stock",26.06,1115.908328
LFMDP,"LifeMD, Inc. 8.875% Series A Cumulative Perpetual Preferred Stock",23.149,1115.801176
BOW,Bowhead Specialty Holdings Inc. Common Stock,33.8,1113.473569
MUX,McEwen Inc. Common Stock,18.12,1111.817216
JCAP,"Jefferson Capital, Inc. Common Stock",19.32,1109.461356
IRMD,iRadimed Corporation Common Stock,86.66,1108.12064
WLFC,Willis Lease Finance Corporation Common Stock,52.3,1105.837005
HBNB,Hotel101 Global Holdings Corp. Class A Ordinary Shares,4.7,1099.952214
GO,Grocery Outlet Holding Corp. Common Stock,11.1,1099.837861
ECVT,Ecovyst Inc. Common Stock,10.04,1099.062716
MCB,Metropolitan Bank Holding Corp. Common Stock,88.64,1098.939042
SPH,"Suburban Propane Partners, L.P. Common Stock",16.47,1098.753014
CSTL,"Castle Biosciences, Inc. Common Stock",35.93,1097.643787
MMI,"Marcus & Millichap, Inc. Common Stock",28.95,1096.365537
DLX,Deluxe Corporation Common Stock,23.88,1095.048205
CLVT,Clarivate Plc Ordinary Shares,1.71,1093.825445
LU,"Lufax Holding Ltd American Depositary Shares, each representing two (2) Ordinary Shares",1.26,1092.028004
PSNY,Polestar Automotive Holding UK PLC Class A ADS,6.64,1090.820057
LOMA,Loma Negra Compania Industrial Argentina Sociedad Anonima ADS,9.31,1086.445625
VOR,Vor Biopharma Inc. Common Stock,18.31,1083.261603
SLBT,SL Science Holding Limited Ordinary Shares,1.93,1082.266331
BBNX,"Beta Bionics, Inc. Common Stock",20.52,1080.211029
AMRC,"Ameresco, Inc. Class A Common Stock",20.32,1078.305408
PICS,PicS N.V. Class A Common Shares,8.32,1078.168358
DEA,"Easterly Government Properties, Inc. Common Stock",22.78,1077.986435
MNKD,MannKind Corporation Common Stock,3.35,1077.174021
WINA,Winmark Corporation Common Stock,299.64,1076.357519
AKTS,"Aktis Oncology, Inc. Common stock",19.35,1076.237306
REAL,"The RealReal, Inc. Common Stock",8.81,1071.922523
TDOC,"Teladoc Health, Inc. Common Stock",5.89,1070.118884
MBINL,"Merchants Bancorp Depositary Shares, Each Representing a 1/40thInterest in a Share of 7.25% Fixed Rate Series E Non-CumulativePerpetual Preferred Stock, without par value",23.28,1069.438386
SGML,Sigma Lithium Corporation Common Shares,9.5,1069.398974
MGTX,MeiraGTx Holdings plc Ordinary Shares,11.11,1067.037686
GSBD,"Goldman Sachs BDC, Inc. Common Stock",9.46,1064.903374
FSBC,Five Star Bancorp Common Stock,43.38,1064.398315
CFFN,"Capitol Federal Financial, Inc. Common Stock",8.46,1063.407474
BST,BlackRock Science and Technology Trust Common Shares of Beneficial Interest,47.94,1062.24637
KRT,Karat Packaging Inc. Common Stock,53.24,1061.164826
NCZ,Virtus Convertible & Income Fund II Common Shares of Beneficial Interest,13.91,1058.770069
HTFC,Horizon Technology Finance Corporation 6.25% Notes due 2027,24.846,1057.090934
OCSL,Oaktree Specialty Lending Corporation Common Stock,12.0,1057.026276
MRTN,"Marten Transport, Ltd. Common Stock",12.92,1055.068763
TUYA,"Tuya Inc. American Depositary Shares, each representing one Class A Ordinary Share",1.72,1054.852099
SPTX,"Seaport Therapeutics, Inc. Common Stock",19.64,1051.340002
TE,T1 Energy Inc. Common Stock,3.57,1051.281194
PSIX,"Power Solutions International, Inc. Common Stock",45.54,1050.400593
ENOV,Enovis Corporation Common Stock,18.16,1047.278011
RSKD,Riskified Ltd. Class A Ordinary Shares,7.7,1046.939802
STAA,STAAR Surgical Company Common Stock,20.87,1046.504946
IGIC,International General Insurance Holdings Ltd. Ordinary Share,24.42,1046.206915
ANRO,"Alto Neuroscience, Inc. Common Stock",26.66,1046.194493
DCBG,"Dime Commercial Bancshares, Inc. 9.000% Junior Subordinated Notes",26.72,1046.051581
KYIVW,Kyivstar Group Ltd. Warrant,4.51,1045.704944
ETW,Eaton Vance Corporation Eaton Vance Tax-Managed Global Buy-Write Opportunites Fund Common Shares of Beneficial Interest,9.54,1045.562878
GTM,ZoomInfo Technologies Inc Common Stock,3.59,1045.085065
NPK,"National Presto Industries, Inc. Common Stock",146.28,1043.863881
UVV,Universal Corporation Common Stock,41.87,1042.531891
HSLV,Highlander Silver Corp. Common Shares,5.12,1042.0399
SVRA,Savara Inc. Common Stock,5.07,1041.682276
DEC,Diversified Energy Company Common Stock,13.57,1041.582869
GPRE,Green Plains Inc. Common Stock,14.8,1037.410854
CRAI,"CRA International, Inc. Common Stock",165.22,1037.062809
SBR,Sabine Royalty Trust Common Stock,71.1,1036.59143
GOODN,Gladstone Commercial Corporation 6.625% Series E Cumulative Redeemable Preferred Stock,21.3968,1035.765617
THRM,Gentherm Inc Common Stock,33.61,1032.005704
FUBO,FuboTV Inc. Class A Common Stock,9.45,1031.909713
ODTX,"Odyssey Therapeutics, Inc. Common Stock",21.47,1031.816575
CPAC,Cementos Pacasmayo S.A.A. American Depositary Shares (Each representing five Common Shares),12.16,1030.84807
FTK,"Flotek Industries, Inc. Common Stock",28.43,1029.746796
ITRN,Ituran Location and Control Ltd. Ordinary Shares,51.73,1029.094893
XTND,"Xtend AI Robotics, Inc. Common Stock",3.61,1028.282703
NBN,Northeast Bank Common Stock,126.26,1026.4938
MBWM,Mercantile Bank Corporation Common Stock,59.38,1026.438464
GHM,Graham Corporation Common Stock,87.23,1023.821389
TRUP,"Trupanion, Inc. Common Stock",23.27,1020.915658
AEF,"abrdn Emerging Markets ex-China Fund, Inc. Common Stock",9.49,1018.870125
UTI,Universal Technical Institute Inc Common Stock,18.47,1017.608917
BCX,BlackRock Resources Common Shares of Beneficial Interest,11.98,1016.59896
FBYD,"Falcon's Beyond Global, Inc. Class A Common Stock",8.36,1013.727313
JANX,"Janux Therapeutics, Inc. Common Stock",16.58,1013.647696
PDS,Precision Drilling Corporation Common Stock,80.41,1012.158463
BTZ,BlackRock Credit Allocation Income Trust,9.36,1012.1436
PCRX,"Pacira BioSciences, Inc. Common Stock",25.39,1012.093286
DSL,DoubleLine Income Solutions Fund Common Shares of Beneficial Interests,9.91,1010.788565
UPWK,Upwork Inc. Common Stock,8.07,1007.970156
HQH,abrdn Healthcare Investors Shares of Beneficial Interest,21.25,1006.054178
MCBS,"MetroCity Bankshares, Inc. Common Stock",34.88,1003.889268
CCNE,CNB Financial Corporation Common Stock,33.84,1002.370748
FSCO,FS Credit Opportunities Corp. Common Stock,5.04,999.713736
GLUE,"Monte Rosa Therapeutics, Inc. Common Stock",11.71,999.019926
CRVS,"Corvus Pharmaceuticals, Inc. Common Stock",11.87,998.515605
BFST,"Business First Bancshares, Inc. Common Stock",30.67,998.304912
ODD,ODDITY Tech Ltd. Class A Ordinary Shares,17.6,997.157656
AEVA,"Aeva Technologies, Inc. Common Stock",14.27,994.701167
ASA,ASA  Gold and Precious Metals Limited,54.6,994.645088
IQ,"iQIYI, Inc. American Depositary Shares",1.03,993.975477
NWPX,"NWPX Infrastructure, Inc. Common Stock",103.11,993.691898
RCAT,"Red Cat Holdings, Inc. Common Stock",6.5,992.643353
ANL,Adlai Nortye Group Ltd. American Depositary Shares,15.4,991.728245
EQBK,"Equity Bancshares, Inc. Class A Common Stock",48.03,989.057295
HRTG,"Heritage Insurance Holdings, Inc. Common Stock",33.26,988.900156
NBBK,"NB Bancorp, Inc. Common Stock",22.56,988.545134
MSEX,Middlesex Water Company Common Stock,52.45,988.364968
PRCT,PROCEPT BioRobotics Corporation Common Stock,17.25,987.970618
TRIP,"TripAdvisor, Inc. Common Stock",8.41,985.646466
DFH,"Dream Finders Homes, Inc. Class A Common Stock",10.88,985.022084
MLTX,MoonLake Immunotherapeutics Class A Ordinary Shares,11.56,983.833279
NPKI,NPK International Inc. Common Stock,11.58,983.256573
EOSEW,"Eos Energy Enterprises, Inc. Warrant",2.7,983.252909
SG,"Sweetgreen, Inc. Class A Common Stock",8.24,980.900436
HBNC,"Horizon Bancorp, Inc. Common Stock",19.04,977.599642
XIFR,"XPLR Infrastructure, LP Common Units representing limited partner interests",10.36,976.666156
CEVA,"CEVA, Inc. Common Stock",34.69,976.664758
LMRI,"Lumexa Imaging Holdings, Inc. Common Stock",10.145,974.680632
LAC,Lithium Americas Corp. Common Shares,2.68,972.955087
RHLD,Resolute Holdings Management Common Stock,124.22,971.350091
VMET,Versamet Royalties Corporation Common Stock,8.92,970.759202
CAC,Camden National Corporation Common Stock,57.4,969.890613
RXT,"Rackspace Technology, Inc. Common Stock",3.79,965.968102
SIFY,Sify Technologies Limited American Depositary Shares,13.33,965.553418
PSUS,"Pershing Square USA, Ltd. Common Shares",36.9,964.935
CGEM,"Cullinan Therapeutics, Inc. Common Stock",14.95,962.102675
ABUS,Arbutus Biopharma Corporation Common Stock,4.86,961.540478
HPK,"HighPeak Energy, Inc. Common Stock",7.59,959.776782
YELP,Yelp Inc. Common Stock,17.59,954.497093
ASM,Avino Silver & Gold Mines Ltd. Common Shares (Canada),5.61,952.88807
FET,"Forum Energy Technologies, Inc. Common Stock",82.99,952.11929
BV,"BrightView Holdings, Inc. Common Stock",10.26,950.076
ASTE,"Astec Industries, Inc. Common Stock",41.11,946.572837
PTA,Cohen & Steers Tax-Advantaged Preferred Securities and Income Fund Common Shares of Beneficial Interest,17.09,944.62338
VPG,"Vishay Precision Group, Inc. Common Stock",70.88,944.152078
KURA,"Kura Oncology, Inc. Common Stock",10.61,943.872168
VYX,NCR Voyix Corporation Common Stock,6.83,943.017403
SB,"Safe Bulkers, Inc Common Stock ($0.001 par value)",8.25,942.519452
TRST,TrustCo Bank Corp NY Common Stock,55.35,942.485409
BXBL,"BOXABL, Inc. Common stock",3.9,941.824038
CBLL,"CeriBell, Inc. Common Stock",24.51,940.647256
CMP,Compass Minerals Intl Inc Common Stock,22.39,939.951769
BKSY,BlackSky Technology Inc. Class A Common Stock,22.95,939.225216
KODK,Eastman Kodak Company Common New,9.59,938.861
GOODO,"Gladstone Commercial Corporation 6.00% Series G Cumulative Redeemable Preferred Stock, par value $0.001 per share",19.39,938.621444
HAFC,Hanmi Financial Corporation Common Stock,31.6,936.916458
PCT,"PureCycle Technologies, Inc. Common stock",4.66,936.216415
CPF,Central Pacific Financial Corp New,36.36,936.176628
NXDR,"Nextdoor Holdings, Inc. Class A Common Stock",2.42,936.173133
GLIBA,Liberty Capital Corporation Series A GCI Group Common Stock,23.45,935.772109
KRO,Kronos Worldwide Inc Common Stock,8.13,935.742805
TDAY,"USA TODAY Co., Inc. Common Stock",6.37,935.230284
CSR,D/B/A Centerspace Common Stock,55.67,934.930386
LZ,"LegalZoom.com, Inc. Common Stock",5.45,933.393225
GLIBK,Liberty Capital Corporation Series C GCI Group Common Stock,23.34,931.38256
SATL,Satellogic Inc. Class A Common Stock,6.05,930.126462
FEIM,"Frequency Electronics, Inc. Common Stock",82.49,929.933445
IBTA,"Ibotta, Inc. Class A Common Stock",40.07,928.406433
OIG,Orion180 Insurance Group Inc. Class A common stock,9.36,926.943751
ALMS,Alumis Inc. Common Stock,7.16,926.756311
RMIX,"Suncrete, Inc. Class A Common Stock",12.61,926.656367
SBGI,"Sinclair, Inc. Class A Common Stock",12.81,926.394349
GAINZ,Gladstone Investment Corporation 4.875% Notes due 2028,24.22,925.669751
AGBK,AGI Inc Class A Common Shares,5.76,922.378015
RIGL,"Rigel Pharmaceuticals, Inc. Common Stock",49.36,922.038087
RNP,"Cohen & Steers REIT and Preferred and Income Fund, Inc. Common Shares",18.75,921.349275
UPBD,"Upbound Group, Inc. Common Stock",15.79,920.547605
HELP,Cybin Inc. Common Stock,12.59,919.846639
PXED,"Phoenix Education Partners, Inc. Common Stock",25.48,918.48714
KFRC,"Kforce, Inc. Common Stock",51.28,918.37352
UTL,UNITIL Corporation Common Stock,50.35,918.216536
SBSI,"Southside Bancshares, Inc. Common Stock",30.75,916.595385
EDN,Empresa Distribuidora Y Comercializadora Norte S.A. (Edenor) American Depositary Shares,20.23,915.264312
MPB,Mid Penn Bancorp Common Stock,36.04,913.081149
JBIO,"Jade Biosciences, Inc. Common Stock",14.35,912.622503
PLOW,"Douglas Dynamics, Inc. Common Stock",39.54,912.466399
AIZN,"Assurant, Inc. 5.25% Subordinated Notes due 2061",18.04,910.284166
RWAYL,Runway Growth Finance Corp. 7.50% Notes due 2027,25.1236,909.892176
DJCO,Daily Journal Corp. (S.C.) Common Stock,659.08,908.180604
PDX,PIMCO Dynamic Income Strategy Fund Common Shares of Beneficial Interest,20.26,905.76382
BBDC,"Barings BDC, Inc. Common Stock",8.64,904.667478
FMNB,Farmers National Banc Corp. Common Stock,15.26,904.117949
BANFP,BancFirst Corporation - BFC Capital Trust II Cumulative Trust Preferred Securities,26.86,902.462291
MTA,Metalla Royalty & Streaming Ltd. Common Shares,9.65,902.235184
APMD,"Apnimed, Inc. Common Stock",21.67,902.138981
HEPS,D-Market Electronic Services & Trading American Depositary Shares,2.52,900.207504
BRBR,"BellRing Brands, Inc. Common Stock",7.74,899.993222
FCBC,"First Community Bankshares, Inc. (VA) Common Stock",47.54,898.997041
RUMBW,RUM Group Inc. Warrant,1.81,897.416451
JMIA,"Jumia Technologies AG American Depositary Shares, each representing two Ordinary Shares",6.7,895.293135
ACEL,"Accel Entertainment, Inc.",11.01,893.94016
SIGIP,"Selective Insurance Group, Inc. Depositary Shares, each representing a 1/1,000th interest in a share of 4.60% Non-Cumulative Preferred Stock, Series B",14.98,892.345403
HSTM,"HealthStream, Inc. Common Stock",29.14,891.564147
THFF,First Financial Corporation Common Stock,74.94,891.178686
BZH,"Beazer Homes USA, Inc. Common Stock",33.36,890.032223
BHFAL,"Brighthouse Financial, Inc. 6.25% Junior Subordinated Debentures due 2058",15.46,889.128764
REPX,"Riley Exploration Permian, Inc. Common Stock",40.12,888.809854
OI,"O-I Glass, Inc. Common Stock",5.78,888.153338
NX,Quanex Building Products Corporation Common Stock,19.38,888.111911
PSF,"Cohen & Steers Select Preferred and Income Fund, Inc. Common Stock",18.07,887.935008
LAR,Lithium Argentina AG Common Shares,5.41,887.781
MCS,Marcus Corporation (The) Common Stock,28.7,884.882963
HTLD,"Heartland Express, Inc. Common Stock",11.44,884.68507
KOPN,Kopin Corporation Common Stock,4.75,882.894917
CYRX,"CryoPort, Inc. Common Stock",17.38,880.281358
ITG,"ITG, Inc. Class A Common Stock",7.065,877.170752
SANA,"Sana Biotechnology, Inc. Common Stock",2.93,877.126666
MBINN,Merchants Bancorp Depositary Shares Preferred Series C,19.085,876.728161
NNNN,Anbio Biotechnology Class A Ordinary Shares,6.09,876.297408
TTI,"Tetra Technologies, Inc. Common Stock",5.91,875.110124
KOP,Koppers Holdings Inc. Common Stock,46.17,873.147095
SGP,"SpyGlass Pharma, Inc. Common Stock",25.98,868.978494
FRBT,"Forbright, Inc. Class A Common Stock",17.1,868.070898
NNE,Nano Nuclear Energy Inc. Common Stock,16.16,867.762039
EGBN,"Eagle Bancorp, Inc. Common Stock",28.45,867.269032
SAFE,Safehold Inc. New Common Stock,12.21,864.666779
RJET,Republic Airways Holdings Inc. Common Stock,18.38,860.54241
KBDC,"Kayne Anderson BDC, Inc. Common Stock",13.03,860.472664
BUR,Burford Capital Limited Ordinary Shares,3.93,859.929553
QFIN,"Qfin Holdings, Inc. American Depositary Shares",7.05,858.350782
AIO,Virtus Artificial Intelligence & Technology Opportunities Fund Common Shares of Beneficial Interest,24.99,858.18089
VRTS,"Virtus Investment Partners, Inc. Common Stock",129.55,857.96949
EIG,Employers Holdings Inc Common Stock,47.76,857.793767
TBLA,Taboola.com Ltd. Ordinary Shares,3.4,857.193564
BW,"Babcock & Wilcox Enterprises, Inc. Common Stock",5.75,856.54913
CADL,"Candel Therapeutics, Inc. Common Stock",11.19,856.242742
LANDO,Gladstone Land Corporation 6.00% Series B Cumulative Redeemable Preferred Stock,19.83,855.398243
ANGX,"Angel Studios, Inc. Class A Common Stock",4.57,853.476378
BTGO,"BitGo Holdings, Inc. Class A Common Stock",7.26,853.381216
FMN,Federated Hermes Premier Municipal Income Fund,9.89,853.060467
LANDP,Gladstone Land Corporation 6.00% Series C Cumulative Redeemable Preferred Stock,19.7675,852.702207
CIM,Chimera Investment Corporation Common Stock,10.17,851.349189
SVC,Service Properties Trust Common Shares of Beneficial Interest,6.57,850.877336
SMBK,"SmartFinancial, Inc. Common Stock",49.76,850.820016
OGG,Osisko Gold Group Inc. Common Shares,2.78,850.229187
GSBC,"Great Southern Bancorp, Inc. Common Stock",77.99,849.896571
ARDX,"Ardelyx, Inc. Common Stock",3.41,849.729621
SMPL,The Simply Good Foods Company Common Stock,9.6,849.221232
RZLV,Rezolve AI PLC Ordinary Shares,2.12,848.830544
SABR,Sabre Corporation Common Stock,2.1,847.524749
HMH,HMH Holding Inc. Class A Common Stock,19.28,847.052861
CRESY,Cresud S.A.C.I.F. y A. American Depositary Shares,11.93,846.137588
LXRX,"Lexicon Pharmaceuticals, Inc. Common Stock",1.9,845.416275
SMP,"Standard Motor Products, Inc. Common Stock",37.84,845.356687
RERE,ATRenew Inc. American Depositary Shares (every three of which representing two Class A ordinary shares),3.85,844.170235
CCBG,Capital City Bank Group Common Stock,49.24,842.658744
CODI,D/B/A Compass Diversified Holdings Shares of Beneficial Interest,11.2,842.642819
EVLV,"Evolv Technologies Holdings, Inc. Class A Common Stock",4.65,842.236579
SIBN,"SI-BONE, Inc. Common Stock",18.76,840.796467
SCZM,Santacruz Silver Mining Ltd. Common Shares,9.02,838.772362
PUBM,"PubMatic, Inc. Class A Common Stock",18.41,838.576623
BLZE,"Backblaze, Inc. Class A Common Stock",13.54,838.126
MTAL,Metals Acquisition Corp. II Class A Ordinary Shares,10.16,837.814265
BHFAO,"Brighthouse Financial, Inc. Depositary Shares 6.75% Non-Cumulative Preferred Stock, Series B",14.56,837.368357
AEBI,Aebi Schmidt Holding AG Common Stock,10.78,836.52136
GYRE,"Gyre Therapeutics, Inc. Common Stock",7.49,835.208769
IVA,Inventiva S.A. American Depository Shares,3.53,834.069113
HIVE,HIVE Digital Technologies Ltd. Common Shares,3.04,833.803108
TIGR,UP Fintech Holding Ltd American Depositary Share representing fifteen Class A Ordinary Shares,4.65,830.958074
NAVI,Navient Corporation Common Stock,8.86,830.924716
YALA,"Yalla Group Limited American Depositary Shares, each representing one Class A Ordinary Share",5.47,830.504559
CVLG,"Covenant Logistics Group, Inc. Class A Common Stock",32.71,830.107118
DC,Dakota Gold Corp. Common Stock,6.18,829.189084
AOSL,Alpha and Omega Semiconductor Limited Common Shares,27.36,827.893217
MAKO,Mako Mining Corp Common Stock,9.43,826.123722
OBX,"Obsidian Therapeutics, Inc. Common Stock",13.37,825.903352
CAPL,CrossAmerica Partners LP Common Units representing limited partner interests,21.59,824.160575
BHFAP,"Brighthouse Financial, Inc. Depositary Shares 6.6% Non-Cumulative Preferred Stock, Series A",14.28,821.26512
NAK,"Northern Dynasty Minerals, Ltd. Common Stock",1.46,820.697627
IMMX,"Immix Biopharma, Inc. Common Stock",11.47,820.555932
DAKT,"Daktronics, Inc. Common Stock",17.05,819.979683
BUUU,BUUU Group Limited Class A Ordinary Share,43.48,819.4893
SXC,"SunCoke Energy, Inc. Common Stock",9.64,818.193554
ADSE,ADS-TEC ENERGY PLC Ordinary Shares,10.89,818.16276
ACDC,ProFrac Holding Corp. Class A Common Stock,4.49,817.731201
INMD,InMode Ltd. Ordinary Shares,14.205,816.514366
ORRF,"Orrstown Financial Services, Inc. Common Stock",41.48,815.896086
HIPO,Hippo Holdings Inc. Common Stock,30.85,814.112404
DSP,Viant Technology Inc. Class A Common Stock,12.24,813.94552
QNST,"QuinStreet, Inc. Common Stock",14.21,813.1444
PLTK,Playtika Holding Corp. Common Stock,2.13,812.420736
SKYH,Sky Harbour Group Corporation Class A Common Stock,9.95,812.213605
HSHP,Himalaya Shipping Ltd. Common Shares,17.33,810.1775
MFA,"MFA Financial, Inc.",8.01,809.714383
AVTX,"Avalo Therapeutics, Inc. Common Stock",15.08,808.740234
RPC,"Ridgepost Capital, Inc. Class A Common Stock",7.33,808.047765
TRNS,"Transcat, Inc. Common Stock",85.95,806.923869
ATTO,"Attovia Therapeutics, Inc. Common Stock",17.65,805.744774
WEST,Westrock Coffee Company Common Stock,8.25,805.425943
FDMT,"4D Molecular Therapeutics, Inc. Common Stock",14.56,804.355712
ABX,"Abacus Global Management, Inc. Class A Common Stock",8.22,803.852287
GERN,Geron Corporation Common Stock,1.25,803.091761
GRPN,"Groupon, Inc. Common Stock",19.74,802.732943
MTW,"Manitowoc Company, Inc. (The) Common Stock",22.17,799.493853
ACRS,"Aclaris Therapeutics, Inc. Common Stock",5.43,799.289989
ALRS,Alerus Financial Corporation Common Stock,32.06,799.176484
WRLD,World Acceptance Corporation Common Stock,171.38,799.175788
TCBIO,"Texas Capital Bancshares, Inc. Depositary Shares 5.75% Fixed Rate Non-Cumulative Perpetual Preferred Stock Series B",18.35,797.754671
ACHV,"Achieve Life Sciences, Inc. Common Shares",7.75,797.494298
SPFI,"South Plains Financial, Inc. Common Stock",42.32,797.270924
BH,Biglari Holdings Inc. Class B Common Stock,342.06,795.819693
RPD,"Rapid7, Inc. Common Stock",11.8,795.327552
ARI,"Apollo Commercial Real Estate Finance, Inc",6.2,794.914977
INR,"Infinity Natural Resources, Inc. Class A Common Stock",12.53,794.680893
TXO,"TXO Partners, L.P. Common Units Representing Limited Partner Interests",14.27,791.220228
JBSS,"John B. Sanfilippo & Son, Inc. Common Stock",67.57,790.128511
IBCP,Independent Bank Corporation Common Stock,35.59,790.072909
IMC,IMC Rare Earths Ltd Ordinary Shares,7.5,788.25
FOXF,Fox Factory Holding Corp. Common Stock,18.74,787.660959
SMBC,"Southern Missouri Bancorp, Inc. Common Stock",71.5,787.449449
MTUS,Metallus Inc. Common Shares,18.97,786.292917
VLRS,"Controladora Vuela Compania de Aviacion, S.A.B. de C.V. American Depositary Shares, each representing ten (10) Ordinary Participation Certificates",6.76,785.484426
KELYB,"Kelly Services, Inc. Class B Common Stock",22.59,784.594592
PGC,Peapack-Gladstone Financial Corporation Common Stock,44.12,782.157242
LYTS,LSI Industries Inc. Common Stock,20.96,780.997603
SLDB,Solid Biosciences Inc. Common Stock,7.28,780.599733
FISI,"Financial Institutions, Inc. Common Stock",39.55,779.386538
VREX,Varex Imaging Corporation Common Stock,18.46,777.166
MITK,"Mitek Systems, Inc. Common Stock",17.22,777.00728
CRTO,Criteo S.A. Ordinary Shares,15.8,774.161432
DSGN,"Design Therapeutics, Inc. Common Stock",12.36,773.509206
LWLG,"Lightwave Logic, Inc. Common Stock",5.0,770.836275
CGBD,"Carlyle Secured Lending, Inc. Common Stock",11.2,770.611307
AHCO,AdaptHealth Corp. Common Stock,5.65,770.344707
HQ,Horizon Quantum Holdings Ltd. Class A Ordinary Shares,14.27,770.181582
CTO,"CTO Realty Growth, Inc. Common Stock",20.48,767.702098
NABL,"N-able, Inc. Common Stock",4.05,765.069503
WGO,"Winnebago Industries, Inc. Common Stock",27.01,763.5428
MNTN,"MNTN, Inc. Class A Common Stock",10.19,762.244231
ABR,Arbor Realty Trust Common Stock,4.08,761.156815
SHBI,Shore Bancshares Inc Common Stock,22.8,760.887893
ANNX,"Annexon, Inc. Common Stock",4.01,760.212327
HDL,SUPER HI INTERNATIONAL HOLDING LTD. American Depositary Shares,11.69,760.199531
APOG,"Apogee Enterprises, Inc. Common Stock",36.41,759.814585
WLKP,Westlake Chemical Partners LP Common Units representing limited partner interests,21.55,759.548692
HTB,"HomeTrust Bancshares, Inc. Common Stock",45.5,759.53969
JBGS,JBG SMITH Properties Common Shares,10.17,758.869616
GILT,Gilat Satellite Networks Ltd. Ordinary Shares,10.01,755.464189
PRAA,"PRA Group, Inc. Common Stock",20.05,754.84252
AVR,Anteris Technologies Global Corp. Common Stock,7.74,754.328589
RILYG,"BRC Group Holdings, Inc. 5.00% Senior Notes due 2026",24.72,753.887472
OLMA,"Olema Pharmaceuticals, Inc. Common Stock",8.61,753.354396
GOOS,Canada Goose Holdings Inc. Subordinate Voting Shares,7.67,749.065239
BBSI,"Barrett Business Services, Inc. Common Stock",30.85,747.655303
MOV,Movado Group Inc. Common Stock,33.48,747.013963
BFS,"Saul Centers, Inc. Common Stock",30.21,746.703621
MITN,"TPG Mortgage Investment Trust, Inc. 9.500% Senior Notes due 2029",25.315,746.61489
CTKB,"Cytek Biosciences, Inc. Common Stock",5.74,746.103872
MITP,"TPG Mortgage Investment Trust, Inc. 9.500% Senior Notes due 2029",25.28,745.582636
GSM,Ferroglobe PLC Ordinary Shares,3.99,745.573463
MLAB,"Mesa Laboratories, Inc. Common Stock",132.99,744.194618
APEI,"American Public Education, Inc. Common Stock",40.62,743.408677
PHAR,"Pharming Group N.V. ADS, each representing 10 ordinary shares",10.52,742.97742
QDEL,QuidelOrtho Corporation Common Stock,10.83,742.671874
TASK,"TaskUs, Inc. Class A Common Stock",8.1,742.66487
NUAI,"New Era Energy & Digital, Inc. Common Stock",6.96,741.652999
ASC,Ardmore Shipping Corporation Common Stock,18.15,740.567444
BWMN,Bowman Consulting Group Ltd. Common Stock,42.61,738.666166
DQ,"DAQO New Energy Corp. American Depositary Shares, each representing five ordinary shares",10.9,737.560893
COLL,"Collegium Pharmaceutical, Inc. Common Stock",22.63,736.733522
NRGV,"Energy Vault Holdings, Inc. Common Stock",4.05,736.450259
CCNEP,"CNB Financial Corporation Depositary Shares, each representing a 1/40th ownership interest in a share of 7.125% Series A Fixed-Rate Non-Cumulative Perpetual Preferred Stock",24.825,735.33847
WASH,"Washington Trust Bancorp, Inc. Common Stock",38.49,734.170615
WYFI,"WhiteFiber, Inc. Ordinary Shares",18.83,731.510062
VBNK,VersaBank Common Shares,22.55,731.050231
SWIM,"Latham Group, Inc. Common Stock",6.21,730.582194
REF,Reformation Inc. Common Stock,12.35,729.629602
LUCK,Lucky Strike Entertainment Corporation Class A Common Stock,5.33,726.628347
FDUS,Fidus Investment Corporation Common Stock,19.13,726.066983
FINV,FinVolution Group American Depositary Shares,3.07,724.808586
ROOT,"Root, Inc. Class A Common Stock",46.73,723.999666
MOMO,Hello Group Inc. American Depositary Shares,4.9,723.962265
SSYS,"Stratasys, Ltd. Ordinary Shares (Israel)",8.4,723.849328
BLDP,"Ballard Power Systems, Inc. Common Shares",2.06,723.246854
WVE,"Wave Life Sciences, Inc. Common Stock",3.67,723.166802
SOPH,SOPHiA GENETICS SA Ordinary Shares,8.49,722.735234
BCSF,"Bain Capital Specialty Finance, Inc. Common Stock",11.13,721.986483
MFIC,MidCap Financial Investment Corporation Common Stock,8.76,721.584221
ADAM,"Adamas Trust, Inc. Common Stock",8.01,719.937086
TCBX,"Third Coast Bancshares, Inc. Common Stock",43.18,719.161605
RCBC,River City Bank Common stock,50.58,718.221028
PAYS,"Paysign, Inc. Common Stock",12.72,718.198624
FTH,"Faeth Therapeutics, Inc. Common Stock",27.77,717.588602
CD,Chaince Digital Holdings Inc. Ordinary Shares,6.52,717.224776
CWBC,Community West Bancshares Common Stock,26.34,714.632595
OBE,Obsidian Energy Ltd. Common Shares,10.67,711.961832
AAC,Ares Acquisition Corporation III Class A Ordinary Shares,10.07,710.984898
ETRA,"Electra Therapeutics, Inc. Common stock",11.32,710.521931
GEGGL,"Great Elm Group, Inc.  7.25% Notes due 2027",24.5,710.421282
WHK,WhiteHawk Minerals Corp Class A Common Stock,25.72,708.468974
LXU,"LSB Industries, Inc. Common Stock",9.84,708.455439
NGVC,"Natural Grocers by Vitamin Cottage, Inc. Common Stock",30.7,707.515731
HYLN,Hyliion Holdings Corp. Class A Common Stock,3.96,707.244983
QVCG,"QVC Group, Inc. Common Stock",14.14,706.998544
CSIQ,Canadian Solar Inc. Common Shares (ON),10.42,706.650264
BALY,Bally's Corporation Common Stock,14.0,706.573308
FPH,"Five Point Holdings, LLC Class A Common Shares",4.77,705.385997
VTS,"Vitesse Energy, Inc. Common Stock",16.75,705.24731
NEWTP,"NewtekOne, Inc. Depositary Shares, Non-Cumulative Perpetual Preferred Stock, Series B",24.385,704.354165
PMT,PennyMac Mortgage Investment Trust Common Shares of Beneficial Interest,8.07,703.723061
VSTM,"Verastem, Inc. Common Stock",7.77,703.677937
PSTL,"Postal Realty Trust, Inc. Class A Common Stock",23.22,702.378831
GDOT,"Green Dot Corporation Class A Common Stock, $0.001 par value",12.31,701.487553
AROW,Arrow Financial Corporation Common Stock,37.79,700.011492
GROY,Gold Royalty Corp. Common Shares,3.03,699.351879
ESRT,"Empire State Realty Trust, Inc. Class A Common Stock",4.06,698.992511
EVEX,"Eve Holding, Inc. Common Stock",2.0,696.972666
CASS,"Cass Information Systems, Inc Common Stock",54.25,694.733583
PFIS,Peoples Financial Services Corp. Common Stock,69.36,694.319055
BCAL,California BanCorp Common Stock,21.59,694.13018
NIE,Virtus Equity & Convertible Income Fund Common Shares of Beneficial Interest,25.05,694.109573
GPRK,Geopark Ltd Common Shares,10.68,693.086642
LEGH,Legacy Housing Corporation Common Stock (TX),29.12,692.562067
OFRM,"Once Upon a Farm, PBC Common Stock",16.44,690.326335
PFLT,PennantPark Floating Rate Capital Ltd. Common Stock,6.95,689.564377
OABI,"OmniAb, Inc. Common Stock",4.74,689.150487
LINC,Lincoln Educational Services Corporation Common Stock,21.72,688.990524
DBVT,DBV Technologies S.A. American Depositary Shares,11.64,688.890527
LPTH,"LightPath Technologies, Inc. Class A Common Stock",9.83,688.456357
MSBI,"Midland States Bancorp, Inc. Common Stock",33.17,688.347555
MG,Mistras Group Inc Common Stock,21.59,687.63919
KRNT,Kornit Digital Ltd. Ordinary Shares,16.0,687.464544
PKOH,Park-Ohio Holdings Corp. Common Stock,47.44,687.406074
ELVR,Elevra Lithium Limited American Depository Shares,40.55,686.822802
SOC,Sable Offshore Corp. Common Stock,3.57,684.974372
VLGEA,"Village Super Market, Inc. Class A Common Stock",46.11,682.86563
FAC,Factorial Energy Inc. Class A Common Stock,6.38,682.808303
MDXG,"MiMedx Group, Inc Common Stock",4.68,682.15899
IRWD,"Ironwood Pharmaceuticals, Inc. Class A Common Stock",4.12,680.788582
XFLT,XAI Floating Rate & Alternative Income Trust Common Shares of Beneficial Interest,19.16,679.577073
HELE,Helen of Troy Limited Common Stock,29.16,679.196499
NVCT,"Nuvectis Pharma, Inc. Common Stock",20.81,678.698713
HNRG,Hallador Energy Company Common Stock,14.39,678.392907
BLSM,"BlossomHill Therapeutics, Inc. Common Stock",21.34,678.289958
BLMN,"Bloomin' Brands, Inc. Common Stock",7.91,677.261453
MPLT,"MapLight Therapeutics, Inc. Common Stock",10.45,676.884183
STLN,"Starling Oncology, Inc. Common Stock",6.64,676.723004
HOV,"Hovnanian Enterprises, Inc. Class A Common Stock",113.48,676.328317
CNNE,"Cannae Holdings, Inc. Common Stock",15.58,675.770457
CSHR,CoinShares PLC Ordinary Shares,5.12,674.71467
CLYM,"Climb Bio, Inc. Common Stock",11.74,674.301634
GEMI,"Gemini Space Station, Inc. Class A Common Stock",5.2,674.19145
BHFAN,"Brighthouse Financial, Inc. Depositary shares, each representing a 1/1,000th interest in a share of 5.375% Non-Cumulative Preferred Stock, Series C",11.72,674.035518
DNA,"Ginkgo Bioworks Holdings, Inc. Class A Common Stock",10.46,672.999297
IVR,INVESCO MORTGAGE CAPITAL INC Common Stock,6.25,672.752606
THM,"International Tower Hill Mines, Ltd. Ordinary Shares (Canada)",2.57,672.408306
INDI,"indie Semiconductor, Inc. Class A Common Stock",2.9,672.245761
EVC,Entravision Communications Corporation Common Stock,7.28,671.85886
RGR,"Sturm, Ruger & Company, Inc. Common Stock",42.04,671.725882
TRON,Tron Inc. Common Stock,1.415,671.250621
ZVRA,"Zevra Therapeutics, Inc. Common Stock",11.3,671.036725
BWMX,"Betterware de Mexico, S.A.P.I. de C.V. Ordinary Shares",16.96,669.666499
DGICA,"Donegal Group, Inc. Class A Common Stock",18.02,668.889462
CUBB,"Customers Bancorp, Inc 5.375% Subordinated Notes Due 2034",21.08,666.623169
PZZA,"Papa John's International, Inc. Common Stock",20.09,661.396692
KE,"Kimball Electronics, Inc. Common Stock",27.53,660.499622
PSNYW,Polestar Automotive Holding UK PLC Class C-1 ADS (ADW),4.02,660.406119
NEWTG,"NewtekOne, Inc. 8.50% Fixed Rate Senior Notes due 2029",25.0799,660.149416
SMWB,Similarweb Ltd. Ordinary Shares,7.59,660.075371
NEWTI,"NewtekOne, Inc. 8.00% Fixed Rate Senior Notes due 2028",25.05,659.362393
OSPN,OneSpan Inc. Common Stock,17.88,658.916853
NSLRL,Neostellar Capital Corp. 6.00% Notes due 2026,24.87,658.389031
NMFC,New Mountain Finance Corporation Common Stock,6.97,658.333158
BHB,"Bar Harbor Bankshares, Inc. Common Stock",39.21,657.397997
CARE,"Carter Bankshares, Inc. Common Stock",29.66,657.382193
RRBI,"Red River Bancshares, Inc. Common Stock",99.77,656.896256
EVER,"EverQuote, Inc. Class A Common Stock",18.59,655.106971
MATV,"Mativ Holdings, Inc. Common Stock",11.84,653.45076
TBLD,Thornburg Income Builder Opportunities Trust Common Stock,20.31,651.583044
BSTZ,BlackRock Science and Technology Term Trust Common Shares of Beneficial Interest,29.37,650.775467
WOOF,"Petco Health and Wellness Company, Inc. Class A Common Stock",2.27,650.17194
DDI,"DoubleDown Interactive Co., Ltd. American Depository Shares",13.09,648.65453
PKE,Park Aerospace Corp. Common Stock,29.78,647.751064
NFGC,New Found Gold Corp Common Shares,1.68,645.720682
STTK,"Shattuck Labs, Inc. Common Stock",6.43,645.335717
ABTC,American Bitcoin Corp. Class A Common Stock,8.84,643.726263
ACNB,ACNB Corporation Common Stock,63.18,642.536177
ANGO,"AngioDynamics, Inc. Common Stock",15.54,642.305325
TIPT,Tiptree Inc. Common Stock,17.23,641.639893
PRTH,"Priority Technology Holdings, Inc. Common Stock",7.77,640.56169
AURA,"Aura Biosciences, Inc. Common Stock",6.15,637.784575
UAMY,United States Antimony Corporation Common Stock,4.26,637.591576
YEXT,"Yext, Inc. Common Stock",6.43,636.433067
IPX,IperionX Limited American Depositary Share,18.75,636.345131
WCCB,West Coast Community Bancorp Common Stock,60.41,635.759854
SUPV,Grupo Supervielle S.A. American Depositary Shares each Representing five Class B shares,6.96,635.757469
HIFS,Hingham Institution for Savings Common Stock,295.88,635.372712
SLRC,SLR Investment Corp. Common Stock,11.64,635.01594
TROX,Tronox Holdings plc Ordinary Shares (UK),3.97,634.009115
CCSI,"Consensus Cloud Solutions, Inc. Common Stock",34.44,631.110314
CGNT,Cognyte Software Ltd. Ordinary Shares,8.53,630.37025
RSVR,"Reservoir Media, Inc. Common Stock",9.55,629.638596
SWBI,"Smith & Wesson Brands, Inc. Common Stock",14.03,629.10071
INN,"Summit Hotel Properties, Inc. Common Stock",5.82,627.707155
PHR,"Phreesia, Inc. Common Stock",10.1,626.916534
DLY,DoubleLine Yield Opportunities Fund Common Shares of Beneficial Interest,13.07,626.651332
FWRG,"First Watch Restaurant Group, Inc. Common Stock",10.15,626.381215
AHG,Akso Health Group ADS,0.731,626.250753
GAIN,Gladstone Investment Corporation Business Development Company,15.71,625.603102
RILYT,"BRC Group Holdings, Inc. 6.00% Senior Notes Due 2028",20.5,625.189853
HPP,"Hudson Pacific Properties, Inc. Common Stock",11.5,624.090522
SMC,Summit Midstream Corporation Common Stock,30.66,622.645886
CLDT,Chatham Lodging Trust (REIT) Common Shares of Beneficial Interest,13.33,620.719635
MAMA,"Mama's Creations, Inc. Common Stock",13.15,619.989217
RMT,"Royce Micro-Cap Trust, Inc. Common Stock",13.39,619.543343
VTEX,VTEX Class A Common Shares,3.58,619.316655
MGRE,"Affiliated Managers Group, Inc. 6.750% Junior Subordinated Notes due 2064",21.78,618.814732
SCHL,Scholastic Corporation Common Stock,33.58,618.18913
DGICB,"Donegal Group, Inc. Class B Common Stock",16.59,615.808888
GDYN,"Grid Dynamics Holdings, Inc. Class A Common Stock",7.59,615.753027
FLGT,"Fulgent Genetics, Inc. Common Stock",22.36,615.241951
CRMD,CorMedix Inc. Common Stock,7.89,614.980716
FWDI,"Forward Industries, Inc. Common Stock",8.05,614.120131
VALN,Valneva SE American Depositary Shares,6.47,613.909955
MLR,"Miller Industries, Inc. Common Stock",54.03,613.358502
SGMT,Sagimet Biosciences Inc. Series A Common Stock,9.94,612.21612
MATW,Matthews International Corporation Class A Common Stock,19.52,609.281137
NXP,Nuveen Select Tax Free Income Portfolio Common Stock,13.01,608.85646
CLMB,"Climb Global Solutions, Inc. Common Stock",32.61,608.523438
VINP,Vinci Compass Investments Ltd. Class A Common Shares,9.29,607.77129
ISOU,IsoEnergy Ltd. Common Shares,9.29,606.092225
EGY,"VAALCO Energy, Inc.  Common Stock",5.76,605.904641
BTBT,"Bit Digital, Inc. Ordinary Shares",1.68,605.864285
SHEN,Shenandoah Telecommunications Co Common Stock,11.35,605.689118
ENHA,Enhanced Group Inc. Class A Common Stock,1.53,604.925375
GOOD,Gladstone Commercial Corporation Real Estate Investment Trust,12.47,603.641537
GLAS,Glass House Brands Inc. Subordinate Voting Shares,6.85,602.78619
HTZ,"Hertz Global Holdings, Inc Common Stock",1.69,602.402854
EFSCP,"Enterprise Financial Services Corporation Depositary Shares Each Representing a 1/40th Interest in a Share of 5% Fixed Rate Non-Cumulative Perpetual Preferred Stock, Series A",16.6,600.795832
FOF,"Cohen & Steers Closed-End Opportunity Fund, Inc. Common Stock",12.22,600.474034
VEL,"Velocity Financial, Inc. Common Stock",15.2,600.118146
NTGR,"NETGEAR, Inc. Common Stock",21.98,597.394882
AQST,"Aquestive Therapeutics, Inc. Common Stock",4.75,596.180328
KRNY,Kearny Financial Corp Common Stock,9.17,595.402433
BME,Blackrock Health Sciences Trust,44.63,595.052593
PHAT,"Phathom Pharmaceuticals, Inc. Common Stock",7.35,594.621865
TLRY,"Tilray Brands, Inc. Common Stock",4.02,594.084207
BAK,Braskem SA ADR,1.49,593.919836
RMR,The RMR Group Inc. Class A Common Stock,18.51,593.804983
ARQQ,Arqit Quantum Inc. Ordinary Shares,24.64,593.592014
BHFAM,"Brighthouse Financial, Inc. Depositary shares each representing a 1/1,000th Interest in a Share of 4.625% Non-Cumulative Preferred Stock, Series D",10.3,592.369099
ARRY,"Array Technologies, Inc. Common Stock",3.83,589.84946
WEAV,"Weave Communications, Inc. Common Stock",7.37,589.593507
KIDS,OrthoPediatrics Corp. Common Stock,22.58,589.559013
RILYZ,"BRC Group Holdings, Inc. 5.25% Senior Notes due 2028",19.31,588.898344
BXC,Bluelinx Holdings Inc. Common Stock,74.9,588.730253
IBEX,IBEX Limited Common Shares,44.33,588.641845
CBNK,"Capital Bancorp, Inc. Common Stock",36.12,588.411271
JBI,"Janus International Group, Inc. Common Stock",4.31,588.038255
AGNT,"AGNT, Inc. Common Stock",3.51,586.583959
CTMX,"CytomX Therapeutics, Inc. Common Stock",2.69,586.149074
DDD,3D Systems Corporation Common Stock,3.52,584.837535
OOMA,"Ooma, Inc. Common Stock",21.18,584.568
ALOY,REalloys Inc. Common Stock,8.42,584.507399
GOTU,Gaotu Techedu Inc. American Depositary Shares,2.45,584.182513
GCBC,"Greene County Bancorp, Inc. Common Stock",34.31,584.14439
WHFCL,"WhiteHorse Finance, Inc. 7.875% Notes due 2028",25.04,582.006924
FBIZ,"First Business Financial Services, Inc. Common Stock",69.42,580.928774
SSII,SS Innovations International Inc. Common Stock,2.89,579.113907
LMB,"Limbach Holdings, Inc. Common Stock",48.56,579.07766
ALT,"Altimmune, Inc. Common Stock",2.96,575.772395
BWB,"Bridgewater Bancshares, Inc. Common Stock",20.63,575.243268
NCDL,Nuveen Churchill Direct Lending Corp. Common Stock,11.64,574.865437
KELYA,"Kelly Services, Inc. Class A Common Stock",16.54,574.466337
CCB,Coastal Financial Corporation Common Stock,37.545,573.925147
SPT,"Sprout Social, Inc Class A Common Stock",9.47,573.808248
METC,"Ramaco Resources, Inc. Class A Common Stock",8.98,571.875801
HY,"Hyster-Yale, Inc. Class A common stock",31.87,571.441434
NGNE,Neurogene Inc. Common Stock,28.48,569.924159
DCBO,Docebo Inc. Common Shares,22.84,569.803047
TMS,Teamshares Inc. Common Stock,7.73,569.395789
HNST,"The Honest Company, Inc. Common Stock",5.3,568.607209
GRNT,"Granite Ridge Resources, Inc. Common Stock",4.31,568.490043
XMAX,"XMAX, Inc. Common Stock",8.76,568.310484
GORO,Goldgroup Mining Inc. Common Shares,3.36,567.930535
ELMT,The Elmet Group Co. Common Stock,18.64,567.765043
ENRD,Einride AB American Depositary Shares,3.87,567.687626
SFST,"Southern First Bancshares, Inc. Common Stock",59.93,567.642277
IIIN,"Insteel Industries, Inc. Common Stock",29.29,567.003055
EBF,"Ennis, Inc. Common Stock",22.41,566.934276
CTGO,Contango Silver & Gold Inc. Common Stock,16.95,566.819712
EVO,Evotec SE American Depositary Shares,1.59,565.651347
VMO,Invesco Municipal Opportunity Trust Common Stock,8.37,564.478533
PAR,PAR Technology Corporation Common Stock,13.64,564.187337
MAX,"MediaAlpha, Inc. Class A Common Stock",9.2,563.628598
BRBI,BRBI BR Partners S.A. ADSs,11.24,563.534777
ALLO,"Allogene Therapeutics, Inc. Common Stock",1.63,563.150136
MNPR,Monopar Therapeutics Inc. Common Stock,83.72,561.94304
UNTY,"Unity Bancorp, Inc. Common Stock",55.93,561.681388
ENVX,Enovix Corporation Common Stock,2.555,560.691007
LOT,Lotus Technology Inc. American Depositary Shares,0.8701,558.6824
MGR,"Affiliated Managers Group, Inc. 5.875% Junior Subordinated Notes due 2059",19.65,558.297038
CARS,Cars.com Inc. Common Stock,10.42,557.81088
FBRT,"Franklin BSP Realty Trust, Inc. Common Stock",6.71,557.234741
YB,Yuanbao Inc. American Depositary Shares,12.08,556.648828
CIVB,"Civista Bancshares, Inc. Common Stock",26.71,555.414097
ADTN,"ADTRAN Holdings, Inc. Common Stock",6.8,554.073568
TITN,Titan Machinery Inc. Common Stock,23.47,552.317093
VFSWW,VinFast Auto Ltd. Warrant,0.2357,551.428638
RYAM,Rayonier Advanced Materials Inc. Common Stock,8.15,551.300295
FBIOP,"Fortress Biotech, Inc. 9.375% Series A Cumulative Redeemable Perpetual Preferred Stock",16.52,550.958404
DCTH,"Delcath Systems, Inc. Common Stock",15.81,548.587949
MSIF,"MSC Income Fund, Inc. Common Stock",12.08,547.770366
ITIC,Investors Title Company Common Stock,289.47,546.518202
TMQ,Trilogy Metals Inc. Common Stock,3.16,545.876219
NVRI,Enviri Corporation Common Stock,19.35,545.478803
NRIM,Northrim BanCorp Inc Common Stock,24.52,545.441662
NRDS,"NerdWallet, Inc. Class A Common Stock",8.52,544.625442
GMRS,GMR Solutions Inc. Class A Common Stock,10.02,541.297544
EPRX,Eupraxia Pharmaceuticals Inc. Common Stock,8.21,541.093449
WTI,"W&T Offshore, Inc. Common Stock",3.58,540.375768
CBIO,"Crescent Biopharma, Inc. Common Stock",14.53,539.701448
UHT,Universal Health Realty Income Trust Common Stock,38.79,539.129952
HUYA,"HUYA Inc. American depositary shares, each  representing one Class A ordinary share",2.36,538.943979
BWBBP,"Bridgewater Bancshares, Inc. Depositary Shares, Each Representing a 1/100th Interest in a Share of 5.875% Non-Cumulative Perpetual Preferred Stock, Series A",19.3,538.157784
ETD,Ethan Allen Interiors Inc. Common Stock,21.2,534.293064
CWH,"Camping World Holdings, Inc. Class A Common Stock",5.17,534.034716
NOAH,Noah Holdings Limited American Depositary Shares,7.96,533.73119
BSVN,Bank7 Corp. Common stock,56.02,533.638453
CMDB,Costamare Bulkers Holdings Limited Common Stock,22.04,532.937603
PACB,"Pacific Biosciences of California, Inc. Common Stock",1.71,531.520598
NVEC,NVE Corporation Common Stock,109.81,531.169198
BWAY,BrainsWay Ltd. American Depositary Shares,13.25,530.437595
AGCC,Agencia Comercial Spirits Ltd Class A Ordinary Shares,14.2,529.4683
MTC,"MMTec, Inc. Common Shares",5.3,527.815398
HBCP,"Home Bancorp, Inc. Common Stock",67.06,527.812495
BWFG,"Bankwell Financial Group, Inc. Common Stock",66.16,527.425668
EOLS,"Evolus, Inc. Common Stock",7.96,525.761502
ITRG,Integra Resources Corp. Common Shares,2.59,525.441251
OCS,Oculis Holding AG Ordinary shares,9.06,525.339008
MSBIP,"Midland States Bancorp, Inc. Depositary Shares Each Representing a 1/40th Interest in a Share of 7.750% Fixed-Rate Reset Non-Cumulative Perpetual Preferred Stock, Series A",25.3,525.028434
PANL,Pangaea Logistics Solutions Ltd. Common Shares,8.01,524.444914
SLN,Silence Therapeutics Plc American Depository Share,11.2,524.16
BMM,Blue Moon Metals Inc. Common Shares,4.99,523.266375
NPB,"Northpointe Bancshares, Inc. Common Stock",15.11,522.531633
SDHC,Smith Douglas Homes Corp. Class A Common Stock,10.28,522.515757
OPFI,OppFi Inc. Class A Common Stock,6.12,521.474472
PRME,"Prime Medicine, Inc. Common Stock",2.875,521.458461
SENS,"Senseonics Holdings, Inc. Common Stock",9.84,520.280682
DDL,Dingdong (Cayman) Limited American Depositary Shares (each two representing three Ordinary Shares),2.19,517.33863
SBC,SBC Medical Group Holdings Incorporated Common Stock,5.03,517.320123
TCMD,"Tactile Systems Technology, Inc. Common Stock",22.82,516.925167
FWRD,Forward Air Corporation Common Stock,15.27,515.833763
SLDP,"Solid Power, Inc. Class A Common Stock",2.26,515.689539
BSRR,Sierra Bancorp Common Stock,39.77,515.554299
WNC,Wabash National Corporation Common Stock,12.65,515.325238
RFI,"Cohen & Steers Total Return Realty Fund, Inc. Common Stock",10.48,514.972821
NDMO,Nuveen Dynamic Municipal Opportunities Fund Common Shares of Beneficial Interest,8.66,514.968926
ONT,"Onterris, Inc. Common Stock",14.64,514.119087
BRSP,"BrightSpire Capital, Inc. Class A Common Stock",4.06,513.688171
AUXX,Gold X2 Mining Inc. Common Shares,5.06,511.995128
SGHT,"Sight Sciences, Inc. Common Stock",9.27,510.665667
DRUG,Bright Minds Biosciences Inc. Common Stock,51.66,509.577391
LAES,SEALSQ Corp Ordinary Shares,2.28,507.924718
ROMA,Roma Green Finance Limited Class A Ordinary Shares,8.52,507.490145
PBYI,Puma Biotechnology Inc Common Stock,9.82,506.909048
NXRT,"NexPoint Residential Trust, Inc. Common Stock",19.84,506.90829
MTLS,Materialise NV American Depositary Shares,8.58,506.796456
WRN,Western Copper and Gold Corporation Common Stock,2.24,506.632954
CAPR,"Capricor Therapeutics, Inc. Common Stock",8.71,506.390594
NB,NioCorp Developments Ltd. Common Stock,3.47,506.098216
HBB,Hamilton Beach Brands Holding Company Class A Common Stock,37.6,505.431683
OBT,"Orange County Bancorp, Inc. Common Stock",37.68,505.212046
GAU,Galiano Gold Inc.,1.93,504.872105
OIO,OIO Group Ordinary Shares,1.45,504.632057
SD,"SandRidge Energy, Inc. Common Stock",13.6,504.224026
YDES,YD Bio Limited Ordinary Shares,7.11,503.61087
AGMB,AgomAb Therapeutics NV American Depositary Shares,10.21,502.821825
SWRD,Stewards Inc Common Stock,2.38,502.536912
IIM,Invesco Value Municipal Income Trust Common Stock,10.67,502.220244
DNUT,"Krispy Kreme, Inc. Common Stock",2.89,501.415
OIS,"Oil States International, Inc. Common Stock",8.31,501.280964
MEI,"Methode Electronics, Inc. Common Stock",14.06,501.169445
BBCP,"Concrete Pumping Holdings, Inc. Common Stock",9.9,498.894858
ORBS,Eightco Holdings Inc. Common Stock,1.16,498.541784
CSV,"Carriage Services, Inc. Common Stock",31.38,498.386448
KMDA,Kamada Ltd. Ordinary Shares,8.62,497.462829
YORW,York Water Company (The) Common Stock,30.62,496.91915
AMCX,AMC Global Media Inc. Class A Common Stock,12.03,496.237151
AUTL,Autolus Therapeutics plc American Depositary Share,1.86,495.062324
ETO,Eaton Vance Tax-Advantage Global Dividend Opp Common Stock,30.15,494.102361
TKNO,"Alpha Teknova, Inc. Common Stock",9.2,493.931863
CERS,Cerus Corporation Common Stock,2.45,493.736
WTBA,West Bancorporation Common Stock,28.96,493.586797
GFUZ,General Fusion Group Ltd. Common Shares,7.76,493.138075
RGNX,REGENXBIO Inc. Common Stock,7.47,493.118544
COFS,"ChoiceOne Financial Services, Inc. Common Stock",32.95,492.784384
BDN,Brandywine Realty Trust Common Stock,2.82,492.30685
PBAM,"Private Bancorp of America, Inc. Common Stock",85.8,491.61581
ARVN,"Arvinas, Inc. Common Stock",7.51,491.050294
AII,"American Integrity Insurance Group, Inc. Common Stock",24.98,489.443806
NEXN,Nexxen International Ltd. Ordinary Shares,8.78,489.22844
PDLB,"Ponce Financial Group, Inc. Common Stock",20.21,488.837479
ESEA,Euroseas Ltd. Common Stock (Marshall Islands),69.21,488.337524
MFI,mF International Limited Class A Ordinary Shares,9.72,487.715434
PROK,ProKidney Corp. Class A Ordinary Shares,1.61,486.739475
TRTX,"TPG RE Finance Trust, Inc. Common Stock",6.33,485.947827
NPCE,"Neuropace, Inc. Common Stock",14.15,485.688477
HQL,abrdn Life Sciences Investors Shares of Beneficial Interest,18.9,485.34512
ILPT,Industrial Logistics Properties Trust Common Shares of Beneficial Interest,7.27,485.242555
QUAD,"Quad Graphics, Inc Class A Common Stock",9.41,484.250852
MCFT,"MasterCraft Boat Holdings, Inc. Common Stock",19.87,483.623302
GLRE,"Greenlight Capital Re, Ltd. Class A Ordinary Shares",14.81,483.418305
QNC,Quantum eMotion Corp. Common Shares,2.2,482.723274
NMCO,Nuveen Municipal Credit Opportunities Fund Common Shares,8.81,482.536686
MASS,908 Devices Inc. Common Stock,11.66,481.951
ALTI,"AlTi Global, Inc. Class A Common Stock",3.09,481.865205
JKS,JinkoSolar Holding Company Limited American Depositary Shares (each representing 4 Common Shares),9.2,481.80573
FMAO,"Farmers & Merchants Bancorp, Inc. Common Stock",34.96,481.509744
OLP,"One Liberty Properties, Inc. Common Stock",22.06,481.460029
ASMB,"Assembly Biosciences, Inc. Common Stock",23.61,480.713672
OVID,Ovid Therapeutics Inc. Common Stock,2.46,480.432728
CIX,CompX International Inc. Common Stock,38.91,480.019324
CTNM,"Contineum Therapeutics, Inc. Class A Common Stock",12.73,478.91701
ARKO,ARKO Corp. Common Stock,4.26,477.911171
SPIR,"Spire Global, Inc. Class A Common Stock",11.74,476.906636
SPCE,"Virgin Galactic Holdings, Inc. Common Stock",3.14,476.011135
VKQ,Invesco Municipal Trust Common Stock,8.55,473.118653
VGM,Invesco Trust for Investment Grade Municipals Common Stock (DE),8.72,472.902761
GTN,"Gray Media, Inc. Common Stock",4.59,472.698318
FTHY,First Trust High Yield Opportunities 2027 Term Fund Common Stock,12.85,472.532909
CMCO,Columbus McKinnon Corporation Common Stock,16.37,472.507674
KRUS,"Kura Sushi USA, Inc. Class A Common Stock",38.82,471.656634
XRN,Chiron Real Estate Inc. Common Stock,35.42,468.883939
FPI,Farmland Partners Inc. Common Stock,10.74,468.593954
ENTX,Entera Bio Ltd. Ordinary Shares,2.69,467.851331
CLPT,"ClearPoint Neuro, Inc. Common Stock",15.31,467.019715
GRVY,"GRAVITY Co., Ltd. American Depository Shares",66.81,464.256009
JOUT,Johnson Outdoors Inc. Class A Common Stock,44.24,463.620601
RWT,"Redwood Trust, Inc. Common Stock",3.69,463.509874
RILYL,"BRC Group Holdings, Inc. Depositary Shares each representing 1/1000th in a share of 7.375% Series B Cumulative Perpetual Preferred Stock, par value $0.0001",11.5218,463.173537
MGRB,"Affiliated Managers Group, Inc. 4.750% Junior Subordinated Notes due 2060",16.3,463.116627
TATT,TAT Technologies Ltd. Ordinary Shares,35.64,462.719003
SRTA,"Strata Critical Medical, Inc. Class A Common Stock",5.23,462.681395
LXFR,Luxfer Holdings PLC Ordinary Shares,17.28,462.399684
CLB,Core Laboratories Inc. Common Stock,10.03,460.221956
OPTU,"Optimum Communications, Inc. Class A common stock",1.01,460.140704
IQI,Invesco Quality Municipal Income Trust Common Stock,8.7,460.089034
TECX,"Tectonic Therapeutic, Inc. Common Stock",23.51,459.605595
ULH,"Universal Logistics Holdings, Inc. Common Stock",17.4,458.799807
ASTL,Algoma Steel Group Inc. Common Shares,4.35,458.440493
CZNC,Citizens & Northern Corp Common Stock,25.56,458.415201
TYG,Tortoise Energy Infrastructure Corporation Common Stock,38.42,458.270033
KDK,"Kodiak AI, Inc. Common Stock",2.27,455.403246
IDR,"Idaho Strategic Resources, Inc. Common Stock",28.76,455.160649
MBUU,"Malibu Boats, Inc. Class A Common Stock",23.13,455.135394
VRRM,Verra Mobility Corporation Class A Common Stock,2.99,454.428584
ZKH,"ZKH Group Limited American Depositary Shares, each representing thirty-five (35) Class A Ordinary Shares",2.85,452.920053
TWI,"Titan International, Inc. (DE) Common Stock",7.0,451.796464
SLI,Standard Lithium Ltd. Common Shares,1.83,451.615016
ETB,Eaton Vance Tax-Managed Buy-Write Income Fund Eaton Vance Tax-Managed Buy-Write Income Fund Common Shares of Beneficial Interest,15.35,450.850959
CMCL,Caledonia Mining Corporation Plc Common Shares,23.3,450.507341
WEYS,"Weyco Group, Inc. Common Stock",47.14,450.233339
DMAC,DiaMedica Therapeutics Inc. Common Stock,8.32,448.661799
PRTA,Prothena Corporation plc Ordinary Shares,8.72,447.658413
CDRO,"Codere Online Luxembourg, S.A. Ordinary Shares",9.81,446.059866
URG,Ur Energy Inc Common Shares (Canada),1.12,445.607366
RBB,RBB Bancorp Common Stock,26.33,445.397332
BMRC,Bank of Marin Bancorp Common Stock,27.47,444.855993
FRBA,First Bank Common Stock,17.68,444.376245
NRC,NRC Health Common Stock,20.06,443.718494
TRC,Tejon Ranch Co Common Stock,16.41,443.421896
MRAM,"Everspin Technologies, Inc. Common Stock",18.13,441.465663
CWCO,Consolidated Water Co. Ltd. Ordinary Shares,27.53,440.834173
AMSF,"AMERISAFE, Inc. Common Stock",23.76,440.416738
PBFS,"Pioneer Bancorp, Inc. Common Stock",17.72,440.194268
AHRT,"AH Realty Trust, Inc. Common Stock",5.9,440.098653
ATNI,"ATN International, Inc. Common Stock",28.57,440.073909
ADUR,Aduro Clean Technologies Inc. Common Stock,12.31,439.525448
VHI,"Valhi, Inc. Common Stock",15.51,439.261703
INDP,"Indaptus Therapeutics, Inc. Common Stock",3.29,438.367246
CBK,"Commercial Bancgroup, Inc. Common Stock",31.99,438.303627
ACIC,American Coastal Insurance Corporation Common Stock,9.26,437.737127
RILYP,"BRC Group Holdings, Inc. Depositary Shares, each representing a 1/1000th fractional interest in a share of Series A Cumulative Perpetual Preferred Stock",10.8811,437.417554
CBAN,"Colony Bankcorp, Inc. Common Stock",20.58,436.72746
IMSR,Terrestrial Energy Inc. Common Stock,4.12,436.453246
IPI,"Intrepid Potash, Inc Common Stock",32.34,435.188837
GLAD,Gladstone Capital Corporation Common Stock,19.26,435.142509
HVT,"Haverty Furniture Companies, Inc. Common Stock",27.83,433.970612
PLBC,Plumas Bancorp,62.34,433.825057
AVBC,"Avidia Bancorp, Inc. Common Stock",21.71,433.555343
CAL,"Caleres, Inc. Common Stock",12.53,432.347362
FVR,"FrontView REIT, Inc. Common Stock",17.64,431.403011
GENVR,Gen Digital Inc. Contingent Value Rights,0.72,430.982663
ECX,ECARX Holdings Inc. Class A Ordinary shares,1.13,430.597782
GUT,Gabelli Utility Trust (The) Common Stock,5.86,430.11831
MEC,"Mayville Engineering Company, Inc. Common Stock",16.85,429.680577
LOCO,"El Pollo Loco Holdings, Inc. Common Stock",14.1,429.104412
ASPN,"Aspen Aerogels, Inc. Common Stock",5.17,429.052013
EIKN,"Eikon Therapeutics, Inc. Common Stock",7.91,428.445387
XRX,Xerox Holdings Corporation Common Stock,3.26,428.085306
DGXX,Digi Power X Inc. Subordinate Voting Shares,4.22,427.879958
VCV,Invesco California Value Municipal Income Trust Common Stock,8.93,427.662388
GLOO,"Gloo Holdings, Inc. Class A Common Stock",4.66,426.534651
MAGN,Magnera Corporation Common Stock,11.91,426.378
ASIX,AdvanSix Inc. Common Stock,15.78,426.078715
AGEN,Agenus Inc. Common Stock,9.43,425.876868
CTRN,"Citi Trends, Inc. Common Stock",50.82,423.810697
USDE,StablecoinX Inc. Class A Common Stock,15.56,423.031727
NGS,"Natural Gas Services Group, Inc. Common Stock",32.75,422.418834
KYTX,"Kyverna Therapeutics, Inc. Common Stock",6.82,421.772288
EVGO,EVgo Inc. Class A Common Stock,1.34,421.451065
GNE,Genie Energy Ltd. Class B Common Stock Stock,16.0,421.113968
BTQ,BTQ Technologies Corp. Common Stock,2.86,420.650736
IRD,"Opus Genetics, Inc. Common Stock",5.05,420.138906
ACTG,Acacia Research Corporation (Acacia Tech) Common Stock,4.3,419.623262
SGU,Star Group L.P. Common Stock,12.78,419.32734
MNRO,"Monro, Inc. Common Stock",13.4,418.938404
USCB,"USCB Financial Holdings, Inc. Class A Common Stock",22.65,418.446746
ALLT,Allot Ltd. Ordinary Shares,8.53,417.314034
AVIR,"Atea Pharmaceuticals, Inc. Common Stock",5.2,417.064435
CLFD,"Clearfield, Inc. Common Stock",30.66,416.48406
NATH,"Nathan's Famous, Inc. Common Stock",101.48,415.830638
VITL,"Vital Farms, Inc. Common Stock",9.67,415.147818
MGRD,"Affiliated Managers Group, Inc. 4.200% Junior Subordinated Notes due 2061",14.5586,413.63986
EVH,"Evolent Health, Inc Class A Common Stock",3.65,412.666573
SCTX,Scribe Therapeutics Inc. Common Stock,21.77,412.142674
BLW,Blackrock Limited Duration Income Trust,11.53,411.750747
NMG,Nouveau Monde Graphite Inc. Common Shares,1.25,411.446038
DDT,Dillard's Capital Trust I,26.32,411.10395
ARCT,Arcturus Therapeutics Holdings Inc. Common Stock,14.46,410.997578
SPRY,"ARS Pharmaceuticals, Inc. Common Stock",4.13,410.717527
RLGT,"Radiant Logistics, Inc. Common Stock",8.75,410.324863
CHCT,Community Healthcare Trust Incorporated Common Stock,14.31,410.036479
ADV,Advantage Solutions Inc. Class A Common Stock,31.93,409.413804
PHOE,Phoenix Asia Holdings Limited Ordinary Shares,18.95,409.32
CRMLW,Critical Metals Corp. Warrants,2.78,408.642633
CYH,"Community Health Systems, Inc. Common Stock",2.89,407.517042
MYGN,"Myriad Genetics, Inc. Common Stock",4.24,405.554495
FRPH,"FRP Holdings, Inc. Common Stock",21.09,404.892168
RZLT,"Rezolute, Inc. Common Stock (NV)",4.18,404.299352
RLMD,"Relmada Therapeutics, Inc. Common Stock",3.79,404.278716
LAND,Gladstone Land Corporation Common Stock,9.37,404.189689
ISTR,Investar Holding Corporation Common Stock,29.33,404.080173
OFIX,Orthofix Medical Inc. Common Stock (DE),9.84,400.808863
TRX,TRX Gold Corporation Common Stock,1.22,399.518291
HCMA,HCM III Acquisition Corp. Class A Ordinary Share,10.29,399.380625
ACCO,Acco Brands Corporation Common Stock,4.32,398.768694
ASPI,ASP Isotopes Inc. Common Stock,2.6,398.604388
BOC,Boston Omaha Corporation Class A Common Stock,13.23,398.574468
MNTK,"Montauk Renewables, Inc. Common Stock",2.8,398.555189
GREEL,Vulcan Infrastructure and Power Inc. 8.50% Senior Notes due 2026,25.3499,397.319554
SAZ,Saratoga Investment Corp 8.50% Notes due 2028,25.315,396.638736
GALT,Galectin Therapeutics Inc. Common Stock,3.93,396.339101
PKBK,"Parke Bancorp, Inc. Common Stock",33.65,395.773466
FSTR,L.B. Foster Company Common Stock,37.6,395.543089
SAJ,Saratoga Investment Corp 8.00% Notes due 2027,25.1748,394.442064
CHMG,Chemung Financial Corp Common Stock,81.73,394.058907
SAY,Saratoga Investment Corp 8.125% Notes due 2027,25.13,393.740132
TRVG,trivago N.V. American Depositary Shares,5.57,393.351584
RMNI,"Rimini Street, Inc. (DE) Common Stock",4.21,393.02876
ZURA,Zura Bio Limited Class A Ordinary Shares,4.1,392.899462
FCBM,"First Carolina Financial Services, Inc. Common Stock",12.64,392.710289
VGZ,Vista Gold Corp Common Stock,2.69,392.662921
KPLT,"Katapult Holdings, Inc. Common Stock",4.62,392.002634
CGC,Canopy Growth Corporation Common Shares,0.9254,391.479064
TTRX,Turn Therapeutics Inc. Common Stock,13.04,388.436042
BNED,"Barnes & Noble Education, Inc Common Stock",11.18,387.554476
PCB,PCB Bancorp Common Stock,27.59,387.490569
OXM,"Oxford Industries, Inc. Common Stock",25.85,387.188383
CARL,"Carlsmed, Inc. Common Stock",14.18,387.152896
FNLC,"First Bancorp, Inc  (ME) Common Stock",34.3,386.984262
CZFS,"Citizens Financial Services, Inc. Common Stock",80.44,386.904736
CPS,Cooper-Standard Holdings Inc. Common Stock,21.77,386.835658
ATLCZ,Atlanticus Holdings Corporation 9.25% Senior Notes due 2029,25.5,385.69895
PRE,Prenetics Global Limited Class A Ordinary Share,22.76,385.502507
EDIT,"Editas Medicine, Inc. Common Stock",2.51,385.485888
FRST,Primis Financial Corp. Common Stock,15.54,385.377579
MVBF,MVB Financial Corp. Common Stock,29.67,384.745933
TWIN,"Twin Disc, Incorporated Common Stock",26.46,384.699717
SERV,Serve Robotics Inc. Common Stock,4.43,384.114256
VFF,"Village Farms International, Inc. Common Shares",3.14,383.978973
FENC,Fennec Pharmaceuticals Inc. Common Stock,10.95,383.6223
NUAIW,"New Era Energy & Digital, Inc. Warrants",3.6,383.61362
CCCC,"C4 Therapeutics, Inc. Common Stock",3.115,383.223299
NWCLW,newcleo plc Warrants,0.75,382.034198
ATLCL,Atlanticus Holdings Corporation 6.125% Senior Notes due 2026,25.255,381.993214
TACO,Berto Acquisition Corp. Ordinary Shares,10.455,381.003536
CTEV,Claritev Corporation Class A Common Stock,22.47,380.809494
OPRT,Oportun Financial Corporation Common Stock,8.28,380.774455
GRRR,Gorilla Technology Group Inc. Ordinary shares,13.71,380.554969
CCOI,"Cogent Communications Holdings, Inc.",7.43,380.532918
IIIV,"i3 Verticals, Inc. Class A Common Stock",14.41,379.30015
DRTSW,Alpha Tau Medical Ltd. Warrant,4.1,379.160431
OTLY,Oatly Group AB American Depositary Shares,11.86,378.47938
TCI,"Transcontinental Realty Investors, Inc. Common Stock",43.12,378.333371
SOR,"Source Capital, Inc. Cmn Shs of BI",45.25,377.587856
GCO,Genesco Inc. Common Stock,34.89,377.515103
SDHY,PGIM Short Duration High Yield Opportunities Fund Common Shares,15.23,375.770643
NKLR,Terra Innovatum Global N.V. Ordinary shares,3.4,375.703087
RDIB,Reading International Inc Class B Common Stock,16.33,373.795774
SLP,"Simulations Plus, Inc. Common Stock",18.48,373.755006
SI,"Shoulder Innovations, Inc. Common Stock",17.95,373.700278
VALU,"Value Line, Inc. Common Stock",39.785,373.266769
PACK,Ranpak Holdings Corp Class A Common Stock,4.35,373.048557
CINT,CI&T Inc Class A Common Shares,2.89,372.491386
AUNA,Auna SA Class A Ordinary Shares,5.02,371.545084
EVN,Eaton Vance Municipal Income Trust Common Stock,9.36,371.284646
HTT,"High Templar Tech Limited American depositary shares, each representing one Class A ordinary share",2.39,371.127575
WDH,Waterdrop Inc. American Depositary Shares (each representing the right to receive 10 Class A Ordinary Shares),1.03,370.081012
NWFL,Norwood Financial Corp. Common Stock,33.9,369.580309
STRZ,Starz Entertainment Corp. Common Shares,21.5,368.169677
CV,"CapsoVision, Inc. Common Stock",6.92,368.113497
ENTA,"Enanta Pharmaceuticals, Inc. Common Stock",12.615,367.416946
KREF,KKR Real Estate Finance Trust Inc. Common Stock,6.26,366.697954
NECB,"NorthEast Community Bancorp, Inc. Common Stock",26.63,366.590151
DIN,"Dine Brands Global, Inc. Common Stock",28.85,365.216478
GMTL,Guardian Metal Resources PLC ADS,9.16,364.196122
ATLCP,"Atlanticus Holdings Corporation 7.625% Series B Cumulative Perpetual Preferred Stock, no par value per share",24.0,364.080912
OPI,Office Properties Income Trust Common shares of beneficial interest,16.55,363.331699
WSBF,"Waterstone Financial, Inc. Common Stock (MD)",20.2,363.135966
RCEL,"Avita Medical, Inc. Common Stock",11.67,360.916304
BKKT,"Bakkt, Inc. Class A Common Stock",8.0,360.555664
LND,Brasilagro Brazilian Agric Real Estate Co Sponsored ADR (Brazil),3.51,360.418888
JILL,"J. Jill, Inc. Common Stock",24.22,359.981303
MCI,Barings Corporate Investors Common Stock,17.73,359.240278
SHOE,"Shoe Station Group, Inc. Common Stock",13.21,359.098196
GBLI,"Global Indemnity Group, LLC Class A Common Stock",24.5,358.695043
FLXS,"Flexsteel Industries, Inc. Common Stock",87.53,358.15009
LSAK,"Lesaka Technologies, Inc. Common Stock",4.17,357.886472
RNGR,"Ranger Energy Services, Inc. Class A Common Stock",15.26,357.114871
BCBP,"BCB Bancorp, Inc. (NJ) Common Stock",8.55,356.978078
CYPH,Cypherpunk Technologies Inc. Common Stock,3.31,356.700104
FOSL,"Fossil Group, Inc. Common Stock",6.02,356.011073
SHIP,Seanergy Maritime Holdings Corp. Common Stock,16.42,355.791811
BRCB,"Black Rock Coffee Bar, Inc. Class A Common Stock",7.1,355.516021
VOXR,Vox Royalty Corp. Common Stock,5.11,355.120901
MOVE,"Corvex, Inc. Common Stock",11.24,354.647571
OBIO,"Orchestra BioMed Holdings, Inc. Ordinary Shares",5.89,354.018739
RR,Richtech Robotics Inc. Class B Common Stock,1.57,353.410051
KNOP,KNOT Offshore Partners LP Common Units representing Limited Partner Interests,10.49,353.096988
CRNC,Cerence Inc. Common Stock,7.8,352.796005
VELO,"Velo3D, Inc. Common stock",10.97,352.675824
IMXI,"International Money Express, Inc. Common Stock",11.65,351.965455
EBS,Emergent BioSolutions Inc. Common Stock,6.86,351.735085
AIOT,"PowerFleet, Inc. Common Stock",2.62,351.671905
REAX,Real REMAX Group Inc. Common Stock,16.03,351.3776
NPWR,NET Power Inc. Class A Common Stock,1.56,350.779355
CLNE,Clean Energy Fuels Corp. Common Stock,1.59,350.507574
TSBK,"Timberland Bancorp, Inc. Common Stock",45.02,350.060573
CCAP,"Crescent Capital BDC, Inc. Common stock",9.5,350.036544
FSBW,"FS Bancorp, Inc. Common Stock",44.47,349.629722
BNTC,Benitec Biopharma Inc. Common Stock,10.02,349.524915
OCGN,"Ocugen, Inc. Common Stock",1.03,349.283713
HQWWW,Horizon Quantum Holdings Ltd. Warrant,6.47,349.199358
CURR,Currenc Group Inc. Ordinary Shares,3.11,349.196662
SRZN,"Surrozen, Inc. Common Stock",29.64,348.375459
DSX,Diana Shipping inc. common stock,2.8,348.358363
CION,CION Investment Corporation Common Stock,7.07,347.863117
API,"Agora, Inc. American Depositary Shares",4.15,347.66625
VMD,"Viemed Healthcare, Inc. Common Shares",9.11,346.983757
CUB,Lionheart Holdings Class A Ordinary Shares,10.9,346.277478
LZM,Lifezone Metals Limited Ordinary Shares,3.85,346.171044
SUJA,"Suja Life, Inc. Class A Common Stock",8.94,345.307607
AVBH,"Avidbank Holdings, Inc. Common stock",31.41,344.991107
ARTV,"Artiva Biotherapeutics, Inc. Common Stock",7.05,344.675353
LEO,"BNY Mellon Strategic Municipals, Inc. Common Stock",5.53,344.468423
BRBS,"Blue Ridge Bankshares, Inc. Common Stock",3.83,343.508307
ERII,"Energy Recovery, Inc. Common Stock",6.72,343.02156
NL,"NLI Holdings, Inc. Common Stock",7.0,342.291138
SNDL,SNDL Inc. Common Shares,1.39,342.107972
FIP,FTAI Infrastructure Inc. Common Stock,2.89,341.54522
SOHU,Sohu.com Limited American Depositary Shares,13.1,341.504188
GTE,Gran Tierra Energy Inc. Common Stock,9.65,341.42114
REI,"Ring Energy, Inc. Common Stock",1.31,341.306885
IQMXW,IQM Quantum Computers Oyj Warrants to purchase American Depositary Shares,1.8,341.093192
TREE,"LendingTree, Inc. Common Stock",24.21,339.897772
ARTNA,Artesian Resources Corporation Class A Common Stock,32.89,339.65901
CABA,"Cabaletta Bio, Inc. Common Stock",2.0,339.09089
VKI,Invesco Advantage Municipal Income Trust II Common Shares of Beneficial Interest (DE),7.63,338.817933
LTRX,"Lantronix, Inc. Common Stock",7.22,338.469268
IA,"Innovative Solutions and Support, Inc. Common Stock",18.9,338.29437
ORN,"Orion Group Holdings, Inc. Common",8.35,338.135672
ZH,"Zhihu Inc. American Depositary Shares, each representing three (3) Class A Ordinary Shares",3.8,337.382103
RCKY,"Rocky Brands, Inc. Common Stock",45.03,337.360752
BCML,BayCom Corp Common Stock,30.87,337.104012
RPAY,Repay Holdings Corporation Class A Common Stock,3.75,336.977426
NOA,North American Construction Group Ltd. Common Shares (no par),12.16,336.959218
EMBC,Embecta Corp. Common Stock,5.93,335.991422
PPHC,"Public Policy Holding Company, Inc. Common Stock",11.23,335.724095
TCPC,BlackRock TCP Capital Corp. Common Stock,3.98,333.933045
BMBL,Bumble Inc. Class A Common Stock,2.53,333.879834
EH,EHang Holdings Limited ADS,4.4,333.719593
CVEO,Civeo Corporation (Canada) Common Shares,32.19,332.743491
PERI,Perion Network Ltd. Ordinary Shares,8.44,331.947892
PESI,"Perma-Fix Environmental Services, Inc. Common Stock",15.64,331.85501
OEC,Orion S.A. Common Shares,5.87,331.788243
GEVO,"Gevo, Inc. Common Stock",1.34,331.297719
SFIX,"Stitch Fix, Inc. Class A Common Stock",2.47,330.001107
GASS,"StealthGas, Inc. Common Stock",8.87,329.837035
BIOA,"BioAge Labs, Inc. Common Stock",7.18,329.539807
LRMR,"Larimar Therapeutics, Inc. Common Stock",3.17,329.30891
NNDM,Nano Dimension Ltd. American Depositary Shares,1.56,328.908857
SVIA,"Silvia, Inc. Common Stock",3.9,328.810716
MPTI,"M-tron Industries, Inc. Common Stock",75.44,327.898149
PNRG,PrimeEnergy Resources Corporation Common Stock,206.78,327.250028
HTZWW,"Hertz Global Holdings, Inc Warrant",0.9169,326.830282
VOGX,Vogenx Inc Common Stock,22.0,326.811914
JMSB,"John Marshall Bancorp, Inc. Common Stock",23.1,325.990295
ABAT,American Battery Technology Company Common Stock,2.27,323.651511
NEWT,"NewtekOne, Inc. Common Stock",11.19,323.22014
LWAY,"Lifeway Foods, Inc. Common Stock",21.36,322.680116
SMTI,Sanara MedTech Inc. Common Stock,35.1,322.500029
PPT,Franklin Premier Income Trust Shares of Beneficial Interest,3.24,322.471572
DBI,Designer Brands Inc. Class A Common Stock,6.29,321.566211
EGHT,8x8 Inc Common Stock,2.225,321.36899
MLP,"Maui Land & Pineapple Company, Inc. Common Stock",16.17,321.122536
BDSX,"Biodesix, Inc. Common Stock",30.42,320.96501
CLW,Clearwater Paper Corporation Common Stock,19.89,320.781226
LVWR,"LiveWire Group, Inc. Common Stock",1.56,320.443433
FVCB,"FVCBankcorp, Inc. Common Stock",17.75,320.107139
OFSSH,OFS Capital Corporation 4.95% Notes due 2028,23.84,319.41018
FISN,"Deep Fission, Inc. Common Stock",5.42,319.270184
FDBC,"Fidelity D & D Bancorp, Inc. Common Stock",54.84,318.538579
KTF,DWS Municipal Income Trust,8.06,318.37756
CHSCP,CHS Inc. 8%  Cumulative Redeemable Preferred Stock,25.92,318.090318
FTW,Presidio Production Company Class A Common Stock,10.15,317.957022
ELA,Envela Corporation Common Stock,12.24,317.792946
COSO,"CoastalSouth Bancshares, Inc. Common Stock",26.56,317.510086
OPAL,OPAL Fuels Inc. Class A Common Stock,1.8,314.442
PSFE,Paysafe Limited Common Shares,6.02,314.337141
CHSCO,CHS Inc. Class B Cumulative Redeemable Preferred Stock,25.61,314.285997
VNDA,Vanda Pharmaceuticals Inc. Common Stock,5.17,312.592092
BBW,"Build-A-Bear Workshop, Inc. Common Stock",25.36,312.418336
MKTW,"MarketWise, Inc. Class A Common Stock",19.79,312.177058
PRLD,Prelude Therapeutics Incorporated Common Stock,3.91,312.031626
CBNA,"Chain Bridge Bancorp, Inc. Class A Common Stock",47.48,311.555071
TMCR,The Metals Royalty Company Inc. Common Stock,4.62,311.452782
AIV,Apartment Investment and Management Company Common Stock,2.14,310.806962
RBBN,Ribbon Communications Inc. Common Stock,1.73,309.364399
ZJYL,JIN MEDICAL INTERNATIONAL LTD. Class A Ordinary Shares,1.95,308.479339
CFFI,C&F Financial Corporation Common Stock,94.69,307.902621
PMO,Franklin Municipal Opportunities Trust Shares of Beneficial Interest,9.06,307.872997
LE,"Lands' End, Inc. Common Stock",10.42,307.850085
FVRR,"Fiverr International Ltd. Ordinary Shares, no par value",8.56,307.738232
CHSCL,"CHS Inc Class B Cumulative Redeemable Preferred Stock, Series 4",25.04,307.290955
NNBR,"NN, Inc. Common Stock",3.72,307.200814
ELVA,Electrovaya Inc. Common Shares,6.13,306.493239
FCCO,First Community Corporation Common Stock,32.57,306.149239
FNKO,"Funko, Inc. Class A Common Stock",5.46,305.736882
PHOS,First Phosphate Corp. American Depositary Shares,16.15,305.468416
BBOT,"BridgeBio Oncology Therapeutics, Inc. Common Stock",3.81,305.463957
EVMN,"Evommune, Inc. Common Stock",8.39,304.490828
NODK,"NI Holdings, Inc. Common Stock",14.91,304.23442
HRZN,Horizon Technology Finance Corporation Common Stock,4.535,303.998777
AIRJ,AirJoule Technologies Corporation Class A Common Stock,4.04,303.835868
SWKHL,SWK Holdings Corporation 9.00% Senior Notes due 2027,25.01,303.806249
TLS,Telos Corporation Common Stock,4.06,303.431363
CDZI,"CADIZ, Inc. Common Stock",3.58,303.143929
LEGO,Legato Merger Corp. IV Ordinary Shares,10.0,303.07036
PINE,"Alpine Income Property Trust, Inc. Common Stock",16.89,302.929024
EFT,Eaton Vance Floating Rate Income Trust Common Shares of Beneficial Interest,10.41,302.83122
SUPX,SuperX AI Technology Limited Ordinary Shares,7.0,302.515745
ABEO,Abeona Therapeutics Inc. Common Stock,5.29,302.50345
IPSC,"Century Therapeutics, Inc. Common Stock",1.67,302.395786
GOGO,Gogo Inc. Common Stock,2.22,300.827454
AFRI,Forafric Global PLC Ordinary Shares,11.15,300.646537
XFOR,"X4 Pharmaceuticals, Inc. Common Stock",3.015,298.92743
MYFW,"First Western Financial, Inc. Common Stock",30.52,298.031737
CHSCN,CHS Inc Preferred Class B Series 2 Reset Rate,24.2501,297.5973
FINS,Angel Oak Financial Strategies Income Term Trust Common Shares of Beneficial Interest,11.86,297.242887
UXIN,Uxin Limited ADS,1.35,296.973352
IHRT,"iHeartMedia, Inc. Class A Common Stock",2.22,296.812062
BPRN,"Princeton Bancorp, Inc. Common Stock (PA)",43.47,296.169847
SEG,Seaport Entertainment Group Inc. Common Stock,23.09,295.772186
NXH,"Neighborhood Intelligence, Inc. Common Stock",3.09,295.08784
MOBI,"Mobia Medical, Inc. Common Stock",8.83,293.960378
SILC,Silicom Ltd Ordinary Shares,51.09,293.645446
HLLY,Holley Inc. Common Stock,2.42,293.386626
TBI,"TrueBlue, Inc. Common Stock",9.63,293.179033
SABS,"SAB Biotherapeutics, Inc. Common Stock",3.215,292.521173
CNCK,Coincheck Group N.V. Ordinary Shares,1.52,291.532919
NREF,"NexPoint Real Estate Finance, Inc. Common Stock",15.46,291.390528
TMCI,"Treace Medical Concepts, Inc. Common Stock",4.48,291.354793
SLNH,"Soluna Holdings, Inc. Common Stock",1.18,291.108415
ALCO,"Alico, Inc. Common Stock",39.15,290.436663
UPB,"Upstream Bio, Inc. Common Stock",5.3,290.286517
OCCIN,"OFS Credit Company, Inc. 5.25% Series E Term Preferred Stock Due 2026",24.95,289.831925
SWMR,"Swarmer, Inc Common Stock",18.18,289.734315
RCMT,"RCM Technologies, Inc. Common Stock",40.67,289.194569
CHSCM,"CHS Inc Class B Reset Rate Cumulative Redeemable Preferred Stock, Series 3",23.55,289.005671
JAKK,"JAKKS Pacific, Inc. Common Stock",25.25,288.986553
ISBA,Isabella Bank Corporation Common stock,37.88,288.981709
TDUP,ThredUp Inc. Class A Common Stock,2.2,288.93403
OVLY,Oak Valley Bancorp (CA) Common Stock,34.28,288.38763
TJGC,TJGC Group Limited Class A Ordinary Shares,28.54,288.254656
CUVL,Clinuvel Pharmaceuticals Limited American Depositary Shares,5.75,287.849025
PMTS,CPI Card Group Inc. Common Stock,24.79,287.365234
FGBIP,"First Guaranty Bancshares, Inc. 6.75% Series A Fixed-Rate Non-Cumulative Perpetual Preferred Stock",17.35,286.953281
FUND,"Sprott Focus Trust, Inc. Common Stock",9.68,286.852832
RCKT,"Rocket Pharmaceuticals, Inc. Common Stock",2.61,286.511698
ZIP,"ZipRecruiter, Inc. Class A Common Stock",3.48,286.147047
IKT,"Inhibikase Therapeutics, Inc. Common Stock",2.05,286.048595
OPTX,"Syntec Optics Holdings, Inc. Class A Common Stock",7.09,285.584335
LAB,Standard BioTools Inc. Common Stock,0.7273,285.522567
ELLO,Ellomay Capital Ltd Ordinary Shares (Israel),20.7148,285.516853
CHAD,DeFi Development Corp. Variable Rate Series C Perpetual Preferred Stock,8.75,285.431913
DSC,DSC Holdings Ltd. American Depositary Shares,5.7,285.413204
CATX,"Perspective Therapeutics, Inc. Common Stock",2.5,285.379158
EYPT,"EyePoint, Inc. Common Stock",3.31,285.362177
FATE,"Fate Therapeutics, Inc. Common Stock",2.38,285.172823
NC,"NACCO Industries, Inc. Common Stock",37.78,285.114137
ALTO,"Alto Ingredients, Inc. Common Stock",3.67,284.67296
FRD,Friedman Industries Inc. Common Stock,39.42,284.328221
FULC,"Fulcrum Therapeutics, Inc. Common Stock",3.72,283.825796
DUOT,"Duos Technologies Group, Inc. Common Stock",8.99,282.937766
FUNC,First United Corporation Common Stock,43.84,282.93617
FNRN,First Northern Community Bancorp Common stock,17.24,282.655024
FRAF,Franklin Financial Services Corporation Common Stock,62.75,282.348771
BKTI,BK Technologies Corporation Common Stock,74.82,282.025685
ATLO,Ames National Corporation Common Stock,31.79,281.571024
XYF,"X Financial American Depositary Shares, each representing six Class A Ordinary Shares",5.13,281.035969
GBAB,Guggenheim Taxable Municipal Bond & Investment Grade Debt Trust Common Shares of Beneficial Interest,12.54,280.857189
RM,Regional Management Corp. Common Stock,30.43,280.740911
RWAY,Runway Growth Finance Corp. Common Stock,6.69,280.377258
WNEB,"Western New England Bancorp, Inc. Common Stock",13.97,280.040832
IVVD,"Invivyd, Inc. Common Stock",0.95,280.020809
AMRN,Amarin Corporation plc,13.25,279.877551
RFMZ,"RiverNorth Flexible Municipal Income Fund II, Inc. Common Stock",11.44,278.584089
NXDT,NexPoint Diversified Real Estate Trust Common Stock,5.23,277.744521
ASYS,"Amtech Systems, Inc. Common Stock",15.85,277.503401
GBFH,GBank Financial Holdings Inc. Common Stock,19.11,277.409493
ANIK,Anika Therapeutics Inc. Common Stock,20.68,276.759737
MFIN,Medallion Financial Corp. Common Stock,12.05,276.671
METCB,"Ramaco Resources, Inc. Class B Common Stock",4.34,276.385409
SVCO,"Silvaco Group, Inc. Common Stock",8.15,276.168928
QNBC,QNB Corp. Common Stock,45.64,276.057602
QTTB,Q32 Bio Inc. Common Stock,9.23,274.772171
TSSI,"TSS, Inc. Common Stock",9.72,274.28936
HQI,"HireQuest, Inc. Common Stock (DE)",19.73,274.247
SOUNW,"SoundHound AI, Inc. Warrant",0.57,274.172669
USNA,"USANA Health Sciences, Inc. Common Stock",14.82,273.822234
MGPI,"MGP Ingredients, Inc.",12.78,273.671891
NEGG,"Newegg Commerce, Inc. Common Shares",13.04,273.493436
TTGT,"TechTarget, Inc. Common Stock",3.78,273.417455
REFI,"Chicago Atlantic Real Estate Finance, Inc. Common Stock",10.66,273.121416
GLSI,"Greenwich LifeSciences, Inc. Common Stock",18.59,272.867887
MTRX,Matrix Service Company Common Stock,9.63,272.451199
OSUR,"OraSure Technologies, Inc. Common Stock",3.95,272.426077
NKSH,"National Bankshares, Inc. Common Stock",42.56,271.133587
FXNC,First National Corporation Common Stock,29.98,271.098017
TLSI,"TriSalus Life Sciences, Inc. Common Stock",4.39,270.312494
SAR,Saratoga Investment Corp New,16.8,270.159389
LAW,"CS Disco, Inc. Common Stock",4.16,270.066222
SY,So-Young International Inc. American Depository Shares,2.69,269.81284
IMRX,Immuneering Corporation Class A Common Stock,4.16,269.141192
PMM,Franklin Managed Municipal Income Trust Shares of Beneficial Interest,5.51,268.550838
LCNB,LCNB Corporation Common Stock,18.82,268.278874
IFRX,InflaRx N.V. Common Stock,1.82,268.210162
PTLO,Portillo's Inc. Class A Common Stock,3.52,267.320148
XPER,Xperi Inc. Common Stock,5.48,267.269585
SHMD,SCHMID Group N.V. Class A Ordinary Shares,4.375,266.695201
ESCA,"Escalade, Incorporated Common Stock",19.37,266.648853
MIN,Aberdeen Intermediate Income Fund Common Shares of Beneficial Interest,2.32,266.562829
KWY,Kingsway Corporation Common Stock,9.2,266.1652
HWBK,"Hawthorn Bancshares, Inc. Common Stock",38.54,265.95213
ALIT,"Alight, Inc. Class A Common Stock",9.87,265.888848
CAN,Canaan Inc. American Depositary Shares,0.3737,265.838653
STRO,"Sutro Biopharma, Inc. Common Stock",16.03,265.796171
ACIU,AC Immune SA Common Stock,2.61,265.629026
STRT,STRATTEC SECURITY CORPORATION Common Stock,66.59,265.362016
VABK,Virginia National Bankshares Corporation Common Stock,48.91,265.350543
AIAI,AIAI Holdings Corporation Class A Common Stock,3.74,264.962873
TII,Titan Mining Corporation Common Shares,2.67,264.27747
FCNCN,"First Citizens BancShares, Inc. Depositary Shares, each representing a 1/40th interest in a share of 6.625% Non-Cumulative Perpetual Preferred Stock, Series E",23.3966,264.220611
POWW,Outdoor Holding Company Common Stock,2.27,263.458313
PCYO,Pure Cycle Corporation Common Stock,10.93,263.384254
JACK,Jack In The Box Inc. Common Stock,13.7,262.756821
CMRC,"Commerce.com, Inc. Series 1 Common Stock",3.17,262.663001
FBLA,"FB Bancorp, Inc. Common Stock",16.45,262.347528
MSB,Mesabi Trust Common Stock,19.96,261.8754
ARDC,"Ares Dynamic Credit Allocation Fund, Inc. Common Shares",11.41,261.459454
PALI,"Palisade Bio, Inc. Common Stock",1.5,261.405837
PPIH,"Perma-Pipe International Holdings, Inc. Common Stock",31.88,261.262307
PSQLW,Pasqal Holding SA Warrant,1.23,261.12124
PDYN,Palladyne AI Corp. Common Stock,5.28,260.507333
KINS,"Kingstone Companies, Inc. Common Stock",17.98,260.280871
III,Information Services Group Inc. Common Stock,5.37,259.980291
FXHO,UTime Limited Class A Ordinary Shares,9.53,259.943434
EAF,GrafTech International Ltd. Common Stock,9.96,259.877953
BCYC,Bicycle Therapeutics plc American Depositary Shares,3.71,259.673551
AUDC,AudioCodes Ltd. Common Stock,10.55,259.433457
OFLX,"Omega Flex, Inc. Common Stock",25.67,259.121246
MGNX,"MacroGenics, Inc. Common Stock",4.06,258.622759
BLND,"Blend Labs, Inc. Class A Common Stock",1.09,257.799518
LXEO,"Lexeo Therapeutics, Inc. Common Stock",3.14,257.625241
ARL,"American Realty Investors, Inc. Common Stock",15.94,257.463565
EVI,"EVI Industries, Inc.  Common Stock",19.98,257.313069
RMMZ,"RiverNorth Managed Duration Municipal Income Fund II, Inc. Common Stock",13.02,257.009957
INFU,"InfuSystems Holdings, Inc. Common Stock",12.87,256.334119
AIBZ,Bitzero Holdings Inc. Common Shares,4.12,256.305167
OIA,Invesco Municipal Income Opportunities Trust Common Stock,5.38,256.118069
BRT,BRT Apartments Corp. (MD) Common Stock,13.58,255.212702
AVNW,"Aviat Networks, Inc. Common Stock",19.81,254.72948
RELL,"Richardson Electronics, Ltd. Common Stock",17.11,254.32677
ASLE,AerSale Corporation Common Stock,5.32,253.906379
GENC,"Gencor Industries, Inc. Common Stock",17.31,253.724822
PAMT,PAMT CORP Common Stock,12.11,253.610732
ACB,Aurora Cannabis Inc. Common Shares,4.09,253.403819
RMBI,"Richmond Mutual Bancorporation, Inc. Common Stock",15.11,253.229185
ACV,Virtus Diversified Income & Convertible Fund Common Shares of Beneficial Interest,24.43,253.166966
MMT,Aberdeen Multi-Market Income Fund Common Shares of Beneficial Interest,4.23,251.88933
HITI,High Tide Inc. Common Shares,2.81,250.490745
SSP,E.W. Scripps Company (The) Class A Common Stock,2.69,249.279586
BGS,"B&G Foods, Inc. Common Stock",3.06,248.703553
SIGA,SIGA Technologies Inc. Common Stock,3.46,248.600017
MVST,"Microvast Holdings, Inc. Common Stock",0.6461,248.447731
EFSI,Eagle Financial Services Inc Common Stock,45.91,248.447245
SBMT,Silver Bow Mining Corp. Common Shares,8.4,248.0394
AKBA,"Akebia Therapeutics, Inc. Common Stock",0.8931,247.483587
VPV,Invesco Pennsylvania Value Municipal Income Trust Common Stock (DE),10.38,247.350667
LFCR,"Lifecore Biomedical, Inc. Common Stock",6.52,246.801951
CPZ,Calamos Long/Short Equity & Dynamic Income Trust Common Stock,12.56,246.580357
ONIT,Onity Group Inc. Common Stock,29.48,246.29125
ZNTL,"Zentalis Pharmaceuticals, Inc. Common Stock",2.6,246.138277
ALMU,"Aeluma, Inc. Common Stock",12.76,245.829962
TG,Tredegar Corporation Common Stock,7.03,245.657473
LCTX,"Lineage Cell Therapeutics, Inc. Common Stock",0.971,245.573148
GPRO,"GoPro, Inc. Class A Common Stock",1.33,245.390864
USAU,U.S. Gold Corp. Common Stock,14.8,244.624212
ACU,Acme United Corporation. Common Stock,63.76,244.444554
RMM,"RiverNorth Managed Duration Municipal Income Fund, Inc. Common Stock",12.38,244.376595
AENT,Alliance Entertainment Holding Corporation Class A Common Stock,4.79,244.192428
CNDT,Conduent Incorporated Common Stock,1.57,244.167656
HCKT,Hackett Group Inc (The). Common Stock,9.78,243.305598
LTBR,Lightbridge Corporation Common Stock,6.48,242.72843
TRDA,"Entrada Therapeutics, Inc. Common Stock",6.22,242.186081
PYXS,"Pyxis Oncology, Inc. Common Stock",2.9,241.883345
RDNW,"RideNow Group, Inc. Class B Common Stock",6.2,241.868746
CAMP,CAMP4 Therapeutics Corporation Common Stock,3.85,241.59982
SNFCA,Security National Financial Corporation Class A Common Stock,8.8,240.920143
IMMR,Immersion Corporation Common Stock,7.25,240.743797
ZSQR,Z Squared Inc. Common Stock,4.54,240.621802
IONR,ioneer Ltd American Depositary Shares,3.13,240.590107
QMLS,"QumulusAI, Inc. Common Stock",7.16,239.562967
CURV,Torrid Holdings Inc. Common Stock,2.4,239.326644
LYEL,"Lyell Immunopharma, Inc. Common Stock",9.74,238.680073
KLC,"KinderCare Learning Companies, Inc. Common Stock",2.01,238.219236
GWRS,"Global Water Resources, Inc. Common Stock",7.95,237.906103
YSG,"Yatsen Holding Limited American Depositary Shares, each representing twenty (20) Class A Ordinary Shares",2.53,237.479467
UTMD,"Utah Medical Products, Inc. Common Stock",74.49,237.162603
EOT,Eaton Vance Municipal Income Trust EATON VANCE NATIONAL MUNICIPAL OPPORTUNITIES TRUST,15.16,236.873802
NAGE,"Niagen Bioscience, Inc. Common Stock",2.98,235.795486
ELMD,"Electromed, Inc. Common Stock",28.17,235.674812
PEBK,"Peoples Bancorp of North Carolina, Inc. Common Stock",43.15,235.663294
AZ,A2Z Cust2Mate Solutions Corp. Common Shares,5.34,235.101334
CHPT,"ChargePoint Holdings, Inc. Common Stock",8.74,234.671832
VUZI,Vuzix Corporation Common Stock,2.77,233.827417
EU,enCore Energy Corp. Common Shares,1.2,233.137165
PRQR,ProQR Therapeutics N.V. Ordinary Shares,1.65,232.850435
RAIL,"FreightCar America, Inc. Common Stock",7.1,232.818088
CMTV,Community Bancorp. Common Stock,41.42,231.989361
BNC,CEA Industries Inc. Common Stock,5.63,231.808776
FOA,Finance of America Companies Inc. Class A Common Stock,13.38,231.566188
SION,"Sionna Therapeutics, Inc. Common Stock",5.12,231.487483
KGEI,Kolibri Global Energy Inc. Common stock,6.43,231.168113
SMHI,SEACOR Marine Holdings Inc. Common Stock,8.47,229.815036
PDEX,"Pro-Dex, Inc. Common Stock",71.62,229.422781
AMWL,American Well Corporation Class A Common Stock,13.44,228.597708
INBK,First Internet Bancorp Common Stock,26.16,228.470296
FUFU,BitFuFu Inc. Class A Ordinary Shares,1.37,228.315429
ACRE,Ares Commercial Real Estate Corporation Common Stock,4.11,228.027374
SMRT,"SmartRent, Inc. Class A Common Stock",1.19,228.018041
MRBK,Meridian Corporation Common Stock,19.11,227.964107
SLGL,Sol-Gel Technologies Ltd. Ordinary Shares,69.45,227.379231
TBCH,Turtle Beach Corporation Common Stock,12.69,227.274233
OPBK,OP Bancorp Common Stock,15.21,227.125074
BRCC,BRC Inc. Class A Common Stock,9.05,226.510151
NUS,"Nu Skin Enterprises, Inc. Common Stock",4.64,225.859582
NATR,"Nature's Sunshine Products, Inc. Common Stock",12.83,225.750522
IMPP,Imperial Petroleum Inc. Common Shares,4.99,225.616153
ANGI,Angi Inc. Class A Common Stock,5.56,225.492756
RGCO,RGC Resources Inc. Common Stock,21.6,225.06241
BMEZ,BlackRock Health Sciences Term Trust Common Shares of Beneficial Interest,16.83,224.394693
KROS,"Keros Therapeutics, Inc. Common Stock",11.28,223.650681
EXOD,"Exodus Movement, Inc. Class A Common Stock",7.4,223.504109
YARW,"Yarrow Bioscience, Inc. Common Stock",24.0,223.304664
PLAY,"Dave & Buster's Entertainment, Inc. Common Stock",6.41,223.264428
ASUR,"Asure Software, Inc Common Stock",7.72,222.948412
FF,FutureFuel Corp.  Common shares,5.08,222.825655
SND,"Smart Sand, Inc. Common Stock",5.255,222.807066
EICA,Eagle Point Income Company 5.00% Series A Term Preferred Shares due 2026,24.99,222.613619
LOVE,The Lovesac Company Common Stock,15.42,222.409337
OSS,"One Stop Systems, Inc. Common Stock",8.91,222.216558
RILY,"BRC Group Holdings, Inc. Common Stock",5.49,220.696655
CGEN,Compugen Ltd. Ordinary Shares,2.33,220.382202
AIRO,"AIRO Group Holdings, Inc. Common Stock",6.97,219.944741
MBI,MBIA Inc. Common Stock,4.31,219.880874
CFBK,CF Bankshares Inc. Common Stock,34.25,219.731286
TONX,TON Strategy Company Common Stock,3.98,219.186516
INBKZ,First Internet Bancorp 6.0% Fixed-to-Floating Rate Subordinated Notes Due 2029,25.15,219.134314
XLAB,Exascale Labs Holdings Inc. Class A Common Stock,2.4,218.88
LMNR,Limoneira Co Common Stock,12.05,218.490684
LIEN,"Chicago Atlantic BDC, Inc. Common Stock",9.57,218.393046
RZLVW,Rezolve AI PLC Warrants,0.545,218.213512
RNAC,"Cartesian Therapeutics, Inc. Common Stock",7.21,218.141088
FCNCO,"First Citizens BancShares, Inc. 5.625% Non-Cumulative Perpetual Preferred Stock, Series C",19.3,217.957216
AVXL,Anavex Life Sciences Corp. Common Stock,2.35,217.837579
SPOK,"Spok Holdings, Inc. Common Stock",10.37,216.921081
ZUMZ,Zumiez Inc. Common Stock,14.14,216.774868
PLX,"Protalix BioTherapeutics, Inc. (DE) Common Stock",2.69,216.737717
PROF,Profound Medical Corp. Common Stock,5.92,216.272956
BGIN,Bgin Blockchain Limited Class A Ordinary Shares,1.9068,215.727612
FORR,"Forrester Research, Inc. Common Stock",11.33,215.71187
AOUT,"American Outdoor Brands, Inc. Common Stock",17.08,215.570523
FTF,Franklin Limited Duration Income Trust Common Shares of Beneficial Interest,5.33,215.360643
PNNT,PennantPark Investment Corporation Common Stock,3.29,214.824149
RC,Ready Capital Corporation Common Stock,1.3,214.74829
HDSN,"Hudson Technologies, Inc. Common Stock",5.1,214.65159
ELDN,"Eledon Pharmaceuticals, Inc. Common Stock",2.64,214.529441
ALEC,"Alector, Inc. Common Stock",1.92,214.381284
WHWK,"Whitehawk Therapeutics, Inc. Common Stock",3.76,214.353878
CNTN,"Canton Strategic Holdings, Inc. Common Stock",2.69,214.342861
SCM,Stellus Capital Investment Corporation Common Stock,7.51,213.884327
HKD,AMTD Digital Inc. American Depositary Shares (every five of which represent two Class A Ordinary Shares),1.69,213.217111
PMA,PMA Graphene Technology Group Inc. Class A Ordinary Shares,1.302,212.19345
LCUT,"Lifetime Brands, Inc. Common Stock",9.22,211.957068
ADAG,Adagene Inc. American Depositary Shares,3.2,211.365101
FCNCP,"First Citizens BancShares, Inc. Depositary Shares",18.71,211.294275
RICK,"RCI Hospitality Holdings, Inc. Common Stock",27.57,210.758865
OVBC,Ohio Valley Banc Corp. Common Stock,44.69,210.534635
TAYD,"Taylor Devices, Inc. Common Stock",65.14,210.100276
ECC,Eagle Point Credit Company Common Share of Beneficial Interest,3.46,209.892333
OWLS,OBOOK Holdings Inc. Class A Common Shares,5.54,209.552777
FHTX,Foghorn Therapeutics Inc. Common Stock,3.52,209.036309
GSIT,GSI Technology Common Stock,5.43,208.688964
FIRY,Firy Inc. Class A Common Stock,12.51,207.944435
NCMI,"National CineMedia, Inc. Common Stock",2.21,207.895679
ESOA,Energy Services of America Corporation Common Stock,11.13,207.676685
TROO,"TROOPS, Inc. Ordinary Shares",1.7,207.672282
NSLR,Neostellar Capital Corp. Common Stock,7.84,207.55006
DPRO,Draganfly Inc. Common Shares,5.595,207.015
LDI,"loanDepot, Inc. Class A Common Stock",0.6098,206.207082
GLDG,GoldMining Inc. Common Shares,0.96,205.54195
XGN,Exagen Inc. Common Stock,8.48,205.430875
AUC,ATIF Holdings Limited Ordinary Shares,9.28,205.351348
USBC,"USBC, Inc. Common Stock",0.527,204.552114
REA,"Rare Earths Americas, Inc. Common Stock",10.24,204.327854
CRDL,Cardiol Therapeutics Inc. Class A Common Shares,1.69,203.916152
CZWI,"Citizens Community Bancorp, Inc. Common Stock",21.12,203.812879
SIDU,"Sidus Space, Inc. Class A Common Stock",2.01,203.462905
FCAP,"First Capital, Inc. Common Stock",60.63,202.784614
APC,ARKO Petroleum Corp. Class A Common Stock,16.11,202.506293
KTWO,K2 Capital Acquisition Corporation Class A Ordinary Share,10.08,202.014893
DHX,"DHI Group, Inc. Common Stock",4.63,201.054
CHCI,"Comstock Holding Companies, Inc. Class A Common Stock",19.53,200.806523
MFM,Aberdeen Municipal Income Fund Common Shares of Beneficial Interest,4.87,200.583763
GCTS,"GCT Semiconductor Holding, Inc. Common Stock",2.18,200.494003
SGC,"Superior Group of Companies, Inc. Common Stock",12.55,200.112273
NGEN,NervGen Pharma Corp. Common stock,1.88,200.05575
CMPX,"Compass Therapeutics, Inc. Common Stock",1.11,199.897586
QUIK,QuickLogic Corporation Common Stock,10.91,199.846554
CUE,"Cue Biopharma, Inc. Common Stock",27.45,199.408164
MPAA,"Motorcar Parts  of America, Inc. Common Stock",10.53,199.36667
CMT,Core Molding Technologies Inc Common Stock,22.5,199.103265
ESP,Espey Mfg. & Electronics Corp. Common Stock,65.52,198.975853
RBKB,"Rhinebeck Bancorp, Inc. Common Stock",12.69,198.420409
KLTR,"Kaltura, Inc. Common Stock",1.3,198.31659
SES,SES AI Corporation Class A Common Stock,0.5322,197.599154
ORMP,Oramed Pharmaceuticals Inc. Common Stock,4.75,197.587432
GLND,Greenland Energy Company Common Stock,4.49,196.348571
EXFY,"Expensify, Inc. Class A Common Stock",2.15,196.051328
AREC,American Resources Corporation Class A Common Stock,1.83,195.757428
LARK,Landmark Bancorp Inc. Common Stock,31.95,194.912061
CXDO,"Crexendo, Inc. Common Stock",5.86,194.867209
STIM,"Neuronetics, Inc. Common Stock",2.555,194.683902
TPVG,TriplePoint Venture Growth BDC Corp. Common Stock,4.78,194.592476
RXST,"RxSight, Inc. Common Stock",4.67,194.240506
GDEV,GDEV Inc. Ordinary Shares,10.7,194.210232
VRXA,Veraxa Biotech AG Ordinary Shares,1.37,193.728704
PERF,Perfect Corp. Class A Ordinary Share,1.9,193.512475
CPSS,"Consumer Portfolio Services, Inc. Common Stock",8.97,193.345785
XPOF,"Xponential Fitness, Inc. Class A Common Stock",3.91,192.85684
MITT,"TPG Mortgage Investment Trust, Inc. Common Stock",6.05,192.411024
ALXO,ALX Oncology Holdings Inc. Common Stock,1.39,192.205026
TARA,"Protara Therapeutics, Inc.  Common Stock",3.25,192.060336
MINE,Mayfair Gold Corp. Common Shares,2.86,192.016099
BETR,Better Home & Finance Holding Company Class A Common Stock,10.08,191.505676
FC,Franklin Covey Company Common Stock,16.95,191.431147
NKTX,"Nkarta, Inc. Common Stock",2.67,191.238192
DEFT,"Defi Technologies, Inc. Common Stock",0.4915,190.74782
VLN,Valens Semiconductor Ltd. Ordinary Shares,1.81,190.579787
SRI,"Stoneridge, Inc. Common Stock",6.67,190.24757
IPHA,Innate Pharma S.A. ADS,1.7,189.89059
ANTX,"AN2 Therapeutics, Inc. Common Stock",5.01,189.058547
CRNT,Ceragon Networks Ltd. Ordinary Shares,2.07,188.95066
ALTG,Alta Equipment Group Inc. Class A Common Stock,5.78,188.81452
CBFV,"CB Financial Services, Inc. Common Stock",37.04,188.221871
ETX,Eaton Vance Municipal Income 2028 Term Trust Common Shares of Beneficial Interest,17.25,187.765491
SBFG,"SB Financial Group, Inc. Common Stock",29.99,187.52723
ACOG,Alpha Cognition Inc. Common Stock,8.6,187.257294
NUCL,Eagle Nuclear Energy Corp. Common stock,6.33,187.240121
MSLE,Satellos Bioscience Inc. Common Stock,8.81,186.916828
BNR,Burning Rock Biotech Limited American Depositary Shares,17.63,185.932027
MRT,"Marti Technologies, Inc. Class A Ordinary Shares",2.16,185.852288
ECBK,"ECB Bancorp, Inc. Common Stock",21.23,185.501413
STRW,"Strawberry Fields REIT, Inc. Common Stock",13.1,185.461102
OSG,"Octave Specialty Group, Inc. Common Stock",4.1,184.711093
FNWD,Finward Bancorp Common Stock,42.45,183.935935
LODE,Comstock Inc. Common Stock,2.42,183.903174
AP,Ampco-Pittsburgh Corporation Common Stock,8.88,183.448554
WHG,Westwood Holdings Group Inc Common Stock,19.2,183.228518
CIA,"Citizens, Inc. Class A Common Stock ($1.00 Par)",3.61,182.82162
DFDV,DeFi Development Corp. Common Stock,5.575,181.860904
HNVR,"Hanover Bancorp, Inc. Common Stock",25.73,181.53606
DERM,Journey Medical Corporation Common Stock,6.43,181.48286
TORO,Toro Corp. Common Shares,5.24,181.090889
EPSN,Epsilon Energy Ltd. Common Share,5.96,180.491323
MDWD,MediWound Ltd. Ordinary Shares,13.93,179.840173
BZUN,Baozun Inc. American Depositary Shares,3.09,179.616722
OMSE,OMS Energy Technologies Inc. Ordinary Shares,4.23,179.558018
PEPG,PepGen Inc. Common Stock,2.59,179.382149
CMTG,"Claros Mortgage Trust, Inc. Common Stock",1.27,179.176942
HLP,Hongli Group Inc. Class A Ordinary Shares,2.39,178.625613
VTN,Invesco Trust for Investment Grade New York Municipals Common Stock,9.15,178.296708
GPJA,"Georgia Power Company Series 2017A 5.00% Junior Subordinated Notes due October 1, 2077",19.22,178.00603
MNSBP,"MainStreet Bancshares, Inc. Depositary Shares",24.94,177.599635
ORGO,Organogenesis Holdings Inc. Class A Common Stock,1.38,177.570876
MRLN,"Merlin, Inc. Common Stock",1.75,176.868622
BVFL,"BV Financial, Inc. Common Stock",20.88,176.866212
MNSB,"MainStreet Bancshares, Inc. Common Stock",24.76,176.317842
CHRS,"Coherus Oncology, Inc. Common Stock",1.14,176.131101
MSC,"Studio City International Holdings Limited American depositary shares, each representing four  Class A ordinary shares",0.835,175.947956
RVII,Robinhood Ventures Fund II Common Shares of Beneficial Interest,21.93,175.44
FT,Franklin Universal Trust Common Stock,6.95,174.666663
PED,Pedevco Corp. Common Stock,13.1,174.12537
ANNA,"AleAnna, Inc. Class A Common Stock",2.6,174.02944
QSI,Quantum-Si Incorporated Class A Common Stock,0.795,174.01271
NAKA,Nakamoto Inc. Common Stock,9.72,173.938846
AMPY,Amplify Energy Corp. Common Stock,4.19,173.702526
BAFN,BayFirst Financial Corp. Common Stock,6.44,173.640529
SJT,San Juan Basin Royalty Trust Common Stock,3.72,173.384721
DTIL,"Precision BioSciences, Inc. Common Stock",6.24,172.233697
CURI,CuriosityStream Inc. Class A Common Stock,2.9,172.080281
HSDT,Solana Company Class A Common Stock (DE),2.84,171.702717
AOMR,"Angel Oak Mortgage REIT, Inc. Common Stock",7.37,171.093643
OZ,"Belpointe PREP, LLC Class A Units",42.0,170.253972
EBMT,"Eagle Bancorp Montana, Inc. Common Stock",21.36,170.141606
FOCL,EDAP TMS S.A. American Depositary Shares,4.53,170.001614
TNXP,Tonix Pharmaceuticals Holding Corp. Common Stock,9.9,169.795138
FLWS,"1-800-FLOWERS.COM, Inc. Common Stock",2.64,169.448653
RDCM,Radcom Ltd. Ordinary Shares,10.12,168.907425
AMBR,Amber International Holding Limited American Depositary Shares,1.775,167.338571
QTRX,Quanterix Corporation Common Stock,3.52,166.471589
VYGR,"Voyager Therapeutics, Inc. Common Stock",2.7,166.36846
ABOS,"Acumen Pharmaceuticals, Inc. Common Stock",2.3,166.329756
AIIO,Robo.ai Inc. Class B Ordinary Shares,1.39,165.459451
PLG,Platinum Group Metals Ltd. Ordinary Shares (Canada),1.29,164.971794
GRX,The Gabelli Healthcare & Wellness Trust Common Shares of Beneficial Interest,9.61,164.263471
LUCD,Lucid Diagnostics Inc. Common Stock,0.8057,163.753667
SEVN,Seven Hills Realty Trust Common Stock,7.22,163.580695
MPV,Barings Participation Investors Common Stock,15.42,163.478214
UIS,Unisys Corporation New Common Stock,2.24,163.331739
ONEW,OneWater Marine Inc. Class A Common Stock,9.76,162.656441
NERV,"Minerva Neurosciences, Inc Common Stock",3.4,162.341701
ATOM,Atomera Incorporated Common Stock,4.15,161.949774
ADCT,ADC Therapeutics SA Common Shares,1.26,160.861296
TOYO,"TOYO Co., Ltd Ordinary Shares",4.21,160.710401
ENGS,Energys Group Limited Ordinary Shares,2.96,160.362547
SITC,SITE Centers Corp. Common Stock,3.05,160.049784
GNT,"GAMCO Natural Resources, Gold & Income Trust",8.64,159.627793
NYXH,Nyxoah SA Ordinary Shares,1.59,159.115776
JRVR,"James River Group Holdings, Inc. Common Stock",3.44,159.096691
OCSAW,Oculis Holding AG Warrants,2.736,158.645422
SKYX,SKYX Platforms Corp. Common Stock,1.17,158.454263
EARN,Ellington Credit Company Common Shares of Beneficial Interest,4.21,158.124211
FINW,FinWise Bancorp Common Stock,11.39,158.123725
BSET,"Bassett Furniture Industries, Incorporated Common Stock",18.18,157.40733
HTLM,HomesToLife Ltd Ordinary Shares,1.75,156.953125
NBP,NovaBridge Biosciences American Depositary Shares,1.36,156.919101
IMSRW,Terrestrial Energy Inc. Warrant,1.48,156.784176
AEHL,Antelope Enterprise Holdings Limited Class A Ordinary Shares,8.23,156.080765
HUCK,"Huckleberry.ai, Inc. Class B Common Stock",3.31,155.689693
MRDN,Meridian Holdings Inc. Common Stock,12.26,155.327813
SAFX,"XCF Global, Inc. Class A Common Stock",0.3717,154.365856
JELD,"JELD-WEN Holding, Inc. Common Stock",1.77,153.571186
WSHP,WeShop Holdings Limited Class A Ordinary Shares,6.34,153.536623
OGI,Organigram Global Inc. Common Shares,1.085,152.992049
DVLT,Datavault AI Inc. Common Stock,0.161,152.906305
PCTTW,"PureCycle Technologies, Inc. Warrant",0.76,152.687656
HUMA,"Humacyte, Inc. Common Stock",0.5472,152.011123
LEE,"Lee Enterprises, Incorporated Common Stock",6.8,151.585899
SRBK,"SR Bancorp, Inc. Common stock",19.08,151.331036
PIM,Franklin Master Intermediate Income Trust Shares of Beneficial Interest,3.01,151.262716
OTLK,"Outlook Therapeutics, Inc. Common Stock",0.6211,151.205276
ELME,Elme Communities Common Stock,1.7,151.058401
BIPI,BIP Bermuda Holdings I Limited 5.125% Perpetual Subordinated Notes,15.92,150.872248
WW,"WW International, Inc.  Common Stock",15.03,150.281363
INTT,inTest Corporation Common Stock,11.71,150.189954
SSTK,"Shutterstock, Inc. Common Stock",4.06,150.007597
NIU,Niu Technologies American Depositary Shares,1.91,149.812928
MENS,Jyong Biotech Ltd. Ordinary Shares,1.97,149.774504
DLTH,Duluth Holdings Inc. Class B Common Stock,3.94,149.739704
WHF,"WhiteHorse Finance, Inc. Common Stock",6.97,149.691003
OWLT,"Owlet, Inc. Class A Common Stock",5.11,149.322769
KZIA,Kazia Therapeutics Limited American Depositary Shares,9.6,149.269229
TRAK,"ReposiTrak, Inc. Common Stock",8.2,149.023233
CDXS,"Codexis, Inc. Common Stock",1.36,148.92784
CLLS,Cellectis S.A. American Depositary Shares,1.48,148.780368
EDRY,EuroDry Ltd. Common Shares,51.82,148.546746
EGAN,eGain Corporation Common Stock,5.67,148.392218
ALVOW,Alvotech Warrant,0.3799,148.324919
NLOP,Net Lease Office Properties Common Shares of Beneficial Interest,10.0,148.14075
CAAS,"China Automotive Systems, Inc. Ordinary Share",4.91,148.138147
SRFM,Surf Air Mobility Inc. Common Stock,1.19,147.136649
OPRX,OptimizeRx Corporation Common Stock,7.81,147.108777
EML,Eastern Company (The) Common Stock,24.39,146.76824
BYND,"Beyond Meat, Inc. Common Stock",8.52,146.49259
HUHU,HUHUTECH International Group Inc. Ordinary Shares,5.74,146.334119
CEPL,"Capstone Energy Plus, Inc. Common Stock",4.48,146.099919
PAAC,Proem Acquisition Corp I Ordinary Shares,10.07,145.68269
ASBH,"American Savings Bank, N.A. Common Stock",18.04,145.35261
MOLN,Molecular Partners AG American Depositary Shares,3.86,144.793089
INGN,"Inogen, Inc Common Stock",5.44,144.368553
RNA,"Atrium Therapeutics, Inc. Common Stock",8.42,144.029514
MX,Magnachip Semiconductor Corporation Common Stock,3.79,143.914255
ONL,Orion Properties Inc. Common Stock,2.51,143.182232
HURC,"Hurco Companies, Inc. Common Stock",21.99,142.414321
LSBK,"Lake Shore Bancorp, Inc. Common Stock",18.13,142.389176
KRMD,"KORU Medical Systems, Inc. Common Stock (DE)",3.06,141.28602
NAUT,"Nautilus Biotechnology, Inc. Common Stock",1.11,141.253298
LFMD,"LifeMD, Inc. Common Stock",2.93,141.228452
RRGB,"Red Robin Gourmet Burgers, Inc. Common Stock",7.46,141.02199
AGPU,Axe Compute Inc. Common Stock,12.15,140.832157
ARMP,"Armata Pharmaceuticals, Inc. Common Stock",3.78,140.547881
SIF,"SIFCO Industries, Inc. Common Stock",22.42,140.21755
BANX,ArrowMark Financial Corp. Common Stock,19.74,140.205837
HOFT,Hooker Furnishings Corporation Common Stock,13.11,140.174703
VNCE,Vince Holding Corp. Common Stock,10.82,140.062184
TUSK,"Mammoth Energy Services, Inc. Common Stock",2.91,140.051272
KRRO,"Korro Bio, Inc. Common Stock",9.51,140.040893
RTB,"RTB Digital, Inc. Common Stock",9.36,140.013189
NXG,NXG NextGen Infrastructure Income Fund Common Shares of Beneficial Interest,53.76,139.868145
HOST,Host Digital Inc. Class A Common Stock,4.95,139.591589
BRLT,"Brilliant Earth Group, Inc. Class A Common Stock",1.37,139.497229
GSIW,Garden Stage Limited Class A Ordinary Shares,13.0,139.261187
DOUG,Douglas Elliman Inc. Common Stock,1.53,139.062424
DOYU,DouYu International Holdings Limited ADS,4.6,138.822751
NEN,New England Realty Associates Limited Partnership Class A Depositary Receipts Evidencing Units of Limited Partnership,50.0,138.7127
EPM,"Evolution Petroleum Corporation, Inc. Common Stock",3.45,138.59418
GHI,Greystone Housing Impact Investors LP Beneficial Unit Certificates representing assignments of limited partnership interests,5.86,138.076309
WYHG,Wing Yip Food Holdings Group Limited American Depositary Shares,3.88,138.061
GRO,Brazil Potash Corp. Common Shares,2.22,137.520597
GGZ,Gabelli Global Small and Mid Cap Value Trust (The) Common Shares of Beneficial Interest,15.4233,136.835009
OXSQ,Oxford Square Capital Corp. Common Stock,1.27,136.788874
TLYS,"Tilly's, Inc. Common Stock",4.47,136.725075
SPRB,"Spruce Biosciences, Inc. Common Stock",47.51,136.544358
WALD,Waldencast plc Class A Ordinary Share,1.06,136.316968
LANV,Lanvin Group Holdings Limited Ordinary Shares,1.085,136.271567
AIRS,"AirSculpt Technologies, Inc. Common Stock",1.88,135.538993
NEOV,NeoVolta Inc. Common Stock,2.28,134.550203
FGBI,"First Guaranty Bancshares, Inc. Common Stock",8.13,134.462834
RYDE,Ryde Group Ltd. Class A Ordinary Shares,0.745,134.268598
INVZ,Innoviz Technologies Ltd. Ordinary shares,0.378,134.076097
CLAR,Clarus Corporation Common Stock,3.5,134.008543
CRBP,"Corbus Pharmaceuticals Holdings, Inc. Common Stock",6.92,133.841748
DIBS,"1stdibs.com, Inc. Common Stock",3.98,133.788866
HCAT,"Health Catalyst, Inc Common Stock",1.77,133.203794
HURA,"TuHURA Biosciences, Inc. Common Stock",2.09,133.18863
AMTX,"Aemetis, Inc. (DE) Common Stock",1.845,133.152901
CSHRW,CoinShares PLC Warrants,1.01,133.098011
KVHI,"KVH Industries, Inc. Common Stock",7.33,132.973251
HYNE,"Hoyne Bancorp, Inc. Common Stock",16.4,132.789783
DH,Definitive Healthcare Corp. Class A Common Stock,0.9153,132.691083
TNYA,"Tenaya Therapeutics, Inc. Common Stock",0.5898,132.250861
OCC,Optical Cable Corporation Common Stock,14.95,132.188259
ENGN,enGene Therapeutics Inc. Common Stock,1.97,132.022143
CRBU,"Caribou Biosciences, Inc. Common Stock",1.23,131.865241
CTW,CTW Class A Ordinary Shares,2.11,131.664
USDEW,StablecoinX Inc. Warrants,4.84,131.585704
MED,MEDIFAST INC Common Stock,11.71,130.926032
ACNT,Ascent Industries Co. Common Stock,14.52,130.817258
ZJK,"ZJK Industrial Co., Ltd. Class A Ordinary Shares",2.03,130.574165
SWVL,Swvl Holdings Corp Class A Common Shares,4.35,130.499008
TISI,"Team, Inc. Common Stock",28.47,130.48396
RGP,"Resources Connection, Inc. Common Stock",3.76,130.476896
NMRA,"Neumora Therapeutics, Inc. Common Stock",0.6918,129.986392
UP,Wheels Up Experience Inc. Class A Common Stock,3.58,129.867511
IMUX,"Immunic, Inc. Common Stock",9.51,129.758881
UNCY,"Unicycive Therapeutics, Inc. Common Stock",4.64,129.248392
BEBE,TGE Value Creative Solutions Corp Class A Ordinary Shares,10.04,129.2148
DLNG,Dynagas LNG Partners LP Common Units,3.54,128.792319
VERI,"Veritone, Inc. Common Stock",1.28,128.585047
SMID,Smith-Midland Corporation Common Stock,24.11,127.894051
SHIM,Shimmick Corporation Common Stock,3.09,127.727693
BMHL,Bluemount Holdings Limited Class B Ordinary Shares,5.0,127.600735
JLHL,Julong Holding Limited Class A Ordinary Shares,5.92,126.975901
COOK,"Traeger, Inc. Common Stock",45.31,126.787529
STXS,"Stereotaxis, Inc. Common Stock",1.26,126.254744
VIVO,VivoPower PLC Class A Ordinary Shares,3.94,126.054607
MGYR,"Magyar Bancorp, Inc. Common Stock",19.5,125.879969
FLYX,"flyExclusive, Inc. Class A Common Stock",1.23,125.56055
AIB,AIB Data Centers Inc. Common Stock,1.65,125.366119
TLSA,Tiziana Life Sciences Ltd. Common Shares,0.9805,124.777578
OESX,"Orion Energy Systems, Inc. Common Stock",30.46,124.559652
LENZ,"LENZ Therapeutics, Inc. Common Stock",3.96,124.424558
NRXP,"NRX Pharmaceuticals, Inc. Common Stock",2.87,124.258851
LX,LexinFintech Holdings Ltd. American Depositary Shares,0.7529,124.069091
UFI,"Unifi, Inc. New Common Stock",6.67,123.987543
BOTJ,"Bank of the James Financial Group, Inc. Common Stock",27.21,123.624227
PLBY,"Playboy, Inc. Common Stock",1.03,123.401919
AKA,a.k.a. Brands Holding Corp. Common Stock,11.22,123.319682
SAMG,Silvercrest Asset Management Group Inc. Class A Common Stock,10.38,122.979821
SUIG,Sui Group Holdings Limited Common Stock,1.6,122.884595
CODA,"Coda Octopus Group, Inc. Common stock",10.87,122.647308
ZKIN,"ZK International Group Co., Ltd Ordinary Share",2.13,122.075216
JHS,John Hancock Income Securities Trust Common Stock,10.42,121.357416
INO,"Inovio Pharmaceuticals, Inc. Common Stock",1.17,120.975096
VTVT,vTv Therapeutics Inc. Class A Common Stock,30.52,120.673883
CVGI,"Commercial Vehicle Group, Inc. Common Stock",2.96,120.272739
RVSB,Riverview Bancorp Inc Common Stock,5.94,119.754041
BOOM,DMC Global Inc. Common Stock,5.83,119.753733
MXCT,"MaxCyte, Inc. Common Stock",1.16,119.719199
SANG,Sangoma Technologies Corporation Common Shares,3.59,119.470856
VRA,"Vera Bradley, Inc. Common Stock",4.15,119.057956
SFBC,"Sound Financial Bancorp, Inc. Common Stock",46.36,119.054473
PNBK,Patriot National Bancorp Inc. Common Stock,1.0,118.7422
WTF,Waton Financial Limited Ordinary Shares,2.46,118.664181
AXR,AMREP Corporation Common Stock,22.28,118.637636
ZENA,"ZenaTech, Inc. Common Stock",1.38,118.561361
OPENW,"Opendoor Technologies Inc  Series K Warrants, each whole warrant exercisable to purchase one share of Common Stock at an exercise price of $9.00 per warrant",0.122,118.473108
MWC,"Micware Co., Ltd. American Depositary Shares",1.93,118.370741
EGG,Enigmatig Limited Class A Ordinary Shares,4.25,118.3421
WSBK,"Winchester Bancorp, Inc. Common Stock",12.71,118.144229
XHG,XChange TEC.INC American Depositary Shares,2.27,117.013792
BEEP,Mobile Infrastructure Corporation Common Stock,2.83,116.879
COYA,"Coya Therapeutics, Inc. Common Stock",4.98,116.820088
LGCY,Legacy Education Inc. Common Stock,9.07,116.216069
NINE,"Nine Energy Service, Inc. Common Stock",8.33,116.203417
FEAM,"5E Advanced Materials, Inc. Common Stock",2.79,116.196165
BSBK,Bogota Financial Corp. Common Stock,9.1,116.127948
CPIX,Cumberland Pharmaceuticals Inc. Common Stock,7.72,115.669586
AARD,"Aardvark Therapeutics, Inc. Common Stock",5.27,115.333138
JYNT,The Joint Corp. Common Stock,8.1,114.559547
UNB,"Union Bankshares, Inc. Common Stock",23.14,114.447386
QUCY,Quantum Cyber N.V. Ordinary Shares,1.36,114.332741
EVTL,Vertical Aerospace Ltd. Ordinary Shares,0.6652,114.230566
HOVR,New Horizon Aircraft Ltd. Class A Ordinary Share,1.7,114.1107
BHR,Braemar Hotels & Resorts Inc. Common Stock,1.66,114.007668
PROV,"Provident Financial Holdings, Inc. Common Stock",18.27,113.894413
KULR,"KULR Technology Group, Inc. Common Stock",2.45,113.386789
VANI,"Vivani Medical, Inc. Common Stock (DE)",1.25,112.754195
SEER,"Seer, Inc. Class A Common Stock",2.03,112.40519
CBUS,"Cibus, Inc. Class A Common Stock",1.47,112.350577
OKUR,"OnKure Therapeutics, Inc. Class A Common Stock",2.76,111.769813
GNLX,Genelux Corporation Common Stock,2.47,111.755977
OPHC,"OptimumBank Holdings, Inc. Common Stock",8.85,111.70886
NICM,Nicola Mining Inc. American Depositary Shares,5.56,110.208024
DMRC,Digimarc Corporation Common Stock,4.9,110.129112
BYFC,Broadway Financial Corporation Class A Common Stock,11.8351,109.812508
GGT,"Gabelli Multi-Media Trust, Inc. (The) Common Stock",3.98,109.592289
NRDY,Nerdy Inc. Class A Common Stock,8.49,108.451201
RANI,"Rani Therapeutics Holdings, Inc. Class A Common Stock",0.776,108.170768
PYPD,PolyPid Ltd. Ordinary Shares,5.31,107.855477
PZG,Paramount Gold Nevada Corp. Common Stock,1.25,107.769226
TCX,Tucows Inc. Class A Common Stock,9.59,107.236454
VIOT,"Viomi Technology Co., Ltd American Depositary Shares",1.59,107.041551
HOVNP,Hovnanian Enterprises Inc Dep Shr Srs A Pfd,17.95,106.980026
RDZN,"Roadzen, Inc. Ordinary Shares",1.255,106.882154
EQ,"Equillium, Inc. Common Stock",1.68,106.525578
CNXU,Conexeu Sciences Inc. Common Stock,3.77,106.339251
ICG,Intchains Group Limited American Depositary Shares,0.88,106.288954
GLU,Gabelli Global Utility Common Shares of Beneficial Ownership,17.79,106.186927
JHI,John Hancock Investors Trust Common Stock,12.12,105.98391
NFE,New Fortress Energy Inc. Class A Common Stock,6.48,105.764065
APYX,Apyx Medical Corporation Common Stock,2.5,105.310058
INSE,"Inspired Entertainment, Inc. Common Stock",3.99,105.169904
BDTX,"Black Diamond Therapeutics, Inc. Common Stock",1.83,105.140357
RFL,"Rafael Holdings, Inc. Class B Common Stock",2.02,105.039992
NIOBW,NioCorp Developments Ltd. Warrant,0.7201,105.026319
GRML,Greenland Mines Ltd. Common Stock,11.85,104.601514
IMDX,Insight Molecular Diagnostics Inc. Common Stock,3.18,104.063223
MNOV,Medicinova Inc Common Stock,2.1,103.364617
PMVP,"PMV Pharmaceuticals, Inc. Common Stock",1.36,102.700988
VIRC,Virco Manufacturing Corporation Common Stock,6.5,102.464798
ILLU,Illumination Acquisition Corp I Class A Ordinary Shares,9.98,102.442145
STHO,Star Holdings Shares of Beneficial Interest,8.47,102.328891
LAKE,"Lakeland Industries, Inc. Common Stock",10.27,101.994923
GHG,"GreenTree Hospitality Group Ltd. American depositary shares, each representing one Class A ordinary share",1.01,101.906298
PLYX,"Polaryx Therapeutics, Inc. Common Stock",2.04,101.685826
FLX,BingEx Limited American Depositary Shares,1.39,101.650575
HMR,Heidmar Maritime Holdings Corp. Common Stock,1.72,101.466235
FJET,"Starfighters Space, Inc. Common Stock",1.84,101.192675
VATE,INNOVATE Corp. Common Stock,7.4,100.949808
PUSA,Aureus Greenway Holdings Inc. Common Stock,3.65,100.899074
CHMI,Cherry Hill Mortgage Investment Corporation Common Stock,2.73,100.866386
ULBI,Ultralife Corporation Common Stock,6.05,100.812777
FURY,Fury Gold Mines Limited Common Shares,0.5301,100.789077
CBAT,CBAK Energy Technology Limited Ordinary Shares,1.13,100.169795
NTRB,Nutriband Inc. Common Stock,8.23,100.041271
BUDA,"Buda Juice, Inc. Common Stock",7.96,100.030661
BWEN,"Broadwind, Inc. Common Stock",4.22,99.834114
NIPG,NIP Group Inc. American Depositary Shares,11.7,99.702556
ECOR,"electroCore, Inc. Common Stock",11.03,99.445212
QXL,Quantum X Labs Inc. Common Stock,4.61,99.427678
CSTE,Caesarstone Ltd. Ordinary Shares,2.87,99.236205
PAL,"Proficient Auto Logistics, Inc. Common Stock",3.53,99.026818
MIST,Milestone Pharmaceuticals Inc. Common Shares,0.7954,99.025693
GCL,GCL Global Holdings Ltd Ordinary Shares,0.76,98.902928
SRG,Seritage Growth Properties Class A Common Stock,1.75,98.568062
KEQU,Kewaunee Scientific Corporation Common Stock,34.02,98.499705
ZVIA,Zevia PBC Class A Common Stock,1.27,98.228659
BGM,BGM Group Ltd. Class A Ordinary Shares,0.244,97.752099
UPXI,"Upexi, Inc. Common Stock",1.19,97.701944
SVRN,"SVRN, Inc. Common Stock",52.055,97.645602
FLNT,"Fluent, Inc. Common Stock",3.085,97.50786
USGO,U.S. GoldMining Inc. Common stock,6.92,97.127293
ANIX,"Anixa Biosciences, Inc. Common Stock",2.79,96.991008
SPWR,SunPower Inc. Common Stock,0.3005,96.250254
TP,Ticketplus Ltd. Ordinary Shares,7.51,95.961849
SLNG,"Stabilis Solutions, Inc. Common Stock",5.15,95.77095
CTOR,"Citius Oncology, Inc. Common Stock",1.03,95.77064
PMN,ProMIS Neurosciences Inc. Common Shares (ON),10.65,95.50593
ANTA,Antalpha Platform Holding Company Class A Ordinary Shares,2.54,95.504
FNWB,First Northwest Bancorp Common Stock,10.04,95.496615
SUNS,"Sunrise Realty Trust, Inc. Common Stock",7.06,95.421908
TGEN,Tecogen Inc. Common Stock,3.16,95.393518
AMPG,"Amplitech Group, Inc. Common Stock",3.15,94.638244
NTHI,"NeOnc Technologies Holdings, Inc. Common Stock",3.16,94.06086
PARK,"Park Dental Partners, Inc. Common Stock",19.77,94.011925
CANG,Cango Inc. Class A Ordinary Shares,2.29,93.940304
BMEA,"Biomea Fusion, Inc. Common Stock",1.29,93.504169
LINK,"Interlink Electronics, Inc. Common Stock",5.93,93.417715
AUBN,"Auburn National Bancorporation, Inc. Common Stock",26.81,93.413869
CRDF,"Cardiff Oncology, Inc. Common Stock",1.2,93.354299
GRABW,Grab Holdings Limited Warrant,0.0227,93.080936
GOW,GOWell Energy Technology Ordinary shares,1.99,93.012958
HDRN,"Hadron Energy, Inc. Common Stock",1.3,92.948495
NRXS,"Neuraxis, Inc. Common Stock",7.4,92.927461
ZSTK,ZeroStack Corp. Common Stock,4.24,92.519034
GRWG,GrowGeneration Corp. Common Stock,1.57,92.505105
DAVA,Endava plc American Depositary Shares (each representing one Class A Ordinary Share),1.7,92.356925
SATLW,Satellogic Inc. Warrant,0.6,92.243947
ABLV,Able View Global Inc. Class B Ordinary Shares,1.665,91.942675
SIEB,Siebert Financial Corp. Common Stock,2.23,91.655087
TRBG,TurboGen Ltd. Ordinary Shares,3.6,91.641564
FACWW,Factorial Energy Inc. Warrant,0.8546,91.462065
LPA,Logistic Properties of the Americas Ordinary Shares,2.87,90.975082
WFF,WF Holding Limited Ordinary Shares,2.17,90.966257
LUD,Luda Technology Group Limited Ordinary Shares,4.0,90.76
FDSB,"Fifth District Bancorp, Inc. Common Stock",17.33,90.733953
FUSB,"First US Bancshares, Inc. Common Stock",16.45,90.552463
HERE,Here Group Limited American Depositary Shares,1.665,90.550384
RLYB,Rallybio Corporation Common Stock,17.05,90.544008
ATGL,Alpha Technology Group Limited Class A Ordinary Shares,5.5,90.54375
MDIA,Mediaco Holding Inc. Class A Common Stock,1.075,90.321347
BZFD,"BuzzFeed, Inc. Class A Common Stock",1.06,90.136817
DWSN,Dawson Geophysical Company Common Stock,2.9,90.061292
ICCC,ImmuCell Corporation Common Stock,9.88,89.732106
RGT,"Royce Global Trust, Inc. Common Stock",14.26,89.366607
CGTX,"Cognition Therapeutics, Inc. Common Stock",0.9384,89.235971
HYPR,"Hyperfine, Inc. Class A Common Stock",0.8359,88.646082
CIGL,Concorde International Group Ltd Class A Ordinary Shares,0.3905,88.637825
MNTS,Momentus Inc. Class A Common Stock,4.03,88.512506
ACRV,"Acrivon Therapeutics, Inc. Common Stock",2.06,88.277926
HFFG,HF Foods Group Inc. Common Stock,1.58,87.852449
MGF,Aberdeen Government Markets Income Fund Common Shares of Beneficial Interest,2.69,87.686987
EP,Empire Petroleum Corporation Common Stock,2.1,87.364916
FTLF,"FitLife Brands, Inc. Common Stock",9.29,87.243059
MHH,"Mastech Digital, Inc Common Stock",7.26,87.211338
CCLD,"CareCloud, Inc. Common Stock",2.05,87.112411
WRAP,"Wrap Technologies, Inc. Common Stock",1.34,86.532606
PFX,PhenixFIN Corporation Common Stock,44.67,86.269965
RFIL,"RF Industries, Ltd. Common Stock",7.92,85.914267
GFUZW,General Fusion Group Ltd. Warrant,1.35,85.790773
CITR,CitroTech Inc. Common Stock,3.8,85.703201
YRD,"Yiren Digital Ltd. American Depositary Shares, each representing two ordinary shares",0.9764,85.423733
MMLP,Martin Midstream Partners L.P. Limited Partnership,2.18,85.291815
AEYE,"AudioEye, Inc. Common Stock",6.785,85.285238
WCT,Wellchange Holdings Company Limited Class A Ordinary shares,7.94,85.284064
RMI,"RiverNorth Opportunistic Municipal Income Fund, Inc. Common Stock",13.38,85.274326
EVF,Eaton Vance Senior Income Trust Common Stock,4.85,85.063461
LGL,"LGL Group, Inc. (The) Common Stock",6.7101,84.635491
GIBO,GIBO Holdings Limited Class A Ordinary Shares,32.48,84.600818
UBCP,"United Bancorp, Inc. Common Stock",14.75,84.598891
SKIN,SkinHealth Systems Inc. Class A Common Stock,0.65,84.591496
ONCY,"Oncolytics Biotech, Inc. Common Stock",0.663,84.539465
LNSR,"LENSAR, Inc. Common Stock",6.88,84.526751
OPENZ,"Opendoor Technologies Inc  Series Z Warrants, each whole warrant exercisable to purchase one share of Common Stock at an exercise price of $17.00 per warrant",0.087,84.484921
PBHC,"Pathfinder Bancorp, Inc. Common Stock (MD)",17.2033,84.267957
VENU,Venu Holding Corporation Common Stock,1.43,84.183155
LUNG,Pulmonx Corporation Common Stock,1.96,84.178607
MGLD,"The Marygold Companies, Inc. Common Stock",1.97,84.143133
ARQ,"Arq, Inc. Common Stock",1.925,84.06183
TSQ,"Townsquare Media, Inc. Class A Common Stock",4.61,84.047856
BCIC,BCP Investment Corporation Common Stock,6.785,84.023079
ATRA,"Atara Biotherapeutics, Inc. Common Stock",8.37,84.015633
MBOT,Microbot Medical Inc. Common Stock,1.25,83.956001
RPT,Rithm Property Trust Inc. Common stock,10.78,83.78824
EMPD,Empery Digital Inc. Common stock,2.98,83.768131
DTI,Drilling Tools International Corporation Common Stock,2.36,83.266049
JXG,JX Luxventure Group Inc. Common Stock,6.9,83.213151
BDL,"Flanigan's Enterprises, Inc. Common Stock",44.7,83.081521
SSBI,Summit State Bank Common Stock,12.442,83.027083
CPBI,"Central Plains Bancshares, Inc. Common Stock",19.8,82.610273
TELO,"Telomir Pharmaceuticals, Inc. Common Stock",1.2,82.529947
KNDI,"Kandi Technologies Group, Inc. Ordinary Shares",0.82,82.340599
EIC,Eagle Point Income Company Common Shares of Beneficial Interest,9.23,82.221837
STEX,Streamex Corp. Common Stock,0.7048,82.084826
SPAI,Safe Pro Group Inc. Common Stock,4.02,81.858705
WSTN,Westin Acquisition Corp Class A Ordinary Share,10.15,81.75825
LSE,"Leishen Energy Holding Co., Ltd. Class A Ordinary Shares",4.8,81.72
CPHC,Canterbury Park Holding Corporation 'New' Common Stock,15.735,81.560705
AFCG,Advanced Flower Capital Inc. Common Stock,3.59,81.392189
PTHS,Pelthos Therapeutics Inc. Common Stock,21.25,81.354966
BTCS,BTCS Inc. Common Stock,1.55,81.331509
BLNK,Blink Charging Co. Common Stock,0.5603,81.209163
FSEA,"First Seacoast Bancorp, Inc. Common Stock",17.25,81.151331
CMCM,"Cheetah Mobile Inc. American Depositary Shares, each representing fifty (50) Class A Ordinary Shares",2.6,81.057179
MAYS,"J. W. Mays, Inc. Common Stock",40.0,80.6312
ROC,Rank One Computing Corporation Common stock,4.22,80.518136
SEV,Aptera Motors Corp. Class B Common Stock,1.98,80.275388
NDLS,Noodles & Company Class A Common Stock,13.45,80.251577
SOTK,Sono-Tek Corporation Common Stock,5.1,80.155287
ETS,Elite Express Holding Inc. Class A Common Stock,1.64,79.895342
CHGG,"Chegg, Inc. Common Stock",0.7193,79.862068
SERA,"Sera Prognostics, Inc. Class A Common Stock",2.02,79.687921
SDEV,Stablecoin Development Corporation Common Stock,1.57,79.466236
GCV,"Gabelli Convertible and Income Securities Fund, Inc. (The) Common Stock",4.17,79.396921
MHNC,"Maiden Holdings North America, Ltd. 7.75% Notes due 2043",10.25,79.354916
SRL,Scully Royalty Ltd.,5.2113,79.349083
NAAS,NaaS Technology Inc. American Depositary Shares,3.2284,79.298766
HNNA,"Hennessy Advisors, Inc. Common Stock",10.03,79.281232
VRCA,Verrica Pharmaceuticals Inc. Common Stock,4.6,79.022416
AZI,Autozi Internet Technology (Global) Ltd. Class A Ordinary Shares,1.19,78.956576
BYRN,"Byrna Technologies, Inc. Common Stock",3.37,78.874021
DTF,DTF Tax-Free Income 2028 Term Fund Inc. Common Stock,11.18,78.590559
NRT,North European Oil Royality Trust Common Stock,8.55,78.579545
YDDL,One and One Green Technologies. Inc Class A Ordinary Shares,1.4,78.446666
ASRV,AmeriServ Financial Inc. Common Stock,4.6,78.104628
LFVN,Lifevantage Corporation Common Stock (Delaware),6.19,77.928658
RFM,"RiverNorth Flexible Municipal Income Fund, Inc. Common Stock",12.74,77.901265
LNZA,"LanzaTech Global, Inc. Common Stock",5.94,77.749628
GOAI,Eva Live Inc. Common Stock,1.94,77.588632
ACR,ACRES Commercial Realty Corp. Common Stock,10.35,77.402082
GDHG,Golden Heaven Group Holdings Ltd. Class A Ordinary Shares,1.18,77.279262
GANX,"Gain Therapeutics, Inc. Common Stock",1.77,77.249206
SLQT,"SelectQuote, Inc. Common Stock",0.4306,77.190132
CSPI,CSP Inc. Common Stock,7.65,77.116934
OSTX,OS Therapies Incorporated Common Stock,1.65,76.676804
CENN,Cenntro Inc. Common Stock,4.355,76.584643
SKYA,"SkyAI, Inc. Common Stock",1.77,76.548086
ISPR,Ispire Technology Inc. Common Stock,1.325,76.524674
ARBE,Arbe Robotics Ltd. Ordinary Shares,0.6,76.442436
ESYN,EnerSyn Global Inc. Common Stock,2.57,76.396848
AIRT,"Air T, Inc. Common Stock",28.48,76.376183
ATLX,Atlas Lithium Corporation Common Stock,2.52,75.851509
HFBL,"Home Federal Bancorp, Inc. of Louisiana Common Stock",25.0,75.76485
GLBS,Globus Maritime Limited Common Stock,3.5,75.538054
JFIN,Jiayin Group Inc. American Depositary Shares,1.44,75.354546
IBIO,"iBio, Inc. Common Stock",1.17,75.23949
AMCI,AMC Robotics Corporation Common Stock,3.24,75.188811
BLUW,Blue Water Acquisition Corp. III Class A Ordinary Shares,10.3723,75.147314
GUTS,"Fractyl Health, Inc. Common Stock",0.471,74.973708
JRSH,"Jerash Holdings (US), Inc. Common Stock",5.9,74.929646
AIRJW,AirJoule Technologies Corporation Warrant,0.99,74.454829
NSTS,"NSTS Bancorp, Inc. Common Stock",14.13,74.226741
IOR,"Income Opportunity Realty Investors, Inc. Common Stock",18.23,74.126425
FSI,Flexible Solutions International Inc. Common Stock (CDA),5.8,74.080488
NTIC,Northern Technologies International Corporation Common Stock,7.8,74.072224
BARK,"BARK, Inc. Class A Common Stock",8.19,73.984013
CRT,Cross Timbers Royalty Trust Common Stock,12.32,73.92
SCOR,"comScore, Inc. Common Stock",4.86,73.795824
GLV,Clough Global Dividend and Income Fund Common Shares of beneficial interest,5.79,73.588486
FATN,"FatPipe, Inc. Common Stock",5.18,73.185464
AVAT,Avalanche Treasury Corporation Class A Common Stock,1.67,73.013141
OPENL,"Opendoor Technologies Inc  Series A Warrants, each whole warrant exercisable to purchase one share of Common Stock at an exercise price of $13.00 per warrant",0.0751,72.928938
MEGL,Magic Empire Global Limited Class A Ordinary Shares,1.12,72.871736
MAIA,"MAIA Biotechnology, Inc. Common Stock",1.18,72.855496
OPXS,"Optex Systems Holdings, Inc. Common Stock",10.45,72.730673
RSSS,"Research Solutions, Inc Common Stock",2.15,72.589738
BSIN,Big Sky Industrial Inc. Common Stock,1.38,72.440931
FBIO,"Fortress Biotech, Inc. Common Stock",2.17,72.371655
BSEM,"BioStem Technologies, Inc. Common Stock",4.05,72.290358
NEXM,NexMetals Mining Corp. Common Shares,2.025,72.187532
SSTI,"SoundThinking, Inc. Common Stock",5.47,72.005931
OKYO,OKYO Pharma Limited Ordinary Shares,1.37,71.896952
DTCX,"Datacentrex, Inc. Common Stock",1.79,71.857091
BZAI,"Blaize Holdings, Inc. Common Stock",0.4957,71.793242
CLST,"Catalyst Bancorp, Inc. Common Stock",17.7844,71.738553
GECC,Great Elm Capital Corp. Common Stock,5.16,71.67111
CPSH,CPS Technologies Corp. Common Stock,3.69,71.541506
ORIQU,Origin Investment Corp I Units,10.35,71.415
THRY,"Thryv Holdings, Inc. Common Stock",1.605,71.324773
CABO,"Cable One, Inc. Common Stock",12.57,71.321237
AEC,Anfield Energy Inc. Common Shares,3.57,71.221414
KBSX,FST Corp. Ordinary Shares,1.58,70.730285
AIFC,AI Financial Corporation Common Stock,0.5058,70.729307
INTG,Intergroup Corporation (The) Common Stock,32.9,70.695915
DGNX,Diginex Limited Ordinary Shares,1.41,70.683483
GOSS,"Gossamer Bio, Inc. Common Stock",11.52,70.460824
PSIG,PS International Group Ltd. Ordinary Shares,4.58,70.444165
WATT,Energous Corporation Common Stock,12.74,70.414885
AUROW,"Aurora Innovation, Inc. Warrant",0.035,70.145434
RGS,Regis Corporation Common Stock,28.05,70.129404
CING,Cingulate Inc. Common Stock,4.82,70.091601
OPTXW,"Syntec Optics Holdings, Inc. Warrant",1.74,70.086988
ALDX,"Aldeyra Therapeutics, Inc. Common Stock",1.16,69.978648
RNXT,"RenovoRx, Inc. Common Stock",1.55,69.950737
AMTD,"AMTD IDEA Group American Depositary Shares, each representing six (6) Class A Ordinary Shares",0.7275,69.625791
SPRO,"Spero Therapeutics, Inc. Common Stock",1.19,69.299444
CEV,Eaton Vance California Municipal Income Trust Shares of Beneficial Interest,9.85,69.280714
TENX,"Tenax Therapeutics, Inc. Common Stock",1.85,69.234246
COE,"51Talk Online Education Group American depositary shares, each representing 60 Class A ordinary shares",11.52,69.204269
APLM,Apollomics Inc. Class A Ordinary Shares,23.845,69.056384
CVRX,"CVRx, Inc. Common Stock",2.59,69.001736
WKEY,WISeKey International Holding Ltd American Depositary Shares,6.05,68.838921
CSBR,"Champions Oncology, Inc. Common Stock",4.93,68.618545
MHLA,"Maiden Holdings, Ltd. 6.625% Notes due 2046",8.86,68.593615
PAAI,"Paradium.AI, Inc. Common Stock",1.44,68.55934
MB,MasterBeef Group Ordinary Shares,3.99,68.44845
PCLA,PicoCELA Inc. American Depositary Shares,7.11,68.354154
CNTB,Connect Biopharma Holdings Limited Ordinary Shares,1.08,68.012254
UEIC,Universal Electronics Inc. Common Stock,5.27,67.904277
TMSWW,Teamshares Inc. Warrants,0.92,67.767675
KLRS,"Kalaris Therapeutics, Inc. Common Stock",2.845,67.725171
AIRG,"Airgain, Inc. Common Stock",5.15,67.466205
HOUR,"Hour Loop, Inc. Common Stock",1.915,67.407655
CVU,"CPI Aerostructures, Inc. Common Stock",5.08,67.308649
PXS,Pyxis Tankers Inc. Common Stock,6.52,66.993906
USIO,"Usio, Inc. Common Stock",2.35,66.964223
PLRX,"Pliant Therapeutics, Inc. Common Stock",1.08,66.875649
WWR,"Westwater Resources, Inc. Common Stock",0.5201,66.86657
GEG,"Great Elm Group, Inc. Common Stock",2.15,66.854014
TRT,Trio-Tech International Common Stock,6.42,66.669761
ALPS,ALPS Group Inc Ordinary Share,0.4,66.560126
KDKRW,"Kodiak AI, Inc. Warrants",0.3312,66.444738
YIBO,Planet Image International Limited Class A Ordinary Shares,1.12,66.342328
DXR,Daxor Corporation Common Stock,11.35,66.263842
GNSS,Genasys Inc. Common Stock,1.45,66.035913
STKE,Sol Strategies Inc. Common Shares,1.67,65.943088
DIT,AMCON Distributing Company Common Stock,67.56,65.940452
SHMDW,SCHMID Group N.V. Warrants,1.08,65.835615
DRIO,DarioHealth Corp. Common Stock,6.71,65.754518
PRTS,"CarParts.com, Inc. Common Stock",8.15,65.733271
RML,Resolution Minerals Ltd American Depositary Shares,5.86,65.621768
XBIT,XBiotech Inc. Common Stock,2.15,65.548622
WBX,Wallbox N.V. Class A Ordinary Shares,2.73,65.2227
GGR,Gogoro Inc. Ordinary Shares,3.16,65.145034
IPWR,Ideal Power Inc. Common Stock,3.95,64.916887
BOF,BranchOut Food Inc. Common Stock,3.96,64.388436
FRMM,"Forum Markets, Incorporated Common Stock",4.86,64.146887
NTWK,NetSol Technologies Inc. Common  Stock,5.37,63.776343
ATHE,Alterity Therapeutics Limited American Depositary Shares,3.5,63.729288
ZONE,Zone Frontier Inc. Class B Common Stock,0.1269,63.715254
GEOS,Geospace Technologies Corporation Common Stock (Texas),4.89,63.255099
WNW,Meiwu Technology Company Limited Ordinary Shares,2.4,63.19313
HYFT,MindWalk Holdings Corp. Common Stock,1.34,63.129635
TYGO,"Tigo Energy, Inc. Common Stock",0.82,62.954443
NPT,Texxon Holding Limited Ordinary shares,2.83,62.78355
SGLD,Scorpio Gold Corporation American Depositary Shares,3.62,62.65572
PODC,"PodcastOne, Inc. Common Stock",2.07,62.623081
PEW,GrabAGun Digital Holdings Inc. Common Stock,2.11,62.273354
RNTX,"Rein Therapeutics, Inc. Common Stock",0.721,62.19853
AISP,"Airship AI Holdings, Inc. Class A Common Stock",1.8,61.991212
INKT,"MiNK Therapeutics, Inc. Common Stock",12.11,61.797354
MYO,Myomo Inc. Common Stock,1.56,61.788252
SMJF,SMJ International Holdings Inc. Class A Ordinary Shares,2.23,61.78215
TLPH,"Talphera, Inc. Common Stock",1.19,61.767897
ROLR,"High Roller Technologies, Inc. Common Stock",5.6,61.764153
CLSKW,"CleanSpark, Inc. Warrant",0.2401,61.661779
ZYBT,Zhengye Biotechnology Holding Limited Class A Ordinary Shares,1.3,61.608789
MBAI,MBody AI Ltd. Ordinary Share,4.02,61.480208
YTRA,"Yatra Online, Inc. Ordinary Shares",0.9572,61.233315
UAVS,"AgEagle Aerial Systems, Inc. Common Stock",0.968,60.892723
ZOOZ,ZOOZ Strategy Ltd. Ordinary Shares,7.6,60.873021
HYPD,"Hyperion DeFi, Inc. Common Stock",3.915,60.836884
YOUL,Youlife Group Inc. American Depositary Shares,0.4349,60.760316
ODYS,Odysight.ai Inc. Common Stock,3.0,60.733215
BATL,Battalion Oil Corporation Common Stock,1.06,60.719084
TTEC,"TTEC Holdings, Inc. Common Stock",1.23,60.634006
ELOX,"Eloxx Pharmaceuticals, Inc. Common Stock",15.0,60.546885
ASPS,Altisource Portfolio Solutions S.A. Common Stock,5.3,60.527092
INCR,Intercure Ltd. Ordinary Shares,5.09,60.294669
DOMH,Dominari Holdings Inc. Common Stock,2.48,60.124242
PVL,Permianville Royalty Trust Units of Beneficial Interest,1.82,60.06
NAMM,Namib Minerals Ordinary Shares,1.07,59.762074
XLO,"Xilio Therapeutics, Inc. Common Stock",9.05,59.550348
ACET,"Adicet Bio, Inc. Common Stock",6.35,59.445462
BOLD,"Boundless Bio, Inc. Common Stock",2.61,59.372241
INSG,Inseego Corp. Common Stock,3.605,59.196234
WYY,WidePoint Corporation Common Stock,5.9,58.989705
LITB,"LightInTheBox Holding Co., Ltd. American Depositary Shares, each representing twelve ordinary shares",2.99,58.98248
ANVS,"Annovis Bio, Inc. Common Stock",1.38,58.897101
IH,"iHuman Inc. American depositary shares, each representing five Class A ordinary shares",1.15,58.779791
SLSN,"Solesence, Inc. Common Stock",0.832,58.778341
JZXN,"Jiuzi Holdings, Inc. Ordinary Shares",1.14,58.724545
FLL,"Full House Resorts, Inc. Common Stock",1.6,58.631168
MCHX,"Marchex, Inc. Class B Common Stock",1.32,58.526015
MOB,Mobilicom Limited Ordinary Shares,4.63,58.492508
VOC,VOC Energy Trust Units of Beneficial Interest,3.44,58.48
INV,"Innventure, Inc. Common Stock",0.6902,58.399656
STI,"Solidion Technology, Inc. Common Stock",6.68,58.295077
AACG,ATA Creativity Global American Depositary Shares,0.85,58.194417
NMAD,"Nomad Power Solutions, Inc. Common Stock",3.6,57.963845
INVE,"INVE Technologies, Inc. Common Stock",2.39,57.92345
NVX,NOVONIX Limited American Depository Shares,2.69,57.89641
CTM,"Castellum, Inc. Common Stock",0.61,57.816584
CLNN,Clene Inc. Common Stock,4.06,57.708763
WFCF,"Where Food Comes From, Inc. Common Stock",11.58,57.664498
COPR,Idaho Copper Corporation Common Stock,3.07,57.650314
HIT,"Health In Tech, Inc. Class A Common Stock",0.8811,57.626274
MREO,Mereo BioPharma Group plc American Depositary Shares,0.37,57.403875
SAIH,SAIHEAT Limited Class A Ordinary Shares,31.7,57.388412
ZEPP,"Zepp Health Corporation American depositary shares, each representing sixteen Class A ordinary shares",3.89,57.046776
SPCB,"SuperCom, Ltd. Ordinary Shares (Israel)",9.06,56.900895
ELBM,Electra Battery Materials Corporation Common Stock,0.5298,56.582713
NCEW,New Century Logistics (BVI) Limited Ordinary Shares,17.63,56.416
GENK,"GEN Restaurant Group, Inc. Class A Common Stock",1.71,56.369497
TOUR,Tuniu Corporation American Depositary Shares,5.18,56.274261
TZOO,Travelzoo Common Stock,5.51,56.214877
CAST,"FreeCast, Inc. Class A Common Stock",1.18,56.145653
BBBYW,"Neighborhood Intelligence, Inc. Warrants",0.5874,56.095339
LFS,"LEIFRAS Co., Ltd. American Depositary Shares",2.14,55.983725
XPL,Solitario Resources Corp. Common Stock,0.59,55.863833
FBDT,First Breach Inc. Common Stock,1.0,55.776201
EXOZ,eXoZymes Inc. Common Stock,6.0,55.688154
OM,"Outset Medical, Inc. Common Stock",2.96,55.639605
TELA,"TELA Bio, Inc. Common Stock",1.23,55.526394
PDSB,PDS Biotechnology Corporation Common Stock,0.7659,55.507996
INMB,INmune Bio Inc. Common stock,2.0,55.507578
HRTX,"Heron Therapeutics, Inc. Common Stock",0.2918,55.398903
LIDR,"AEye, Inc. Class A Common Stock",1.185,55.30652
MYPS,"PLAYSTUDIOS, Inc.  Class A Common Stock",0.4603,55.291872
SELF,"Global Self Storage, Inc. Common Stock",4.82,55.051244
RPID,"Rapid Micro Biosystems, Inc. Class A Common Stock",1.095,54.924714
APWC,"Asia Pacific Wire & Cable Corporation, Ltd. Ordinary Shares (Bermuda)",1.33,54.839164
ELTK,Eltek Ltd. Ordinary Shares,8.15,54.76659
SKIL,Skillsoft Corp. Class A Common Stock,6.01,54.693668
VHUB,"VenHub Global, Inc. Common Stock",0.56,54.5596
AIFU,AIFU Inc. Class A Ordinary Share,8.81,54.40797
GRSD,Grandstand Limited Ordinary Shares,1.55,54.400645
RENT,"Rent the Runway, Inc. Class A Common Stock",1.61,54.376335
AGIG,Abundia Global Impact Group Inc. Common stock,1.23,54.304895
WATR,Air Water Ventures Limited Ordinary Shares,1.71,54.103466
ADBT,"Advasa Holdings, Inc. Common Stock",0.1109,54.015586
REKR,"Rekor Systems, Inc. Common Stock",0.3899,53.664469
COCH,"Envoy Medical, Inc. Class A Common Stock",0.6921,53.426379
GLNDW,Greenland Energy Company Warrant,1.2199,53.346464
CLPR,Clipper Realty Inc. Common Stock,3.28,52.996816
SDA,SunCar Technology Group Inc. Class A Ordinary Shares,0.5016,52.992995
STKS,"The ONE Group Hospitality, Inc. Common Stock",1.67,52.92067
TPCS,TechPrecision Corporation Common stock,5.22,52.895622
CRGO,Freightos Limited Ordinary shares,1.015,52.854587
KXIN,Kaixin Holdings Ordinary Shares,1.32,52.844727
SGA,"Saga Communications, Inc. Class A Common Stock (FL)",8.31,52.83488
AVD,American Vanguard Corporation Common Stock ($0.10 Par Value),1.79,52.806131
IMA,"ImageneBio, Inc. Common Stock",4.64,52.670756
MKDW,MKDWELL Tech Inc. Ordinary Share,1.54,52.665601
LASE,Laser Photonics Corporation Common Stock,0.8677,52.650054
BGSF,"BGSF, Inc. Common Stock",4.91,52.437646
MDXH,MDxHealth SA Ordinary Shares,0.548,52.288725
SCWO,374Water Inc. Common Stock,2.94,52.091393
BRID,Bridgford Foods Corporation Common Stock,5.725,51.964863
LGO,Largo Inc. Common Shares,0.5031,51.886715
MDAI,"Spectral AI, Inc. Class A Common Stock",1.61,51.817734
SORA,AsiaStrategy Ordinary Shares,2.08,51.71712
KAZR,Skyline Builders Group Holding Limited Class A Ordinary Shares,2.88,51.673231
FTEK,"Fuel Tech, Inc. Common Stock",1.65,51.507702
APT,"Alpha Pro Tech, Ltd. Common Stock",5.04,51.439339
SER,"Serina Therapeutics, Inc. Common Stock",2.01,51.054951
VRM,"Vroom, Inc. Common Stock",9.75,51.034942
NCTY,The9 Limited American Depository Shares,3.34,51.012378
ACFN,"Acorn Energy, Inc. Common Stock",20.3,50.945245
NA,Nano Labs Ltd Class A Ordinary Shares,2.19,50.838857
VGAS,"Verde Clean Fuels, Inc. Class A Common Stock",1.14,50.786568
FNUC,Frontier Nuclear and Minerals Inc. Common Shares,1.41,50.617655
AIRTP,"Air T, Inc. Air T Funding Alpha Income Trust Preferred Securities",18.8,50.416862
PIII,P3 Health Partners Inc. Class A Common Stock,6.94,50.391215
YDESW,YD Bio Limited Warrants,0.7099,50.283173
SOGP,Sound Group Inc. American Depositary Shares,12.03,50.214976
DLHC,DLH Holdings Corp.,3.46,50.145901
ACH,"Accendra Health, Inc. Common Stock",0.65,49.988058
XTNT,"Xtant Medical Holdings, Inc. Common Stock",0.3558,49.914456
TLSIW,"TriSalus Life Sciences, Inc. Warrant",0.8099,49.869269
NNOX,NANO-X IMAGING LTD Ordinary Shares,0.6321,49.675878
NEOVW,NeoVolta Inc. Warrant,0.84,49.571127
POCI,"Precision Optics Corporation, Inc. Common stock",4.525,49.525532
SRTS,"Sensus Healthcare, Inc. Common Stock",2.995,49.303867
EDSA,"Edesa Biotech, Inc. Common Shares",3.65,49.288589
NXB,NextBoat Inc. Common Stcok,1.96,49.280074
OFS,OFS Capital Corporation Common Stock,3.66,49.036965
MATH,Metalpha Technology Holding Limited Ordinary Shares,1.03,48.964126
SFWL,Shengfeng Development Limited Class A Ordinary Shares,8.9,48.948523
DSWL,"Deswell Industries, Inc. Common Shares",3.08,48.926536
TCBS,"Texas Community Bancshares, Inc. Common Stock",17.03,48.922541
TC,Token Cat Limited American Depositary Shares,1.85,48.863719
TACT,TransAct Technologies Incorporated Common Stock,4.71,48.628258
ELTX,"Elicio Therapeutics, Inc. Common Stock",1.85,48.621482
EUDA,EUDA Health Holdings Limited Ordinary Shares,16.2,48.508065
CNVS,Cineverse Corp. Class A Common Stock,2.04,48.493629
ZDGE,"Zedge, Inc. Class B Common Stock",3.09,48.466891
SLMT,Brera Holdings PLC Class B Ordinary Shares,4.39,48.330801
CATO,Cato Corporation (The) Class A Common Stock,2.42,48.186917
PFXNZ,PhenixFIN Corporation  5.25% Notes due 2028,24.04,48.173011
IBO,"Impact BioMedical, Inc. Common Stock",5.61,47.930039
TIL,"Instil Bio, Inc. Common Stock",7.04,47.745111
RSF,RiverNorth Capital and Income Fund Common Stock,14.28,47.71772
CULP,"Culp, Inc. Common Stock",3.74,47.630112
HCMAW,HCM III Acquisition Corp. Warrants,0.5986,47.434784
IDN,"Intellicheck, Inc. Common Stock",2.34,47.424179
RYM,"RYTHM, Inc. Common Stock",21.44,47.168
PLCE,"Children's Place, Inc. (The) Common Stock",2.11,46.920211
SNSC,SunScout Holding Limited Class A Ordinary Shares,1.23,46.863
AVX,Avax One Technology Ltd. Common Shares,6.32,46.751461
DWTX,"Dogwood Therapeutics, Inc. Common Stock",1.36,46.229872
BYSI,BeyondSpring Inc. Ordinary Shares,1.12,46.054198
SCYX,"SCYNEXIS, Inc. Common Stock",4.62,45.967194
PROP,Prairie Operating Co. Common Stock,0.4066,45.863671
GROV,"Grove Collaborative Holdings, Inc. Class A Common Stock",1.07,45.690119
SPWH,"Sportsman's Warehouse Holdings, Inc. Common Stock",1.165,45.599807
KFFB,Kentucky First Federal Bancorp Common Stock,5.6367,45.582386
MBBC,"Marathon Bancorp, Inc. Common Stock",15.122,45.515753
HGBL,Heritage Global Inc. Common Stock,1.31,45.377673
XBP,"XBP Global Holdings, Inc. Common Stock",3.1982,45.275587
HOWL,"Werewolf Therapeutics, Inc. Common Stock",0.93,45.197131
CIRC,"Circle8 Group, Inc. Common Stock",0.395,45.190735
RDI,Reading International Inc Class A Common Stock,1.97,45.09355
YMT,Yimutian Inc. American Depositary Shares,1.77,44.936884
BNAI,Brand Engagement Network Inc. Common Stock,5.97,44.794008
GRCE,"Grace Therapeutics, Inc. Common Stock",2.12,44.596172
HAIN,"Hain Celestial Group, Inc. (The) Common Stock",0.4899,44.582012
AIOS,AIOS Tech Inc. Class A Common Shares,13.71,44.547286
ELWT,"Elauwit Connection, Inc. Common Stock",6.7,44.352633
LOAN,"Manhattan Bridge Capital, Inc",3.88,44.330975
SEAT,Vivid Seats Inc. Class A Common Stock,3.78,44.271953
SOWG,Sow Good Inc. Common Stock,2.2,44.219765
BTMD,Biote Corp. Class A Common Stock,1.23,44.190786
BAER,"Bridger Aerospace Group Holdings, Inc. Common Stock",0.75,44.119605
MVIS,"MicroVision, Inc. Common Stock",1.46,44.019039
TVGN,Tevogen Inc. Common Stock,6.76,44.01801
IZEA,"IZEA Worldwide, Inc. Common Stock",2.52,43.889041
STEM,"Stem, Inc. Class A Common Stock",4.55,43.801685
NEPH,"Nephros, Inc. Common Stock",4.03,43.766284
AURE,Aurelion Inc. Class A Ordinary Shares,1.16,43.616
GPMT,Granite Point Mortgage Trust Inc. Common Stock,0.8998,43.36871
LITS,"Lite Strategy, Inc. Common Stock",1.36,43.360401
SACH,Sachem Capital Corp. Common Shares,0.9025,43.279055
PRPO,"Precipio, Inc.  Common Stock",24.11,43.161433
VHC,VirnetX Holding Corp Common Stock,10.23,43.136156
MGX,"Metagenomi Therapeutics, Inc. Common Stock",1.14,43.0659
VERU,Veru Inc. Common Stock,2.525,43.052058
RYOJ,"rYojbaba Co., Ltd. Common Shares",3.7,42.735
ATHR,"Aether Holdings, Inc. Common Stock",3.4898,42.708378
BRIA,BrilliA Inc Class A Ordinary Shares,1.39,42.56875
AXIL,"AXIL Brands, Inc. Common Stock",6.21,42.368849
PTLE,PTL LTD Class A Ordinary Shares,6.74,42.334762
BRAG,Bragg Gaming Group Inc. Common Shares,1.36,42.246229
PXLW,"Pixelworks, Inc.  Common Stock",6.98,42.224763
TEAD,Teads Holding Co. Common Stock,0.4301,42.177826
NSRX,Nasus Pharma Ltd. Ordinary Shares,3.59,42.041801
THCH,TH International Limited Ordinary shares,1.26,41.886913
CMTL,Comtech Telecommunications Corp. Common Stock,1.39,41.646389
MAMO,Massimo Group Common Stock,0.999,41.599309
YSXT,"YSX Tech. Co., Ltd Class A Ordinary Shares",1.3,41.44725
AHMA,Ambitions Enterprise Management Co. L.L.C Class A Ordinary Shares,1.39,41.31775
BCHT,Birchtech Corp. Common Stock,1.57,41.300367
FLNA,"Filana Therapeutics, Inc. Common Stock",0.8532,41.216297
TGE,The Generation Essentials Group Class A Ordinary Shares,0.8441,41.146168
VTIX,Virtuix Holdings Inc. Class A Common Stock,1.21,41.105332
PHUN,"Phunware, Inc. Common Stock",2.0,40.92535
INDO,Indonesia Energy Corporation Limited Ordinary Shares,2.65,40.775126
SQNS,Sequans Communications S.A. American Depositary Shares (each representing one hundred (100) Ordinary Shares),2.72,40.739249
GAME,"GameSquare Holdings, Inc. Common Stock",3.11,40.630041
JG,Aurora Mobile Limited American Depositary Shares,6.8,40.538764
CELU,Celularity Inc. Class A Common Stock,1.4,40.524345
CRVO,CervoMed Inc. Common Stock,2.67,40.367986
ZBAO,Zhibao Technology Inc. Class A Ordinary Shares,0.0866,40.362642
OMEX,"Odyssey Marine Exploration, Inc. Common Stock",0.6859,40.256424
KG,"Kestrel Group, Ltd.",5.13,40.137274
YQ,17 Education & Technology Group Inc. American Depositary Shares,3.69,40.057489
SNWV,"SANUWAVE Health, Inc. Common Stock",4.65,40.000737
MLCI,Mount Logan Capital Inc. Common Stock,3.56,39.832014
GMHS,Gamehaus Holdings Inc. Class A Ordinary Shares,0.7,39.760805
IXHL,Incannex Healthcare Inc. Common Stock,3.15,39.515575
XRXDW,Xerox Holdings Corporation Warrants,0.3007,39.486273
FTCI,"FTC Solar, Inc. Common Stock",2.38,39.320922
FTFT,Future FinTech Group Inc. Common Stock,4.19,39.28125
SYPR,"Sypris Solutions, Inc. Common Stock",1.7,39.144936
STG,"Sunlands Technology Group American Depositary Shares, representing Class A ordinary shares",2.92,39.107548
WPRT,Westport Fuel Systems Inc Common Shares,2.05,38.941255
RMCO,Royalty Management Holding Corporation Class A Common Stock,2.56,38.842132
MLGO,"MicroAlgo, Inc. Class A Ordinary Shares",3.12,38.804878
NWGL,CL Workshop Group Limited American Depositary Shares,1.34,38.663241
PN,PN Smart Energy Limited Class A Ordinary Shares,2.62,38.655546
MIND,"MIND Technology, Inc. Common Stock (DE)",4.25,38.628484
KOSS,Koss Corporation Common Stock,4.08,38.623067
QTEX,QTREX Quantum Ltd. Ordinary Shares,0.6879,38.49759
NNVC,"NanoViricides, Inc. Common Stock",1.5,38.29103
SNT,Senstar Technologies Corporation Common Shares,1.64,38.263911
ACCL,Acco Group Holdings Limited Class A Ordinary Shares,2.75,38.225
LSF,"Laird Superfood, Inc. Common Stock",3.41,38.167734
SCLX,Scilex Holding Company Common Stock,4.49,38.13357
MIRA,"MIRA Pharmaceuticals, Inc. Common Stock",0.9033,37.958551
AERT,"Aeries Technology, Inc. Class A Ordinary Share",7.225,37.915731
WAVE,Eco Wave Power Global AB (publ) American Depositary Shares,6.05,37.749967
ONMD,OneMedNet Corp Class A Common Stock,0.633,37.528323
KNRX,KNOREX LTD. Class A Ordinary Shares,1.23,37.420429
COSM,Cosmos Health Inc. Common Stock,0.3702,37.254623
XOS,"Xos, Inc. Common Stock",2.62,37.250772
MLSS,"Milestone Scientific, Inc. Common Stock",0.41,37.164205
TREO,Tactical Resources Corp. Common Shares,2.73,37.160853
HOLO,MicroCloud Hologram Inc. Ordinary Shares,1.62,37.118023
ATNM,"Actinium Pharmaceuticals, Inc. (Delaware) Common Stock",1.18,37.100894
KPTI,Karyopharm Therapeutics Inc. Common Stock,1.62,36.743965
PPSI,"Pioneer Power Solutions, Inc. Common Stock",3.3,36.627578
STRR,"Star Equity Holdings, Inc. Common Stock",9.85,36.34062
HBIO,"Harvard Bioscience, Inc. Common Stock",7.98,36.327394
BCTX,BriaCell Therapeutics Corp. Common Shares,4.155,36.147615
DCGO,DocGo Inc. Common Stock,0.365,36.108855
GAIA,"Gaia, Inc. Class A Common Stock",1.42,36.104626
SBCWW,SBC Medical Group Holdings Incorporated Warrants,0.35,35.99643
IMMP,Immutep Limited American Depositary Shares,4.88,35.958802
GROW,"U.S. Global Investors, Inc. Class A Common Stock",2.92,35.910732
ELUT,Elutia Inc. Class A Common Stock,0.81,35.874276
QTI,"QT Imaging Holdings, Inc. Common Stock",2.45,35.859484
ARAY,Accuray Incorporated Common Stock,0.2998,35.807904
SVIAW,"Silvia, Inc. Warrant",0.4234,35.69704
TOON,"Kartoon Studios, Inc. Common Stock",0.5732,35.655393
FSP,Franklin Street Properties Corp. Common Stock,0.3421,35.582405
NTIP,"Network-1 Technologies, Inc. Common Stock",1.55,35.437931
CNF,"CNFinance Holdings Limited American Depositary Shares, each representing two hundred (200) Ordinary Shares",1.99,35.417791
XTIA,"XTI Aerospace, Inc. Common Stock",0.9202,35.407261
MCRB,"Seres Therapeutics, Inc. Common Stock",3.52,35.357629
AIXC,"AIxCrypto Holdings, Inc. Common Stock",1.66,35.040747
SPRU,Spruce Power Holding Corporation Class A Common Stock,1.81,34.846457
RMTI,"Rockwell Medical, Inc. Common Stock",8.63,34.782913
ALGS,"Aligos Therapeutics, Inc. Common Stock",5.54,34.594851
GETY,"Getty Images Holdings, Inc. Class A Common Stock",0.0829,34.387857
BODI,"The Beachbody Company, Inc. Class A Common Stock",4.735,34.38075
ANGH,Anghami Inc. Ordinary Shares,3.7907,34.361968
HHS,"Harte Hanks, Inc. Common Stock",4.6,34.289504
STRRP,"Star Equity Holdings, Inc. 10% Series A Cumulative Perpetual Preferred Stock",9.26,34.163872
EHLD,Euroholdings Ltd. Common Stock,12.115,34.123291
ENRDW,Einride AB Warrants,0.2302,33.767879
SPHL,Springview Holdings Ltd Class A Ordinary Shares,2.74,33.597825
CCEL,"Cryo-Cell International, Inc. Common Stock",4.16,33.540624
LVLU,"Lulu's Fashion Lounge Holdings, Inc. Common Stock",11.64,33.425145
RAVE,"Rave Restaurant Group, Inc. Common Stock",2.35,33.39718
FUFUW,BitFuFu Inc. Warrant,0.1999,33.314054
ITOC,iTonic Holdings Ltd Class A Ordinary Shares,0.2845,33.300725
GNTA,Genenta Science S.p.A. American Depositary Shares,0.6903,33.284097
CREX,"Creative Realities, Inc. Common Stock",2.455,33.207572
SLND,"Southland Holdings, Inc. Common Stock",0.61,33.205507
RYET,Ruanyun Edai Technology Inc. Ordinary shares,0.8899,33.175476
BOSC,B.O.S. Better Online Solutions Common Stock,4.67,32.922613
BHST,BioHarvest Sciences Inc. Common Stock,1.45,32.868371
UG,"United-Guardian, Inc. Common Stock",7.1004,32.621503
BDMD,Baird Medical Investment Holdings Ltd Ordinary Share,0.7725,32.606269
BHM,"Bluerock Homes Trust, Inc. Class A Common Stock",7.933,32.588986
TAOX,Tao Synergies Inc. Common Stock,4.35,32.552103
PFAI,Pinnacle Food Group Limited Class A Common Shares,2.77,32.510327
PLUT,Plutus Financial Group Limited Ordinary Shares,2.11,32.3885
KLXE,"KLX Energy Services Holdings, Inc. Common Stock",1.52,32.33505
NSPR,InspireMD Inc. Common Stock,0.6895,32.054247
QNTM,Quantum Biopharma Ltd. Class B Subordinate Voting Shares,3.96,32.026583
SRXH,SRX Global Inc. Common Stock,1.58,32.019318
VTSI,"VirTra, Inc. Common Stock",2.82,31.92134
WKHS,"Workhorse Group, Inc. Common Stock",2.9,31.692897
LVO,"LiveOne, Inc. Common Stock",2.3,31.537115
NSYS,Nortech Systems Incorporated Common Stock,11.0,31.391426
FIEE,"FiEE, Inc Common Stock",3.64,31.044097
COHN,Cohen & Company Inc.,9.6,30.998112
YI,"111, Inc. American Depositary Shares",3.52,30.965313
CPHI,"China Pharma Holdings, Inc. Common Stock",0.715,30.760731
EDHL,Everbright Digital Holding Limited Ordinary Shares,5.14,30.630674
PETS,"PetMed Express, Inc. Common Stock",1.405,30.458874
PAVM,PAVmed Inc. Common Stock,3.795,30.344509
CLPS,CLPS Incorporation Common Stock,1.0202,30.34427
AEI,Alset Inc. Common Stock (TX),0.7796,30.323189
JFU,9F Inc. American Depositary Shares,2.5701,30.258643
ARBK,Argo Blockchain plc American Depositary Shares,2.26,30.193677
DRK,DarkHorse Technologies Inc. Common Shares,2.9,30.077283
BGDE,"Big Digital Energy, Inc. Common Stock",5.26,30.076943
MNY,MoneyHero Limited Class A Ordinary Shares,0.675,29.992422
VAI,Valor Energy Incorporated Common Stock,2.06,29.988427
CNTX,Context Therapeutics Inc. Common Stock,0.3263,29.980175
GPUS,"Hyperscale Data, Inc. Common Stock",0.1692,29.941146
CVM,Cel-Sci Corporation Common Stock,1.7,29.901278
RAND,Rand Capital Corporation Common Stock,10.0,29.69814
CVV,CVD Equipment Corporation Common Stock,4.27,29.681637
VIP,Vulcan Infrastructure and Power Inc. Class A Common Stock,1.61,29.672142
DAIO,Data I/O Corporation Common Stock,2.85,29.627537
CNTY,"Century Casinos, Inc. Common Stock",1.05,29.544577
AXG,Solowin Holdings Class A Ordinary Share,0.1469,29.528498
QNCX,"Quince Therapeutics, Inc. Common Stock",29.0,29.494827
ANPA,Rich Sparkle Holdings Limited Ordinary Shares,1.95,29.448422
LFT,"Lument Finance Trust, Inc. Common Stock",5.61,29.444719
EVAX,Evaxion A/S American Depositary Share,3.24,29.229605
ATYR,"aTyr Pharma, Inc. Common Stock",0.2977,29.200626
BLNE,"Beeline Holdings, Inc. Common Stock",0.88,28.97677
RNAZ,"TransCode Therapeutics, Inc. Common Stock",1.71,28.951564
QRHC,Quest Resource Holding Corporation Common Stock,1.37,28.897213
GNS,Genius Group Limited Ordinary Shares,0.15,28.792126
DFDVW,DeFi Development Corp. Warrant,0.88,28.706295
FKWL,Franklin Wireless Corp. Common Stock,2.42,28.517958
NTRP,"NextTrip, Inc. Common Stock",1.89,28.512731
SST,"System1, Inc. Class A Common Stock",2.71,28.424239
IGC,"IGC Pharma, Inc. Common Stock",0.274,28.327218
JAGU,Jaguar Uranium Corp. Class A Common Shares,1.4,28.271288
RCON,"Recon Technology, Ltd. Class A Ordinary Shares",1.34,28.09072
FLD,"Fold Holdings, Inc. Class A Common Stock",0.5101,27.988385
ABVC,"ABVC BioPharma, Inc. Common Stock",1.05,27.987083
KYNB,"Kyntra Bio, Inc. Common Stock",6.9,27.938956
ATCH,"AtlasClear Holdings, Inc. Common Stock",0.183,27.78649
OPTH,Optimi Health Corp. Common Shares,4.85,27.770455
SJ,Scienjoy Holding Corporation Class A Ordinary Shares,0.65,27.600799
BIRD,"Smartbird, Inc. Class A Common Stock",2.33,27.51542
BRLS,Borealis Foods Inc. Class A Common Shares,1.28,27.473032
ZTG,Zenta Group Company Limited Class A Ordinary Shares,1.135,27.338948
CRWS,Crown Crafts Inc Common Stock,2.54,27.331129
PDC,Perpetuals.com Ltd American Depositary Shares,3.35,27.182362
MCRP,Micropolis AI Robotics Ordinary Shares,0.7771,27.111812
LONA,"LeonaBio, Inc. Common Stock",2.87,27.040173
BBGI,"Beasley Broadcast Group, Inc. Class A Common Stock",14.59,27.031637
REFR,Research Frontiers Incorporated Common Stock,0.7744,27.001613
AIFA,"All In FutureTech Alliance, Inc. Common Stock",4.18,26.836921
AAME,Atlantic American Corporation Common Stock,1.31,26.720369
ASTI,"Ascent Solar Technologies, Inc. Common Stock",2.72,26.700692
AIFF,"Firefly Neuroscience, Inc. Common Stock",1.69,26.516634
DXLG,"Destination XL Group, Inc. Common Stock",0.4742,26.296073
SWAG,"Stran & Company, Inc. Common Stock",1.4,26.095425
OCCI,"OFS Credit Company, Inc. Common Stock",2.23,25.904817
BEEM,Beam Global Common Stock,1.14,25.801979
EONR,EON Resources Inc. Class A Common Stock,0.514,25.683729
GRAN,Grande Group Limited Class A Ordinary Shares,1.02,25.404375
QNRX,"Quoin Pharmaceuticals, Ltd. American Depositary Shares",5.26,25.269887
MF,MindForge Inc. Class A Ordinary Shares,13.91,25.266124
PRHI,"Presurance Holdings, Inc. Common Stock",6.72,25.173738
JOB,GEE Group Inc. Common Stock,0.229,25.160387
BLIV,BeLive Holdings Ordinary Share,2.315,25.152017
NOMA,NOMADAR Corp. Class A Common Stock,1.645,25.141405
NXPL,NextPlat Corp Common Stock,9.2,24.961642
PLRZ,Polyrizon Ltd. Ordinary Shares,10.36,24.885414
CCG,Cheche Group Inc. Class A Ordinary Shares,9.92,24.853826
CLIR,ClearSign Technologies Corporation Common Stock (DE),3.65,24.847211
GRDX,GridAI Technologies Corp. Common Stock,3.47,24.744997
USEA,United Maritime Corporation Common Stock,2.59,24.70378
PAPL,Pineapple Financial Inc. Common Stock,0.97,24.513061
MBNKO,"Medallion Bank Fixed-Rate Reset Non-Cumulative Perpetual Preferred Stock, Series G, par value $1.00 per share",24.5,24.5
JDZG,JIADE LIMITED Class A Ordinary Shares,4.48,24.333044
LOCL,Local Bounti Corporation Common Stock,1.04,24.315324
ORIO,Orion Digital Corp. Common Shares,1.02,24.25662
TXMD,"TherapeuticsMD, Inc. Common Stock",2.09,24.190417
UPC,Universe Pharmaceuticals Inc. Class A Ordinary Shares,4.8,24.117072
AWRE,"Aware, Inc. Common Stock",1.1,23.993901
PRT,PermRock Royalty Trust Units of Beneficial Interest,1.97,23.966492
VIDA,VIDA Global Inc. Class A Common Stock,1.64,23.916008
GTEC,Greenland Technologies Holding Corporation Class A Ordinary Shares,0.9,23.8898
MRNO,Murano Global Investments PLC Ordinary Shares,0.3,23.772862
DUO,Fangdd Network Group Ltd. Class A Ordinary Shares,0.6145,23.688
AYTU,"Aytu BioPharma, Inc.  Common Stock",2.17,23.580756
COCP,"Cocrystal Pharma, Inc. Common Stock",1.21,23.308472
NXTC,"NextCure, Inc. Common Stock",5.08,23.252984
KTCC,Key Tronic Corporation Common Stock,2.1,23.238363
EHTH,"eHealth, Inc. Common Stock",0.7253,23.233284
INLX,"Intellinetics, Inc. Common Stock",5.15,23.149219
HKIT,Hitek Global Inc. Class A Ordinary Share,2.57,23.10908
LIVE,Live Ventures Incorporated Common Stock,7.5,23.03742
SKYQ,Sky Quarry Inc. Common Stock,2.6,22.966814
STAK,STAK Inc. Class A Ordinary Shares,1.19,22.860315
BIOX,Bioceres Crop Solutions Corp. Ordinary Shares,0.358,22.846089
FEDU,"Four Seasons Education (Cayman) Inc. American Depositary Shares, each ADS representing 10 ordinary shares",10.0,22.61438
VNTG,Vantage Corp Class A Ordinary Shares,0.7313,22.422309
JVA,"Coffee Holding Co., Inc. Common Stock",3.92,22.377708
QNME,"Quanome Technologies, Inc. Common Stock",0.6499,22.374471
UTSI,UTStarcom Holdings Corp. Ordinary Shares,2.355,22.358629
CHOW,ChowChow Cloud International Holdings Limited Ordinary Shares,0.6234,22.124466
RADX,Radiopharm Theranostics Limited American Depositary Shares,1.52,21.976917
CKX,"CKX Lands, Inc. Common Stock",10.7,21.96848
BENF,Beneficient Class A Common Stock,1.42,21.947125
AZIO,"Azio AI Holdings, Inc. Common Stock",1.27,21.853967
PSHG,Performance Shipping Inc. Common Shares,1.755,21.817209
MWYN,"Marwynn Holdings, Inc. Common stock",1.075,21.709414
SNAL,"Snail, Inc. Class A Common Stock",2.42,21.673063
GIFT,"Giftify, Inc. Common Stock",0.6112,21.651868
PBM,Psyence Biomedical Ltd. Common Shares,5.665,21.608168
TCRX,"TScan Therapeutics, Inc. Common Stock",0.34,21.590907
LOOP,"Loop Industries, Inc. Common Stock",0.4441,21.485723
HOVRW,New Horizon Aircraft Ltd. Warrant,0.32,21.479661
HSCS,HeartSciences Inc. Common Stock,4.43,21.458521
ZEO,Zeo Energy Corporation Class A Common Stock,0.3432,21.341373
MERC,Mercer International Inc. Common Stock,0.318,21.311734
TLF,"Tandy Leather Factory, Inc. Common Stock",2.59,21.217474
RECT,Rectitude Holdings Ltd Ordinary Shares,1.369,21.195885
BEAT,"Heartbeam, Inc. Common Stock",0.373,21.018241
JSPR,"Jasper Therapeutics, Inc. Common Stock",0.626,20.829875
WHLRD,"Wheeler Real Estate Investment Trust, Inc. Series D Cumulative Preferred Stock",36.25,20.597649
RVP,"Retractable Technologies, Inc. Common Stock",0.687,20.566828
DFNS,T3 Defense Inc. Common Stock,7.21,20.478534
MXC,Mexco Energy Corporation Common Stock,9.97,20.39862
MSGM,Motorsport Games Inc. Class A Common Stock,4.42,20.282505
PMEC,Primech Holdings Ltd. Ordinary Shares,0.5259,20.204019
CTRM,Castor Maritime Inc. Common Shares,2.09,20.19432
MNDO,MIND C.T.I. Ltd. Ordinary Shares,1.0,20.185166
NTRBW,Nutriband Inc. Warrant,1.66,20.178434
SPPL,SIMPPLE LTD. Ordinary Shares,2.06,20.159539
FMST,Foremost Clean Energy Ltd. Common Shares,0.67,20.156711
TGHL,The GrowHub Limited Class A Ordinary Shares,0.795,20.113349
NYC,American Strategic Investment Co. Class A Common Stock,6.33,20.025791
TRSG,Tungray Technologies Inc Class A Ordinary Shares,1.22,19.951252
FEMY,Femasys Inc. Common Stock,2.38,19.932564
RETO,"ReTo Eco-Solutions, Inc. Class A Shares",0.142,19.86556
BNGO,"Bionano Genomics, Inc. Common Stock",1.68,19.78536
LIQT,"LiqTech International, Inc. Common Stock",0.6001,19.771999
NEUP,Neuphoria Therapeutics Inc. Common Stock,3.65,19.751369
KMRK,K-Tech Solutions Company Limited Class A Ordinary Shares,0.931,19.6441
BCG,"Binah Capital Group, Inc. Common Stock",1.15,19.619151
LFWD,Lifeward Ltd. Ordinary Shares,6.92,19.597551
SHPH,"Shuttle Pharmaceuticals Holdings, Inc. Common Stock",4.11,19.582901
BMR,Beamr Imaging Ltd. Ordinary Share,1.26,19.567616
ATOS,"Atossa Therapeutics, Inc. Common Stock",1.96,19.559424
UONE,"Urban One, Inc. Class A Common Stock",4.21,19.428998
YFOR,YYForce Inc. Class A Ordinary Shares,1.51,19.384444
KSCP,"Knightscope, Inc. Class A Common Stock",0.8189,19.341073
AKTX,Akari Therapeutics plc ADS,9.81,19.099893
YAAS,Youxin Technology Ltd Class A Ordinary shares,1.21,19.014711
GMM,Global Mofy AI Limited Class A Ordinary Shares,1.935,18.868199
FUSE,Fusemachines Inc. Common stock,0.65,18.840446
ESLA,"Estrella Immunopharma, Inc. Common Stock",0.4314,18.764979
MRKR,"Marker Therapeutics, Inc. Common Stock",1.125,18.757268
LEDS,SemiLEDS Corporation Common Stock,2.26,18.697891
BESS,Bimergen Energy Corporation Common Stock,2.63,18.666617
MDCXW,Medicus Pharma Ltd. Warrant,0.31,18.652094
PSQH,"PSQ Holdings, Inc. Class A Common Stock",5.0,18.63584
DYAI,"Dyadic International, Inc. Common Stock",0.465,18.629622
CDLX,"Cardlytics, Inc. Common Stock",3.14,18.490568
DUKR,DUKE Robotics Corp. Common Stock,5.39,18.466021
CCHH,CCH Holdings Ltd Class A Ordinary Shares,0.9317,18.462313
FTHM,Fathom Holdings Inc. Common Stock,0.5374,18.38297
RKTO,Rocket One Inc. Common Stock,0.7383,18.381884
FOXX,Foxx Development Holdings Inc. Common Stock,2.57,18.095863
EXYN,"Exyn Technologies, Inc. Common Stock",2.27,18.055482
ANNAW,"AleAnna, Inc. Warrant",0.2694,18.032127
ACCS,ACCESS Newswire Inc. Common Stock,4.7,17.988329
MDRR,"Medalist Diversified, Inc. Common Stock",11.0174,17.941836
EPSM,Epsium Enterprise Limited Class A Ordinary Shares,1.33,17.872585
NUCLW,Eagle Nuclear Energy Corp. Warrants,0.6,17.747879
TVRD,"Tvardi Therapeutics, Inc. Common Stock",1.33,17.740794
ACTU,"Actuate Therapeutics, Inc. Common stock",0.7362,17.679256
IDAI,T Stamp Inc. Class A Common Stock,3.13,17.650981
XLABW,Exascale Labs Holdings Inc. Warrant,0.1925,17.556
LGPS,LogProstyle Inc. Common Shares,0.743,17.542876
GRNQ,Greenpro Capital Corp. Common Stock,9.67,17.529641
EFOI,"Energy Focus, Inc. Common Stock",2.75,17.515361
CLRB,"Cellectar Biosciences, Inc.  Common Stock",1.83,17.297358
ADSEW,ADS-TEC ENERGY PLC Warrant,0.23,17.279838
JF,J and Friends Holdings Limited American Depositary Shares,0.9421,17.278259
LPCN,Lipocine Inc. Common Stock,2.09,17.230489
SOAR,"Volato Group, Inc. Class A Common Stock",0.3188,17.098279
SCAG,Scage Future American Depositary Shares,0.2351,17.070532
FENG,"Phoenix New Media Limited American Depositary Shares, each representing 48 Class A ordinary shares.",1.42,17.055302
PTN,"Palatin Technologies, Inc. Common Stock",9.58,17.045455
LHAI,Linkhome Holdings Inc. Common stock,1.03,17.0259
DSY,Big Tree Cloud Holdings Limited Class A Ordinary Shares,3.58,17.011702
TLIH,Ten-League International Holdings Limited Ordinary Shares,5.78,16.995714
LICN,Lichen International Limited Class A Ordinary Shares,1.03,16.92993
NCEL,NewcelX Ltd. Ordinary Shares,2.92,16.866294
BFRI,Biofrontera Inc. Common Stock,1.13,16.783166
MGIH,Millennium Group International Holdings Limited Ordinary Shares,1.49,16.7625
EDTK,Skillful Craftsman Education Technology Limited Ordinary Share,1.03,16.685435
JL,J-Long Group Limited Class A Ordinary Shares,4.66,16.613837
FABC,"Fabric.AI, Inc. Common Stock",2.36,16.528527
INTZ,Intrusion Inc. Common Stock,0.6741,16.520137
ARTW,"Art's-Way Manufacturing Co., Inc. Common Stock",3.145,16.358359
IPM,Intelligent Protection Management Corp. Common Stock,1.81,16.354669
MODD,"Modular Medical, Inc. Common Stock",2.005,16.3424
YXT,YXT.COM GROUP HOLDING LIMITED American Depository Shares,2.46,16.261254
AHT,Ashford Hospitality Trust Inc Common Stock,2.51,16.239233
LSTA,"Lisata Therapeutics, Inc. Common Stock",1.5,16.206099
ONEG,OneConstruction Group Limited Ordinary Shares,1.01,16.16
ARKR,Ark Restaurants Corp. Common Stock,4.47,16.119522
UONEK,"Urban One, Inc. Class D Common Stock",3.49,16.106224
KTTA,Pasithea Therapeutics Corp. Common Stock,0.48,16.038935
ATTT,Atlas Trinity Tech Limited Ordinary Shares,2.7255,16.011612
DOGZ,Dogness (International) Corporation Class A Common Stock,0.905,15.946695
MOBBW,Mobilicom Limited Warrants,1.26,15.918047
GIGM,GigaMedia Limited Ordinary Shares,1.44,15.915218
OPAD,Offerpad Solutions Inc. Class A Common Stock,3.27,15.803089
TMDE,TMD Energy Limited Ordinary Shares,0.67,15.78855
BCDA,"BioCardia, Inc. Common Stock",1.04,15.744333
GTIM,Good Times Restaurants Inc. Common Stock,1.48,15.625686
FOFO,"Hang Feng Technology Innovation Co., Ltd. Ordinary Shares",2.06,15.596421
PASW,"Ping An Biomedical Co., Ltd. Class A Ordinary Shares",0.125,15.56875
UFG,Uni-Fuels Holdings Limited Class A Ordinary Shares,0.4793,15.560475
WVVIP,"Willamette Valley Vineyards, Inc. Series A Redeemable Preferred Stock",3.12,15.53613
MOBX,"Mobix Labs, Inc. Class A Common Stock",0.8642,15.514157
HTOO,Fusion Fuel Green PLC Class A Ordinary Shares,2.06,15.483494
SUNE,"SUNation Energy, Inc. Common Stock",2.37,15.436066
IHT,InnSuites Hospitality Trust Shares of Beneficial Interest,1.375,15.433782
ALLR,"Allarity Therapeutics, Inc. Common Stock",0.9684,15.407945
CCM,Concord Medical Services Holdings Limited American Depositary Shares (Each represents thirty (30) Class A ordinary shares),3.54,15.369699
ASTC,Astrotech Corporation (DE) Common Stock,7.64,15.349142
CNSY,"Cerenome, Inc. Common Stock",2.02,15.331043
SDOT,Sadot Group Inc. Common Stock,10.53,15.319339
MOGU,MOGU Inc. American Depositary Shares (each  representing 25 Class A Ordinary Shares),1.86,15.220925
HTCO,High-Trend International Group Class A Ordinary Shares,2.25,15.199479
OPTT,"Ocean Power Technologies, Inc. Common Stock",1.67,15.187246
MTEX,"Mannatech, Incorporated Common Stock",7.83,15.109316
CTXR,"Citius Pharmaceuticals, Inc. Common Stock",0.549,15.071461
PRZO,ParaZero Technologies Ltd. Ordinary Shares,0.581,15.0645
PASG,"Passage Bio, Inc. Common Stock",4.675,15.043262
ICU,SeaStar Medical Holding Corporation Common Stock,3.4,14.983259
BNKK,"Bonk, Inc. Common Stock",1.87,14.961758
COOT,Australian Oilseeds Holdings Limited Ordinary Shares,0.4966,14.932069
MYND,"Mynd.ai, Inc. American Depositary Shares",0.3164,14.916553
HODO,House of Doge Inc. Common Stock,0.1671,14.897464
NEON,Neonode Inc. Common Stock,0.8876,14.896522
ATCX,Atlas Critical Minerals Corporation Common Stock,2.93,14.894174
FGI,FGI Industries Ltd. Ordinary Shares,7.7,14.870787
LRE,"Lead Real Estate Co., Ltd American Depositary Shares",1.09,14.869671
NXXT,"NextNRG, Inc. Common Stock",0.8815,14.820964
SMSI,"Smith Micro Software, Inc. Common Stock",2.65,14.813182
PLSM,Pulsenmore Ltd. Ordinary Shares,2.276,14.800473
UUU,"Universal Safety Products, Inc. Common Stock",4.88,14.778899
DARE,"Dare Bioscience, Inc. Common Stock",0.75,14.751812
ENGNW,enGene Therapeutics Inc. Warrants,0.2201,14.750291
SKK,SKK Holdings Limited Class A Ordinary Shares,4.57,14.581024
EQS,"Equus Total Return, Inc. Common Stock",1.04,14.525364
AUST,Austin Gold Corp. Common Shares,1.06,14.514581
MDAIW,"Spectral AI, Inc. Warrants",0.4502,14.489655
DCX,Digital Currency X Technology Inc. Class A Ordinary Shares,6.17,14.475949
PETZ,"TDH Holdings, Inc. Common Shares",1.39,14.349343
MIMI,Mint Incorporation Limited Class A Ordinary Shares,0.9018,14.331966
HIND,"Vyome Holdings, Inc. Common Stock",2.03,14.247612
BTLN,"Brightline Interactive, Inc. Common Stock",5.25,14.239848
OFAL,OFA Group Class A Ordinary Shares,0.5373,14.213455
TULP,"Bloomia Holdings, Inc. Common Stock",2.9,14.009799
MDBH,"MDB Capital Holdings, LLC Class A common",2.57,13.977284
DLPN,"Dolphin Entertainment, Inc. Common Stock",1.07,13.946199
LTRN,Lantern Pharma Inc. Common Stock,1.09,13.934719
ZDAI,"DirectBooking Technology Co., Ltd. Class A Ordinary Shares",1.65,13.84098
NIKI,"Niki BioSolutions, Inc. Common Stock",4.7,13.811538
TPST,"Tempest Therapeutics, Inc. Common Stock",0.8316,13.75447
XCH,XCHG Limited American Depositary Share,3.1,13.721945
CUPR,Cuprina Holdings (Cayman) Limited Class A Ordinary Shares,1.95,13.657328
CLRO,"ClearOne, Inc. Common Stock",5.1,13.644601
BRFH,Barfresh Food Group Inc. Common Stock,0.8301,13.537414
FRTT,Fort Technology Inc. Common Shares,0.8998,13.535315
WETH,Wetouch Technology Inc. Common Stock,1.01,13.515349
WIMI,WiMi Hologram Cloud Inc. Class B Ordinary Shares,0.7329,13.474406
BRN,"Barnwell Industries, Inc. Common Stock",0.93,13.423908
UCL,uCloudlink Group Inc. American Depositary Shares,0.3497,13.32086
TOMZ,"TOMI Environmental Solutions, Inc. Common Stock",1.36,13.31789
RGNT,Regentis Biomaterials Ltd. Ordinary Shares,1.89,13.275211
SINT,"SiNtx Technologies, Inc. Common Stock",1.99,13.262423
EBON,Ebang International Holdings Inc. Class A Ordinary Shares,2.02,13.218755
BTCT,BTC Digital Ltd. Ordinary Shares,1.12,13.216635
VTGN,"Vistagen Therapeutics, Inc. Common Stock",0.297,13.179943
HUIZ,Huize Holding Limited American Depositary Shares,1.3,13.137899
ALAR,Alarum Technologies Ltd. American Depositary Share,1.81,13.123353
CJMB,Callan JMB Inc. Common Stock,2.28,13.115399
AEON,"AEON Biopharma, Inc. Class A Common Stock",0.2616,13.049338
VRME,"VerifyMe, Inc. Common Stock",0.99,13.033544
BIVI,BioVie Inc. Class A Common Stock,1.54,13.014768
SLGB,Smart Logistics Global Limited Class A Ordinary Shares,0.2879,12.9555
BIYA,Baiya International Group Inc Class A Ordinary Shares,2.03,12.952927
DAVEW,Dave Inc. Warrants,1.01,12.883062
CABR,"Caring Brands, Inc. Common Stock",1.24,12.8566
AIRI,Air Industries Group Common Stock,2.649,12.849393
DFLI,Dragonfly Energy Holdings Corp. Common Stock (NV),0.8551,12.808374
NUR,Nuran Wireless Inc. Common Shares,0.9703,12.802817
RCT,RedCloud Holdings plc Ordinary Shares,0.1866,12.759823
DTSS,Datasea Intelligent Technology Ltd. Class A Ordinary Shares,0.8794,12.68524
CTSO,Cytosorbents Corporation Common Stock,4.02,12.667426
GYGY,"Game Your Game, Inc. Common Stock",0.8725,12.55702
TURB,"Turbo Energy, S.A. American Depositary Shares",1.04,12.497826
PBK,PowerBank Corporation Common Stock,0.2649,12.438853
DETX,"Liberty Defense Holdings, Ltd. Common Shares",2.185,12.415133
RPGL,Republic Power Group Limited Class A Ordinary Shares,12.27,12.383412
ICMB,"Investcorp Credit Management BDC, Inc. Common Stock",0.855,12.339764
SAGT,SAGTEC GLOBAL LIMITED Class A Ordinary shares,0.6199,12.33601
IOTR,iOThree Limited Ordinary Shares,2.03,12.310728
GTBP,"GT Biopharma, Inc. Common Stock",6.8,12.269777
REBN,"Reborn Coffee, Inc. Common Stock",1.42,12.240573
INAB,"IN8bio, Inc. Common Stock",1.24,12.224395
BFRG,"Bullfrog AI Holdings, Inc. Common Stock",0.6565,12.172594
EPOW,E-Power Inc. Class A Ordinary Shares,5.2,12.099532
BLRX,BioLineRx Ltd. American Depositary Shares,2.43,12.097065
AISPW,"Airship AI Holdings, Inc. Warrants",0.3492,12.026295
CETY,"Clean Energy Technologies, Inc. Common Stock",0.9851,11.984831
PLUR,Pluri Inc. Common Stock,0.97,11.974394
ASBP,"Aspire-Lakewood Holdings, Inc. Common Stock",8.5,11.921735
OXBR,Oxbridge Re Holdings Limited Ordinary Shares,1.4645,11.918946
INTS,"Intensity Therapeutics, Inc. Common stock",3.65,11.916808
GIXI,Gix Internet Ltd. Ordinary Shares,4.78,11.913438
CMMB,Chemomab Therapeutics Ltd. American Depositary Share,1.64,11.882797
NMTC,NeuroOne Medical Technologies Corporation Common Stock,1.3,11.837492
KPRX,"Kiora Pharmaceuticals, Inc.  Common Stock",2.67,11.813113
HPAI,Helport AI Limited Ordinary Shares,0.3135,11.802306
PHIO,Phio Pharmaceuticals Corp. Common Stock,1.01,11.733423
XHLD,"TEN Holdings, Inc. Common Stock",0.978,11.716384
BTBD,"BT Brands, Inc. Common Stock",1.89,11.689128
TANH,Tantech Holdings Ltd. Class A Common Shares,17.5,11.683823
ATER,"Aterian, Inc. Common Stock",0.6485,11.651541
MBRX,"Moleculin Biotech, Inc. Common Stock",0.569,11.599509
BZAIW,"Blaize Holdings, Inc. Warrants",0.08,11.586563
DDC,DDC Enterprise Limited Class A Ordinary Shares,0.196,11.483887
CALC,"CalciMedica, Inc. Common Stock",1.68,11.471531
MMA,Mixed Martial Arts Group Limited Ordinary Shares,0.4299,11.385274
AIMD,"Ainos, Inc. Common Stock",1.33,11.363617
JBDI,JBDI Holdings Limited Ordinary Shares,1.19,11.322293
STFS,Star Fashion Culture Holdings Limited Class A Ordinary Shares,3.535,11.289998
HCTI,"Healthcare Triangle, Inc. Common Stock",0.7497,11.226249
BIOT,Instinct Bio Technical Company Holdings Inc. Ordinary Shares,0.3901,11.216877
BTOC,Armlogi Holding Corp. Common Stock,0.2463,11.19263
SLE,"Super League Enterprise, Inc. Common Stock",4.51,11.154001
ADVB,Advanced Biomed Inc. Common Stock,6.73,11.118855
WXM,WF International Limited Ordinary Shares,3.56,11.09861
EDUC,Educational Development Corporation Common Stock,1.3,11.082453
SCNX,"Scienture Holdings, Inc. Common Stock",0.2697,11.075
SEED,Origin Agritech Limited Common Stock,0.91,11.050609
MTVA,MetaVia Inc. Common Stock,1.67,11.002129
BMRA,"Biomerica, Inc. Common Stock",2.3899,10.991074
NVNI,Nvni Group Limited Ordinary Shares,0.9399,10.989436
GDTC,CytoMed Therapeutics Limited Ordinary Shares,0.925,10.941302
IRIX,IRIDEX Corporation Common Stock,0.6201,10.892002
VWAV,"VisionWave Holdings, Inc. Common Stock",4.57,10.848133
SMXT,Solarmax Technology Inc. Common Stock,2.28,10.81225
IQST,iQSTEL Inc. Common Stock,0.99,10.8067
MEDS,"DataMeds AI, Inc. Common Stock",3.81,10.795765
PMI,"Picard Medical, Inc. Common Stock",4.61,10.781103
AENTW,Alliance Entertainment Holding Corporation Warrant,0.21,10.705722
QH,Quhuo Limited Class A Ordinary Shares,3.88,10.673465
NAII,"Natural Alternatives International, Inc. Common Stock",1.7,10.667889
FNGR,"FingerMotion, Inc. Common Stock",0.1415,10.641455
RAIN,"Rain Enhancement Technologies Holdco, Inc. Class A Common Stock",0.9083,10.63079
ADIL,"Adial Pharmaceuticals, Inc Common Stock",4.04,10.608596
HUDI,"Huadi International Group Co., Ltd. Ordinary Shares",0.7402,10.599059
PRPL,"Purple Innovation, Inc. Common Stock",2.43,10.578055
GYRO,"Gyrodyne, LLC Common Stock",4.73,10.402727
IFBD,"Infobird Co., Ltd Ordinary Shares",1.27,10.399489
JCTC,Jewett-Cameron Trading Company Common Shares,2.95,10.384333
CLWT,Euro Tech Holdings Company Limited Common Stock,1.4,10.37605
MSAI,"MultiSensor AI Holdings, Inc. Common Stock",4.7,10.366546
BLIN,"Bridgeline Digital, Inc. Common Stock",0.821,10.344501
LZMH,LZ Technology Holdings Limited Class B Ordinary Shares,1.15,10.325275
AZTR,Azitra Inc Common Stock,0.1695,10.272334
PLAG,Planet Green Holdings Corp. Common Stock,0.72,10.247554
AEMD,"Aethlon Medical, Inc. Common Stock",6.38,10.234126
GFAI,"Guardforce AI Co., Limited Ordinary Shares",0.323,10.140048
CYN,Cyngn Inc. Common Stock,0.6575,10.091495
HDRNW,"Hadron Energy, Inc. Warrant",0.1399,10.002688
AWX,Avalon Holdings Corporation Common Stock,2.56,9.982543
TOVX,"Theriva Biologics, Inc. Common Stock",0.2165,9.935763
ARAI,Arrive AI Inc. Common Stock,0.1914,9.929106
FLUX,"Flux Power Holdings, Inc. Common Stock",0.459,9.924334
BON,Bon Natural Life Limited Class A Ordinary Shares,1.22,9.917148
VRXAW,Veraxa Biotech AG Warrants,0.07,9.898547
APUS,"Apimeds Pharmaceuticals US, Inc. Common Stock",6.39,9.857367
CLIK,Click Holdings Limited Class A Ordinary Share,1.15,9.847488
CVR,Chicago Rivet & Machine Co. Common Stock,10.151,9.807206
UPLD,"Upland Software, Inc. Common Stock",3.29,9.729158
NRSN,NeuroSense Therapeutics Ltd. Ordinary Shares,5.1,9.6742
SNTI,"Senti Biosciences Holdings, Inc. Common Stock",0.31,9.654874
MYSE,"Myseum.AI, Inc. Common Stock",1.85,9.613396
TDTH,Trident Digital Tech Holdings Ltd Class B Ordinary Shares,1.11,9.586794
BCTXL,BriaCell Therapeutics Corp. Warrant expiring 2031,1.1,9.569766
INEO,INNEOVA Holdings Limited Class A Ordinary Shares,0.59,9.540668
SQFTP,"Presidio Property Trust, Inc. 9.375% Series D Cumulative Redeemable Perpetual Preferred Stock, $0.01 par value per share",6.64,9.524628
TDIC,Dreamland Limited Class A Ordinary Shares,2.73,9.515642
AMS,American Shared Hospital Services Common Stock,1.43,9.5095
MPU,Mega Matrix Inc. Class A Ordinary Shares,2.77,9.476979
CISO,"CISO Global, Inc. Common Stock",0.208,9.469336
APRE,"Aprea Therapeutics, Inc. Common stock",0.7518,9.466016
MTEK,Maris-Tech Ltd. Ordinary Shares,0.9706,9.413486
BANL,CBL International Limited Class B Ordinary Shares,4.465,9.371847
IMRN,Immuron Limited American Depositary Shares,1.16,9.362594
INUV,"Inuvo, Inc.",0.568,9.362389
SFHG,Samfine Creation Holdings Group Limited Class A Ordinary Share,2.3,9.338
MDCX,Medicus Pharma Ltd. Common Stock,0.1521,9.151559
NIXX,"Nixxy, Inc. Common Stock",0.3161,9.138084
GLE,Global Engine Group Holding Limited Class A Ordinary Shares,0.4957,9.07131
FBLG,"FibroBiologics, Inc. Common Stock",1.36,9.055142
TPET,Trio Petroleum Corp. Common Stock,1.7,9.050642
MARPS,Marine Petroleum Trust Units of Beneficial Interest,4.5216,9.0432
ENLV,Enlivex Ltd. Ordinary Shares,0.514,8.987527
AQMS,"Aqua Metals, Inc. Common Stock",2.52,8.980098
CYCU,"Cycurion, Inc. Common Stock",2.77,8.947216
TRAW,"Traws Pharma, Inc. Common Stock",0.579,8.898232
VEEA,Veea Inc. Common Stock,2.86,8.896625
BURU,"Nuburu, Inc. Common Stock",0.9545,8.840908
WVVI,"Willamette Valley Vineyards, Inc. Common Stock",1.77,8.813766
KALA,"KALA BIO, Inc. Common Stock",0.4502,8.706772
NDRA,ENDRA Life Sciences Inc. Common Stock,5.8,8.69906
GITS,"Global Interactive Technologies, Inc. Common Stock",2.06,8.658394
BIAF,"bioAffinity Technologies, Inc. Common Stock",7.41,8.644691
FFAI,Faraday Future Intelligent Electric Inc. Class A Common Stock,1.41,8.639069
MSN,Emerson Radio Corporation Common Stock,0.41,8.627487
CRMT,America's Car-Mart Inc Common Stock,1.03,8.588632
YJ,Yunji Inc. American Depository Shares,1.74,8.57044
NHTC,Natural Health Trends Corp. Common Stock,0.99,8.49207
NCPL,Netcapital Inc. Common Stock,1.08,8.475731
LNAI,Lunai Bioworks Inc. Common Stock,1.86,8.433035
CPOP,"Pop Culture Group Co., Ltd Class A Ordinary Shares",4.93,8.420208
THH,TryHard Holdings Limited Ordinary Shares,1.68,8.40777
LGVN,Longeveron Inc. Class A Common Stock,2.63,8.384963
TWG,Top Wealth Group Holding Limited Class A Ordinary Shares,0.1336,8.382939
BAOS,Baosheng Media Group Holdings Limited Ordinary shares,0.2503,8.352465
ALZN,"Alzamend Neuro, Inc. Common Stock",1.73,8.348501
LUCY,"Innovative Eyewear, Inc. Common Stock",0.9568,8.335893
ECXWW,ECARX Holdings Inc. Warrants,0.0218,8.307108
MGRX,"Mangoceuticals, Inc. Common Stock",0.3848,8.299144
GRMLW,Greenland Mines Ltd Warrant,0.9365,8.266609
WOK,WORK Medical Technology Group LTD Class A Ordinary Shares,1.85,8.265019
BYAH,"Park Ha Biological Technology Co., Ltd. Class A Ordinary Shares",2.41,8.25552
BGL,Blue Gold Limited Class A Ordinary Shares,0.202,8.24923
SNGX,"Soligenix, Inc. Common Stock",0.3774,8.214292
ALP,Alpha Compute Corp Ordinary Shares,5.3,8.214194
AIRE,reAlpha Tech Corp. Common Stock,1.36,8.169009
RDZNW,"Roadzen, Inc. Warrants",0.095,8.090681
XCUR,"Exicure, Inc. Common Stock",1.235,8.084304
RMCF,"Rocky Mountain Chocolate Factory, Inc. Common Stock",0.8525,8.047248
LOBO,LOBO TECHNOLOGIES LTD. Class A Ordinary Shares,0.5789,8.013098
SPWRW,SunPower Inc. Warrants,0.025,8.007509
VEEE,Twin Vee PowerCats Co. Common Stock,13.69,7.999354
DLXY,Delixy Holdings Limited Class A Ordinary Shares,2.44,7.9788
CURX,Curanex Pharmaceuticals Inc Common Stock,5.0349,7.895937
SEGG,Sports Entertainment Gaming Global Corporation Common Stock,2.42,7.887959
MTEN,Mingteng International Corporation Inc. Class A Ordinary Shares,1.03,7.879361
AMOD,"Alpha Modus Holdings, Inc. Class A Common Stock",1.57,7.828434
ENSC,"Ensysce Biosciences, Inc. Common Stock",0.4011,7.80412
CODX,"Co-Diagnostics, Inc. Common Stock",1.11,7.781431
RVSN,Rail Vision Ltd. Ordinary Share,3.54,7.760338
IMNN,"Imunon, Inc. Common Stock",1.38,7.743736
JYD,Jayud Global Logistics Limited Class A Ordinary Shares,0.9301,7.718807
NXTT,Next Technology Holding Inc. Ordinary Shares,5.24,7.718321
JAGX,"Jaguar Health, Inc. Common Stock",6.02,7.716671
XWEL,"XWELL, Inc. Common Stock",0.896,7.695982
UCAR,U Power Limited Class A Ordinary Shares,4.3284,7.682642
CELZ,"Creative Medical Technology Holdings, Inc. Common Stock",1.01,7.668483
DTST,Data Storage Corporation Common Stock,3.275,7.656092
ZCMD,Zhongchao Inc. Class A Ordinary Shares,0.8604,7.634739
DAIC,"CID HoldCo, Inc. Common Stock",3.26,7.62112
JCSE,JE Cleantech Holdings Limited Class A Ordinary Shares,1.44,7.563917
EEIQ,EpicQuest Education Group International Limited Common Stock,4.58,7.541533
ARBB,ARB IOT Group Limited Ordinary Shares,4.27,7.537643
INHD,Inno Holdings Inc. Common Stock,2.99,7.536537
FMSTW,Foremost Clean Energy Ltd. Warrant,0.2501,7.524169
AMIX,"Autonomix Medical, Inc. Common Stock",3.83,7.506563
CNET,ZW Data Action Technologies Inc. Common Stock,2.04,7.483595
INM,InMed Pharmaceuticals Inc. Common Shares,1.36,7.47148
CNSP,"CNS Pharmaceuticals, Inc. Common Stock",5.11,7.468004
PRSO,Peraso Inc. Common Stock,0.4947,7.452396
ACXP,"Acurx Pharmaceuticals, Inc. Common Stock",1.34,7.449603
SMX,SMX (Security Matters) Public Limited Company Ordinary Shares,6.82,7.424307
REED,"Reed's, Inc. Common Stock",0.626,7.422536
LHSW,Lianhe Sowell International Group Ltd Class A Ordinary Shares,0.68,7.416193
CLGN,CollPlant Biotechnologies Ltd Ordinary Shares,3.87,7.317477
SURG,"SurgePays, Inc. Common Stock",0.1363,7.211418
SKYE,"Skye Bioscience, Inc. Common Stock",1.61,7.12856
DFSC,DEFSEC Technologies Inc. Common Stock,1.085,7.127441
GWH,"ESS Tech, Inc. Common Stock",0.1765,7.108387
NAMI,Jinxin Technology Holding Company American Depositary Shares,2.24,7.084797
VNRX,VolitionRX Limited Common Stock,0.2529,7.056751
FEBO,Fenbo Holdings Limited Class A Ordinary Shares,0.6364,7.040175
ACON,"Aclarion, Inc. Common Stock",2.44,7.032985
AUUD,Auddia Inc. Common Stock,1.21,7.021691
GWAV,"Greenwave Technology Solutions, Inc. Common Stock",2.35,7.008837
WKSP,"Worksport, Ltd. Common Stock",0.457,6.991338
CHAI,"Core AI Holdings, Inc. Common Shares",0.27,6.984048
SYNX,Silynxcom Ltd. Ordinary Shares,1.05,6.966162
ILLR,Triller Group Inc. Common Stock,0.3392,6.94932
DSS,"DSS, Inc. Common Stock",0.69,6.929337
CGTL,Creative Global Technology Holdings Limited Class A Ordinary Shares,4.03,6.928598
TKLF,"Tokyo Lifestyle Co., Ltd. American Depositary Shares",1.63,6.899433
CWD,CaliberCos Inc. Class A Common Stock,0.6587,6.840371
QCLS,"Q/C Technologies, Inc. Common Stock",0.8329,6.821316
LEXX,Lexaria Bioscience Corp. Common Stock,3.225,6.793421
POM,POMDOCTOR LIMITED American Depositary Shares,0.91,6.78428
GAUZ,Gauzy Ltd. Ordinary Shares,5.89,6.76986
MWG,Multi Ways Holdings Limited Class A Ordinary Shares,1.3,6.684631
OBAI,"Our Bond, Inc. Common Stock",0.2228,6.678547
BOLT,"Bolt Biotherapeutics, Inc. Common Stock",3.4601,6.665346
MSGY,Masonglory Limited Class A Ordinary Shares,3.13,6.634426
AMST,Amesite Inc. Common Stock,1.01,6.61535
ENVB,"Enveric Biosciences, Inc. Common Stock",1.47,6.579549
AIM,AIM ImmunoTech Inc. Common Stock,0.1844,6.547671
VSA,VisionSys AI Inc. American Depositary Shares,2.34,6.53547
CCTG,CCSC Technology International Holdings Limited Class A Ordinary Shares,0.4801,6.519847
GCDT,Green Circle Decarbonize Technology Limited Class A Ordinary Shares,0.4807,6.514064
BQ,Boqii Holding Limited Class A Ordinary Shares,0.8221,6.477831
SONM,"DNA X, Inc. Common Stock",4.35,6.473966
AMSS,AMASS Brands Inc. Common Stock,0.5573,6.467512
VS,Versus Systems Inc. Common Stock,1.04,6.461152
WAFU,Wah Fu Education Group Limited Ordinary Shares,1.45,6.395311
YHGJ,Yunhong Green CTI Ltd. Common Stock,2.44,6.366555
YMAT,"J-Star Holding Co., Ltd. Class A Ordinary Shares",1.57,6.295862
RENX,RenX Enterprises Corp. Common Stock,2.37,6.271515
ELOG,Eastern International Ltd. Ordinary Shares,0.4887,6.270998
HXHX,Haoxin Holdings Limited Class A Ordinary Shares,0.4227,6.222144
AUID,authID Inc. Common Stock,0.3707,6.19823
SOS,SOS Limited Class A Ordinary Shares,0.3374,6.130666
TWAV,"TaoWeave, Inc. Common Stock",1.58,6.126006
NVNO,enVVeno Medical Corporation Common Stock,8.81,6.121417
GXAI,Gaxos.ai Inc. Common Stock,0.5504,6.083179
AMBO,Ambow Education Holding Ltd. American Depository Shares (each representing twenty (20) Class A Ordinary Shares),2.12,6.063883
JWEL,Jowell Global Ltd. Ordinary Shares,2.55,6.059134
KRKR,36Kr Holdings Inc. American Depositary Shares,3.0599,6.039661
SNOA,"Sonoma Pharmaceuticals, Inc. Common Stock",1.26,6.033416
GLXG,Galaxy Payroll Group Limited Class A Ordinary Shares,1.01,6.02113
BNCWZ,CEA Industries Inc. Warrant,0.1462,6.019617
EVGN,Evogene Ltd Ordinary Shares,0.38,6.004535
HCAI,"Huachen AI Parking Management Technology Holding Co., Ltd. Class A Ordinary Shares",0.549,5.991389
BGMS,"Bio Green Med Solution, Inc. Common Stock",0.9035,5.983694
BTTC,Black Titan Corporation Ordinary Shares,0.4338,5.942497
CXAI,CXApp Inc. Class A Common Stock,2.53,5.913637
GELS,Gelteq Limited Ordinary Shares,0.5469,5.857878
ORKT,Orangekloud Technology Inc. Class A Ordinary Shares,1.0,5.83977
PULM,"Pulmatrix, Inc. Common Stock",1.59,5.807133
CMCT,Creative Media & Community Trust Corporation Common stock,1.97,5.806561
FBGL,FBS Global Limited Ordinary Shares,4.3,5.805
ILAG,Intelligent Living Application Group Inc. Ordinary Shares,2.78,5.773915
MITQ,"Moving iMage Technologies, Inc. Common Stock",0.5771,5.736993
LIMN,"Liminatus Pharma, Inc. Class A Common Stock",4.27,5.735498
GURE,"Gulf Resources, Inc. (NV) Common Stock",3.15,5.712623
INLF,INLIF LIMITED Class A Ordinary Shares,5.23,5.702259
JTAI,Jet.AI Inc. Common Stock,1.6,5.692034
KAPA,"Kairos Pharma, Ltd. Common Stock",1.68,5.687443
NWTG,"Newton Golf Company, Inc. Common Stock",1.005,5.68275
ERNA,Ernexa Therapeutics Inc. Common Stock,3.47,5.664466
NAMMW,Namib Minerals Warrants,0.101,5.641093
NCI,Neo-Concept International Group Holdings Limited Class A Ordinary Shares,2.38,5.626991
CDIO,Cardio Diagnostics Holdings Inc. Common stock,1.8938,5.604642
ICCM,IceCure Medical Ltd. Ordinary Shares,1.63,5.584991
GP,GreenPower Motor Company Inc. Common Shares,0.6299,5.537957
BMGL,Basel Medical Group Ltd Ordinary Shares,3.47,5.489925
XTLB,XTL Biopharmaceuticals Ltd. American Depositary Shares,2.23,5.480142
INBS,Intelligent Bio Solutions Inc. Common Stock,1.65,5.472725
TRIB,Trinity Biotech plc American Depositary Shares,6.72,5.464247
XBIO,"Xenetic Biosciences, Inc. Common Stock",2.33,5.459612
POLA,"Polar Power, Inc. Common Stock",1.26,5.429742
DKI,DarkIris Inc. Class A Ordinary Shares,2.6,5.401383
NCNA,NuCana plc American Depositary Share,1.29,5.368943
HKPD,"Cellyan Biotechnology Co., Ltd Class A Ordinary Shares",0.11,5.334995
CRE,Cre8 Enterprise Limited Class A Ordinary Shares,2.62,5.276641
SVRE,SaverOne 2014 Ltd. American Depositary Shares,2.11,5.274652
GDC,GD Culture Group Limited Common Stock,1.26,5.24475
POAS,Phaos Technology Holdings (Cayman) Limited Class A Ordinary Shares,0.166,5.240952
AIDX,"20/20 Biolabs, Inc. Common Stock",0.409,5.223054
YCBD,"cbdMD, Inc. Common Stock",0.4635,5.193538
PCSA,"Processa Pharmaceuticals, Inc. Common Stock",1.84,5.13983
MRM,MEDIROM Healthcare Technologies Inc. American Depositary Share,0.6501,5.137058
YDKG,Yueda Digital Holding Class A Ordinary Share,0.9167,5.080592
NTCL,NETCLASS TECHNOLOGY INC Class A Ordinary Shares,2.085,5.064169
TAOP,Taoping Inc. Ordinary Shares,0.5238,5.003748
WHLRP,"Wheeler Real Estate Investment Trust, Inc. Class B Preferred Stock",8.76,4.977528
WBUY,WEBUY GLOBAL LTD. Class A Ordinary Shares,0.9,4.932994
FCUV,Focus Universal Inc. Common Stock,4.98,4.89042
AQB,"AquaBounty Technologies, Inc. Common Stock",0.9485,4.882123
EZGO,EZGO Technologies Ltd. Ordinary Shares,0.9197,4.879835
ONCO,"Onconetix, Inc. Common Stock",1.11,4.862379
AMPGZ,"Amplitech Group, Inc. Series B Right",0.1616,4.855092
CHNR,"China Natural Resources, Inc. Common Stock",3.92,4.834226
VMAR,Vision Marine Technologies Inc. Common Shares,7.4,4.83254
SNTG,Sentage Holdings Inc. Class A Ordinary Shares,1.72,4.825159
SLDPW,"Solid Power, Inc. Warrant",0.0211,4.814624
CTNT,Cheetah Net Supply Chain Service Inc Class A Common Stock,3.6,4.800229
ADXN,Addex Therapeutics Ltd American Depositary Shares,2.81,4.787434
CANF,"Can-Fite Biopharma Ltd American Depositary Shares, each representing two (2) Ordinary Shares",2.23,4.77788
MNDR,Mobile-health Network Solutions Class A Ordinary Shares,1.3,4.776898
RMSG,Real Messenger Corporation Ordinary Shares,0.2949,4.768141
ZNB,Zeta Network Group Class A Ordinary Shares,1.29,4.740817
CNEY,CN Energy Group Inc. Class A Ordinary Shares,0.5745,4.7128
HYFM,"Hydrofarm Holdings Group, Inc. Common Stock",0.973,4.689201
OLB,"The OLB Group, Inc. Common Stock",0.195,4.686421
XELB,"Xcel Brands, Inc. Common Stock",0.71,4.657795
GVH,Globavend Holdings Limited Ordinary Shares,1.08,4.64851
DUKRW,DUKE Robotics Corp. Warrant,1.35,4.62507
INTJ,Intelligent Group Limited Class A Ordinary Shares,3.0,4.612494
DPU,Top KingWin Ltd Class A Ordinary Shares,1.53,4.598993
GRI,"GRI Bio, Inc. Common Stock",2.1,4.590842
UZX,Linkage Global Inc. Class A Ordinary Shares,1.37,4.570608
EHGO,Eshallgo Inc. Class A Ordinary Shares,0.8204,4.542208
SGLY,Singularity Future Technology Ltd. Common Stock,0.8356,4.515405
PMCB,"PharmaCyte  Biotech, Inc. Common Stock",0.4199,4.507899
DRMA,"Dermata Therapeutics, Inc. Common Stock",1.12,4.5048
XPON,"Expion Energy, Inc. Common Stock",4.44,4.495491
BRNX,BrenX Ltd. Ordinary Shares,2.3,4.478036
MTR,Mesa Royalty Trust Common Stock,2.4,4.472616
DBGI,"Digital Brands Group, Inc. Common Stock",4.75,4.434168
LCFY,Locafy Limited Ordinary Share,2.42,4.427876
EZRA,"Reliance Global Group, Inc. Common Stock",2.62,4.401432
SXTP,"60 Degrees Pharmaceuticals, Inc. Common Stock",1.25,4.396235
SDST,Stardust Power Inc. Common Stock,0.1079,4.378261
VIVK,"Vivakor, Inc. Common Stock",0.5298,4.335685
FAMI,"Farmmi, Inc. Class A Ordinary Shares",0.1343,4.300149
BJDX,"Bluejay Diagnostics, Inc. Common Stock",0.9599,4.288882
CHSN,Chanson International Holding Class A Ordinary Shares,1.15,4.266255
DCOY,Decoy Therapeutics Inc. Common Stock,2.31,4.24952
HIHO,Highway Holdings Limited Common Stock,0.8964,4.147352
OMH,Ohmyhome Limited Class A Ordinary Shares,2.45,4.137288
FLDDW,"Fold Holdings, Inc. Warrant",0.0754,4.137079
NCRA,"Nocera, Inc. Common Stock",1.72,4.086975
KUST,"Kustom Entertainment, Inc. Common Stock",0.6267,4.077849
ATXG,Addentax Group Corp. Common Stock,3.41,4.016891
CVKD,"Cadrenal Therapeutics, Inc. Common Stock",1.12,3.995703
YYAI,AiRWA Inc. Common Stock,0.8647,3.961984
FMFC,Kandal M Venture Limited Class A Ordinary Shares,0.1857,3.95541
IBG,Innovation Beverage Group Limited Ordinary Shares,0.935,3.946188
CLDI,"Calidi Biotherapeutics, Inc. Common Stock",1.07,3.943858
GRRRW,Gorilla Technology Group Inc. Warrant,0.1412,3.919355
KTWOR,K2 Capital Acquisition Corporation Rights,0.195,3.908026
TRNR,Interactive Strength Inc. Common Stock,2.41,3.903482
BOXL,Boxlight Corporation Class A Common Stock,4.595,3.88068
ELAB,PMGC Holdings Inc. Common Stock,4.78,3.869788
EJH,E-Home Household Service Holdings Limited Ordinary Shares,1.2089,3.868666
MBIO,"Mustang Bio, Inc. Common Stock",0.5069,3.841038
CHR,"Cheer Holding, Inc. Class A Ordinary Share",1.635,3.834816
BGLC,BioNexus Gene Lab Corp Common stock,1.3,3.813475
PAVS,Paranovus Entertainment Technology Ltd. Class A Ordinary Shares,4.38,3.809014
MKZR,"MacKenzie Realty Capital, Inc. Common Stock",1.37,3.801323
ADGM,"Adagio Medical Holdings, Inc Common Stock",0.1707,3.791325
EOCN,Eocene Ltd. Ordinary Shares,3.63,3.780881
SCKT,"Socket Mobile, Inc. Common Stock",0.4515,3.743694
WLDS,Wearable Devices Ltd. Ordinary Share,1.52,3.738806
IVDA,"Iveda Solutions, Inc. Common Stock",0.2983,3.734426
ABTS,Abits Group Inc Ordinary Shares,1.16,3.728756
GBR,"New Concept Energy, Inc Common Stock",0.7182,3.685755
VIVS,"VivoSim Labs, Inc. Common Stock",0.2202,3.652346
CDTG,CDT Environmental Technology Investment Holdings Limited ordinary shares,1.2,3.6252
MLEC,Moolec Science SA Ordinary Shares,4.93,3.579762
TOPS,"TOP Ships, Inc. Common Stock",0.641,3.55221
NXL,"Nexalin Technology, Inc. Common Stock",4.27,3.541538
DXST,Decent Holding Inc Class A Ordinary Shares,1.95,3.5395
AGMH,AGM Group Holdings Inc. Class A Ordinary Shares,0.7368,3.533969
SBFM,Sunshine Biopharma Inc. Common Stock,0.8179,3.525395
FRSX,Foresight Autonomous Holdings Ltd. American Depositary Shares,1.18,3.516768
FGL,Founder Group Limited Class A Ordinary Shares,4.22,3.505533
MGN,Megan Holdings Limited Class A Ordinary Shares,3.78,3.4965
ICON,Icon Energy Corp. Common stock,0.9299,3.495786
CETX,Cemtrex Inc. Common Stock,2.03,3.493916
GOVX,"GeoVax Labs, Inc. Common Stock",0.3457,3.492563
VBIO,"Valion Bio, Inc. Common Stock",2.7,3.471188
CAPS,Capstone Holding Corp. Common Stock,0.159,3.45825
APVO,Aptevo Therapeutics Inc. Common Stock,1.91,3.441763
SNES,"SenesTech, Inc. Common Stock",0.6321,3.428221
CYAB,"Cyabra, Inc. Common Stock",0.1946,3.42439
REVB,"Revelation Biosciences, Inc. Common Stock",0.8593,3.422949
PPCB,"Propanc Biopharma, Inc. Common Stock",0.5334,3.377017
RIME,"Algorhythm Holdings, Inc. Common Stock",0.1599,3.368525
STLNW,"Starling Oncology, Inc. Warrant",0.0328,3.342849
HCWB,HCW Biologics Inc. Common Stock,1.82,3.34211
TNMG,TNL Mediagene Ordinary Shares,4.39,3.338915
TOPP,Toppoint Holdings Inc. Common Stock,0.135,3.3345
SXTC,"China SXT Pharmaceuticals, Inc. Class A Ordinary Shares",2.52,3.33012
JUNS,"Jupiter Neurosciences, Inc. Common Stock",2.51,3.309488
EXYNW,"Exyn Technologies, Inc. Warrant",0.41,3.261122
HTCR,"Heartcore Enterprises, Inc. Common Stock",2.12,3.212495
TRUG,"TruGolf Holdings, Inc. Class A Common Stock",0.2658,3.212223
BRTX,"BioRestorative Therapies, Inc. Common Stock (NV)",2.31,3.190406
RBNE,Robin Energy Ltd. Common Stock,2.3581,3.14169
NXAT,Nexus Advanced Technologies Inc. Ordinary Shares,1.1525,3.123567
VRAX,Virax Biolabs Group Limited Ordinary Shares,2.3144,3.11284
XRTX,XORTX Therapeutics Inc. Common Shares,1.71,3.106326
RDHL,Redhill Biopharma Ltd. American Depositary Shares,0.5055,3.073905
NCT,Intercont (Cayman) Limited Class A Ordinary shares,2.5,3.06027
ISPC,iSpecimen Inc. Common Stock,1.21,3.047494
MASK,3 E Network Technology Group Ltd Class A Ordinary Shares,0.8378,3.032069
IZM,ICZOOM Group Inc. Class A Ordinary Shares,1.26,3.028564
LXEH,"Lixiang Education Holding Co., Ltd. American Depositary Shares",1.58,3.028334
SGRX,SANGRIX INC. Class A Ordinary Shares,1.56,2.968646
PRFX,PRF Technologies Ltd. Ordinary Shares,0.9717,2.955746
TNON,"Tenon Medical, Inc. Common Stock",2.86,2.953173
RDGT,"Ridgetech, Inc. Ordinary Shares",0.8061,2.925772
TGL,Treasure Global Inc. Common Stock,1.49,2.9127
SILO,"Silo Pharma, Inc. Common Stock",1.65,2.892863
GIPR,Generation Income Properties Inc. Common Stock,0.404,2.87345
OCG,Oriental Culture Holding LTD Ordinary Shares,1.48,2.868702
SPRC,SciSparc Ltd. Ordinary Shares,4.91,2.852577
BDRX,Biodexa Pharmaceuticals plc American Depositary Shs,0.6796,2.850186
BFRGW,"Bullfrog AI Holdings, Inc. Warrants",0.1535,2.846143
ELPW,Elong Power Holding Limited Class A Ordinary Shares,3.03,2.82423
VTAK,"Catheter Precision, Inc. Common Stock",0.1467,2.7832
NUWE,"Nuwellis, Inc. Common Stock",0.7602,2.77265
SDSTW,Stardust Power Inc. Warrant,0.0677,2.747064
SLXN,Silexion Therapeutics Corp Ordinary Shares,0.2484,2.741528
LABT,Lakewood-Amedex Biotherapeutics Inc. Common Stock,1.15,2.725141
VVOS,"Vivos Therapeutics, Inc. Common Stock",0.1341,2.697827
VSME,VS Media Holdings Limited Class A Ordinary Shares,0.98,2.695768
RUBI,Rubico Inc. Common Stock,1.13,2.685646
ONFO,Onfolio Holdings Inc. Common Stock,1.06,2.649203
AMZE,"Amaze Holdings, Inc. Common Stock",0.1267,2.638422
CIIT,"Tianci International, Inc. Common Stock",2.715,2.626467
TCRT,"Alaunos Therapeutics, Inc. Common Stock",1.02,2.597599
IPDN,"Professional Diversity Network, Inc. Common Stock",3.89,2.590005
JEM,707 Cayman Holdings Limited Ordinary Shares,3.69,2.565808
PW,Power REIT (MD) Common Stock,6.9,2.533128
ARBEW,Arbe Robotics Ltd. Warrant,0.0198,2.5226
ASPSW,Altisource Portfolio Solutions S.A. Net Settle Stakeholder Warrants,0.22,2.512445
XAIR,"Beyond Air, Inc. Common Stock",2.59,2.480264
MTNB,"Matinas Biopharma Holdings, Inc. Common Stock",2.53,2.478186
PMAX,Powell Max Limited Class A Ordinary Shares,1.26,2.472076
IPST,"IP Strategy Holdings, Inc. Common Stock",3.42,2.467797
IMCC,IM Cannabis Corp. Common Shares,2.48,2.461385
PWCM,"PowerCompute, Inc. Common Stock",1.01,2.445687
GMEX,GMEX ROBOTICS CORPORATION Class A Ordinary Shares,3.24,2.438187
PPBT,Purple Biotech Ltd. American Depositary Shares,1.49,2.424032
BKYI,"BIO-key International, Inc. Common Stock",1.68,2.413058
ITP,"IT Tech Packaging, Inc. Common Stock",0.142,2.40909
BIVIW,BioVie Inc. Warrant,0.28,2.366321
EDBL,Edible Garden AG Incorporated Common Stock,1.21,2.361326
ARTL,"Artelo Biosciences, Inc. Common Stock",4.3,2.355428
IVF,"INVO Fertility, Inc. Common Stock",0.9336,2.340506
FLYE,"Fly-E Group, Inc. Common Stock",1.43,2.334312
WHLR,"Wheeler Real Estate Investment Trust, Inc. Common Stock",4.09,2.323983
GSUN,Golden Sun Technology Group Limited Class A Ordinary Shares,0.23,2.30664
GNPX,"Genprex, Inc. Common Stock",2.81,2.303382
RMCOW,Royalty Management Holding Corporation Warrant,0.15,2.275906
CSAI,"Cloudastructure, Inc. Class A Common Stock",2.61,2.264102
KITT,"Nauticus Robotics, Inc. Common stock",1.81,2.254042
LESL,"Leslie's, Inc. Common Stock",0.2392,2.240222
RAINW,"Rain Enhancement Technologies Holdco, Inc. Warrants",0.1899,2.222599
CHGA,Change Agents Corporation Common Stock,1.98,2.218028
KIDZ,KIDZ AI Inc. Class B Common Stock,2.57,2.21194
ATPC,Agape ATP Corporation Common Stock,2.2,2.201377
CDT,CDT Equity Inc. Common Stock,0.076,2.136579
NXTS,Nexentis Technologies Inc. Common Stock,1.465,2.129133
OGEN,Oragenics Inc. Common Stock,0.4716,2.127839
VCIG,VCI Global Limited Ordinary Share,1.625,2.058056
HUBC,Hub Cyber Security Ltd. Ordinary Shares,1.49,1.992199
SCNI,Scinai Immunotherapeutics Ltd. American Depositary Shares,1.47,1.989245
SQFT,"Presidio Property Trust, Inc. Class A Common Stock",1.34,1.922139
BETRW,Better Home & Finance Holding Company Warrant,0.1,1.899858
RAYA,Erayak Power Solution Group Inc. Class A Ordinary Shares,1.8,1.898478
AIIOW,Robo.ai Inc. Warrant,0.0159,1.892666
GNLN,"Greenlane Holdings, Inc. Class A Common Stock",2.71,1.882214
STKH,Steakholder Foods Ltd. American Depositary Shares,1.63,1.815215
SMTK,"SmartKem, Inc. Common Stock",1.75,1.812648
ZEOWW,Zeo Energy Corporation Warrants,0.0291,1.80954
WETO,Wetour Robotics Limited Ordinary Shares,1.67,1.799928
ONMDW,OneMedNet Corp Warrant,0.0295,1.74895
CRIS,"Curis, Inc. Common Stock",0.8314,1.73769
NXGL,"NexGel, Inc Common Stock",0.178,1.735084
YHC,LQR House Inc. Common Stock,1.31,1.708053
BCTXZ,BriaCell Therapeutics Corp. Warrant expiring 2030,0.195,1.696458
CMND,Clearmind Medicine Inc. Common Shares,0.7877,1.689783
IMTE,Integrated Media Technology Limited Ordinary Shares,0.48,1.654288
ASPSZ,Altisource Portfolio Solutions S.A. Cash Exercise Stakeholder Warrants,0.142,1.621669
DXF,"Eason Technology Limited American Depositary Shares (each representing sixty-thousand (60,000) Ordinary Shares)",0.4901,1.585942
MOBXW,"Mobix Labs, Inc Warrants",0.0883,1.585166
SSM,Sono Group N.V. Ordinary Shares,1.1,1.567317
CISS,C3is Inc. Common Stock,1.04,1.547489
AKAN,Akanda Corp. Common Shares,2.825,1.527876
GCTK,"GlucoTrack, Inc. Common Stock",1.8,1.527532
LNKS,Linkers Industries Limited Class A Ordinary Shares,0.9302,1.494471
IPW,iPower Inc. Common Stock,1.26,1.468211
CRGOW,Freightos Limited Warrants,0.0279,1.45285
FUSEW,Fusemachines Inc. Warrants,0.05,1.449265
LRHC,La Rosa Holdings Corp. Common Stock,2.53,1.441187
LBGJ,Li Bang International Corporation Class A Ordinary Shares,2.0,1.420852
MSS,Maison Solutions Inc. Class A Common Stock,1.66,1.419863
PGYWW,Pagaya Technologies Ltd. Warrants,0.0167,1.393212
OLOX,Olenox Industries Inc. Common Stock,0.835,1.385555
UK,Ucommune International Ltd Class A Ordinary Shares,2.03,1.376241
BBLG,Bone Biologics Corp Common Stock,0.4963,1.367831
MYSZ,"My Size, Inc. Common Stock",1.63,1.364202
HLSQ,Tessera Defense and Homeland Security Inc. Common Stock,0.4751,1.358786
SHFS,"SHF Holdings, Inc. Class A Common Stock",0.1091,1.345525
OXBRW,Oxbridge Re Holdings Limited Warrant expiring 3/26/2029,0.1596,1.298917
FCHL,Fitness Champs Holdings Limited Common Stock,0.98,1.292367
SABSW,"SAB Biotherapeutics, Inc. Warrant",0.014,1.273809
SUGP,SU Group Holdings Limited Class A Ordinary Shares,0.5297,1.232347
DRCT,"Direct Digital Holdings, Inc. Class A Common Stock",1.52,1.220145
BGLWW,Blue Gold Limited Warrant,0.0298,1.216966
SKYAW,"SkyAI, Inc. Warrant",0.0281,1.215255
MI,NFT Limited Class A Ordinary Share,2.37,1.210428
EDVA,"Endovia Health Sciences, Inc. Common Stock",0.1867,1.197218
BCGWW,"Binah Capital Group, Inc. Warrants",0.0675,1.151559
MNYWW,MoneyHero Limited Warrants,0.0255,1.133047
HAO,Haoxi Health Technology Limited Class A Ordinary Shares,2.89,1.058104
JZ,Jianzhi Education Technology Group Company Limited American Depositary Shs,0.4304,1.036538
ASTLW,Algoma Steel Group Inc. Warrant,0.0098,1.032808
PFSA,"Profusa, Inc. Common Stock",1.69,1.023543
ABLVW,Able View Global Inc. Warrant,0.0185,1.021585
LGCL,Lucas GC Limited Class A Ordinary Shares,2.89,0.989313
VGASW,"Verde Clean Fuels, Inc. Warrant",0.022,0.980092
HOLOW,MicroCloud Hologram Inc. Warrant,0.04,0.916494
NEXR,Nexera Technologies Ltd Ordinary Shares,1.55,0.864069
BRLSW,Borealis Foods Inc. Warrant,0.0401,0.860679
NIVF,NewGenIvf Group Limited Class A Ordinary Shares,0.3448,0.83353
ILLRW,Triller Group Inc. Warrant,0.0391,0.801057
AIMDW,"Ainos, Inc. Warrants",0.0879,0.751024
SCLXW,Scilex Holding Company Warrant,0.088,0.747384
RKDA,"Arcadia Biosciences, Inc. Common Stock",0.308,0.742037
MRNOW,Murano Global Investments PLC Warrants,0.0089,0.705262
XXII,"22nd Century Group, Inc. Common Stock",0.9547,0.68165
WALDW,Waldencast plc Warrant,0.005,0.643005
XBPEW,"XBP Europe Holdings, Inc. Warrant",0.04,0.566263
BZFDW,"BuzzFeed, Inc. Warrant",0.0065,0.552726
RMSGW,Real Messenger Corporation Warrants,0.0322,0.520631
BNCWW,CEA Industries Inc. Warrant,0.0124,0.510556
COOTW,Australian Oilseeds Holdings Limited Warrant,0.0166,0.499139
MTEKW,Maris-Tech Ltd. Warrants,0.05,0.484931
BEATW,"Heartbeam, Inc. Warrant",0.007,0.394444
TVGNW,Tevogen Inc. Warrant,0.0601,0.391344
HPAIW,Helport AI Limited Warrants,0.01,0.376469
BNAIW,Brand Engagement Network Inc. Warrant,0.0501,0.37591
CDTTW,CDT Equity Inc. Warrant,0.0117,0.328921
BTBDW,"BT Brands, Inc. Warrant",0.0499,0.308618
BIAFW,"bioAffinity Technologies, Inc. Warrant",0.26,0.303323
DFLIW,Dragonfly Energy Holdings Corp. Warrant,0.0197,0.295082
LGHL,Lion Group Holding Ltd. American Depositary Share,5.78,0.266712
GFAIW,"Guardforce AI Co., Limited Warrant",0.0074,0.232311
SWVLW,Swvl Holdings Corp Warrant,0.0072,0.215998
HSCSW,HeartSciences Inc. Warrant,0.0437,0.211679
NVNIW,Nvni Group Limited Warrants,0.018,0.210458
AIXI,XIAO-I Corporation American Depositary Shares,1.6,0.210421
BFRIW,Biofrontera Inc. Warrants,0.0135,0.200507
FRGT,"Freight Technologies, Inc. Ordinary Shares",0.33,0.188801
LNZAW,"LanzaTech Global, Inc. Warrant",0.0139,0.181939
DFNSW,T3 Defense Inc. Warrants,0.0596,0.169282
SHFSW,"SHF Holdings, Inc. Warrants",0.0124,0.152929
BENFW,Beneficient Warrant,0.0086,0.132919
VWAVW,"VisionWave Holdings, Inc. Warrant",0.0546,0.129608
NXGLW,"NexGel, Inc Warrant",0.0122,0.118921
SLXNW,Silexion Therapeutics Corp Warrant,0.0099,0.109264
FGIWW,FGI Industries Ltd. Warrant,0.0544,0.105061
PBMWW,Psyence Biomedical Ltd. Warrant,0.0237,0.0904
AMODW,"Alpha Modus Holdings, Inc. Warrant",0.0179,0.089254
CINGW,Cingulate Inc. Warrants,0.006,0.087251
EUDAW,EUDA Health Holdings Limited Warrant,0.0288,0.086237
CXAIW,CXApp Inc. Warrant,0.0339,0.079238
NRSNW,NeuroSense Therapeutics Ltd. Warrant,0.0401,0.076066
ACONW,"Aclarion, Inc. Warrant",0.0256,0.073789
VEEAW,Veea Inc. Warrant,0.0235,0.073102
ANGHW,Anghami Inc. Warrants,0.0076,0.068893
ICUCW,SeaStar Medical Holding Corporation Warrant,0.0154,0.067865
DSYWW,Big Tree Cloud Holdings Limited Warrants,0.0141,0.067001
SWAGW,"Stran & Company, Inc. Warrant",0.0032,0.059647
EDBLW,Edible Garden AG Incorporated Warrant,0.0295,0.05757
MSAIW,"MultiSensor AI Holdings, Inc. Warrant",0.0244,0.053818
SAIHW,SAIHEAT Limited Warrant,0.0297,0.053768
CYCUW,"Cycurion, Inc. Warrant",0.0161,0.052004
GGROW,Gogoro Inc. Warrant,0.0023,0.047416
NIVFW,NewGenIvf Group Limited Warrants,0.0193,0.046656
PIIIW,P3 Health Partners Inc. Warrant,0.0063,0.045744
ONFOW,Onfolio Holdings Inc. Warrant,0.0175,0.043737
PARAW,"Banzai International, Inc. Warrant",0.0112,0.039771
APLMW,Apollomics Inc. Warrant,0.0116,0.033594
CDIOW,Cardio Diagnostics Holdings Inc. Warrant,0.01,0.029595
NXATW,Nexus Advanced Technologies Inc. Warrant,0.0103,0.027916
RVSNW,Rail Vision Ltd. Warrant,0.0121,0.026525
DAICW,"CID HoldCo, Inc. Warrants",0.0081,0.018936
ASBPW,"Aspire-Lakewood Holdings, Inc. Warrant",0.0133,0.018654
REVBW,"Revelation Biosciences, Inc. Warrant",0.0045,0.017925
KITTW,"Nauticus Robotics, Inc. Warrant",0.0125,0.015567
HUBCZ,Hub Cyber Security Ltd. Warrant,0.0116,0.01551
SQFTW,"Presidio Property Trust, Inc. Series A Common Stock Purchase Warrants",0.0101,0.014488
SMXWW,SMX (Security Matters) Public Limited Company Warrant,0.0133,0.014478
HUBCW,Hub Cyber Security Ltd. Warrant 2/27/28,0.0095,0.012702
NEXRW,Nexera Technologies Ltd Warrant,0.0191,0.010648
LTRYW,Sports Entertainment Gaming Global Corporation Warrants,0.0031,0.010104
MLECW,Moolec Science SA Warrant,0.0134,0.00973
KIDZW,KIDZ AI Inc. Warrants,0.0091,0.007832
TNONW,"Tenon Medical, Inc. Warrant",0.0059,0.006092
AACI,Armada Acquisition Corp. III Class A Ordinary Share,10.048,
AACIW,Armada Acquisition Corp. III Warrant,0.25,
AACO,Abony Acquisition Corp. I Class A Ordinary Share,10.0,
AACOW,Abony Acquisition Corp. I Warrants,0.4,
AACP,Apogee Acquisition Corp Class A Ordinary Shares,10.08,
AACPR,Apogee Acquisition Corp Rights,0.1799,
AACPW,Apogee Acquisition Corp Warrant,0.0725,
ABR^D,"Arbor Realty Trust 6.375% Series D Cumulative Redeemable Preferred Stock, Liquidation Preference $25.00 per Share",14.74,
ABR^E,Arbor Realty Trust 6.25% Series E Cumulative Redeemable Preferred Stock,14.54,
ABR^F,"Arbor Realty Trust 6.25% Series F Fixed-to-Floating Rate Cumulative Redeemable Preferred Stock, Liquidation Preference $25.00 per share",20.98,
ACAA,Averin Capital Acquisition Corp. Class A Ordinary Shares,10.0,
ACGC,ACP Holdings Acquisition Corp. Class A Ordinary Shares,10.059,
ACGCW,ACP Holdings Acquisition Corp. Warrants,0.45,
ACP,abrdn Income Credit Strategies Fund Common Shares,4.41,
ACP^A,abrdn Income Credit Strategies Fund 5.250% Series A Perpetual Preferred Stock,18.05,
ACR^C,ACRES Commercial Realty Corp. 8.625% Fixed-to-Floating Series C Cumulative Redeemable Preferred Stock,23.47,
ACR^D,ACRES Commercial Realty Corp. 7.875% Series D Cumulative Redeemable Preferred Stock,18.31,
ADAC,American Drive Acquisition Company Class A Ordinary Shares,10.12,
ADAMG,"Adamas Trust, Inc. 9.125% Senior Notes Due 2030",24.98,
ADAMH,"Adamas Trust, Inc. 9.875% Senior Notes Due 2030",25.09,
ADAMK,"Adamas Trust, Inc. 9.600% Senior Notes Due 2031",24.98,
ADAMO,"Adamas Trust, Inc. 9.250% Senior Notes Due 2031",24.565,
ADC^A,"Agree Realty Corporation Depositary Shares, each representing 1/1,000th of a 4.250% Series A Cumulative Redeemable Preferred Stock",15.435,
ADX,Adams Diversified Equity Fund Inc.,25.76,
AEAQ,Activate Energy Acquisition Corp. Class A Ordinary Share,10.08,
AEFC,Aegon Funding Company LLC 5.10% Subordinated Notes due 2049,17.73,
AESP,Aeon Acquisition I Corp. Class A Ordinary Shares,9.97,
AESPW,Aeon Acquisition I Corp. Warrants,0.06,
AEXA,American Exceptionalism Acquisition Corp. A Class A Ordinary Shares,11.15,
AFB,AllianceBernstein National Municipal Income Fund Inc,9.49,
AFJK,"Aimei Health Technology Co., Ltd Ordinary Share",12.3,
AFJKU,"Aimei Health Technology Co., Ltd Unit",13.09,
AGD,abrdn Global Dynamic Dividend Fund Common Shares of Beneficial Interest,11.55,
AGM^D,"Federal Agricultural Mortgage Corporation 5.700% Non-Cumulative Preferred Stock, Series D",20.52,
AGM^E,"Federal Agricultural Mortgage Corporation 5.750% Non-Cumulative Preferred Stock, Series E",19.9,
AGM^F,"Federal Agricultural Mortgage Corporation 5.250% Non-Cumulative Preferred Stock, Series F",18.29,
AGM^G,"Federal Agricultural Mortgage Corporation 4.875% Non-Cumulative Preferred Stock, Series G",16.98,
AGM^H,"Federal Agricultural Mortgage Corporation 6.500% Non-Cumulative Preferred Stock, Series H",21.91,
AGM^I,"Federal Agricultural Mortgage Corporation 6.875% Non-Cumulative Preferred Stock, Series I",24.15,
AGRZ,Agroz Inc. Class A Ordinary Shares,0.189,
AHL^D,Aspen Insurance Holdings Limited 5.625% Perpetual Non-Cumulative Preference Shares,17.6,
AHL^E,"Aspen Insurance Holdings Limited Depositary Shares, each representing a 1/1000th interest in a share of 5.625% Perpetual Non-Cumulative Preference Shares",17.48,
AHL^F,"Aspen Insurance Holdings Limited Depositary Shares, each representing a 1/1,000th Interest in a 7.00% Perpetual Non-Cumulative Preference Share",22.34,
AHRT^A,"AH Realty Trust, Inc. 6.75% Series A Cumulative Redeemable Perpetual Preferred Stock",20.3529,
AHT^D,Ashford Hospitality Trust Inc 8.45% Series D Cumulative Preferred Stock,4.625,
AHT^F,Ashford Hospitality Trust Inc 7.375% Series F Cumulative Preferred Stock,4.4357,
AHT^G,Ashford Hospitality Trust Inc 7.375% Series G Cumulative Preferred Stock,4.42,
AHT^H,Ashford Hospitality Trust Inc 7.50% Series H Cumulative Preferred Stock,4.44,
AHT^I,Ashford Hospitality Trust Inc 7.50% Series I Cumulative Preferred Stock,4.171,
AIIA,AI Infrastructure Acquisition Corp. Class A Ordinary Shares,10.27,
AKO/A,Embotelladora Andina S.A.,25.97,
AKO/B,Embotelladora Andina S.A.,29.83,
ALB^A,Albemarle Corporation Depositary Shares each representing a 1/20th of 7.25% Series A Mandatory Convertible Preferred Stock,45.76,
ALDF,Aldel Financial II Inc. Class A Ordinary Shares,10.83,
ALDFW,Aldel Financial II Inc. Warrants,0.2301,
ALF,Centurion Acquisition Corp. Class A Ordinary Shares,10.92,
ALIS,Calisa Acquisition Corp Ordinary shares,10.33,
ALISR,Calisa Acquisition Corp Right,0.66,
ALL^B,Allstate Corporation (The) 5.100% Fixed-to-Floating Rate Subordinated Debentures due 2053,25.75,
ALL^H,"Allstate Corporation (The) Depositary Shares each representing a 1/1,000th interest in a share of Fixed Rate Noncumulative Perpetual Preferred Stock, Series H",18.31,
ALL^I,"Allstate Corporation (The) Depositary Shares each representing a 1/1,000th interest in a share of Fixed Rate Noncumulative Perpetual Preferred Stock, Series I",17.26,
ALL^J,"Allstate Corporation (The) Depositary Shares each representing a 1/1,000th interest in a share of Fixed Rate Noncumulative Perpetual Preferred Stock, Series J",26.14,
ALOV,"Aldabra 4 Liquidity Opportunity Vehicle, Inc. Class A Ordinary Shares",10.0,
ALPX,Alpex Acquisition Corporation Class A Ordinary Shares,9.95,
ALPXU,Alpex Acquisition Corporation Unit,10.23,
ALTG^A,Alta Equipment Group Inc. Depositary Shares (each representing 1/1000th in a share of 10% Series A Cumulative Perpetual Preferred Stock),25.33,
ALUB,Alussa Energy Acquisition Corp. II Class A Ordinary Shares,10.13,
AMAC,AMR Resources Acquisition Corp Class A Ordinary Shares,9.795,
AMACU,AMR Resources Acquisition Corp Units,9.92,
AMACW,AMR Resources Acquisition Corp Warrants,0.26,
AMAN,Amanat Acquisition Corp Class A Ordinary Shares,10.63,
AMH^G,American Homes 4 Rent Series G cumulative redeemable perpetual preferred shares of beneficial interest,20.94,
AMH^H,American Homes 4 Rent Series H cumulative redeemable perpetual Preferred Shares of Beneficial Interest,22.66,
ANG^D,"American National Group Inc. Depositary Shares, each representing a 1/1000th interest in a share of 7.375% Fixed-Rate Non-Cumulative Preferred Stock, Series D",24.09,
AOD,abrdn Total Dynamic Dividend Fund Common Shares of Beneficial Interest,10.18,
AOMD,"Angel Oak Mortgage REIT, Inc. 9.750% Senior Notes due 2030",24.85,
AOMN,"Angel Oak Mortgage REIT, Inc. 9.500% Senior Notes due 2029",24.96,
APAC,StoneBridge Acquisition II Corporation Class A Ordinary Shares,10.26,
APACR,StoneBridge Acquisition II Corporation Rights,0.0901,
APMC,AmperCap Acquisition Company Ordinary Shares,9.96,
APMCR,AmperCap Acquisition Company Right,0.09,
APMCU,AmperCap Acquisition Company Unit,10.03,
APUR,Aperture AC Class A Ordinary Shares,10.03,
APURR,Aperture AC Rights,0.3002,
APXT,Apex Treasury Corporation Class A Ordinary Share,10.14,
APXTU,Apex Treasury Corporation Units,10.3,
APXTW,Apex Treasury Corporation Warrants,0.29,
ARCI,Archimedes Tech SPAC Partners III Co. Ordinary Share,10.1,
ARCIU,Archimedes Tech SPAC Partners III Co. Units,10.2451,
ARCL,ARC Group Acquisition I Corp Class A Ordinary Shares,9.99,
ARCLR,ARC Group Acquisition I Corp Right,0.1301,
ARES^B,Ares Management Corporation 6.75% Series B Mandatory Convertible Preferred Stock,38.51,
ARR^C,"ARMOUR Residential REIT, Inc. 7% Series C Cumulative Redeemable Preferred Stock (liquidation preference $25.00 per share)",19.1,
ARTC,Art Technology Acquisition Corp. Class A Ordinary Shares,10.0195,
ASB^E,"Associated Banc-Corp Depositary Shares, each representing a 1/40th interest in a share of 5.875% Non-Cumulative Perpetual Preferred Stock, Series E",19.21,
ASB^F,"Associated Banc-Corp Depositary Shares, each representing a 1/40th interest in a share of Associated Banc-Corp 5.625% Non-Cumulative Perpetual Preferred Stock, Series F",18.65,
ASG,"Liberty All-Star Growth Fund, Inc.",5.06,
ASGI,abrdn Global Infrastructure Income Fund Common Shares of Beneficial Interest,19.05,
ASPC,A SPAC III Acquisition Corp. Class A Ordinary Shares,10.8692,
ASPCR,A SPAC III Acquisition Corp. Right,0.0998,
ASPCU,A SPAC III Acquisition Corp. Unit,11.99,
ATH^A,"Athene Holding Ltd. Depositary Shares, Each Representing a 1/1,000th Interest in a 6.35% Fixed-to-Floating Rate Perpetual Non-Cumulative Preference Share, Series A",23.44,
ATH^B,"Athene Holding Ltd. Depositary Shares, Each Representing a 1/1,000th Interest in a 5.625% Fixed Rate Perpetual Non- Cumulative Preference Share, Series B, par value $1.00 per share",17.045,
ATH^D,"Athene Holding Ltd. Depositary Shares, Each Representing a 1/1,000th Interest in a 4.875% Fixed-Rate Perpetual Non-Cumulative Preference Share, Series D",15.03,
ATH^E,"Athene Holding Ltd. Depositary Shares, Each Representing a 1/1,000th Interest in a 7.750% Fixed-Rate Reset Perpetual Non-Cumulative Preference Share, Series E",24.77,
ATII,Archimedes Tech SPAC Partners II Co. Ordinary Shares,10.685,
ATIIW,Archimedes Tech SPAC Partners II Co. Warrant,1.3,
ATLQ,JAB Acquisition Corp I Class A Ordinary Shares,9.98,
AUB^A,"Atlantic Union Bankshares Corporation Depositary Shares each representing a 1/400th ownership interest in a share of 6.875% Perpetual Non-Cumulative Preferred Stock, Series A",23.34,
AVK,Advent Convertible and Income Fund,11.4,
AWF,Alliancebernstein Global High Income Fund,9.7,
AWP,abrdn Global Premier Properties Fund Common Shares of Beneficial Interest,10.5,
AXIN,Axiom Intelligence Acquisition Corp 1 Class A Ordinary Shares,10.34,
AXINR,Axiom Intelligence Acquisition Corp 1 Right,0.1849,
AXINU,Axiom Intelligence Acquisition Corp 1 Units,10.53,
AXS^E,"Axis Capital Holdings Limited Depositary Shares, each representing 1/100th interest in a share of a 5.50% Series E Preferred Shares",17.82,
BA^A,"Boeing Company (The) Depositary Shares, each representing a 1/20th interest in a share of 6.00% Series A Mandatory Convertible Preferred Stock, par value $1.00",58.53,
BAC^B,"Bank of America Corporation Depositary Shares, each representing a 1/1,000th interest in a share of 6.000% Non-Cumulative Preferred Stock, Series GG",22.67,
BAC^E,Bank of America Corporation Depositary Sh repstg 1/1000th Perp Pfd Ser E,18.72,
BAC^K,"Bank of America Corporation Depositary Shares, each representing a 1/1,000th interest in a share of 5.875% Non- Cumulative Preferred Stock, Series HH",22.01,
BAC^L,Bank of America Corporation Non Cumulative Perpetual Conv Pfd Ser L,1230.42,
BAC^M,"Bank of America Corporation Depositary Shares, each representing a 1/1,000th interest in a share of 5.375% Non-Cumulative Preferred Stock, Series KK",19.48,
BAC^N,"Bank of America Corporation Depositary shares, each representing 1/1,000th interest in a share of 5.000% Non-Cumulative Preferred Stock, Series LL",18.28,
BAC^O,"Bank of America Corporation Depositary shares, each representing 1/1,000th interest in a share of 4.375% Non-Cumulative Preferred Stock, Series NN",16.01,
BAC^P,"Bank of America Corporation Depositary Shares, each representing a 1/1,000th interest in a share of 4.125% Non-Cumulative Preferred Stock, Series PP",15.57,
BAC^Q,"Bank of America Corporation Depositary shares, each representing 1/1,000th interest in a share of 4.250% Non-Cumulative Preferred Stock, Series QQ",15.58,
BAC^S,"Bank of America Corporation Depositary shares, each representing 1/1,000th interest in a share of 4.750% Non-Cumulative Preferred Stock, Series SS",17.43,
BACC,Blue Acquisition Corp. Class A Ordinary Shares,10.48,
BACCU,Blue Acquisition Corp. Unit,10.91,
BANC^F,"Banc of California, Inc. Depositary Shares, each representing a 1/40th interest in a share of 7.75% non-cumulative perpetual preferred stock, Series F",24.8,
BBN,BlackRock Taxable Municipal Bond Trust Common Shares of Beneficial Interest,14.32,
BC^C,Brunswick Corporation 6.375% Notes due 2049,23.45,
BCCQ,Bleichroeder Acquisition Corp. III Class A Ordinary Shares,9.96,
BCCQU,Bleichroeder Acquisition Corp. III Units,10.299,
BCCQW,Bleichroeder Acquisition Corp. III Warrant,0.83,
BCSS,Bain Capital GSS Investment Corp. Class A Ordinary Shares,10.29,
BCV,"Bancroft Fund, Ltd.",23.05,
BCV^A,Bancroft Fund Limited 5.375% Series A Cumulative Preferred Shares,19.15,
BDCI,BTC Development Corp. Class A Ordinary Shares,10.15,
BDCIU,BTC Development Corp. Unit,10.3,
BEAG,Bold Eagle Acquisition Corp. Class A Ordinary Shares,10.69,
BEAGR,Bold Eagle Acquisition Corp. Right,0.26,
BEAGU,Bold Eagle Acquisition Corp. Units,11.22,
BEP^A,"Brookfield Renewable Partners L.P. 5.25% Class A Preferred Limited Partnership Units, Series 17",16.3,
BF/A,Brown Forman Corporation,26.57,
BF/B,Brown Forman Corporation,26.03,
BFH^A,"Bread Financial Holdings, Inc. Depositary Shares, each representing a 1/40th interest in a share of 8.625% Non-Cumulative Perpetual Preferred Stock, Series A",24.26,
BFH^B,"Bread Financial Holdings, Inc. Depositary Shares, each representing a 1/40th interest in a share of 8.875% Fixed Rate Reset Non-Cumulative Perpetual Preferred Stock, Series B",24.37,
BFS^D,"Saul Centers, Inc. Depositary Shares, each representing 1/100th of a share of 6.125% Series D Cumulative Redeemable Preferred Stock",19.0,
BFS^E,"Saul Centers, Inc. Depositary shares, each representing a 1/100th fractional interest in a share of 6.000% Series E Cumulative Redeemable Preferred Stock",18.45,
BGB,Blackstone Strategic Credit 2027 Term Fund Common Shares of Beneficial Interest,11.08,
BGH,Barings Global Short Duration High Yield Fund Common Shares of Beneficial Interests,13.07,
BGT,BlackRock Floating Rate Income Trust,10.36,
BGX,Blackstone Long Short Credit Income Fund Common Shares,10.52,
BGY,Blackrock Enhanced International Dividend Trust,5.73,
BHAV,BHAV Acquisition Corp Class A Ordinary Shares,10.02,
BHK,Blackrock Core Bond Trust,8.25,
BHR^B,"Braemar Hotels & Resorts Inc. 5.50% Series B Cumulative Convertible Preferred Stock, par value $0.01 per share",12.71,
BHR^D,"Braemar Hotels & Resorts Inc. 8.25% Series D Cumulative Preferred Stock,  par value $0.01 per share",16.98,
BHV,BlackRock Virginia Municipal Bond Trust,12.61,
BID,Tribeca Strategic Acquisition Corp. Class A Ordinary Shares,9.91,
BIII,Black Spade Acquisition III Co Class A Ordinary Shares,10.05,
BIO/B,"Bio-Rad Laboratories, Inc.",365.08,
BIP^A,"Brookfield Infrastructure Partners LP 5.125% Class A Preferred Limited Partnership Units, Series 13",16.24,
BIP^B,"Brookfield Infrastructure Partners LP 5.000% Class A Preferred Limited Partnership Units, Series 14",16.04,
BIT,BlackRock Multi-Sector Income Trust Common Shares of Beneficial Interest,11.14,
BIXI,Bitcoin Infrastructure Acquisition Corp Ltd. Class A Ordinary Shares,10.15,
BIXIW,Bitcoin Infrastructure Acquisition Corp Ltd. Warrant,0.3014,
BKHA,Black Hawk Acquisition Corporation Class A Ordinary Shares,12.31,
BKHAR,Black Hawk Acquisition Corporation Rights,1.7,
BKHAU,Black Hawk Acquisition Corporation Units,12.5,
BLRK,Bluerock Acquisition Corp. Class A Ordinary Shares,10.11,
BLZR,Trailblazer Acquisition Corp. Class A Ordinary Shares,10.22,
BLZRU,Trailblazer Acquisition Corp. Unit,10.345,
BLZRW,Trailblazer Acquisition Corp. Warrant,0.33,
BML^G,"Bank of America Corporation Depositary Shares (Each representing a 1/1200th interest in a share of Floating Rate Non-Cumulative Preferred Stock , Series 1)",18.45,
BML^H,"Bank of America Corporation Depositary Shares (Each representing a 1/1200th interest in a Share of Floating Rate Non-Cumulative Preferred Stock, Series 2)",18.46,
BML^J,"Bank of America Corporation Depositary Shares (Each representing a 1/1200th interest in a Share of Floating Rate Non-Cumulative Preferred Stock, Series 4)",19.825,
BML^L,"Bank of America Corporation Depositary Shares (Each representing a 1/1200th Interest in a Share of Floating Rate Non-Cumulative Preferred Stock, Series 5)",19.94,
BMN,BlackRock 2037 Municipal Target Term Trust Common Shares of Beneficial Interest,21.98,
BNY^K,"The Bank Of New York Mellon Corporation  Depositary Shares, each representing a 1/4,000th interest in a share of Series K Noncumulative Perpetual Preferred Stock",24.18,
BOE,Blackrock Enhanced Global Dividend Trust Common Shares of Beneficial Interest,11.84,
BOH^A,"Bank of Hawaii Corporation Depositary Shares Each Representing a 1/40th Interest in a Share of 4.375% Fixed Rate Non-Cumulative Perpetual Preferred Stock, Series A",15.15,
BOH^B,"Bank of Hawaii Corporation Depositary Shares, Each Representing a 1/40th Interest in a Share of 8.000% Fixed Rate Non-Cumulative Perpetual Preferred Stock, Series B",25.58,
BOT,"RoboStrategy, Inc. Common Stock",26.86,
BPAC,Blueport Acquisition Ltd Class A Ordinary Shares,10.19,
BPRE,Bluerock Private Real Estate Fund Common Shares of Beneficial Interest,12.49,
BREZ,Breeze Acquisition Corp. II Ordinary Shares,10.02,
BREZR,Breeze Acquisition Corp. II Right,0.29,
BRKH,Burtech Acquisition Corp II Class A Ordinary Shares,10.015,
BRRKU,Bluerock Acquisition Corp. II Units,9.99,
BRTM,B&R Technology Merger Corp. Class A Ordinary Shares,9.8199,
BRTMU,B&R Technology Merger Corp. Units,9.94,
BRTMW,B&R Technology Merger Corp. Warrants,0.271,
BRW,Saba Capital Income & Opportunities Fund SBI,6.0,
BSAA,BEST SPAC I Acquisition Corp. Class A Ordinary Shares,11.3,
BSL,Blackstone Senior Floating Rate 2027 Term Fund Common Shares of Beneficial Interest,12.89,
BTO,John Hancock Financial Opportunities Fund Common Stock,36.02,
BTT,BlackRock Municipal 2030 Target Term Trust,21.42,
BUI,"BlackRock Utility, Infrastructure & Power Opportunities Trust",24.63,
BW^A,"Babcock & Wilcox Enterprises, Inc. 7.75% Series A Cumulative Perpetual Preferred Stock",17.25,
BWG,BrandywineGLOBAL Global Income Opportunities Fund Inc.,6.96,
BWIV,Blue Water Acquisition Corp. IV Class A Ordinary Shares,9.97,
BXSL,Blackstone Secured Lending Fund Common Shares of Beneficial Interest,24.39,
C^N,Citigroup Capital XIII 7.875% Fixed rate Floating Rate trust Preferred Securities (TruPS),26.55,
C^R,"Citigroup Inc. Depositary Shares, Each Representing a 1/1,000th Interest in a Share of 6.250% Noncumulative Preferred Stock, Series II",22.76,
CAES,"Cantor Equity Partners VII, Inc. Class A Ordinary Shares",10.06,
CAF,Morgan Stanley China A Share Fund Inc. Common Stock,18.0,
CAII,Collective Acquisition Corp. II Class A Ordinary Shares,10.0,
CAIIU,Collective Acquisition Corp. II Units,10.075,
CAPN,Cayson Acquisition Corp Ordinary shares,11.25,
CAQ,Cambridge Acquisition Corp. Class A Ordinary Shares,10.01,
CAQUU,Cambridge Acquisition Corp. Unit,10.07,
CATL,Catalyst Acquisition Corp. Class A Ordinary Share,9.79,
CCAQ,Collective Acquisition Corp. Class A Ordinary Shares,10.69,
CCCT,Columbus Circle Capital Corp III Class A Ordinary Shares,9.84,
CCD,Calamos Dynamic Convertible & Income Fund Common Stock,22.41,
CCID,Carlyle Credit Income Fund 7.375% Series D Term Preferred Shares due 2028,24.895,
CCIF,Carlyle Credit Income Fund Shares of Beneficial Interest,2.39,
CCII,Cohen Circle Acquisition Corp. II Class A Ordinary Shares,10.3,
CCXI,Churchill Capital Corp XI Class A Ordinary Shares,12.05,
CCXIU,Churchill Capital Corp XI Units,12.67,
CCXIW,Churchill Capital Corp XI Warrants,6.11,
CDR^B,"Cedar Realty Trust, Inc. 7.25% Series B Cumulative Redeemable Preferred Stock",16.275,
CDR^C,"Cedar Realty Trust, Inc. 6.50% Series C Cumulative Redeemable Preferred Stock",15.175,
CEE,"The Central and Eastern Europe Fund, Inc. (The) Common Stock",19.46,
CEPF,"Cantor Equity Partners IV, Inc. Class A Ordinary Shares",10.3,
CEPO,"Cantor Equity Partners I, Inc. Class A Ordinary Shares",10.76,
CEPS,"Cantor Equity Partners VI, Inc. Class A Ordinary Shares",10.3,
CEPV,"Cantor Equity Partners V, Inc. Class A Ordinary Shares",10.36,
CFG^E,"Citizens Financial Group, Inc. Depositary Shares Each Representing 1/40th Interest in a Share of 5.000% Fixed-Rate Non-Cumulative Perpetual Preferred Stock, Series E",16.88,
CFG^H,"Citizens Financial Group, Inc. Depositary Shares Each Representing a 1/40th Interest in a Share of 7.375% Fixed-Rate Non-Cumulative Perpetual Preferred Stock, Series H",25.13,
CFG^I,"Citizens Financial Group, Inc. Depositary Shares, Each Representing a 1/40th Interest in a Share of 6.500% Fixed-Rate Reset Non-Cumulative Perpetual Preferred Stock, Series I",24.11,
CFND,C1 Fund Inc. Common Stock,2.99,
CFR^B,"Cullen/Frost Bankers, Inc. Depositary Shares, each representing a 1/40th ownership interest in a share of 4.450% non-cumulative perpetual preferred stock, Series B",15.745,
CFTR^A,"Cantor Fitzgerald Income Trust, Inc. 9.50% Series A Cumulative Redeemable Preferred Stock",25.25,
CGCF,Cartesian Growth Corporation IV Class A Ordinary Shares,9.8,
CGCFU,Cartesian Growth Corporation IV Unit,9.89,
CGO,Calamos Global Total Return Fund Common Stock,12.84,
CHAR,Charlton Aria Acquisition Corporation Class A Ordinary Shares,10.99,
CHARR,Charlton Aria Acquisition Corporation Rights,0.1,
CHEC,Chenghe Acquisition III Co. Class A Ordinary Share,10.3,
CHECU,Chenghe Acquisition III Co. Units,10.25,
CHI,Calamos Convertible Opportunities and Income Fund Common Stock,11.36,
CHMI^A,Cherry Hill Mortgage Investment Corporation 8.20% Series A Cumulative Redeemable Preferred Stock,21.1501,
CHMI^B,Cherry Hill Mortgage Investment Corporation 8.250% Series B Fixed-to-Floating Rate Cumulative Redeemable Preferred Stock,23.75,
CHPG,ChampionsGate Acquisition Corporation Class A Ordinary Share,10.45,
CHPGR,ChampionsGate Acquisition Corporation Rights,0.1206,
CHW,Calamos Global Dynamic Income Fund Common Stock,8.14,
CHY,Calamos Convertible and High Income Fund Common Stock,11.61,
CICB,CION Investment Corporation 7.50% Notes due 2029,24.55,
CICC,CION Investment Corporation 7.50% Notes due 2031,24.39,
CIK,"UBS Asset Management Income Fund, Inc. Common Stock",2.31,
CIM^A,Chimera Investment Corporation 8.00% Series A Cumulative Redeemable Preferred Stock,19.5999,
CIM^B,Chimera Investment Corporation 8.00% Series B Fixed-to-Floating Rate Cumulative Redeemable Preferred Stock,23.15,
CIM^C,Chimera Investment Corporation 7.75% Series C Fixed-to-Floating Rate  Cumulative Redeemable  Preferred Stock,21.03,
CIM^D,Chimera Investment Corporation 8.00% Series D Fixed-to-Floating Rate Cumulative Redeemable Preferred Stock,22.95,
CIMO,Chimera Investment Corporation 9.250% Senior Notes due 2029,25.19,
CIMP,Chimera Investment Corporation 8.875% Senior Notes due 2030,25.0,
CLBR,Colombier Acquisition Corp. III Class A Ordinary Shares,10.2,
CLDT^A,Chatham Lodging Trust (REIT) 6.625% Series A Cumulative Redeemable Preferred Shares of Beneficial Interest,19.4,
CLM,"Cornerstone Strategic Investment Fund, Inc. Common Shares",6.38,
CMRE^B,Costamare Inc. Perpetual Preferred Stock Series B (Marshall Islands),25.43,
CMRE^C,Costamare Inc. Perpetual Preferred Series C (Marshall Islands),26.75,
CMRE^D,Costamare Inc. 8.75% Series D Cumulative Redeemable Perpetual Preferred Stock,26.3399,
CMS^B,CMS Energy Corporation Preferred Stock,74.92,
CMS^C,"CMS Energy Corporation Depositary Shares, each representing a 1/1,000th interest in a share of 4.200% Cumulative Redeemable Perpetual Preferred Stock, Series C",16.6,
CNO^A,"CNO Financial Group, Inc. 5.125% Subordinated Debentures due 2060",16.78,
CODI^A,Compass Diversified Holdings 7.250% Series A Preferred Shares representing beneficial interest in Compass Diversified Holdings,18.975,
CODI^B,Compass Diversified Holdings 7.875% Series B Fixed-to-Floating Rate Cumulative Preferred Shares representing beneficial interests in Compass Diversified Holdings,22.18,
CODI^C,Compass Diversified Holdings 7.875% Series C Cumulative Preferred Shares,21.33,
COF^I,"Capital One Financial Corporation Depositary shares each representing a 1/40th interest in a share of Fixed Rate Non-Cumulative Perpetual Preferred Stock, Series I of the Issuer",16.64,
COF^J,"Capital One Financial Corporation Depositary Shares, Each Representing a 1/40th Interest in a Share of Fixed Rate Non- Cumulative Perpetual Preferred Stock, Series J",16.03,
COF^K,"Capital One Financial Corporation Depositary Shares, Each Representing a 1/40th Ownership Interest in a Share of Fixed Rate Non-Cumulative Perpetual Preferred Stock, Series K",15.53,
COF^L,"Capital One Financial Corporation Depositary Shares, Each Representing a 1/40th Interest in a Share of Fixed Rate Non-Cumulative Perpetual Preferred Stock, Series L",14.75,
COF^N,"Capital One Financial Corporation Depositary Shares, Each Representing a 1/40th Ownership Interest in a Share of Fixed Rate Non-Cumulative Perpetual Preferred Stock, Series N",14.54,
COLA,Columbus Acquisition Corp Ordinary Shares,10.6378,
COLAR,Columbus Acquisition Corp Rights,0.381,
COLAU,Columbus Acquisition Corp Unit,10.8,
COPL,Copley Acquisition Corp Ordinary Shares,10.555,
CRAC,Crown Reserve Acquisition Corp. I Class A Ordinary Shares,10.24,
CRACW,Crown Reserve Acquisition Corp. I Warrant,0.04,
CRAN,Crane Harbor Acquisition Corp. II Class A Ordinary Shares,10.1,
CRANR,Crane Harbor Acquisition Corp. II Rights,0.17,
CRAQ,Cal Redwood Acquisition Corp. Class A Ordinary Shares,10.4,
CRBD,Corebridge Financial Inc. 6.375% Junior Subordinated Notes due 2064,20.69,
CRD/A,Crawford & Company,12.6,
CRD/B,Crawford & Company,11.93,
CRF,"Cornerstone Total Return Fund, Inc. (The) Common Stock",6.14,
CTA^A,"EIDP, Inc. Preferred Stock $3.50 Series",50.54,
CTA^B,"EIDP, Inc. Preferred Stock $4.50 Series",63.75,
CTAA,ClearThink 1 Acquisition Corp. Class A Ordinary Shares,9.95,
CTAAR,ClearThink 1 Acquisition Corp. Rights,0.18,
CTGG,Qwest Corporation 6.500% Senior Notes due 2051 (denominations of $25),16.07,
CTHH,Qwest Corporation 6.750% Senior Notes due 2052 (denominations of $25),16.51,
CTO^A,"CTO Realty Growth, Inc. 6.375% Series A Cumulative Redeemable Preferred Stock",19.6,
CUBWU,Lionheart Holdings Unit,11.02,
CUBWW,Lionheart Holdings Warrant,0.15,
CXII,Churchill Capital Corp XII Class A Ordinary Shares,10.79,
CXIIW,Churchill Capital Corp XII Warrants,2.13,
DAAQ,Digital Asset Acquisition Corp. Class A Ordinary shares,10.46,
DAAQU,Digital Asset Acquisition Corp. Units,11.54,
DAAQW,Digital Asset Acquisition Corp. Warrant,0.1405,
DBCA,D. Boral Acquisition I Corp. Class A Ordinary Shares,10.025,
DBL,DoubleLine Opportunistic Credit Fund Common Shares of Beneficial Interest,13.42,
DBRG^H,"DigitalBridge Group, Inc. 7.125% Series H",14.57,
DBRG^I,"DigitalBridge Group, Inc. 7.15% Series I",14.9,
DBRG^J,"DigitalBridge Group, Inc. 7.125% Series J",15.48,
DCOM^,"Dime Commercial Bancshares, Inc. Preferred Stock, Series A",16.65,
DFP,Flaherty & Crumrine Dynamic Preferred and Income Fund Inc. Common Stock,18.74,
DGAC,Disciplined Growth Acquisition Corporation Class A Ordinary Shares,10.0,
DHF,BNY Mellon High Yield Strategies Fund Common Stock,2.23,
DHY,UBS Asset Management High Yield Credit Fund Common Stock,1.61,
DLNG^A,Dynagas LNG Partners LP 9.00% Series A Cumulative Redeemable Preferred Units,25.95,
DLR^J,"Digital Realty Trust, Inc. 5.250% Series J Cumulative Redeemable Preferred Stock",18.1699,
DLR^K,"Digital Realty Trust, Inc. 5.850% Series K Cumulative Redeemable Preferred Stock, par value $0.01 per share",20.405,
DLR^L,"Digital Realty Trust, Inc. 5.200% Series L Cumulative Redeemable Preferred Stock",18.115,
DMA,Destra Multi-Alternative Fund Common Stock,7.58,
DMAA,Drugs Made In America Acquisition Corp. Ordinary Shares,10.88,
DMAAR,Drugs Made In America Acquisition Corp. Rights,0.1249,
DMAAU,Drugs Made In America Acquisition Corp. Units,10.99,
DMB,"BNY Mellon Municipal Bond Infrastructure Fund, Inc. Common Stock",9.47,
DMII,Drugs Made In America Acquisition II Corp. Ordinary Shares,10.16,
DMIIR,Drugs Made In America Acquisition II Corp. Right,0.0641,
DMO,Western Asset Mortgage Opportunity Fund Inc. Common Stock,9.47,
DNMX,Dynamix Corporation III Class A Ordinary Shares,10.055,
DNMXU,Dynamix Corporation III Unit,10.1399,
DNMXW,Dynamix Corporation III Warrants,0.22,
DNP,"DNP Select Income Fund, Inc. Common Stock",9.72,
DPG,Duff & Phelps Utility and Infrastructure Fund Inc.,12.79,
DRDB,Roman DBDR Acquisition Corp. II Ordinary shares,10.7,
DRDBU,Roman DBDR Acquisition Corp. II Unit,10.72,
DRDBW,Roman DBDR Acquisition Corp. II Warrants,0.0901,
DSAC,Daedalus Special Acquisition Corp. Class A Ordinary Shares,10.14,
DSACW,Daedalus Special Acquisition Corp. Warrant,0.6202,
DSM,"BNY Mellon Strategic Municipal Bond Fund, Inc. Common Stock",5.15,
DSU,"Blackrock Debt Strategies Fund, Inc. Common Stock",8.88,
DSX^B,Diana Shipping Inc. Perpetual Preferred Shares Series B (Marshall Islands),27.13,
DTK,DTE Energy Company 2025 Series H 6.25% Junior Subordinated Debentures due 2085,20.94,
DTSQ,DT Cloud Star Acquisition Corporation Ordinary Shares,11.5,
DTSQR,DT Cloud Star Acquisition Corporation Right,0.15,
DUK^A,"Duke Energy Corporation Depositary Shares, each representing a 1/1,000th interest in a share of 5.75% Series A Cumulative Redeemable Perpetual Preferred Stock",22.1,
DUKU,Duke Energy Corporation Corporate Units,47.94,
DX^C,"Dynex Capital, Inc. 6.900% Series C Fixed-to-Floating Rate Cumulative Redeemable Preferred Stock",25.93,
DXYZ,Destiny Tech100 Inc. Common Stock,29.86,
DYNC,Dynamix Corporation Class A Ordinary Shares,10.895,
DYNCW,Dynamix Corporation Warrant,0.1199,
DYOR,Insight Digital Partners II Class A Ordinary Shares,10.13,
DYORW,Insight Digital Partners II Warrants,0.2365,
EAD,Allspring Income Opportunities Fund Common Shares,6.0,
ECC^D,Eagle Point Credit Company 6.75% Series D Preferred Stock,17.85,
ECCU,Eagle Point Credit Company 7.75% Notes due 2030,24.9,
ECF,Ellsworth Growth and Income Fund Ltd.,11.82,
ECF^A,Ellsworth Growth and Income Fund Ltd. 5.25% Series A Cumulative Preferred Shares (Liquidation Preference $25.00 per share),18.68,
EDD,"Morgan Stanley Emerging Markets Domestic Debt Fund, Inc. Common Stock",5.58,
EDF,Virtus Stone Harbor Emerging Markets Income Fund Common Shares of Beneficial Interest,4.98,
EEA,"The European Equity Fund, Inc. Common Stock",10.54,
EFC^B,Ellington Financial Inc. 6.250% Series B Fixed-Rate Reset Cumulative Redeemable Preferred Stock,25.1,
EFC^C,Ellington Financial Inc. 8.625% Series C Fixed-Rate Reset Cumulative Redeemable Preferred Stock,25.44,
EFC^D,Ellington Financial Inc. 7.00% Series D Cumulative Perpetual Redeemable Preferred Stock,23.42,
EFR,Eaton Vance Senior Floating-Rate Fund Common Shares of Beneficial Interest,10.21,
EGHA,EGH Acquisition Corp. Class A Ordinary Shares,10.42,
EGHAR,EGH Acquisition Corp. Rights,0.2633,
EHI,Western Asset Global High Income Fund Inc Common Stock,5.38,
EIIA,Eagle Point Institutional Income Fund 8.125% Series A Term Preferred Shares Due 2029,25.11,
EIM,"Eaton Vance Municipal Bond Fund Common Shares of Beneficial Interest, $.01 par value",8.74,
ELLA,Ellington Credit Company 8.50% Notes due 2031,25.058,
EMD,Western Asset Emerging Markets Debt Fund Inc Common Stock,9.37,
EMF,Templeton Emerging Markets Fund Common Stock,22.24,
EMIS,Emmis Acquisition Corp. Class A Ordinary Shares,10.27,
EMO,ClearBridge Energy Midstream Opportunity Fund Inc. Common Stock,51.26,
EOD,Allspring Global Dividend Opportunity Fund Common Shares of Beneficial Interest,6.36,
EOI,Eaton Vance Enhance Equity Income Fund Eaton Vance Enhanced Equity Income Fund Shares of Beneficial Interest,19.74,
EOS,Eaton Vance Enhance Equity Income Fund II Common Stock,21.2,
EP^C,El Paso Corporation Preferred Stock,49.64,
EPR^C,EPR Properties 5.75% Series C Cumulative Convertible Preferred Shares,25.26,
EPR^E,EPR Properties Series E Cumulative Conv Pfd Shs Ser E,31.25,
EPR^G,EPR Properties 5.750% Series G Cumulative Redeemable Preferred Shares,19.3,
EQH^A,"Equitable Holdings, Inc. Depositary Shares",18.09,
EQH^C,"Equitable Holdings, Inc. Depositary Shares, each representing a 1/1,000th interest in a share of Fixed Rate Noncumulative Perpetual Preferred Stock, Series C",15.84,
ERC,Allspring Multi-Sector Income Fund Common Stock,8.52,
ERH,Allspring Utilities and High Income Fund Common Shares,10.18,
ET^I,Energy Transfer L.P. Series I Fixed Rate Perpetual Preferred Units,11.23,
ETG,Eaton Vance Tax-Advantaged Global Dividend Income Fund Common Shares of Beneficial Interest,23.08,
ETI^,"Entergy Texas Inc 5.375% Series A Preferred Stock, Cumulative, No Par Value",21.1,
ETJ,Eaton Vance Risk-Managed Diversified Equity Income Fund Common Shares of Beneficial Interest,8.18,
ETSS,Energy Transition Special Opportunities Class A Ordinary Shares,9.95,
ETY,"Eaton Vance Tax-Managed Diversified Equity Income Fund Common Shares of Beneficial Interest,",14.07,
EURK,Eureka Acquisition Corp Class A Ordinary Share,11.5432,
EURKR,Eureka Acquisition Corp Right,0.2501,
EVAC,EQV Ventures Acquisition Corp. II Class A Ordinary Shares,10.32,
EVG,Eaton Vance Short Diversified Income Fund Eaton Vance Short Duration Diversified Income Fund Common Shares of Beneficial Interest,9.89,
EVOX,Evolution Global Acquisition Corp Class A Ordinary Shares,10.12,
EVOXW,Evolution Global Acquisition Corp Warrants,0.335,
EVT,Eaton Vance Tax Advantaged Dividend Income Fund Common Shares of Beneficial Interest,27.9,
EVV,Eaton Vance Limited Duration Income Fund Common Shares of Beneficial Interest,8.37,
EWAV,East West Ave Acquisition Corp. Common Stock,9.91,
EWAVU,East West Ave Acquisition Corp. Units,10.05,
EXG,Eaton Vance Tax-Managed Global Diversified Equity Income Fund Common Shares of Beneficial Interest,9.45,
F^B,"Ford Motor Company 6.20% Notes due June 1, 2059",19.51,
F^C,"Ford Motor Company 6% Notes due December 1, 2059",18.96,
F^D,"Ford Motor Company 6.500% Notes due August 15, 2062",20.2249,
FACT,FACT II Acquisition Corp. Class A Ordinary Shares,10.7211,
FAX,"abrdn Asia-Pacific Income Fund, Inc. Common Stock",13.19,
FBRT^E,"Franklin BSP Realty Trust, Inc. 7.50% Series E Cumulative Redeemable Preferred Stock",18.78,
FCRS,FutureCrest Acquisition Corp. Class A Ordinary Shares,10.24,
FDMM,Freedom Metals Acquisition Corp. Class A Ordinary Shares,9.835,
FDMMU,Freedom Metals Acquisition Corp. Units,9.98,
FDMMW,Freedom Metals Acquisition Corp. Warrants,0.31,
FERA,Fifth Era Acquisition Corp I Class A Ordinary Shares,10.53,
FERAR,Fifth Era Acquisition Corp I Rights,0.27,
FERAU,Fifth Era Acquisition Corp I Units,10.74,
FFA,First Trust Enhanced Equity Income Fund Common Shares of Beneficial Interest,22.11,
FFC,Flaherty & Crumrine Preferred and Income Securities Fund Incorporated,14.93,
FGC,FG Communities Holdings Inc. Common Stock,7.5,
FGII,FG Imperii Acquisition Corp. Class A Ordinary Shares,10.03,
FGSN,"F&G Annuities & Life, Inc. 7.300% Junior Subordinated Notes due 2065",20.25,
FHN^E,"First Horizon Corporation Depositary Shares, each representing a 1/4,000th interest in a share of Non-Cumulative Perpetual Preferred Stock, Series E",22.6705,
FHN^F,"First Horizon Corporation Depositary Shares, each representing 1/4000th Interest in a Share of Non-Cumulative Perpetual Preferred Stock, Series F",15.96,
FHN^H,"First Horizon Corporation Depositary Shares each representing a 1/4,000th interest in a share of Non-Cumulative Perpetual Preferred Stock, Series H",22.9,
FIGX,FIGX Capital Acquisition Corp. Class A Ordinary Share,10.33,
FIGXU,FIGX Capital Acquisition Corp. Units,10.3601,
FITB^A,"Fifth Third Bancorp Depositary Shares each representing 1/40th share of Fifth Third 6.00% Non-Cumulative Perpetual Class B Preferred Stock, Series A",21.15,
FITB^I,Fifth Third Bancorp Depositary Share repstg 1/1000th Ownership Interest Perp Pfd Series I,25.25,
FITB^K,"Fifth Third Bancorp Depositary Shares each representing a 1/1000th ownership interest in a share of Non-Cumulative Perpetual Preferred Stock, Series K",18.29,
FITB^M,"Fifth Third Bancorp Depositary Shares Representing a 1/40th Ownership Interest in a Share of 6.875% Fixed-Rate Reset Non-Cumulative Perpetual Preferred Stock, Series M",25.0273,
FJDI,ARC Group Securities Acquisition I Class A Ordinary Shares,9.85,
FJDIR,ARC Group Securities Acquisition I Rights,0.152,
FJDIU,ARC Group Securities Acquisition I Units,10.0199,
FJDIW,ARC Group Securities Acquisition I Warrants,0.0382,
FLC,Flaherty & Crumrine Total Return Fund Inc Common Stock,15.6,
FLG^A,"Flagstar Bank, N.A. Depositary shares, each representing a 1/40th interest in a share of Fixed-to-Floating Rate Series A Noncumulative Perpetual Preferred Stock",23.73,
FLG^U,"Flagstar Bank, N.A. Bifurcated Option Note Unit SecuritiES",37.79,
FMAC,Future Money Acquisition Corporation Ordinary Shares,10.06,
FMACR,Future Money Acquisition Corporation Rights,0.16,
FMY,First Trust Mortgage Income Fund Common Shares of Beneficial Interest,11.275,
FOUR^A,"Shift4 Payments, Inc. 6.00% Series A Mandatory Convertible Preferred Stock",51.26,
FPF,First Trust Intermediate Duration Preferred & Income Fund Common Shares of Beneficial Interest,16.04,
FRT^C,"Federal Realty Investment Trust Depositary Shares, each representing a 1/1000th interest in a 5.000% Series C Cumulative Redeemable Preferred Share",18.42,
FSHP,Flag Ship Acquisition Corp. Ordinary Shares,11.29,
FSHPR,Flag Ship Acquisition Corp. Right,0.0875,
FSSL,FS Specialty Lending Fund Common Shares of Beneficial Interest,11.48,
FTHA,Forefront Tech Holdings Acquisition Corp Class A Ordinary Shares,9.98,
FTRA,FutureCorp Space Acquisition 1 Class A Ordinary Shares,9.865,
FVAV,Fortress Value Acquisition Corp. V Class A Ordinary Shares,10.28,
FVN,Future Vision II Acquisition Corporation Ordinary shares,9.66,
FVNNR,Future Vision II Acquisition Corporation Right,0.19,
FVNNU,Future Vision II Acquisition Corporation Units,11.0,
FWAC,Futurewave Acquisition Corporation Ordinary Shares,9.94,
FWACR,Futurewave Acquisition Corporation Rights,0.1325,
FWACW,Futurewave Acquisition Corporation Warrants,0.04,
FXAC,FortuneX Acquisition Corporation Ordinary shares,10.08,
FXACU,FortuneX Acquisition Corporation Units,10.35,
FXACW,FortuneX Acquisition Corporation Warrant,0.16,
GAB^G,"Gabelli Equity Trust, Inc. (The) Series G Cumulative Preferred Stock",18.3,
GAB^H,"Gabelli Equity Trust, Inc. (The) Pfd Ser H",18.25,
GAB^K,"Gabelli Equity Trust, Inc. (The) 5.00% Series K Cumulative Preferred Stock",18.26,
GAING,Gladstone Investment Corporation 7.125% Notes due 2031,25.05,
GAINI,Gladstone Investment Corporation 7.875% Notes due 2030,25.392,
GAM^B,"General American Investors Company, Inc. Cumulative Preferred Stock",22.6384,
GCGR,General Catalyst Global Resilience Merger Corp. Class A Ordinary Shares,10.12,
GCGRW,General Catalyst Global Resilience Merger Corp. Warrants,0.65,
GDL,"GDL Fund, The Common Shares of Beneficial Interest",8.3401,
GDO,Western Asset Global Corporate Opportunity Fund Inc. Common Stock,9.39,
GDV^H,The Gabelli Dividend & Income Trust 5.375% Series H Cumulative Preferred Shares,20.5,
GDV^K,The Gabelli Dividend & Income Trust 4.250% Series K Cumulative Preferred Shares,16.07,
GECCG,Great Elm Capital Corp. 7.75% Notes Due 2030,24.48,
GECCH,Great Elm Capital Corp. 8.125% Notes Due 2029,24.85,
GECCI,Great Elm Capital Corp. 8.50% NOTES DUE 2029,24.99,
GF,"New Germany Fund, Inc. (The) Common Stock",10.72,
GGN,"GAMCO Global Gold, Natural Resources & Income Trust",5.29,
GGN^B,"GAMCO Global Gold, Natural Reources & Income Trust 5.00% Series B Cumulative 25.00 Liquidation Preference",18.05,
GGT^E,Gabelli Multi-Media Trust Inc. (The) 5.125% Series E Cumulative Preferred Stock,19.9801,
GGT^G,Gabelli Multi-Media Trust Inc. (The) 5.125% Series G Cumulative Preferred Shares,20.03,
GHXI,"Gores Holdings XI, Inc. Class A Ordinary Shares",9.9901,
GHXIU,"Gores Holdings XI, Inc. Units",10.18,
GHY,"PGIM Global High Yield Fund, Inc.",10.91,
GIW,GigCapital8 Corp. Class A Ordinary Shares,10.17,
GIX,GigCapital9 Corp. Class A Ordinary Share,10.005,
GIXXR,GigCapital9 Corp. Rights,0.23,
GJH,Synthetic Fixed-Income Securities Inc 6.375% (STRATS) Cl A-1,9.36,
GJO,"Synthetic Fixed-Income Securities, Inc. on behalf of STRATS(SM) Trust for Wal-Mart Stores, Inc. Securities, Series 2004-5",24.62,
GJP,"Synthetic Fixed-Income Securities, Inc. on behalf of STRATS (SM) Trust for Dominion Resources, Inc. Securities, Series 2005-6, Floating Rate Structured Repackaged Asset-Backed Trust Securities (STRATS) Certificates",24.22,
GJR,"Synthetic Fixed-Income Securities, Inc. STRATS Trust for Procter&Gamble Securities, Series 2006-1",24.6,
GJT,"Synthetic Fixed-Income Securities, Inc. Floating Rate Structured Repackaged Asset-Backed Trust Securities Certificates, Series 2006-3",23.22,
GL^D,Globe Life Inc. 4.25% Junior Subordinated Debentures due 2061,14.5999,
GLED,GalaxyEdge Acquisition Corporation Ordinary Shares,10.02,
GLO,Clough Global Opportunities Fund Common Stock,5.27,
GLOP^A,GasLog Partners LP 8.625% Series A Cumulative Redeemable Perpetual Fixed to Floating Rate Preference Units,25.25,
GLOP^B,GasLog Partners LP 8.200% Series B Cumulative Redeemable Perpetual Fixed to Floating Rate Preference Units,25.65,
GLOP^C,GasLog Partners LP 8.500% Series C Cumulative Redeemable Perpetual Fixed to Floating Rate Preference Units,25.58,
GLQ,Clough Global Equity Fund Clough Global Equity Fund Common Shares of Beneficial Interest,7.5,
GLU^A,The Gabelli Global Utility and Income Trust Series A Cumulative Puttable and Callable Preferred Shares,50.5,
GNL^A,"Global Net Lease, Inc. 7.25% Series A Cumulative Redeemable Preferred Stock, $0.01 par value per share",22.4,
GNL^B,"Global Net Lease, Inc. 6.875% Series B Cumulative Redeemable Perpetual Preferred Stock",21.1899,
GNL^D,"Global Net Lease, Inc. 7.50% Series D Cumulative Redeemable Perpetual Preferred Stock",22.4999,
GNL^E,"Global Net Lease, Inc. 7.375% Series E Cumulative Redeemable Perpetual Preferred Stock",22.34,
GNT^A,"GAMCO Natural Resources, Gold & Income Tust  5.20% Series A Cumulative Preferred Shares (Liquidation Preference $25.00 per share)",19.4,
GOF,Guggenheim Strategic Opportunities Fund Common Shares of Beneficial Interest,8.49,
GPAC,General Purpose Acquisition Corp. Class A Ordinary Shares,10.09,
GPAT,GP-Act III Acquisition Corp. Class A Ordinary Share,11.02,
GPATU,GP-Act III Acquisition Corp. Units,10.99,
GPMT^A,Granite Point Mortgage Trust Inc. 7.00% Series A Fixed-to-Floating Rate Cumulative Redeemable Preferred Stock,14.42,
GPUS^D,"Hyperscale Data, Inc. 13.00% Series D Cumulative Redeemable Perpetual Preferred Stock",19.05,
GRBK^A,"Green Brick Partners, Inc. Depositary Shares (each representing a 1/1000th fractional interest in a share of 5.75% Series A Cumulative Perpetual Preferred Stock)",20.7,
GRF,"Eagle Capital Growth Fund, Inc. Common Stock",9.7238,
GS^A,"Goldman Sachs Group, Inc. (The) Depositary Shares each representing 1/1000th Interest in a Share of Floating Rate Non-Cumulative Preferred Stock Series A",19.125,
GS^C,"Goldman Sachs Group, Inc. (The) Depositary Share repstg 1/1000th Preferred Series C",19.4,
GS^D,"Goldman Sachs Group, Inc. (The) Dep Shs repstg 1/1000 Pfd Ser D Fltg",18.9,
GSHR,Gesher Acquisition Corp. II Class A Ordinary Shares,10.57,
GSL^B,"Global Ship Lease, Inc. Depository Shares Representing 1/100th Perpetual Preferred Series B% (Marshall Island)",26.0,
GSRF,GSR IV Acquisition Corp. Class A ordinary share,10.23,
GSRFU,GSR IV Acquisition Corp. Units,10.58,
GSRV,GSR V Acquisition Corp. Class A ordinary shares,9.89,
GTEN,"Gores Holdings X, Inc. Class A ordinary shares",10.49,
GTERA,Globa Terra Acquisition Corporation Class A Ordinary Shares,10.45,
GTERR,Globa Terra Acquisition Corporation Rights,0.0502,
GTERU,Globa Terra Acquisition Corporation Units,10.45,
GTERW,Globa Terra Acquisition Corporation Warrants,0.037,
GUAC,Berto Acquisition Corp. II Ordinary Shares,9.91,
GUG,Guggenheim Active Allocation Fund Common Shares of Beneficial Interest,13.82,
GUT^C,Gabelli Utility Trust (The) 5.375% Series C Cumulative Preferred Shares,19.9523,
HACQ,HCM IV Acquisition Corp. Class A Ordinary Share,10.035,
HACQU,HCM IV Acquisition Corp. Unit,10.15,
HAVA,Harvard Ave Acquisition Corporation Class A Ordinary Share,10.24,
HAVAU,Harvard Ave Acquisition Corporation Unit,10.3,
HCAC,Hall Chadwick Acquisition Corp Class A Ordinary Shares,10.11,
HCIC,Hennessy Capital Investment Corp. VIII Class A Ordinary Shares,9.98,
HCICR,Hennessy Capital Investment Corp. VIII Share Rights,0.0959,
HCMAU,HCM III Acquisition Corp. Units,10.47,
HEI/A,Heico Corporation,230.63,
HEQ,John Hancock Diversified Income Fund Common Shares of Beneficial Interest,11.2,
HERZ,"Herzfeld Credit Income Fund, Inc. Common Stock",15.4,
HFRO,Highland Opportunities and Income Fund Common Shares of Beneficial Interest,6.64,
HFRO^A,Highland Opportunities and Income Fund 5.375% Series A Cumulative Preferred Shares,15.6101,
HFRO^B,Highland Opportunities and Income Fund 5.375% Series B Cumulative Preferred Shares,15.5564,
HGLB,Highland Global Allocation Fund Common Stock,6.62,
HIG^G,"The Hartford Insurance Group, Inc. Depositary Shares each representing a 1/1000th interest in a share of 6.000% Non-Cumulative Preferred Stock, Series G",22.16,
HIO,"Western Asset High Income Opportunity Fund, Inc. Common Stock",3.27,
HIX,Western Asset High Income Fund II Inc. Common Stock,3.52,
HL^B,Hecla Mining Company Preferred Stock,72.0,
HLXC,Helix Acquisition Corp. III Class A Ordinary Shares,10.75,
HPE^C,Hewlett Packard Enterprise Company 7.625% Series C Mandatory Convertible Preferred Stock,160.5,
HPF,John Hancock Pfd Income Fund II Pfd Income Fund II,13.38,
HPI,John Hancock Preferred Income Fund Common Shares of Beneficial Interest,13.87,
HPP^C,"Hudson Pacific Properties, Inc. 4.750% Series C Cumulative Redeemable Preferred Stock",14.25,
HPS,John Hancock Preferred Income Fund III Preferred Income Fund III,12.1,
HTD,John Hancock Tax Advantaged Dividend Income Fund Common Shares of Beneficial Interest,22.11,
HVMC,Highview Merger Corp. Class A Ordinary Share,10.26,
HVMCW,Highview Merger Corp. Warrants,0.22,
HVT/A,"Haverty Furniture Companies, Inc.",28.09,
HYI,Western Asset High Yield Opportunity Fund Inc. Common Stock,9.83,
HYT,"Blackrock Corporate High Yield Fund, Inc. Common Stock",7.77,
IACO,Idea Acquisition Corp. Class A Ordinary Shares,10.0,
IACOU,Idea Acquisition Corp. Units,10.05,
IACOW,Idea Acquisition Corp. Warrants,0.275,
IACQ,Irenic Acquisition Corp. Class A Ordinary Shares,9.9181,
IAE,Voya Asia Pacific High Dividend Equity Income Fund ING Asia Pacific High Dividend Equity Income Fund Common Shares of Beneficial Interest,8.85,
IAF,"abrdn Australia Equity Fund, Inc. Common Stock",12.68,
IBAC,IB Acquisition Corp. Common Stock,11.3,
IBACR,IB Acquisition Corp. Right,0.12,
ICR^A,"InPoint Commercial Real Estate Income, Inc. 6.75% Series A Cumulative Redeemable Preferred Stock",21.82,
IDAC,Iron Dome Acquisition I Corp. Class A Ordinary Shares,9.99,
IDACW,Iron Dome Acquisition I Corp. Warrant,0.32,
IDE,"Voya Infrastructure, Industrials and Materials Fund Common Shares of Beneficial Interest",12.15,
IEAG,Infinite Eagle Acquisition Corp. Class A Ordinary Shares,10.22,
IEAGR,Infinite Eagle Acquisition Corp. Rights,0.2,
IEAGU,Infinite Eagle Acquisition Corp. Unit,10.37,
IFN,"Aberdeen India Fund, Inc. Common Stock",10.65,
IGA,Voya Global Advantage and Premium Opportunity Fund Common Shares of Beneficial Interest,10.13,
IGAC,Invest Green Acquisition Corporation Class A Ordinary Shares,10.11,
IGACU,Invest Green Acquisition Corporation Units,10.1801,
IGD,Voya Global Equity Dividend and Premium Opportunity Fund,6.27,
IGI,Western Asset Investment Grade Opportunity Trust Inc. Common Stock,15.8,
IGR,CBRE Global Real Estate Income Fund Common Shares of Beneficial Interest,11.73,
IHD,Voya Emerging Markets High Income Dividend Equity Fund Common Shares,7.64,
IIF,"Morgan Stanley India Investment Fund, Inc. Common Stock",21.69,
IIPR^A,"Innovative Industrial Properties, Inc. 9.00% Series A Cumulative Redeemable Preferred Stock",24.845,
INAC,Indigo Acquisition Corp. Ordinary Shares,10.33,
INACR,Indigo Acquisition Corp. Right,0.1,
INN^E,"Summit Hotel Properties, Inc. 6.250% Series E Cumulative Redeemable Preferred Stock",16.9446,
INN^F,"Summit Hotel Properties, Inc. 5.875% Series F Cumulative Redeemable Preferred Stock, $0.01 par value per share",16.39,
IPFX,Inflection Point Acquisition Corp. VI Class A Ordinary Shares,10.055,
IPFXW,Inflection Point Acquisition Corp. VI Warrant,0.7769,
IPHXU,Inflection Point Acquisition Corp. VIII Unit,10.07,
IPVV,"InterPrivate Investment Partners V, Inc. Class A Ordinary Shares",9.86,
IPXG,Inflection Point Acquisition Corp. VII Class A Ordinary Shares,10.045,
IPXGW,Inflection Point Acquisition Corp. VII Warrant,0.672,
IRAB,Iris Acquisition Corp II Class A Ordinary Shares,10.0,
IRHO,Iron Horse Acquisitions II Corp. Common Stock,10.07,
IRHOR,Iron Horse Acquisitions Corp. II Rights,0.1583,
ISD,"PGIM High Yield Bond Fund, Inc.",11.61,
ISNR,Snow Rothschild Acquisition Corp. Class A Ordinary Shares,9.83,
ISNRU,Snow Rothschild Acquisition Corp. Units,9.92,
ISNRW,Snow Rothschild Acquisition Corp. Warrants,0.26,
ITHA,ITHAX Acquisition Corp III Class A Ordinary Shares,10.06,
IVR^C,"INVESCO MORTGAGE CAPITAL INC 7.5% Fixed-to-Floating Series C Cumulative Redeemable Preferred Stock, Liquation Preference $25.00 per Share",24.02,
JACS,Jackson Acquisition Company II Class A Ordinary Shares,10.83,
JATT,JATT II Acquisition Corp Ordinary Shares,11.25,
JBK,Lehman ABS 3.50 3.50% Adjustable Corp Backed Tr Certs GS Cap I,25.32,
JCE,Nuveen Core Equity Alpha Fund Common Shares of Beneficial Interest,16.79,
JENA,Jena Acquisition Corporation II Class A Ordinary Shares,10.43,
JFR,Nuveen Floating Rate Income Fund Common Stock,7.26,
JGH,Nuveen Global High Income Fund Common Shares of Beneficial Interest,11.53,
JLS,Nuveen Mortgage and Income Fund,16.13,
JMM,Nuveen Multi-Market Income Fund (MA),5.48,
JOF,Japan Smaller Capitalization Fund Inc Common Stock,12.65,
JONE,Jones Ventures INTL Acquisition1 Corp Class A Ordinary Shares,9.82,
JONER,Jones Ventures INTL Acquisition1 Corp Rights,0.15,
JONEU,Jones Ventures INTL Acquisition1 Corp Units,9.99,
JPC,Nuveen Preferred & Income Opportunities Fund,6.76,
JPM^C,"J P Morgan Chase & Co Depositary Shares, each representing a 1/400th interest in a share of 6.00% Non-Cumulative  Preferred Stock, Series EE",22.88,
JPM^D,"J P Morgan Chase & Co Depositary Shares, each representing a 1/400th  interest in a share of 5.75% Non-Cumulative  Preferred Stock, Series DD",21.68,
JPM^J,"J P Morgan Chase & Co Depositary Shares, each representing a 1/400th interest in a share of JPMorgan Chase & Co. 4.75% Non-Cumulative Preferred Stock, Series GG",17.6,
JPM^K,"J P Morgan Chase & Co Depositary Shares, each representing a 1/400th interest in a share of 4.55% Non-Cumulative Preferred Stock, Series JJ",16.91,
JPM^L,"J P Morgan Chase & Co Depositary Shares, each representing a 1/400th interest in a share of 4.625% Non-Cumulative Preferred Stock, Series LL",17.2,
JPM^M,"J P Morgan Chase & Co Depositary Shares, each representing a 1/400th interest in a share of 4.20% Non-Cumulative Preferred Stock, Series MM",15.97,
JQC,Nuveen Credit Strategies Income Fund Shares of Beneficial Interest,4.69,
JRI,Nuveen Real Asset Income and Growth Fund Common Shares of Beneficial Interest,10.77,
JRS,Nuveen Real Estate Income Fund Common Shares of Beneficial Interest,7.29,
JTTT,JATT III Acquisition Corp Ordinary Shares,10.88,
JXN^A,"Jackson Financial Inc. Depositary Shares, each representing a 1/1,000th interest in a share of Fixed-Rate Reset Noncumulative Perpetual Preferred Stock, Series A",25.45,
KBON,Karbon Capital Partners Corp. Class A Ordinary Shares,10.07,
KBONU,Karbon Capital Partners Corp. Units,10.3,
KBONW,Karbon Capital Partners Corp. Warrant,0.62,
KCHV,Kochav Defense Acquisition Corp. Class A Ordinary Shares,10.45,
KCHVR,Kochav Defense Acquisition Corp. Right,0.1,
KCHVU,Kochav Defense Acquisition Corp. Units,10.52,
KEY^I,"KeyCorp Depositary Shares Each Representing a 1/40th Ownership Interest in a Share of Fixed-to-Floating Rate Perpetual Non-Cumulative Preferred Stock, Series E",24.98,
KEY^J,"KeyCorp Depositary Shares each representing a 1/40th ownership interest in a share of Fixed Rate Perpetual Non-Cumulative Preferred Stock, Series F",19.59,
KEY^K,"KeyCorp Depositary Shares, each representing a 1/40th ownership interest in a share of Fixed Rate Perpetual Non-Cumulative Preferred Stock, Series G",19.565,
KEY^L,"KeyCorp Depositary Shares each representing a 1/40th ownership interest in a share of Fixed Rate Perpetual Non-Cumulative Preferred Stock, Series H",24.75,
KEYY,Keystone Acquisition Corp. Class A Ordinary Shares,9.915,
KEYYW,Keystone Acquisition Corp. Warrants,0.37,
KF,"Korea Fund, Inc. (The) New Common Stock",65.82,
KFII,K&F Growth Acquisition Corp. II Class A Ordinary shares,10.67,
KFIIR,K&F Growth Acquisition Corp. II Rights,0.1,
KIM^L,"Kimco Realty Corporation Class L Depositary Shares, each of which represents a one-one thousandth fractional interest in a share of 5.125% Class L Cumulative Redeemable Preferred Stock, liquidation preference $25,000.00 per share",19.73,
KIM^M,"Kimco Realty Corporation Class M Depositary Shares, each of which represents a one-one thousandth fractional interest in a share of 5.25% Class M Cumulative Redeemable Preferred Stock, liquidation preference $25,000.00 per share",19.9,
KIM^N,"Kimco Realty Corporation Depositary Shares, each representing 1/1,000th interest in a share of 7.25% Class N Cumulative Convertible Perpetual Preferred Stock",61.08,
KIO,KKR Income Opportunities Fund Common Shares,10.22,
KKR^D,KKR & Co. Inc. 6.25% Series D Mandatory Convertible Preferred Stock,41.54,
KKRT,KKR & Co. Inc. 6.875% Subordinated Notes due 2065,22.79,
KOYN,CSLM Digital Asset Acquisition Corp III Class A Ordinary Shares,10.245,
KOYNU,CSLM Digital Asset Acquisition Corp III Units,10.33,
KOYNW,CSLM Digital Asset Acquisition Corp III Warrants,0.18,
KPET,KPET Ultra Paceline Corporation Class A Ordinary Shares,9.99,
KRAQ,KRAKacquisition Corp Class A Ordinary Shares,10.01,
KRAQW,KRAKacquisition Corp Warrants,0.41,
KREF^A,KKR Real Estate Finance Trust Inc. 6.50% Series A Cumulative Redeemable Preferred Stock,18.39,
KRSP,Rice Acquisition Corporation 3 Class A Ordinary Shares,10.8,
KTH,Structures Products Cp 8% CorTS Issued by Peco Energy Cap Tr II Preferred Stock,28.4,
KTN,Structured Products Corp 8.205% CorTS 8.205% Corporate Backed Trust Securities (CorTS),25.62,
LAFA,LaFayette Acquisition Corp. Ordinary Share,10.2,
LAFAR,LaFayette Acquisition Corp. Rights,0.0702,
LAFAU,LaFayette Acquisition Corp. Unit,10.22,
LATA,Galata Acquisition Corp. II Class A Ordinary Shares,10.19,
LATAU,Galata Acquisition Corp. II Units,10.3,
LATAW,Galata Acquisition Corp. II Warrant,0.215,
LCCC,Lakeshore Acquisition III Corp. Ordinary Shares,10.52,
LDP,"Cohen & Steers Limited Duration Preferred and Income Fund, Inc.",18.92,
LEDRU,Leader's Advantage Acquisition Corp. Units,9.97,
LFAC,Leapfrog Acquisition Corporation Class A Ordinary Shares,10.09,
LFT^A,"Lument Finance Trust, Inc. 7.875% Series A Cumulative Redeemable Preferred Stock",16.48,
LGI,Lazard Global Total Return and Income Fund Common Stock,17.09,
LKSP,Lake Superior Acquisition Corp. Class A Ordinary Shares,10.24,
LKSPR,Lake Superior Acquisition Corp. Rights,1.2,
LKSPU,Lake Superior Acquisition Corp. Units,10.37,
LNC^D,"Lincoln National Corporation Depositary Shares Each Representing a 1/1,000th Interest in a Share of 9.000% Non-Cumulative Preferred Stock, Series D",25.69,
LOB^A,"Live Oak Bancshares, Inc. Depositary Shares, Each Representing a 1/40th Interest in a Share of 8.375% Fixed Rate Series A Non-Cumulative Perpetual Preferred Stock",25.015,
LOVIU,Live Oak Acquisition Corp. VI Units,10.01,
LPAA,Launch One Acquisition Corp. Class A Ordinary shares,10.76,
LPBB,Launch Two Acquisition Corp. Class A Ordinary Shares,10.83,
LPBBU,Launch Two Acquisition Corp. Unit,10.87,
LPBBW,Launch Two Acquisition Corp. Warrant,0.1401,
LPCV,Launchpad Cadenza Acquisition Corp I Class A Ordinary Share,10.08,
LTGR,Long Table Growth Corp. Class A Ordinary Shares,9.99,
LTGRW,Long Table Growth Corp. Warrants,0.26,
LWAC,LightWave Acquisition Corp. Class A Ordinary Shares,10.3821,
LWACW,LightWave Acquisition Corp. Warrants,0.1349,
LXP^C,LXP Industrial Trust 6.5% Series C Cumulative Convertible Preferred Stock,49.49,
MAA^I,"Mid-America Apartment Communities, Inc. 8.50% Series I Cumulative Redeemable Preferred Stock",50.15,
MACI,Melar Acquisition Corp. I Class A Ordinary Shares,11.0899,
MBVI,M3-Brigade Acquisition VI Corp. Class A Ordinary Shares,10.24,
MCAH,Mountain Crest Acquisition 6 Corp. Ordinary Shares,10.03,
MCAHU,Mountain Crest Acquisition 6 Corp. Units,10.2599,
MCGA,Yorkville Acquisition Corp. Class A Ordinary Share,10.35,
MCGAU,Yorkville Acquisition Corp. Unit,10.335,
MCGAW,Yorkville Acquisition Corp. Warrant,0.332,
MCN,XAI Madison Equity Premium Income Fund Common Shares,5.27,
MEGI,NYLIM CBRE Global Infrastructure Megatrends Term Fund Common Shares,13.31,
MER^K,"Bank of America Corporation Income Capital Obligation Notes initially due December 15, 2066",23.53,
MESH,Meshflow Acquisition Corp. Class A Ordinary Shares,10.08,
MESHW,Meshflow Acquisition Corp. Warrants,0.24,
MET^A,"MetLife, Inc. Preferred Series A Floating Rate",21.44,
MET^E,"MetLife, Inc. Depositary Shares",20.14,
MET^F,"MetLife, Inc. Depositary Shares, each representing a 1/1,000th interest in a share of 4.75% Non-Cumulative Preferred Stock, Series F",16.91,
METCI,"Ramaco Resources, Inc. 8.250% Senior Notes due 2030",25.25,
METCZ,"Ramaco Resources, Inc. 8.375% Senior Notes due 2029",25.29,
MEVO,M Evo Global Acquisition Corp II Class A Ordinary Shares,10.0,
MEVOW,M Evo Global Acquisition Corp II Warrants,0.2527,
MFA^B,"MFA Financial, Inc. Preferred Series B",18.239,
MFA^C,"MFA Financial, Inc. 6.50% Series C Fixed-to-Floating Rate Cumulative Redeemable Preferred Stock",22.0,
MHF,"Western Asset Municipal High Income Fund, Inc. Common Stock",6.02,
MIAC,Meridian3 Industrials Acquisition Corp Class A Ordinary Shares,9.81,
MITT^A,"TPG Mortgage Investment Trust, Inc. 8.25% Series A Cumulative Redeemable Preferred Stock",20.22,
MITT^B,"TPG Mortgage Investment Trust, Inc. 8.00% Series B Cumulative Redeemable Preferred Stock",19.09,
MITT^C,"TPG Mortgage Investment Trust, Inc. 8.00% Series C Fixed-to-Floating Rate Cumulative Redeemable Preferred Stock, $0.01 par value per share",24.78,
MKLY,McKinley Acquisition Corporation Class A Ordinary Shares,10.26,
MKLYR,McKinley Acquisition Corporation Rights,0.24,
MLAA,Mountain Lake Acquisition Corp. II Class A Ordinary Shares,10.01,
MLCIL,Mount Logan Capital Inc. 8.00% Notes Due 2031,22.4,
MMD,NYLIM MacKay DefinedTerm Muni Opportunities Fund Common Shares,13.38,
MMTX,Miluna Acquisition Corp Class A Ordinary Share,10.2,
MMTXW,Miluna Acquisition Corp Warrant,0.1056,
MMU,"Western Asset Managed Municipals Fund, Inc. Common Stock",8.83,
MPA,Blackrock MuniYield Pennsylvania Quality Fund Common Stock,9.7,
MRCO,Mercator Acquisition Corp. Class A Ordinary Shares,9.86,
MRCOW,Mercator Acquisition Corp. Warrant,0.31,
MS^A,Morgan Stanley Dep Shs repstg 1/1000 Pfd Ser A,19.2,
MS^E,Morgan Stanley DEPOSITARY SHARES REP 1/1000TH SHARES FIXED/FLTG PREFERRED STOCK SERIES E,25.38,
MS^F,Morgan Stanley Dep Shs Rpstg 1/1000th Int Prd Ser F Fxd to Flag,25.17,
MS^I,Morgan Stanley Depository Shares Representing 1/1000th Preferred Series 1 Fixed to Floating Non (Cum),23.5,
MS^K,"Morgan Stanley Depositary Shares, each representing 1/1,000th of a share of Fixed-to-Floating Rate Non-Cumulative Preferred Stock,  Series K",21.57,
MS^L,"Morgan Stanley Depositary Shares, each representing 1/1,000th of a share of 4.875% Non-Cumulative Preferred Stock, Series L",18.23,
MS^O,"Morgan Stanley Depositary Shares, each representing 1/1,000th of a share of 4.250% Non-Cumulative Preferred Stock, Series O",15.72,
MS^P,"Morgan Stanley Depositary Shares, each representing 1/1,000th of a share of 6.500% Non-Cumulative Preferred Stock, Series P",24.32,
MS^Q,"Morgan Stanley Depositary Shares, each representing 1/1,000th of a share of 6.625% Non-Cumulative Preferred Stock, Series Q",24.69,
MSD,"Morgan Stanley Emerging Markets Debt Fund, Inc. Common Stock",6.88,
MSDL,Morgan Stanley Direct Lending Fund Common Stock,14.16,
MTAK,Market Technology Acquisition Corp Class A Ordinary Shares,9.85,
MTAKU,Market Technology Acquisition Corp Unit,9.92,
MTAKW,Market Technology Acquisition Corp Warrants,0.18,
MTB^H,"M&T Bank Corporation Perpetual Fixed-to-Floating Rate Non-Cumulative Preferred Stock, Series H",25.06,
MTB^J,"M&T Bank Corporation Depositary Shares each representing a 1/400th ownership interest in a share of Perpetual 7.500% Non-Cumulative Preferred Stock, Series J",25.23,
MTB^K,"M&T Bank Corporation Depositary Shares each representing a 1/400th interest in a share of Perpetual 6.350% Non-Cumulative Preferred Stock, Series K",22.56,
MTB^L,"M&T Bank Corporation Depositary Shares each representing a 1/400th ownership interest in a share of Perpetual 6.625% Non-Cumulative Preferred Stock, Series L",23.5,
MTNE,CH4 Natural Solutions Corporation Class A Ordinary Shares,9.92,
MUZE,Muzero Acquisition Corp Class A Ordinary Shares,10.0,
MXE,"Mexico Equity and Income Fund, Inc. (The) Common Stock",12.9,
MXF,"Mexico Fund, Inc. (The) Common Stock",20.7,
MYN,"Blackrock MuniYield New York Quality Fund, Inc.Common Stock",8.77,
MYX,Maywood Acquisition Corp. 2 Class A Ordinary Share,10.04,
MYXXR,Maywood Acquisition Corp. 2 Rights,0.207,
MZYX,MOZAYYX Acquisition Corp. Class A Ordinary Shares,10.0,
NAC,Nuveen California Quality Municipal Income Fund,10.27,
NAD,Nuveen Quality Municipal Income Fund Common Stock,9.87,
NAZ,Nuveen Arizona Quality Municipal Income Fund Common Stock,10.39,
NBB,Nuveen Taxable Municipal Income Fund Common Shares of Beneficial Interest,14.05,
NBH,Neuberger Municipal Fund Inc. Common Stock,9.13,
NBRG,Newbridge Acquisition Limited Class A Ordinary Share,10.06,
NBRGR,Newbridge Acquisition Limited Rights,0.45,
NBRGU,Newbridge Acquisition Limited Unit,10.39,
NBXG,Neuberger Next Generation Connectivity Fund Inc. Common Stock,15.33,
NCA,Nuveen California Municipal Value Fund,8.29,
NCO,Southern Cross Acquisition I Corp. Ordinary Shares,9.92,
NCV^A,Virtus Convertible & Income Fund 5.625% Series A Cumulative Preferred Shares,19.1,
NCZ^A,Virtus Convertible & Income Fund II 5.50% Series A Cumulative Preferred Shares,18.5,
NEA,Nuveen AMT-Free Quality Municipal Income Fund Common Shares of Beneficial Interest Par Value $.01,9.72,
NEE^N,"NextEra Energy Capital Holdings Inc. Series N Junior Subordinated Debentures due March 1, 2079",19.21,
NEE^S,"NextEra Energy, Inc. 7.299% Corporate Units",48.62,
NEE^T,"NextEra Energy, Inc. 7.234% Corporate Units",45.33,
NEE^U,"NextEra Energy, Inc. Series U Junior Subordinated Debentures due June 1, 2085",22.47,
NEE^V,"NextEra Energy, Inc. 7.375% Corporate Units",43.0,
NEE^W,"NextEra Energy Capital Holdings Inc. Series Z Junior Subordinated Debentures due April 15, 2086",22.52,
NEWTH,"NewtekOne, Inc. 8.625% Fixed Rate Senior Notes due 2029",25.03,
NEWTO,"NewtekOne, Inc. 8.50% Fixed Rate Senior Notes due 2031",25.995,
NFJ,"Virtus Dividend, Interest & Premium Strategy Fund Common Shares of Beneficial Interest",15.14,
NGL^B,NGL ENERGY PARTNERS LP 9.00% Class B Fixed-to-Floating Rate Cumulative Redeemable Perpetual Preferred Units representing limited partnership interests,25.9061,
NGL^C,NGL ENERGY PARTNERS LP 9.625% Class C Fixed-to-Floating Rate Cumulative  Redeemable Perpetual Preferred Units representing  limited partner interests,25.9901,
NHIV,NewHold Investment Corp IV Class A Ordinary Shares,10.05,
NHS,Neuberger High Yield Strategies Fund Inc. Common Stock,5.4,
NIM,Nuveen Select Maturities Municipal Fund Common Stock,8.65,
NKX,Nuveen California AMT-Free Quality Municipal Income Fund,10.64,
NLY^F,Annaly Capital Management Inc 6.95% Series F,25.25,
NLY^G,Annaly Capital Management Inc 6.50% Series G Fixed-to-Floating Rate Cumulative Redeemable Preferred Stock,25.12,
NLY^I,Annaly Capital Management Inc 6.750% Series I Fixed-to-Floating Rate Cumulative Redeemable Preferred Stock,24.97,
NLY^J,Annaly Capital Management Inc. 8.875% Series J Fixed-Rate Cumulative Redeemable Preferred Stock,25.43,
NMAI,Nuveen Multi-Asset Income Fund Common Shares of Beneficial Interest,14.0,
NMI,"Nuveen Municipal Income Fund, Inc. Common Stock",9.71,
NML,Neuberger Energy Infrastructure and Income Fund Inc. Common Stock,10.14,
NMP,NMP Acquisition Corp. Class A Ordinary Shares,10.38,
NMPAR,NMP Acquisition Corp. Right,0.2499,
NMS,Nuveen Minnesota Quality Municipal Income Fund,9.74,
NMT,Nuveen Massachusetts Quality Municipal Income Fund Common Stock,10.23,
NMZ,"Nuveen Municipal High Income Opportunity Fund Common Stock, $0.01 par value, per share",8.77,
NNY,Nuveen New York Municipal Value Fund Common Stock,7.63,
NOEM,CO2 Energy Transition Corp. Common Stock,10.58,
NOEMR,CO2 Energy Transition Corp. Right,0.176,
NOEMW,CO2 Energy Transition Corp. Warrant,0.115,
NPAC,New Providence Acquisition Corp. III Class A Ordinary Shares,10.49,
NPACU,New Providence Acquisition Corp. III Units,10.51,
NPCT,Nuveen Core Plus Impact Fund Common Shares of Beneficial Interest,9.17,
NPFD,Nuveen Variable Rate Preferred & Income Fund Common Shares,17.21,
NPV,Nuveen Virginia Quality Municipal Income Fund Common Stock,9.21,
NREF^A,"NexPoint Real Estate Finance, Inc. 8.50% Series A Cumulative Redeemable Preferred Stock",25.31,
NRK,Nuveen New York AMT-Free Quality Municipal Income Fund,9.12,
NRO,Neuberger Real Estate Securities Income Fund Inc. Common Stock,2.58,
NRUC,National Rural Utilities Cooperative Finance Corporation 5.500% Subordinated Notes due 2064 (Subordinated Deferrable Interest Notes),20.86,
NSAI,NorthStrive Acquisition Corp I. Class A Ordinary Shares,9.87,
NSAIR,NorthStrive Acquisition Corp I. Rights,0.14,
NSAIU,NorthStrive Acquisition Corp I. Units,10.02,
NSAIW,NorthStrive Acquisition Corp I. Warrants,0.05,
NTWO,Newbury Street II Acquisition Corp Class A Ordinary Shares,10.825,
NTWOU,Newbury Street II Acquisition Corp Unit,11.4,
NTWOW,Newbury Street II Acquisition Corp Warrant,0.95,
NUV,"Nuveen Municipal Value Fund, Inc. Common Stock",8.15,
NUW,Nuveen AMT-Free Municipal Value Fund,12.79,
NVG,Nuveen AMT-Free Municipal Credit Income Fund,10.48,
NWAX,New America Acquisition I Corp. Class A Common Stock,10.075,
NXDT^A,NexPoint Diversified Real Estate Trust 5.50% Series A Cumulative Preferred Shares ($25.00 liquidation preference per share),12.62,
NZF,Nuveen Municipal Credit Income Fund,10.72,
OACC,Oaktree Acquisition Corp. III Life Sciences Class A Ordinary Share,10.78,
OAK^A,"Brookfield Oaktree Holdings, LLC 6.625% Series A Preferred Units",20.31,
OAK^B,"Brookfield Oaktree Holdings, LLC 6.550% Series B Preferred Units",20.27,
OBA,Oxley Bridge Acquisition Limited Class A Ordinary Shares,10.34,
OBAWU,Oxley Bridge Acquisition Limited Unit,10.42,
OCAC,Ocean Capital Acquisition Corporation Ordinary Shares,9.98,
OCCIM,"OFS Credit Company, Inc. 7.875% Series F Term Preferred Stock",24.85,
OCLT,OceanLight Acquisition Corporation Ordinary Shares,9.89,
OCLTR,OceanLight Acquisition Corporation Rights,0.15,
OCLTU,OceanLight Acquisition Corporation Units,10.2,
OHAC,Oceanhawk Acquisition Corp. Class A Ordinary Shares,10.0,
OHACU,Oceanhawk Acquisition Corp. Units,10.2499,
OIM,OneIM Acquisition Corp. Class A Ordinary Shares,10.15,
OIMAU,OneIM Acquisition Corp. Units,10.21,
OIMAW,OneIM Acquisition Corp. Warrant,0.655,
ONCH,1RT Acquisition Corp. Class A Ordinary Share,10.33,
ONEN,ONE Nuclear Energy Inc. Common Stock,2.15,
OPP,"RiverNorth/DoubleLine Strategic Opportunity Fund, Inc. Common Stock",6.87,
OPP^A,"RiverNorth/DoubleLine Strategic Opportunity Fund, Inc. 4.375% Series A Cumulative Preferred Stock",15.05,
OPP^B,"RiverNorth/DoubleLine Strategic Opportunity Fund, Inc. 4.75% Series B Cumulative Preferred Stock",16.31,
OPP^C,"RiverNorth/DoubleLine Strategic Opportunity Fund, Inc. 6.00% Series C Term Preferred Stock (Liquidation Preference $10.00 per share)",10.1301,
ORCL^D,"Oracle Corporation Depositary Shares, each representing a 1/2,000th interest in a sh of 6.50% Series D Mandatory Convertible Preferred Stock",42.68,
ORIQ,Origin Investment Corp I Ordinary Shares,10.41,
OSPR,Osprey Acquisition Corp. III Class A Ordinary Shares,9.82,
OSPRU,Osprey Acquisition Corp. III Units,9.99,
OTAI,Starlink AI Acquisition Corporation Ordinary Shares,9.9915,
OTGA,OTG Acquisition Corp. I Class A Ordinary Share,10.26,
OTGAU,OTG Acquisition Corp. I Unit,10.36,
OXLCG,Oxford Lane Capital Corp. 7.95% Notes due 2032,24.8301,
OXLCI,Oxford Lane Capital Corp. 8.75% Notes due 2030,25.25,
OXSQH,Oxford Square Capital Corp. 7.75% Notes due 2030,25.04,
OYSE,Oyster Enterprises II Acquisition Corp Class A Ordinary Shares,10.3975,
OYSER,Oyster Enterprises II Acquisition Corp Rights,0.0921,
OYSEU,Oyster Enterprises II Acquisition Corp Units,10.66,
PAACU,Proem Acquisition Corp I Units,10.635,
PAACW,Proem Acquisition Corp I Warrants,0.5,
PACH,Pioneer Acquisition I Corp Class A Ordinary Shares,10.33,
PACHW,Pioneer Acquisition I Corp Warrants,0.1284,
PAI,Western Asset Investment Grade Income Fund Inc.,11.42,
PAII,Pyrophyte Acquisition Corp. II Class A Ordinary Shares,10.33,
PALO,Paloma Acquisition Corp I Class A Ordinary Shares,9.97,
PARA,"Banzai International, Inc. Class A Common Stock",0.704,
PAXS,PIMCO Access Income Fund Common Shares of Beneficial Interest,13.11,
PBI^B,Pitney Bowes Inc 6.70% Notes Due 2043,20.75,
PCAP,ProCap Acquisition Corp Class A Ordinary Shares,10.39,
PCAPU,ProCap Acquisition Corp Unit,10.46,
PCAPW,ProCap Acquisition Corp Warrant,0.2999,
PCF,High Income Securities Fund Common Stock,5.18,
PCG^A,Pacific Gas & Electric Co. 6% Preferred Stock,20.2,
PCG^B,Pacific Gas & Electric Co. 5 1/2% Preferred Stock,18.5,
PCG^C,Pacific Gas & Electric Co. 5% 1st Preferred Stock,16.8764,
PCG^D,Pacific Gas & Electric Co. 5% 1st  Red. Preferred Stock,16.4,
PCG^E,Pacific Gas & Electric Co. 5% 1st A Preferred Stock,16.6955,
PCG^G,Pacific Gas & Electric Co. 4.80% 1st Preferred Stock,16.11,
PCG^H,Pacific Gas & Electric Co. 4.50% 1st Preferred Stock,15.51,
PCG^I,Pacific Gas & Electric Co. 4.36% 1st Preferred Stock,15.175,
PCG^X,PG&E Corp 6.000% Series A Mandatory Convertible Preferred Stock,31.05,
PCM,"PCM Fund, Inc. Common Stock",4.92,
PCN,Pimco Corporate & Income Strategy Fund Common Stock,10.6,
PCQ,PIMCO California Municipal Income Fund Common Stock,7.68,
PDCC,Pearl Diver Credit Company Inc. Common Stock,8.6715,
PDPA,Pearl Diver Credit Company Inc. 8.00% Series A Preferred Stock Due 2029,24.952,
PDT,John Hancock Premium Dividend Fund,11.58,
PEB^E,Pebblebrook Hotel Trust 6.375% Series E Cumulative Redeemable Preferred Shares of Beneficial Interest,19.64,
PEB^F,Pebblebrook Hotel Trust 6.3% Series F Cumulative Redeemable Preferred Shares of Beneficial Interest,19.57,
PEB^G,Pebblebrook Hotel Trust 6.375% Series G Cumulative Redeemable Preferred Shares of Beneficial Interest,19.71,
PEB^H,Pebblebrook Hotel Trust 5.700% Series H Cumulative Redeemable Preferred Shares of Beneficial Interest,18.25,
PECE,Peace Acquisition Corp Ordinary Shares,10.005,
PEO,"Adams Natural Resources Fund, Inc. Common Stock",27.7,
PFD,Flaherty & Crumrine Preferred and Income Fund Incorporated,10.67,
PFL,PIMCO Income Strategy Fund Shares of Beneficial Interest,6.83,
PFLA,PennantPark Floating Rate Capital Ltd. 7.375% Notes Due 2031,24.87,
PFN,PIMCO Income Strategy Fund II,6.2,
PFO,Flaherty & Crumrine Preferred and Income Opportunity Fund Incorporated,8.56,
PGAC,Pantages Capital Acquisition Corporation Class A Ordinary Shares,10.78,
PGP,Pimco Global StocksPlus & Income Fund Common Shares of Beneficial Interest,8.12,
PGZ,Principal Real Estate Income Fund Common Shares of Beneficial Interest,8.95,
PHK,Pimco High Income Fund,4.07,
PHXE^,"Phoenix Energy One, LLC Series A Cumulative Redeemable Preferred Shares",26.25,
PINE^A,"Alpine Income Property Trust, Inc. 8.00% Series A Cumulative Redeemable Preferred Stock",25.31,
PLCI,Pelican Acquisition II Corporation Ordinary Shares,9.8901,
PLMK,Plum Acquisition Corp. IV Class A Ordinary Shares,10.72,
PLMKU,Plum Acquisition Corp. IV Unit,10.76,
PLUN,Plutonian Acquisition Corp II Class A Ordinary Shares,10.08,
PML,Pimco Municipal Income Fund II Common Shares of Beneficial Interest,6.5,
PMT^A,PennyMac Mortgage Investment Trust 8.125% Series A Fixed-to-Floating Rate Cumulative Redeemable Preferred Shares of Beneficial Interest,21.51,
PMT^B,PennyMac Mortgage Investment Trust 8.00% Series B Fixed-to-Floating Rate Cumulative Redeemable Preferred Shares of Beneficial Interest,21.32,
PMT^C,PennyMac Mortgage Investment Trust 6.75% Series C Cumulative Redeemable Preferred Shares of Beneficial Interest,16.79,
PMTR,Perimeter Acquisition Corp. I Class A Ordinary Shares,10.42,
PMTV,PennyMac Mortgage Investment Trust 9.00% Senior Notes due 2030,25.21,
PMTW,PennyMac Mortgage Investment Trust 9.00% Senior Notes due 2030,25.0708,
PNAQ,Pinnacle Acquisition Corporation Class A Ordinary Shares,9.825,
PNFP^A,"Pinnacle Financial Partners, Inc. Fixed-to-Floating Rate Non-Cumulative Perpetual Preferred Stock, Series A",25.1749,
PNFP^B,"Pinnacle Financial Partners, Inc. Fixed-to-Floating Rate Non-Cumulative Perpetual Preferred Stock, Series B",25.71,
PNFP^C,"Pinnacle Financial Partners, Inc. Fixed-to-Floating Rate Non-Cumulative Perpetual Preferred Stock, Series C",24.41,
PNI,Pimco New York Municipal Income Fund II Common Shares of Beneficial Interest,6.19,
POLE,Andretti Acquisition Corp. II Class A Ordinary Shares,10.73,
POLEW,Andretti Acquisition Corp. II Warrant,0.1101,
PONO,"Pono Capital Four, Inc. Class A Ordinary Shares",10.02,
PRIF^D,"Priority Income Fund, Inc. 7.00% Series D Term Preferred Stock due 2029",24.56,
PRIF^K,"Priority Income Fund, Inc. 7.000% Series K Cumulative Preferred Stock",20.6,
PRIF^L,"Priority Income Fund, Inc. 6.375% Series L Term Preferred Stock Due 2029",24.98,
PSA^F,"Public Storage Depositary Shares Each Representing 1/1,000 of a 5.15% Cumulative Preferred Share of Beneficial Interest, Series F, par value $0.01 per share",18.0958,
PSA^G,"Public Storage Depositary Shares, Each Representing 1/1,000 of a 5.05% Cumulative Preferred Share of Beneficial Interest, Series G",17.76,
PSA^H,"Public Storage Depositary Shares Each Representing 1/1,000 of a  5.60% Cumulative Preferred  Share of Beneficial Interest, Series H",19.73,
PSA^I,"Public Storage Depositary Shares Each Representing 1/1,000 of a 4.875% Cumulative Preferred Share of Beneficial Interest, Series I, par value $0.01 per share",17.12,
PSA^J,"Public Storage Depositary Shares Each Representing 1/1,000 of a 4.700% Cumulative Preferred Share of Beneficial Interest, Series J, par value $0.01 per share",16.65,
PSA^K,"Public Storage Depositary Shares Each Representing 1/1,000 of a 4.75% Cumulative Preferred Share of Beneficial Interest, Series K",16.64,
PSA^L,"Public Storage Depositary Shares Each Representing 1/1,000 of a 4.625% Cumulative Preferred Share of Beneficial Interest, Series L, par value $0.01 per share",16.16,
PSA^M,"Public Storage Depositary Shares Each Representing 1/1,000 of a 4.125% Cumulative Preferred Share of Beneficial Interest, Series M",14.5,
PSA^N,"Public Storage Depositary Shares Each Representing 1/1,000 of a 3.875% Cumulative Preferred Share of Beneficial Interest, Series N",13.61,
PSA^O,"Public Storage Depositary Shares Each Representing 1/1,000 of a 3.900% Cumulative Preferred Share of Beneficial Interest, Series O",13.65,
PSA^P,"Public Storage Depositary Shares Each Representing 1/1,000 of a 4.000% Cumulative Preferred Share of Bene cial Interest, Series P",13.98,
PSA^Q,"Public Storage Depositary Shares Each Representing 1/1,000 of a 3.950% Cumulative Preferred Share of Beneficial Interest, Series Q, par value $0.01 per share",13.83,
PSA^R,"Public Storage Depositary Shares Each Representing 1/1,000 of a 4.00% Cumulative Preferred Share of Bene cial Interest, Series R",14.015,
PSA^S,"Public Storage Depositary Shares Each Representing 1/1,000 of a 4.100% Cumulative Preferred Share of Beneficial Interest, Series S",14.52,
PSA^T,"Public Storage 6.000% Cumulative Preferred Shares of beneficial interest, Series T",21.28,
PSA^U,"Public Storage 6.000% Cumulative Preferred Shares of Beneficial Interest, Series U",21.67,
PSBD,Palmer Square Capital BDC Inc. Common Stock,9.78,
PSEC^A,Prospect Capital Corporation 5.35% Series A Fixed Rate Cumulative Perpetual Preferred Stock,15.525,
PTAC,Patriot Acquisition Corp. Class A Ordinary Shares,9.96,
PTOR,Praetorian Acquisition Corp. Class A Ordinary Shares,9.95,
PTY,Pimco Corporate & Income Opportunity Fund,10.77,
PW^A,Power REIT 7.75% Series A Cumulative Perpetual Preferred Stock,8.25,
PWRL,Powerlaw Corp. Common Stock,10.76,
PYT,PPlus Tr GSC-2 Tr Ctf Fltg Rate,23.77,
QADR,QDRO Acquisition Corp. Class A Ordinary Shares,10.0,
QETA,Quetta Acquisition Corporation Common Stock,11.81,
QETAR,Quetta Acquisition Corporation Right,0.4102,
QLEP,Quantum Leap Acquisition Corp Class A Ordinary Shares,10.05,
QQQX,Nuveen NASDAQ 100 Dynamic Overwrite Fund Shares of Beneficial Interest,30.33,
QRED,QuasarEdge Acquisition Corporation Ordinary Shares,10.05,
QSEA,Quartzsea Acquisition Corporation Ordinary Shares,10.66,
QSEAR,Quartzsea Acquisition Corporation Rights,0.225,
QSEAU,Quartzsea Acquisition Corporation Units,10.98,
QUMS,Quantumsphere Acquisition Corp. Ordinary Shares,10.34,
QUMSR,Quantumsphere Acquisition Corp. Rights,0.0603,
QXO^B,"QXO, Inc.  Depositary Shares, each representing a 1/20th interest in a share of 5.50% Series B Mandatory Convertible Preferred Stock",42.52,
RA,Brookfield Real Assets Income Fund Inc. Common Stock,11.54,
RAC,Rithm Acquisition Corp. Class A Ordinary Shares,10.55,
RACC,Research Alliance Corporation III Class A Ordinary Shares,10.71,
RACD,Research Alliance Corporation IV Class A Ordinary Shares,12.1,
RANG,Range Capital Acquisition Corp. Ordinary Shares,10.86,
RANGR,Range Capital Acquisition Corp. Rights,0.2742,
RC^C,Ready Capital Corporation 6.25% Series C Cumulative Convertible Preferred Stock,10.805,
RC^E,Ready Capital Corporation 6.50% Series E Cumulative Redeemable Preferred Stock,11.715,
RCD,Ready Capital Corporation 9.00% Senior Notes due 2029,23.039,
RCG,"RENN Fund, Inc Common Stock",3.03,
RCS,"PIMCO Strategic Income Fund, Inc.",4.93,
RDAC,Rising Dragon Acquisition Corp. Ordinary Shares,5.32,
RDACR,Rising Dragon Acquisition Corp. Rights,0.103,
RDAG,Republic Digital Acquisition Company Class A Ordinary Shares,10.44,
RDAGU,Republic Digital Acquisition Company Unit,10.53,
RDAGW,Republic Digital Acquisition Company Warrants,0.25,
REXR^B,"Rexford Industrial Realty, Inc. 5.875% Series B Cumulative Redeemable Preferred Stock",20.75,
REXR^C,"Rexford Industrial Realty, Inc. 5.625% Series C Cumulative Redeemable Preferred Stock, par value $0.01 per share",19.6576,
RF^C,"Regions Financial Corporation Depositary Shares, each Representing a 1/40th Interest in a  Share of 5.700% Fixed-to-Floating Rate Non-Cumulative  Perpetual Preferred Stock, Series C",24.09,
RF^E,"Regions Financial Corporation Depositary Shares, Each Representing a 1/40th Interest in a Share of 4.45% Non-Cumulative Perpetual Preferred Stock, Series E",15.46,
RF^F,"Regions Financial Corporation Depositary Shares Each Representing a 1/40th Interest in a Share of Non-Cumulative Perpetual Preferred Stock, Series F",25.04,
RFAI,RF Acquisition Corp II Ordinary Shares,37.0,
RFAIR,RF Acquisition Corp II Right,0.153,
RFAIU,RF Acquisition Corp II Unit,44.48,
RFAM,RF Acquisition Corp III Ordinary Shares,9.99,
RFAMR,RF Acquisition Corp III Rights,0.14,
RFAMU,RF Acquisition Corp III Units,10.0801,
RIBB,Ribbon Acquisition Corp Class A Ordinary Shares,8.52,
RITM^A,Rithm Capital Corp. 7.50% Series A Fixed-to-Floating Rate Cumulative Redeemable Preferred Stock,25.45,
RITM^B,Rithm Capital Corp. 7.125% Series B Fixed-to-Floating Rate Cumulative Redeemable Preferred Stock,25.35,
RITM^C,Rithm Capital Corp. 6.375% Series C Fixed-to-Floating Rate Cumulative Redeemable Preferred Stock,24.3,
RITM^D,Rithm Capital Corp. 7.00% Fixed-Rate Reset Series D Cumulative Redeemable Preferred Stock,25.29,
RITM^E,Rithm Capital Corp. 8.75% Series E Fixed-Rate Cumulative Redeemable Preferred Stock,23.47,
RITM^F,Rithm Capital Corp. 8.750% Series F Fixed-Rate Reset Cumulative Redeemable Preferred Stock,24.31,
RIV,"RiverNorth Opportunities Fund, Inc. Common Stock",10.38,
RIV^A,"RiverNorth Opportunities Fund, Inc. 6.00% Series A Perpetual Preferred Stock",20.93,
RLJ^A,RLJ Lodging Trust $1.95 Series A Cumulative Convertible  Preferred Shares,24.69,
RLTY,Cohen & Steers Real Estate Opportunities and Income Fund Common Shares of Beneficial Interest,13.95,
RNAQ,Rainier Acquisition Corporation Class A Ordinary Shares,10.09,
RNAQU,Rainier Acquisition Corporation Units,10.179,
RNAQW,Rainier Acquisition Corporation Warrants,0.4399,
RNGT,Range Capital Acquisition Corp II Class A Ordinary Shares,10.17,
RNR^F,"RenaissanceRe Holdings Ltd. Depositary Shares, each Representing a 1/1,000th Interest in a 5.750% Series F Preference Share",19.68,
RNR^G,"RenaissanceRe Holdings Ltd. Depositary Shares, each representing a 1/1,000th interest in a share of 4.20% Series G Preference Shares",14.23,
RPT^C,Rithm Property Trust Inc. 9.875% Series C Fixed-to-Floating Rate Cumulative Redeemable Preferred Stock,24.9,
RREV,RRE Ventures Acquisition Corp. Class A Ordinary Shares,9.92,
RTAC,Renatus Tactical Acquisition Corp I Class A Ordinary Shares,10.44,
RTACU,Renatus Tactical Acquisition Corp I Unit,10.74,
RTACW,Renatus Tactical Acquisition Corp I Warrant,0.55,
RVI,Robinhood Ventures Fund I Common Shares of Beneficial Interest,28.33,
RWAYI,Runway Growth Finance Corp. 7.25% Notes due 2031,24.47,
RWT^A,"Redwood Trust, Inc. 10.00% Series A Fixed-Rate Reset Cumulative Redeemable Preferred Stock",22.425,
RWTP,"Redwood Trust, Inc. 9.125% Senior Notes Due 2030",22.55,
RWTQ,"Redwood Trust, Inc. 9.500% Senior Notes Due 2030",20.5,
RWTS,"Redwood Trust, Inc. 9.75% Senior Notes Due 2031",20.9201,
SAAQ,Space Asset Acquisition Corp. Class A Ordinary Shares,10.05,
SAAQU,Space Asset Acquisition Corp. Units,10.24,
SAAQW,Space Asset Acquisition Corp. Warrants,0.54,
SABA,Saba Capital Income & Opportunities Fund II Shares of Beneficial Interest,7.96,
SAC,Safeguard Acquisition Corp. Class A Ordinary Shares,10.1,
SACH^A,Sachem Capital Corp. 7.75% Series A Cumulative Redeemable Preferred Stock,20.75,
SAGU,Shreya Acquisition Group Class A Ordinary Shares,10.01,
SAMO,Samos Energy Acquisition Corporation Class A Ordinary Shares,9.83,
SAV,Saratoga Investment Corp 7.50% Notes due 2031,24.46,
SAX,Saratoga Investment Corp 8.00% Notes due 2031,24.96,
SB^C,"Safe Bulkers, Inc Cumulative Redeemable Perpetual Preferred Series C (Marshall Islands)",26.095,
SB^D,"Safe Bulkers, Inc Perpetual Preferred Series D (Marshall Islands)",25.75,
SBI,Western Asset Intermediate Muni Fund Inc Common Stock,6.91,
SBXE,SilverBox Corp V Class A Ordinary Shares,10.1,
SCATU,Southern Cross Acquisition II Corp. Units,10.04,
SCD,LMP Capital and Income Fund Inc. Common Stock,14.62,
SCE^G,SCE Trust II Trust Preferred Securities,16.37,
SCE^L,SCE TRUST VI,16.1914,
SCE^M,SCE Trust VII 7.50% Trust Preference Securities,22.42,
SCE^N,SCE Trust VIII 6.95% Trust Preference Securities,20.815,
SCHW^D,"The Charles Schwab Corporation Depositary Shares each representing 1/40th interest in a share of 5.95% Non-Cumulative Perpetual Preferred Stock, Series D",21.49,
SCHW^J,"The Charles Schwab Corporation Depositary Shares, Each Representing a 1/40th Interest in a Share of 4.450% Non-Cumulative Perpetual Preferred Stock, Series J",15.95,
SCII,SC II Acquisition Corp. Class A ordinary share,10.17,
SCIIR,SC II Acquisition Corp. Rights,0.1503,
SCIIU,SC II Acquisition Corp. Units,10.27,
SCPQ,Social Commerce Partners Corporation Class A Ordinary Shares,10.05,
SCPQU,Social Commerce Partners Corporation Unit,10.28,
SDHI,Siddhi Acquisition Corp Class A Common stock,10.55,
SDHIR,Siddhi Acquisition Corp Right,0.14,
SEAL^A,Seapeak LLC 9.00% Series A Cumulative Redeemable Perpetual Preferred Units,25.65,
SEAL^B,Seapeak LLC 8.50% Series B Fixed-to-Floating Rate Cumulative Redeemable Perpetual Preferred Units,25.7,
SF^B,"Stifel Financial Corporation Depositary Shares, Each Representing 1/1,000th  Interest in a Share of 6.25% Non-Cumulative  Preferred Stock, Series B",23.56,
SF^C,"Stifel Financial Corporation Depositary Shares, Each Representing 1/1,000th Interest in a Share of 6.125% Non Cumulative Preferred Stock, Series C",21.44,
SF^D,"Stifel Financial Corporation Depositary Shares, Each Representing 1/1,000th Interest in a Share of 4.50% Non-Cumulative Preferred Stock, Series D",15.6024,
SHO^H,"Sunstone Hotel Investors, Inc. 6.125% Series H Cumulative Redeemable Preferred Stock",22.355,
SHO^I,"Sunstone Hotel Investors, Inc. 5.70% Series I Cumulative Redeemable Preferred Stock",21.77,
SHOT,RMG ML Sports Holdings Class A Ordinary Shares,9.855,
SHOTU,RMG ML Sports Holdings Unit,9.965,
SIMA,SIM Acquisition Corp. I Class A Ordinary Shares,10.93,
SIMAW,SIM Acquisition Corp. I Warrant,0.2,
SLG^I,SL Green Realty Corporation Preferred Series I,21.35,
SNUS^H,"Santander Holdings USA, Inc. Depositary Shares, Each Representing a 1/1,000th Interest in a Share of Fixed-Rate Reset Non-Cumulative Perpetual Preferred Stock, Series H",20.92,
SNUS^I,"Santander Holdings USA, Inc. Depositary Shares, Each Representing a 1/40th Interest in a Share of Fixed-Rate Reset Non-Cumulative Perpetual Preferred Stock, Series I",25.34,
SOCA,Solarius Capital Acquisition Corp. Class A Ordinary Share,10.34,
SOCAW,Solarius Capital Acquisition Corp. Warrant,0.1753,
SOJF,"Southern Company (The) Series 2025A 6.50% Junior Subordinated Notes due March 15, 2085",23.16,
SORN,Soren Acquisition Corp. Class A Ordinary Shares,10.02,
SOUL,Soulpower Acquisition Corporation Class A Ordinary Shares,10.48,
SPE,"Special Opportunities Fund, Inc Common Stock",12.81,
SPE^C,"Special Opportunities Fund Inc. 2.75% Convertible Preferred Stock, Series C",24.7501,
SPEG,Silver Pegasus Acquisition Corp Class A Ordinary Shares,10.38,
SPEGR,Silver Pegasus Acquisition Corp Rights.,0.1699,
SPG^J,"Simon Property Group, Inc. Simon Property Group 8 3/8% Series J Cumulative Redeemable Preferred Stock",54.334,
SPKL,Spark I Acquisition Corp. Class A Ordinary Share,11.56,
SPMA,"Sound Point Meridian Capital, Inc. 8.00% Series A Preferred Shares Due 2029",24.91,
SPMC,"Sound Point Meridian Capital, Inc. Common Stock",8.32,
SPME,"Sound Point Meridian Capital, Inc. 7.875% Series B Preferred Shares due 2030",24.85,
SPXX,Nuveen S&P 500 Dynamic Overwrite Fund,18.4,
SRG^A,Seritage Growth Properties 7.00% Series A Cumulative Redeemable Preferred Shares of Beneficial Interest,21.155,
SRJN,Spire Inc. 6.375% Junior Subordinated Notes due 2086,21.48,
SRV,NXG Cushing Midstream Energy Fund Common Shares of Beneficial Interest,41.65,
SSAC,SPACSphere Acquisition Corp. Class A Ordinary Shares,10.12,
SSACU,SPACSphere Acquisition Corp. Unit,10.31,
SSACW,SPACSphere Acquisition Corp. Warrant,0.0765,
SSEA,Starry Sea Acquisition Corp	Ordinary Shares,10.35,
SSEAR,Starry Sea Acquisition Corp Rights,0.1,
STEW,"SRH Total Return Fund, Inc. Common Stock",17.57,
STK,Columbia Seligman Premium Technology Growth Fund Inc,51.99,
STT^G,"State Street Corporation Depositary shares, each representing a 1/4,000th ownership interest in a share of Fixed-to-Floating Rate Non-Cumulative",19.71,
SUMA,SUMA Acquisition Corporation Class A Ordinary Shares,9.95,
SUMAR,SUMA Acquisition Corporation Rights,0.235,
SUMAU,SUMA Acquisition Corporation Units,10.24,
SVAQ,Silicon Valley Acquisition Corp. Class A Ordinary Shares,10.11,
SVAQU,Silicon Valley Acquisition Corp. Units,10.48,
SVAQW,Silicon Valley Acquisition Corp. Warrants,0.385,
SVCC,Stellar V Capital Corp. Class A Ordinary Shares,10.72,
SVIV,Spring Valley Acquisition Corp. IV Class A Ordinary Shares,10.08,
SVIVU,Spring Valley Acquisition Corp. IV Units,10.55,
SVIVW,Spring Valley Acquisition Corp. IV Warrants,0.61,
SWZ,Total Return Securities Fund Common Stock,5.78,
SYF^A,"Synchrony Financial Depositary Shares, each Representing a 1/40th Interest in a Share of 5.625% Fixed Rate Non-Cumulative Perpetual Preferred Stock, Series A",18.04,
SYF^B,"Synchrony Financial Depositary Shares Each Representing a 1/40th Interest in a Share of 8.250% Fixed Rate Reset Non-Cumulative Perpetual Preferred Stock, Series B",25.35,
SZZL,Sizzle Acquisition Corp. II Class A ordinary shares,10.49,
T^A,"AT&T Inc. Depositary Shares, each representing a 1/1,000th interest in a share of 5.000% Perpetual Preferred Stock, Series A",17.5,
T^C,"AT&T Inc. Depositary Shares, each representing a 1/1,000th interest in a share of 4.750% Perpetual Preferred Stock, Series C",16.45,
TACH,Titan Acquisition Corp. Class A Ordinary Shares,10.525,
TACHU,Titan Acquisition Corp. Units,10.75,
TACHW,Titan Acquisition Corp. Warrants,0.5584,
TACOW,Berto Acquisition Corp. Warrant,0.65,
TAVI,Tavia Acquisition Corp. Ordinary Shares,10.77,
TAVIU,Tavia Acquisition Corp. Unit,10.8,
TBCVU,"Thunder Bridge Capital Partners V, Ltd. Units",9.92,
TCGX,TCGX Acquisition Corp. Class A Ordinary Shares,13.65,
TCPA,TransCanada PipeLines Limited 6.250% Junior Subordinated Notes due 2085,20.69,
TDAC,Translational Development Acquisition Corp. Ordinary Shares,10.85,
TDACW,Translational Development Acquisition Corp. Warrants,1.5,
TDF,"Templeton Dragon Fund, Inc. Common Stock",9.69,
TDS^U,"Telephone and Data Systems, Inc. Depositary Shares, Each Representing a 1/1,000th Interest in a 6.625% Series UU Cumulative Redeemable Perpetual Preferred Stock",19.79,
TDS^V,"Telephone and Data Systems, Inc. Depositary Shares, Each Representing a 1/1,000th Interest in a 6.000% Series VV Cumulative Redeemable Perpetual Preferred Stock",17.965,
TDWD,Tailwind 2.0 Acquisition Corp. Class A Ordinary Shares,10.13,
TDWDR,Tailwind 2.0 Acquisition Corp. Rights,0.1101,
TEI,"Templeton Emerging Markets Income Fund, Inc. Common Stock",6.15,
TEN^E,"Tsakos Energy Navigation Ltd Series E Fixed-to-Floating Rate Cumulative Redeemable Perpetual Preferred Shares, par value $1.00",25.5899,
TEN^F,"Tsakos Energy Navigation Ltd Series F Fixed-to-Floating Rate Cumulative Redeemable Perpetual Preferred Shares, par value $1.00",26.47,
TFC^I,Truist Financial Corporation Depositary Shares,18.22,
TFC^O,"Truist Financial Corporation Depositary Shares, Each Representing a 1/1,000th Interest in a Share of Series O Non-Cumulative Perpetual Preferred Stock",18.7,
TFC^R,"Truist Financial Corporation Depositary Shares, each representing 1/1,000th interest in a share of Series R Non-Cumulative Perpetual Preferred Stock",16.71,
TFIN^,"Triumph Financial, Inc. Depositary Shares, Each Representing a 1/40th Interest in a Share of 7.125% Series C Fixed-Rate Non-Cumulative Perpetual Preferred Stock",21.8499,
THEO,BOA Acquisition Corp. II Class A Ordinary Shares,9.89,
THEOR,BOA Acquisition Corp. II Rights,0.29,
THQ,abrdn Healthcare Opportunities Fund Shares of Beneficial Interest,18.49,
THW,abrdn World Healthcare Fund Shares of Beneficial Interest,13.19,
TLAC,Three Lions Acquisition Corp. Ordinary Shares,9.84,
TLACU,Three Lions Acquisition Corp. Units,10.16,
TLNC,Talon Capital Corp. Class A Ordinary Shares,10.24,
TMTS,Spartacus Acquisition Corp. II Class A Ordinary Shares,10.025,
TMUSI,"T-Mobile US, Inc. 5.500% Senior Notes due June 2070",18.98,
TMUSL,"T-Mobile US, Inc. 6.250% Senior Notes due 2069",21.175,
TMUSZ,"T-Mobile US, Inc. 5.500% Senior Notes due March 2070",18.96,
TONT,Graf Global Corp. Class A ordinary shares,10.9099,
TPTS,"Terra Property Trust, Inc. 7.00% Senior Secured Notes due 2029",14.58,
TRAD,APEX Tech Acquisition Inc. Ordinary Shares,10.05,
TRGS,TRG Latin America Acquisitions Corp. Class A Ordinary Shares,9.96,
TRTN^A,Triton International Limited 8.50% Series A Cumulative Redeemable Perpetual  Preference Shares,25.39,
TRTN^B,Triton International Limited 8.00% Series B Cumulative Redeemable Perpetual Preference Shares,24.51,
TRTN^C,Triton International Limited 7.375% Series C Cumulative Redeemable Perpetual Preference Shares,22.78,
TRTN^D,Triton International Limited 6.875% Series D Cumulative Redeemable Perpetual Preference Shares,21.5,
TRTN^E,Triton International Limited 5.75% Series E Cumulative Redeemable Perpetual Preference Shares,18.0,
TRTN^F,Triton International Limited 7.625% Series F Cumulative Redeemable Perpetual Preference Shares,23.2901,
TRTN^G,Triton International Limited 7.500% Series G Cumulative Redeemable Perpetual Preference Shares,23.14,
TRTX^C,"TPG RE Finance Trust, Inc. 6.25% Series C Cumulative Redeemable Preferred Stock, $0.001 par value per share",16.49,
TSI,"TCW Strategic Income Fund, Inc. Common Stock",4.27,
TVA,Texas Ventures Acquisition III Corp Class A Ordinary Share,10.57,
TVACW,Texas Ventures Acquisition III Corp Warrants,0.21,
TVAI,Thayer Ventures Acquisition Corporation II Class A Ordinary Shares,10.4,
TVC,Tennessee Valley Authority Common Stock,23.7,
TVE,Tennessee Valley Authority,23.12,
TVIV,Texas Ventures Acquisition IV Corp Class A Ordinary Shares,9.95,
TVIVU,Texas Ventures Acquisition IV Corp Units,10.05,
TWLV,Twelve Seas Investment Company III Class A Ordinary Shares,10.06,
TWLVR,Twelve Seas Investment Company III Rights,0.1196,
TWN,"Taiwan Fund, Inc. (The) Common Stock",102.1,
TWOD,Two Harbors Investments Corp 9.375% Senior Notes due 2030,26.3,
TY^,Tri Continental Corporation Preferred Stock,39.5,
UAC,United Acquisition Corp. I Class A Ordinary Shares,10.0,
UMH^D,"UMH Properties, Inc. 6.375% Series D Cumulative Redeemable Preferred Stock, Liquidation Preference $25 per share",20.65,
USA,Liberty All-Star Equity Fund Common Stock,5.83,
USB^A,"U.S. Bancorp Depositary Shares, Each representing a 1/100th interest in a share of Series A Non-CumulativePerpetual Pfd Stock",775.0,
USB^H,U.S. Bancorp Depositary Shares repstg 1/1000th Pfd Ser B,18.65,
USB^P,"U.S. Bancorp Depositary Shares each representing a 1/1,000th interest in a share of Series K Non-Cumulative Perpetual Preferred Stock",20.52,
USB^Q,"U.S. Bancorp Depositary Shares, Each Representing a 1/1,000th Interest in a Share of Series L Non-Cumulative Perpetual Preferred Stock",13.96,
USB^R,"U.S. Bancorp Depositary Shares, Each Representing a 1/1,000th Interest in a Share of Series M Non-Cumulative Perpetual Preferred Stock",14.79,
USB^S,"U.S. Bancorp Depositary Shares, each representing a 1/1,000th interest in a share of Series O Non-Cumulative Perpetual Preferred Stock",16.48,
UTF,"Cohen & Steers Infrastructure Fund, Inc Common Stock",23.9,
UTG,Reaves Utility Income Fund Common Shares of Beneficial Interest,33.9,
UYSC,UY Scuti Acquisition Corp. Ordinary Shares,11.0,
UYSCR,UY Scuti Acquisition Corp. Rights,0.1099,
VACI,Viking Acquisition Corp. I Class A Ordinary Shares,6.26,
VBF,Invesco Bond Fund Common Stock,14.2,
VCX,"Fundrise Innovation Fund, LLC Common Shares of Limited Liability Company Interests",28.17,
VECA,Vernal Capital Acquisition Corp. Ordinary Shares,10.02,
VGI,Virtus Global Multi-Sector Income Fund Common Shares of Beneficial Interest,6.67,
VHCP,Vine Hill Capital Investment Corp. II Class A Ordinary Shares,10.06,
VII,Viking Acquisition Corp. II Class A Ordinary Shares,9.84,
VLOS,Velos Acquisition I Corp. Class A Ordinary shares,10.68,
VLOSU,Velos Acquisition I Corp. Units,10.81,
VLT,Invesco High Income Trust II,9.07,
VNME,Vendome Acquisition Corporation I Class A Ordinary Shares,10.31,
VNMEW,Vendome Acquisition Corporation I Warrant,0.2015,
VNO^L,Vornado Realty Trust Pfd Ser L %,16.2101,
VNO^M,"Vornado Realty Trust 5.25% Series M Cumulative Redeemable Preferred Shares of Beneficial Interest, liquidation preference $25.00 per share, no par value per share",16.16,
VNO^N,"Vornado Realty Trust 5.25% Series N Cumulative Redeemable Preferred Shares of Beneficial Interest, liquidation preference $25.00 per share",15.8,
VNO^O,"Vornado Realty Trust 4.45% Series O Cumulative Redeemable Preferred Shares, Liquidation Preference $25.00 Per Share",13.35,
VOYA^B,"Voya Financial, Inc. Depositary Shares, each representing a 1/40th interest in a share of 5.35% Fixed-Rate Reset Non-Cumulative Preferred Stock, Series B",23.24,
VVR,Invesco Senior Income Trust Common Stock (DE),2.87,
WAL^A,"Western Alliance Bancorporation Depositary Shares, Each Representing a 1/400th Interest in a Share of 4.250% Fixed-Rate Non-Cumulative Perpetual Preferred Stock, Series A",24.87,
WDI,Western Asset Diversified Income Fund Common Shares of Beneficial Interest,11.82,
WEA,Western Asset Bond Fund Share of Beneficial Interest,9.83,
WENC,West Enclave Merger Corp. Ordinary Shares,10.0,
WENN,Wen Acquisition Corp Class A Ordinary Shares,10.41,
WFC^A,"Wells Fargo & Company Depositary Shares, each representing a 1/1,000th interest in a share of Non-Cumulative Perpetual Class A Preferred Stock, Series AA",16.85,
WFC^C,"Wells Fargo & Company Depositary Shares, each representing a 1/1,000th interest in a share of Non-Cumulative Perpetual Class A Preferred Stock, Series CC",15.54,
WFC^D,"Wells Fargo & Company Depositary Shares, each representing a 1/1,000th interest in  a share of Non-Cumulative Perpetual Class A Preferred Stock, Series DD",15.28,
WFC^L,"Wells Fargo & Company 7.50% Non-Cumulative Perpetual Convertible Class A Preferred Stock, Series L",1071.07,
WFC^Y,"Wells Fargo & Company Depositary Shares, each representing a 1/1,000th interest in a share of Non-Cumulative Perpetual Class A Preferred Stock, Series Y",20.04,
WFC^Z,"Wells Fargo & Company Depositary Shares, each representing a 1/1,000th interest in a share of Non-Cumulative Perpetual Class A Preferred Stock, Series Z",16.84,
WHR^A,"Whirlpool Corporation Depositary Shares, each representing a 1/20th interest in a share of 8.50% Series A Mandatory Convertible Preferred Stock",28.72,
WIA,Western Asset Inflation-Linked Income Fund,7.6,
WIW,Western Asset Inflation-Linked Opportunities & Income Fund,7.91,
WLCO,Wilco 63 Corporation Class A Ordinary Shares,9.82,
WLII,Willow Lane Acquisition Corp. II Class A Ordinary Shares,10.25,
WLIIW,Willow Lane Acquisition Corp. II Warrants,0.75,
WPAC,White Pearl Acquisition Corp. Class A Ordinary Shares,10.061,
WRB^E,W.R. Berkley Corporation 5.70% Subordinated Debentures due 2058,20.1,
WRB^F,W.R. Berkley Corporation 5.10% Subordinated Debentures due 2059,18.12,
WRB^G,W.R. Berkley Corporation 4.25% Subordinated Debentures due 2060,15.39,
WRB^H,W.R. Berkley Corporation 4.125% Subordinated Debentures due 2061,15.0,
WSO/B,"Watsco, Inc.",310.9,
WTG,Wintergreen Acquisition Corp. Ordinary Shares,10.62,
WTGUR,Wintergreen Acquisition Corp. Rights,0.13,
XCBE,X3 Acquisition Corp. Ltd. Class A Ordinary Shares,10.02,
XELLL,"Xcel Energy Inc. 6.25% Junior Subordinated Notes, Series due 2085",21.21,
XFLH,XFLH Capital Corporation Ordinary Shares,10.04,
XIII,Churchill Capital Corp XIII Class A Ordinary Shares,10.25,
XIIIU,Churchill Capital Corp XIII Units,10.61,
XIIIW,Churchill Capital Corp XIII Warrants,1.84,
XRN^A,Chiron Real Estate Inc. Series A Cumulative Redeemable Preferred Stock,24.81,
XRN^B,"Chiron Real Estate Inc. 8.00% Series B Cumulative Redeemable Preferred Stock, $0.001 par value per share",25.44,
XRPN,Armada Acquisition Corp. II Class A Ordinary Shares,10.575,
XRPNU,Armada Acquisition Corp. II Units,11.41,
XRPNW,Armada Acquisition Corp. II Warrant,1.2,
XSLL,Xsolla SPAC 1 Class A Ordinary Shares,9.98,
XSLLW,Xsolla SPAC 1 Warrants,0.2,
XTER,Karman Line Acquisition Corp. Class A Ordinary Shares,9.79,
XTERU,Karman Line Acquisition Corp. Units,9.9001,
YCY,AA Mission Acquisition Corp. II Class A Ordinary Shares,10.23,
YHNA,YHN Acquisition I Limited Ordinary Shares,11.2,
YICC,Yorkville International Capital Corp. Class A Ordinary Shares,9.92,
ZKP,Lafayette Digital Acquisition Corp. I Class A Ordinary Shares,10.03,
ZKPU,Lafayette Digital Acquisition Corp. I Unit,10.08,
ZTR,Virtus Total Return Fund Inc.,5.96,
