strategy,cfg,params,sym,part,n,tpd,win,avgR,pf,net,dd,sharpe,posm
ORB,ORB#0,"{'orm': 5, 'stop': 'mid', 'tgt': 'r1', 'narrow': False, 'max_bars': 24, 'last_entry': 660}",MNQ,ALL,269,0.9746376811594203,0.483271375464684,-0.049838979810606664,0.9596319806005277,-798.0600000000015,2551.5200000000013,-0.29457416002469655,0.42857142857142855
ORB,ORB#0,"{'orm': 5, 'stop': 'mid', 'tgt': 'r1', 'narrow': False, 'max_bars': 24, 'last_entry': 660}",MNQ,IS,162,0.9642857142857143,0.4691358024691358,-0.07340678079765928,0.918669018018191,-889.630000000001,1855.4300000000007,-0.5990580679723543,0.5
ORB,ORB#0,"{'orm': 5, 'stop': 'mid', 'tgt': 'r1', 'narrow': False, 'max_bars': 24, 'last_entry': 660}",MNQ,OOS,107,0.9907407407407407,0.5046728971962616,-0.014156888596564398,1.0103688958037509,91.56999999999914,1874.4500000000003,0.07565762761158754,0.3333333333333333
ORB,ORB#0,"{'orm': 5, 'stop': 'mid', 'tgt': 'r1', 'narrow': False, 'max_bars': 24, 'last_entry': 660}",MES,ALL,270,0.9782608695652174,0.4962962962962963,-0.050511654989150626,0.897651665749324,-811.6750000000003,1420.2600000000007,-0.7588552570966177,0.35714285714285715
ORB,ORB#0,"{'orm': 5, 'stop': 'mid', 'tgt': 'r1', 'narrow': False, 'max_bars': 24, 'last_entry': 660}",MES,IS,163,0.9702380952380952,0.4723926380368098,-0.10768196710134802,0.8644879282416912,-652.1200000000001,902.7150000000001,-1.03286161386417,0.375
ORB,ORB#0,"{'orm': 5, 'stop': 'mid', 'tgt': 'r1', 'narrow': False, 'max_bars': 24, 'last_entry': 660}",MES,OOS,107,0.9907407407407407,0.5327102803738317,0.03657956813503788,0.9488318768540046,-159.55500000000018,900.1450000000002,-0.36324697424600827,0.3333333333333333
ORB,ORB#0,"{'orm': 5, 'stop': 'mid', 'tgt': 'r1', 'narrow': False, 'max_bars': 24, 'last_entry': 660}",MGC,ALL,268,0.9816849816849816,0.4962686567164179,-0.03169675099552004,1.0066899186181224,100.69999999929769,1415.4000000000822,0.04391563015412531,0.42857142857142855
ORB,ORB#0,"{'orm': 5, 'stop': 'mid', 'tgt': 'r1', 'narrow': False, 'max_bars': 24, 'last_entry': 660}",MGC,IS,162,0.9700598802395209,0.5,-0.020121174028675245,1.0503637154621634,497.7999999995976,1415.4000000000822,0.3183985841982664,0.5
ORB,ORB#0,"{'orm': 5, 'stop': 'mid', 'tgt': 'r1', 'narrow': False, 'max_bars': 24, 'last_entry': 660}",MGC,OOS,106,1.0,0.49056603773584906,-0.04938772711466016,0.9231677114773869,-397.10000000030016,873.9000000000844,-0.5642420757896883,0.3333333333333333
ORB,ORB#1,"{'orm': 5, 'stop': 'mid', 'tgt': 'r1', 'narrow': True, 'max_bars': 24, 'last_entry': 660}",MNQ,ALL,132,0.4782608695652174,0.42424242424242425,-0.17298905449595864,0.7176308198044677,-2616.4300000000003,2777.239999999997,-1.6661339109376676,0.3076923076923077
ORB,ORB#1,"{'orm': 5, 'stop': 'mid', 'tgt': 'r1', 'narrow': True, 'max_bars': 24, 'last_entry': 660}",MNQ,IS,81,0.48214285714285715,0.38271604938271603,-0.25182641694775115,0.6072675953746702,-2156.69,2248.7,-2.483205540472713,0.25
ORB,ORB#1,"{'orm': 5, 'stop': 'mid', 'tgt': 'r1', 'narrow': True, 'max_bars': 24, 'last_entry': 660}",MNQ,OOS,51,0.4722222222222222,0.49019607843137253,-0.047776772954876506,0.8781981141823134,-459.7400000000004,991.4900000000002,-0.6623149737854516,0.4
ORB,ORB#1,"{'orm': 5, 'stop': 'mid', 'tgt': 'r1', 'narrow': True, 'max_bars': 24, 'last_entry': 660}",MES,ALL,137,0.4963768115942029,0.48175182481751827,-0.09146974538263695,0.8342864530858538,-525.5050000000002,894.8450000000005,-0.938088100368719,0.46153846153846156
ORB,ORB#1,"{'orm': 5, 'stop': 'mid', 'tgt': 'r1', 'narrow': True, 'max_bars': 24, 'last_entry': 660}",MES,IS,79,0.47023809523809523,0.43037974683544306,-0.19512812915737235,0.7130396297513973,-567.3350000000003,685.7800000000002,-1.6791036185944814,0.25
ORB,ORB#1,"{'orm': 5, 'stop': 'mid', 'tgt': 'r1', 'narrow': True, 'max_bars': 24, 'last_entry': 660}",MES,OOS,58,0.5370370370370371,0.5517241379310345,0.049720122172606025,1.0350301269140745,41.82999999999991,451.15000000000003,0.18809650603062217,0.8
ORB,ORB#1,"{'orm': 5, 'stop': 'mid', 'tgt': 'r1', 'narrow': True, 'max_bars': 24, 'last_entry': 660}",MGC,ALL,138,0.5054945054945055,0.4420289855072464,-0.14163780262601156,0.6262715437727069,-2836.3000000003613,3011.000000000351,-2.3354231648922323,0.21428571428571427
ORB,ORB#1,"{'orm': 5, 'stop': 'mid', 'tgt': 'r1', 'narrow': True, 'max_bars': 24, 'last_entry': 660}",MGC,IS,82,0.49101796407185627,0.4268292682926829,-0.1657757615645311,0.6057021912350384,-1900.2000000002236,2279.70000000023,-2.483122031017083,0.125
ORB,ORB#1,"{'orm': 5, 'stop': 'mid', 'tgt': 'r1', 'narrow': True, 'max_bars': 24, 'last_entry': 660}",MGC,OOS,56,0.5283018867924528,0.4642857142857143,-0.10629293418032218,0.6620577617328274,-936.1000000001374,1110.8000000001366,-2.0784215638011205,0.3333333333333333
ORB,ORB#2,"{'orm': 5, 'stop': 'mid', 'tgt': 'r2', 'narrow': False, 'max_bars': 24, 'last_entry': 660}",MNQ,ALL,269,0.9746376811594203,0.35315985130111527,-0.035395534304845676,1.000308103111841,7.439999999998008,2626.26,0.002093951353094943,0.5714285714285714
ORB,ORB#2,"{'orm': 5, 'stop': 'mid', 'tgt': 'r2', 'narrow': False, 'max_bars': 24, 'last_entry': 660}",MNQ,IS,162,0.9642857142857143,0.32098765432098764,-0.11993581843853066,0.8922908805550362,-1468.630000000001,2421.17,-0.7666565967651366,0.375
ORB,ORB#2,"{'orm': 5, 'stop': 'mid', 'tgt': 'r2', 'narrow': False, 'max_bars': 24, 'last_entry': 660}",MNQ,OOS,107,0.9907407407407407,0.40186915887850466,0.09260003606578016,1.1404094701506096,1476.069999999999,1552.1299999999994,0.917734502075557,0.8333333333333334
ORB,ORB#2,"{'orm': 5, 'stop': 'mid', 'tgt': 'r2', 'narrow': False, 'max_bars': 24, 'last_entry': 660}",MES,ALL,270,0.9782608695652174,0.3851851851851852,0.0462423734679704,1.0147721381879793,140.19999999999948,1436.1050000000005,0.09942085805688125,0.5
ORB,ORB#2,"{'orm': 5, 'stop': 'mid', 'tgt': 'r2', 'narrow': False, 'max_bars': 24, 'last_entry': 660}",MES,IS,163,0.9702380952380952,0.3558282208588957,-0.04766181962448705,0.9141191428141258,-513.3700000000003,1285.8300000000002,-0.6095829471633857,0.375
ORB,ORB#2,"{'orm': 5, 'stop': 'mid', 'tgt': 'r2', 'narrow': False, 'max_bars': 24, 'last_entry': 660}",MES,OOS,107,0.9907407407407407,0.42990654205607476,0.18929268630975143,1.186035853965399,653.5699999999997,592.2500000000002,1.1504442974955305,0.6666666666666666
ORB,ORB#2,"{'orm': 5, 'stop': 'mid', 'tgt': 'r2', 'narrow': False, 'max_bars': 24, 'last_entry': 660}",MGC,ALL,268,0.9816849816849816,0.34701492537313433,-0.06154802767632622,0.8789006078868946,-2330.8000000010943,3135.0000000010295,-0.7911403235965058,0.2857142857142857
ORB,ORB#2,"{'orm': 5, 'stop': 'mid', 'tgt': 'r2', 'narrow': False, 'max_bars': 24, 'last_entry': 660}",MGC,IS,162,0.9700598802395209,0.345679012345679,-0.05831993630502405,0.9325685793405443,-854.7000000007204,2437.9000000005235,-0.4143353878995922,0.375
ORB,ORB#2,"{'orm': 5, 'stop': 'mid', 'tgt': 'r2', 'narrow': False, 'max_bars': 24, 'last_entry': 660}",MGC,OOS,106,1.0,0.3490566037735849,-0.06648152580982578,0.7753922001247324,-1476.1000000003737,1941.1000000003567,-1.793595428433716,0.16666666666666666
ORB,ORB#3,"{'orm': 5, 'stop': 'mid', 'tgt': 'r2', 'narrow': True, 'max_bars': 24, 'last_entry': 660}",MNQ,ALL,132,0.4782608695652174,0.29545454545454547,-0.17412651390313214,0.7232099947739632,-3161.930000000001,3591.7399999999843,-1.570742706436179,0.23076923076923078
ORB,ORB#3,"{'orm': 5, 'stop': 'mid', 'tgt': 'r2', 'narrow': True, 'max_bars': 24, 'last_entry': 660}",MNQ,IS,81,0.48214285714285715,0.2345679012345679,-0.33893138750329077,0.5426432277349942,-3119.6900000000005,3119.689999999994,-2.950812099208226,0.125
ORB,ORB#3,"{'orm': 5, 'stop': 'mid', 'tgt': 'r2', 'narrow': True, 'max_bars': 24, 'last_entry': 660}",MNQ,OOS,51,0.4722222222222222,0.39215686274509803,0.08762240299123758,0.9908222594971368,-42.24000000000045,1408.4000000000003,-0.04543417963872732,0.4
ORB,ORB#3,"{'orm': 5, 'stop': 'mid', 'tgt': 'r2', 'narrow': True, 'max_bars': 24, 'last_entry': 660}",MES,ALL,137,0.4963768115942029,0.38686131386861317,0.028864222475117884,0.9914954882103375,-31.130000000000337,668.9600000000004,-0.04231925768524585,0.5384615384615384
ORB,ORB#3,"{'orm': 5, 'stop': 'mid', 'tgt': 'r2', 'narrow': True, 'max_bars': 24, 'last_entry': 660}",MES,IS,79,0.47023809523809523,0.3670886075949367,-0.030819504365511712,0.9498080199931843,-110.4600000000002,486.9400000000003,-0.24443055263559996,0.625
ORB,ORB#3,"{'orm': 5, 'stop': 'mid', 'tgt': 'r2', 'narrow': True, 'max_bars': 24, 'last_entry': 660}",MES,OOS,58,0.5370370370370371,0.41379310344827586,0.1101575745511479,1.0543482728854665,79.32999999999994,554.72,0.2784559445885663,0.4
ORB,ORB#3,"{'orm': 5, 'stop': 'mid', 'tgt': 'r2', 'narrow': True, 'max_bars': 24, 'last_entry': 660}",MGC,ALL,138,0.5054945054945055,0.32608695652173914,-0.08891064579318923,0.7000611703934938,-2647.800000000503,3022.7000000004637,-1.776758740994515,0.2857142857142857
ORB,ORB#3,"{'orm': 5, 'stop': 'mid', 'tgt': 'r2', 'narrow': True, 'max_bars': 24, 'last_entry': 660}",MGC,IS,82,0.49101796407185627,0.2926829268292683,-0.18173698265282257,0.6108042712113648,-2219.700000000381,2578.80000000038,-2.381895805022608,0.125
ORB,ORB#3,"{'orm': 5, 'stop': 'mid', 'tgt': 'r2', 'narrow': True, 'max_bars': 24, 'last_entry': 660}",MGC,OOS,56,0.5283018867924528,0.375,0.04701363317984523,0.8629860777724148,-428.1000000001219,803.0000000000874,-0.7666483963952812,0.5
ORB,ORB#4,"{'orm': 5, 'stop': 'mid', 'tgt': 'ext0.5', 'narrow': False, 'max_bars': 24, 'last_entry': 660}",MNQ,ALL,257,0.9311594202898551,0.6809338521400778,-0.054313948249611506,0.8240980767271533,-1864.6800000000007,2447.300000000001,-1.1798242719237948,0.2857142857142857
ORB,ORB#4,"{'orm': 5, 'stop': 'mid', 'tgt': 'ext0.5', 'narrow': False, 'max_bars': 24, 'last_entry': 660}",MNQ,IS,157,0.9345238095238095,0.6878980891719745,-0.05749126938869706,0.8726545800766617,-671.4300000000002,1076.100000000001,-0.8307571451888052,0.125
ORB,ORB#4,"{'orm': 5, 'stop': 'mid', 'tgt': 'ext0.5', 'narrow': False, 'max_bars': 24, 'last_entry': 660}",MNQ,OOS,100,0.9259259259259259,0.67,-0.04932555406124717,0.7760488122563657,-1193.2500000000007,1829.3100000000002,-1.5941772080405654,0.5
ORB,ORB#4,"{'orm': 5, 'stop': 'mid', 'tgt': 'ext0.5', 'narrow': False, 'max_bars': 24, 'last_entry': 660}",MES,ALL,253,0.9166666666666666,0.691699604743083,-0.07651506068046338,0.7777944879551758,-864.345,1006.2050000000013,-1.4725258339376208,0.21428571428571427
ORB,ORB#4,"{'orm': 5, 'stop': 'mid', 'tgt': 'ext0.5', 'narrow': False, 'max_bars': 24, 'last_entry': 660}",MES,IS,151,0.8988095238095238,0.695364238410596,-0.08078979798524717,0.8640351302593549,-280.36499999999995,462.53500000000025,-0.8570310081364919,0.25
ORB,ORB#4,"{'orm': 5, 'stop': 'mid', 'tgt': 'ext0.5', 'narrow': False, 'max_bars': 24, 'last_entry': 660}",MES,OOS,102,0.9444444444444444,0.6862745098039216,-0.07018677310181286,0.6805020229181996,-583.9800000000002,766.1050000000006,-2.2702906862705503,0.16666666666666666
ORB,ORB#4,"{'orm': 5, 'stop': 'mid', 'tgt': 'ext0.5', 'narrow': False, 'max_bars': 24, 'last_entry': 660}",MGC,ALL,244,0.8937728937728938,0.6557377049180327,-0.1258766337837379,0.7678257340006808,-1544.4000000010055,1860.6000000006268,-1.5094399716460916,0.14285714285714285
ORB,ORB#4,"{'orm': 5, 'stop': 'mid', 'tgt': 'ext0.5', 'narrow': False, 'max_bars': 24, 'last_entry': 660}",MGC,IS,147,0.8802395209580839,0.6938775510204082,-0.08417669562130323,0.9055408304933538,-374.2000000006098,750.2000000002565,-0.5580905845541411,0.25
ORB,ORB#4,"{'orm': 5, 'stop': 'mid', 'tgt': 'ext0.5', 'narrow': False, 'max_bars': 24, 'last_entry': 660}",MGC,OOS,97,0.9150943396226415,0.5979381443298969,-0.18907138543196364,0.5650460898006685,-1170.2000000003954,1264.50000000032,-3.373024794881849,0.0
ORB,ORB#5,"{'orm': 5, 'stop': 'mid', 'tgt': 'ext0.5', 'narrow': True, 'max_bars': 24, 'last_entry': 660}",MNQ,ALL,123,0.44565217391304346,0.6829268292682927,-0.0764660171570747,0.7625671102744267,-928.2700000000004,1280.2300000000007,-1.1477418536233126,0.46153846153846156
ORB,ORB#5,"{'orm': 5, 'stop': 'mid', 'tgt': 'ext0.5', 'narrow': True, 'max_bars': 24, 'last_entry': 660}",MNQ,IS,77,0.4583333333333333,0.6493506493506493,-0.13703675551509623,0.589299757486423,-997.48,1157.8500000000004,-2.210682006366364,0.25
ORB,ORB#5,"{'orm': 5, 'stop': 'mid', 'tgt': 'ext0.5', 'narrow': True, 'max_bars': 24, 'last_entry': 660}",MNQ,OOS,46,0.42592592592592593,0.7391304347826086,0.024924131833526535,1.04673572470423,69.20999999999995,522.4000000000001,0.19585635851643862,0.8
ORB,ORB#5,"{'orm': 5, 'stop': 'mid', 'tgt': 'ext0.5', 'narrow': True, 'max_bars': 24, 'last_entry': 660}",MES,ALL,124,0.4492753623188406,0.6935483870967742,-0.09049800334861752,0.7483398147544664,-347.5100000000001,423.2250000000007,-1.244696245708173,0.3076923076923077
ORB,ORB#5,"{'orm': 5, 'stop': 'mid', 'tgt': 'ext0.5', 'narrow': True, 'max_bars': 24, 'last_entry': 660}",MES,IS,69,0.4107142857142857,0.6811594202898551,-0.12965729262396478,0.6823256559015467,-228.06000000000006,251.20500000000027,-1.5398500292271033,0.25
ORB,ORB#5,"{'orm': 5, 'stop': 'mid', 'tgt': 'ext0.5', 'narrow': True, 'max_bars': 24, 'last_entry': 660}",MES,OOS,55,0.5092592592592593,0.7090909090909091,-0.04137089498500004,0.8198245759580067,-119.45000000000003,236.02000000000004,-0.9292118784417416,0.4
ORB,ORB#5,"{'orm': 5, 'stop': 'mid', 'tgt': 'ext0.5', 'narrow': True, 'max_bars': 24, 'last_entry': 660}",MGC,ALL,125,0.45787545787545786,0.632,-0.1800077118720572,0.5277030290483716,-1369.0000000005325,1499.7000000005278,-2.5929228792967596,0.2857142857142857
ORB,ORB#5,"{'orm': 5, 'stop': 'mid', 'tgt': 'ext0.5', 'narrow': True, 'max_bars': 24, 'last_entry': 660}",MGC,IS,74,0.4431137724550898,0.6621621621621622,-0.15708819983395167,0.5594210667380013,-821.9000000003356,948.7000000003308,-2.317553286072187,0.25
ORB,ORB#5,"{'orm': 5, 'stop': 'mid', 'tgt': 'ext0.5', 'narrow': True, 'max_bars': 24, 'last_entry': 660}",MGC,OOS,51,0.4811320754716981,0.5882352941176471,-0.21326347443715155,0.47042880650456786,-547.1000000001974,702.7000000001616,-3.226241023520032,0.3333333333333333
ORB,ORB#6,"{'orm': 5, 'stop': 'opp', 'tgt': 'r1', 'narrow': False, 'max_bars': 24, 'last_entry': 660}",MNQ,ALL,269,0.9746376811594203,0.483271375464684,-0.042069306136754685,0.9379356641127171,-1806.5600000000024,4932.0399999999945,-0.4469309183128589,0.42857142857142855
ORB,ORB#6,"{'orm': 5, 'stop': 'opp', 'tgt': 'r1', 'narrow': False, 'max_bars': 24, 'last_entry': 660}",MNQ,IS,162,0.9642857142857143,0.46296296296296297,-0.07273823018716119,0.906297067214023,-1491.8800000000015,2517.239999999999,-0.6881640596133006,0.25
ORB,ORB#6,"{'orm': 5, 'stop': 'opp', 'tgt': 'r1', 'narrow': False, 'max_bars': 24, 'last_entry': 660}",MNQ,OOS,107,0.9907407407407407,0.514018691588785,0.004364018126477583,0.9761361637070698,-314.680000000001,3970.2799999999997,-0.17072339976881398,0.6666666666666666
ORB,ORB#6,"{'orm': 5, 'stop': 'opp', 'tgt': 'r1', 'narrow': False, 'max_bars': 24, 'last_entry': 660}",MES,ALL,270,0.9782608695652174,0.5,-0.02838472277153193,0.9126944283720773,-1026.0500000000006,2005.2600000000007,-0.6453027637612571,0.5
ORB,ORB#6,"{'orm': 5, 'stop': 'opp', 'tgt': 'r1', 'narrow': False, 'max_bars': 24, 'last_entry': 660}",MES,IS,163,0.9702380952380952,0.4539877300613497,-0.1267599711494331,0.8195568071268585,-1355.8700000000001,1434.5900000000001,-1.4164018223707555,0.375
ORB,ORB#6,"{'orm': 5, 'stop': 'opp', 'tgt': 'r1', 'narrow': False, 'max_bars': 24, 'last_entry': 660}",MES,OOS,107,0.9907407407407407,0.5700934579439252,0.12147663690695298,1.0778191204471619,329.81999999999965,1010.7500000000002,0.5212630789736162,0.6666666666666666
ORB,ORB#6,"{'orm': 5, 'stop': 'opp', 'tgt': 'r1', 'narrow': False, 'max_bars': 24, 'last_entry': 660}",MGC,ALL,268,0.9816849816849816,0.4701492537313433,-0.06335726006285113,0.8921641093230704,-2421.800000000726,2616.8000000003053,-0.7544759907182657,0.35714285714285715
ORB,ORB#6,"{'orm': 5, 'stop': 'opp', 'tgt': 'r1', 'narrow': False, 'max_bars': 24, 'last_entry': 660}",MGC,IS,162,0.9700598802395209,0.48148148148148145,-0.056845172733487166,0.9695522552862262,-441.2000000004807,2451.0000000004075,-0.20024274569913855,0.375
ORB,ORB#6,"{'orm': 5, 'stop': 'opp', 'tgt': 'r1', 'narrow': False, 'max_bars': 24, 'last_entry': 660}",MGC,OOS,106,1.0,0.4528301886792453,-0.07330969541527531,0.7514244835462546,-1980.600000000245,2311.600000000235,-2.059613753032204,0.3333333333333333
ORB,ORB#7,"{'orm': 5, 'stop': 'opp', 'tgt': 'r1', 'narrow': True, 'max_bars': 24, 'last_entry': 660}",MNQ,ALL,132,0.4782608695652174,0.4621212121212121,-0.08389684209513985,0.7845413734757717,-2760.680000000001,3728.179999999997,-1.2099357383224218,0.3076923076923077
ORB,ORB#7,"{'orm': 5, 'stop': 'opp', 'tgt': 'r1', 'narrow': True, 'max_bars': 24, 'last_entry': 660}",MNQ,IS,81,0.48214285714285715,0.41975308641975306,-0.14923536729254508,0.7077262549008406,-2148.4400000000005,2736.98,-1.718845694512504,0.125
ORB,ORB#7,"{'orm': 5, 'stop': 'opp', 'tgt': 'r1', 'narrow': True, 'max_bars': 24, 'last_entry': 660}",MNQ,OOS,51,0.4722222222222222,0.5294117647058824,0.019876109688974297,0.887914526221747,-612.2400000000005,2219.12,-0.6004700863227582,0.6
ORB,ORB#7,"{'orm': 5, 'stop': 'opp', 'tgt': 'r1', 'narrow': True, 'max_bars': 24, 'last_entry': 660}",MES,ALL,137,0.4963768115942029,0.5036496350364964,-0.022013286164007266,0.9768065406316377,-103.63000000000005,851.7700000000006,-0.12322099220367362,0.46153846153846156
ORB,ORB#7,"{'orm': 5, 'stop': 'opp', 'tgt': 'r1', 'narrow': True, 'max_bars': 24, 'last_entry': 660}",MES,IS,79,0.47023809523809523,0.4177215189873418,-0.18945406348984511,0.7205881370761456,-836.7100000000003,851.7700000000006,-1.6699626071135014,0.25
ORB,ORB#7,"{'orm': 5, 'stop': 'opp', 'tgt': 'r1', 'narrow': True, 'max_bars': 24, 'last_entry': 660}",MES,OOS,58,0.5370370370370371,0.6206896551724138,0.2060526001935995,1.4974992025951293,733.0799999999999,573.6500000000001,2.1857647362288333,0.8
ORB,ORB#7,"{'orm': 5, 'stop': 'opp', 'tgt': 'r1', 'narrow': True, 'max_bars': 24, 'last_entry': 660}",MGC,ALL,138,0.5054945054945055,0.47101449275362317,-0.07272457887261713,0.7600992913480199,-2396.800000000313,2871.600000000297,-1.402645031291029,0.35714285714285715
ORB,ORB#7,"{'orm': 5, 'stop': 'opp', 'tgt': 'r1', 'narrow': True, 'max_bars': 24, 'last_entry': 660}",MGC,IS,82,0.49101796407185627,0.4268292682926829,-0.15421018301538691,0.7028442186144244,-1918.2000000002527,2421.8000000002585,-1.7509848805743746,0.25
ORB,ORB#7,"{'orm': 5, 'stop': 'opp', 'tgt': 'r1', 'narrow': True, 'max_bars': 24, 'last_entry': 660}",MGC,OOS,56,0.5283018867924528,0.5357142857142857,0.04659362719358149,0.8646340083719775,-478.6000000000598,953.4000000000493,-0.7819662517511615,0.5
ORB,ORB#8,"{'orm': 5, 'stop': 'opp', 'tgt': 'r2', 'narrow': False, 'max_bars': 24, 'last_entry': 660}",MNQ,ALL,269,0.9746376811594203,0.4163568773234201,-0.04545429644302784,0.9144756044824361,-2701.560000000002,7547.779999999994,-0.5932656714102543,0.42857142857142855
ORB,ORB#8,"{'orm': 5, 'stop': 'opp', 'tgt': 'r2', 'narrow': False, 'max_bars': 24, 'last_entry': 660}",MNQ,IS,162,0.9642857142857143,0.41975308641975306,-0.045897570893500814,0.9643017787277689,-588.8800000000015,2611.6000000000004,-0.23820893130606577,0.375
ORB,ORB#8,"{'orm': 5, 'stop': 'opp', 'tgt': 'r2', 'narrow': False, 'max_bars': 24, 'last_entry': 660}",MNQ,OOS,107,0.9907407407407407,0.411214953271028,-0.04478317063950799,0.8600143651123898,-2112.6800000000007,5985.239999999994,-1.0295127173597574,0.5
ORB,ORB#8,"{'orm': 5, 'stop': 'opp', 'tgt': 'r2', 'narrow': False, 'max_bars': 24, 'last_entry': 660}",MES,ALL,270,0.9782608695652174,0.42592592592592593,-0.011023524653938663,0.9138047061238921,-1133.5500000000009,3595.2499999999964,-0.6126878228192573,0.5
ORB,ORB#8,"{'orm': 5, 'stop': 'opp', 'tgt': 'r2', 'narrow': False, 'max_bars': 24, 'last_entry': 660}",MES,IS,163,0.9702380952380952,0.39263803680981596,-0.11613783972468342,0.7963997486837554,-1672.1200000000006,2750.83,-1.5403353963527115,0.375
ORB,ORB#8,"{'orm': 5, 'stop': 'opp', 'tgt': 'r2', 'narrow': False, 'max_bars': 24, 'last_entry': 660}",MES,OOS,107,0.9907407407407407,0.4766355140186916,0.14910388989308368,1.1090622272533053,538.5699999999997,1263.2700000000004,0.7068096065271483,0.6666666666666666
ORB,ORB#8,"{'orm': 5, 'stop': 'opp', 'tgt': 'r2', 'narrow': False, 'max_bars': 24, 'last_entry': 660}",MGC,ALL,268,0.9816849816849816,0.3656716417910448,-0.09637610055558717,0.8254594423320253,-4406.800000001227,5145.600000001163,-1.2228307842849888,0.21428571428571427
ORB,ORB#8,"{'orm': 5, 'stop': 'opp', 'tgt': 'r2', 'narrow': False, 'max_bars': 24, 'last_entry': 660}",MGC,IS,162,0.9700598802395209,0.38271604938271603,-0.0981814836264514,0.8685924112606629,-2147.200000000853,3688.4000000006486,-0.8757093293715019,0.375
ORB,ORB#8,"{'orm': 5, 'stop': 'opp', 'tgt': 'r2', 'narrow': False, 'max_bars': 24, 'last_entry': 660}",MGC,OOS,106,1.0,0.33962264150943394,-0.09361693020200221,0.7463403682083226,-2259.6000000003737,2796.400000000369,-2.0286001594732688,0.0
ORB,ORB#9,"{'orm': 5, 'stop': 'opp', 'tgt': 'r2', 'narrow': True, 'max_bars': 24, 'last_entry': 660}",MNQ,ALL,132,0.4782608695652174,0.4015151515151515,-0.09259705361413269,0.733695427315126,-3733.1800000000003,5031.0399999999945,-1.4900826828876244,0.38461538461538464
ORB,ORB#9,"{'orm': 5, 'stop': 'opp', 'tgt': 'r2', 'narrow': True, 'max_bars': 24, 'last_entry': 660}",MNQ,IS,81,0.48214285714285715,0.3950617283950617,-0.1160734635764978,0.7476677756229337,-1920.4400000000007,2788.98,-1.376260798601115,0.25
ORB,ORB#9,"{'orm': 5, 'stop': 'opp', 'tgt': 'r2', 'narrow': True, 'max_bars': 24, 'last_entry': 660}",MNQ,OOS,51,0.4722222222222222,0.4117647058823529,-0.0553109907327293,0.7170997393760634,-1812.7400000000005,3332.48,-1.6456548207410442,0.6
ORB,ORB#9,"{'orm': 5, 'stop': 'opp', 'tgt': 'r2', 'narrow': True, 'max_bars': 24, 'last_entry': 660}",MES,ALL,137,0.4963768115942029,0.40145985401459855,-0.054602943627306576,0.8791608265813203,-644.8800000000003,1535.4100000000003,-0.6399724440957872,0.46153846153846156
ORB,ORB#9,"{'orm': 5, 'stop': 'opp', 'tgt': 'r2', 'narrow': True, 'max_bars': 24, 'last_entry': 660}",MES,IS,79,0.47023809523809523,0.35443037974683544,-0.19948150651521585,0.6976996455647249,-1000.4600000000003,1180.69,-1.7160074259163347,0.375
ORB,ORB#9,"{'orm': 5, 'stop': 'opp', 'tgt': 'r2', 'narrow': True, 'max_bars': 24, 'last_entry': 660}",MES,OOS,58,0.5370370370370371,0.46551724137931033,0.1427316506510526,1.1754053640753954,355.58,569.9200000000001,0.8430052116350187,0.6
ORB,ORB#9,"{'orm': 5, 'stop': 'opp', 'tgt': 'r2', 'narrow': True, 'max_bars': 24, 'last_entry': 660}",MGC,ALL,138,0.5054945054945055,0.34057971014492755,-0.12801033186770416,0.6827112311951428,-3804.800000000506,4126.200000000431,-1.9052729743479777,0.14285714285714285
ORB,ORB#9,"{'orm': 5, 'stop': 'opp', 'tgt': 'r2', 'narrow': True, 'max_bars': 24, 'last_entry': 660}",MGC,IS,82,0.49101796407185627,0.32926829268292684,-0.2207800611663695,0.5801624737945184,-3204.2000000003786,3664.800000000383,-2.6113581575408955,0.0
ORB,ORB#9,"{'orm': 5, 'stop': 'opp', 'tgt': 'r2', 'narrow': True, 'max_bars': 24, 'last_entry': 660}",MGC,OOS,56,0.5283018867924528,0.35714285714285715,0.007831057462484367,0.8622350674373577,-600.6000000001264,922.0000000000565,-0.779636522124127,0.3333333333333333
ORB,ORB#10,"{'orm': 5, 'stop': 'opp', 'tgt': 'ext0.5', 'narrow': False, 'max_bars': 24, 'last_entry': 660}",MNQ,ALL,257,0.9311594202898551,0.8015564202334631,-0.006564701536523328,0.891159756727955,-1265.4300000000014,3053.3500000000004,-0.603953328086036,0.5
ORB,ORB#10,"{'orm': 5, 'stop': 'opp', 'tgt': 'ext0.5', 'narrow': False, 'max_bars': 24, 'last_entry': 660}",MNQ,IS,157,0.9345238095238095,0.821656050955414,0.013662581732445443,1.04053108533719,216.0699999999993,1033.8000000000006,0.2095122744202613,0.5
ORB,ORB#10,"{'orm': 5, 'stop': 'opp', 'tgt': 'ext0.5', 'narrow': False, 'max_bars': 24, 'last_entry': 660}",MNQ,OOS,100,0.9259259259259259,0.77,-0.03832153626880432,0.7646739268559232,-1481.500000000001,3053.35,-1.4560910628568002,0.5
ORB,ORB#10,"{'orm': 5, 'stop': 'opp', 'tgt': 'ext0.5', 'narrow': False, 'max_bars': 24, 'last_entry': 660}",MES,ALL,253,0.9166666666666666,0.7984189723320159,-0.04167554061784141,0.7745018051504589,-1014.345,1312.995000000001,-1.285679994012929,0.42857142857142855
ORB,ORB#10,"{'orm': 5, 'stop': 'opp', 'tgt': 'ext0.5', 'narrow': False, 'max_bars': 24, 'last_entry': 660}",MES,IS,151,0.8988095238095238,0.7880794701986755,-0.0609577194524248,0.7991360648328032,-506.615,670.4700000000004,-1.1589189110353262,0.375
ORB,ORB#10,"{'orm': 5, 'stop': 'opp', 'tgt': 'ext0.5', 'narrow': False, 'max_bars': 24, 'last_entry': 660}",MES,OOS,102,0.9444444444444444,0.8137254901960784,-0.013130354303899342,0.7430594212726332,-507.73000000000025,917.0400000000003,-1.4559209480084552,0.5
ORB,ORB#10,"{'orm': 5, 'stop': 'opp', 'tgt': 'ext0.5', 'narrow': False, 'max_bars': 24, 'last_entry': 660}",MGC,ALL,244,0.8937728937728938,0.7868852459016393,-0.04456079466202414,0.850264631113841,-1077.9000000008368,1631.8000000004604,-0.7945148600154684,0.42857142857142855
ORB,ORB#10,"{'orm': 5, 'stop': 'opp', 'tgt': 'ext0.5', 'narrow': False, 'max_bars': 24, 'last_entry': 660}",MGC,IS,147,0.8802395209580839,0.8231292517006803,-0.004141246633568697,1.0635491309413367,256.2999999995144,995.8000000000219,0.29484366127349393,0.625
ORB,ORB#10,"{'orm': 5, 'stop': 'opp', 'tgt': 'ext0.5', 'narrow': False, 'max_bars': 24, 'last_entry': 660}",MGC,OOS,97,0.9150943396226415,0.7319587628865979,-0.10581516126184837,0.5785317159463373,-1334.2000000003509,1483.5000000002792,-2.769789524647035,0.16666666666666666
ORB,ORB#11,"{'orm': 5, 'stop': 'opp', 'tgt': 'ext0.5', 'narrow': True, 'max_bars': 24, 'last_entry': 660}",MNQ,ALL,123,0.44565217391304346,0.8373983739837398,0.021174310033289158,1.0705221947147223,244.9799999999994,1032.5100000000002,0.2494609786037499,0.6153846153846154
ORB,ORB#11,"{'orm': 5, 'stop': 'opp', 'tgt': 'ext0.5', 'narrow': True, 'max_bars': 24, 'last_entry': 660}",MNQ,IS,77,0.4583333333333333,0.8571428571428571,0.04314576695144231,1.3354670867976486,506.76999999999987,466.08000000000015,1.097939181308514,0.625
ORB,ORB#11,"{'orm': 5, 'stop': 'opp', 'tgt': 'ext0.5', 'narrow': True, 'max_bars': 24, 'last_entry': 660}",MNQ,OOS,46,0.42592592592592593,0.8043478260869565,-0.015603998286228054,0.8666486684732778,-261.79000000000013,1032.5100000000002,-0.5329735525424008,0.6
ORB,ORB#11,"{'orm': 5, 'stop': 'opp', 'tgt': 'ext0.5', 'narrow': True, 'max_bars': 24, 'last_entry': 660}",MES,ALL,124,0.4492753623188406,0.8064516129032258,-0.042054395182520764,0.7815403877379347,-335.01000000000005,502.91000000000054,-0.9096730802315552,0.38461538461538464
ORB,ORB#11,"{'orm': 5, 'stop': 'opp', 'tgt': 'ext0.5', 'narrow': True, 'max_bars': 24, 'last_entry': 660}",MES,IS,69,0.4107142857142857,0.782608695652174,-0.08357862387215732,0.6303224344081146,-326.18500000000006,400.84000000000015,-1.5894154892797152,0.25
ORB,ORB#11,"{'orm': 5, 'stop': 'opp', 'tgt': 'ext0.5', 'narrow': True, 'max_bars': 24, 'last_entry': 660}",MES,OOS,55,0.5092592592592593,0.8363636363636363,0.010039637173568766,0.9864472633454144,-8.824999999999934,180.87999999999994,-0.054615436011366994,0.6
ORB,ORB#11,"{'orm': 5, 'stop': 'opp', 'tgt': 'ext0.5', 'narrow': True, 'max_bars': 24, 'last_entry': 660}",MGC,ALL,125,0.45787545787545786,0.808,-0.02867059588754495,0.8567993473311769,-333.50000000044,570.0000000000982,-0.5388999046761037,0.42857142857142855
ORB,ORB#11,"{'orm': 5, 'stop': 'opp', 'tgt': 'ext0.5', 'narrow': True, 'max_bars': 24, 'last_entry': 660}",MGC,IS,74,0.4431137724550898,0.8378378378378378,-0.00333562986387176,0.9660452257742609,-47.90000000025272,442.0000000001426,-0.1173279034548233,0.5
ORB,ORB#11,"{'orm': 5, 'stop': 'opp', 'tgt': 'ext0.5', 'narrow': True, 'max_bars': 24, 'last_entry': 660}",MGC,OOS,51,0.4811320754716981,0.7647058823529411,-0.06543113482385506,0.6889566543234974,-285.6000000001873,570.0000000000982,-1.373328741018811,0.3333333333333333
ORB,ORB#12,"{'orm': 15, 'stop': 'mid', 'tgt': 'r1', 'narrow': False, 'max_bars': 24, 'last_entry': 660}",MNQ,ALL,235,0.8514492753623188,0.5234042553191489,0.0058700052129204375,0.9760921102137281,-458.1500000000017,3183.7000000000007,-0.159422227627384,0.42857142857142855
ORB,ORB#12,"{'orm': 15, 'stop': 'mid', 'tgt': 'r1', 'narrow': False, 'max_bars': 24, 'last_entry': 660}",MNQ,IS,139,0.8273809523809523,0.5539568345323741,0.06803367307750231,1.097552981948334,901.8899999999993,1650.3100000000002,0.610948628945066,0.5
ORB,ORB#12,"{'orm': 15, 'stop': 'mid', 'tgt': 'r1', 'narrow': False, 'max_bars': 24, 'last_entry': 660}",MNQ,OOS,96,0.8888888888888888,0.4791666666666667,-0.08413780554933875,0.8628715466827991,-1360.0400000000009,3120.3599999999974,-1.0039103214345526,0.3333333333333333
ORB,ORB#12,"{'orm': 15, 'stop': 'mid', 'tgt': 'r1', 'narrow': False, 'max_bars': 24, 'last_entry': 660}",MES,ALL,251,0.9094202898550725,0.5059760956175299,-0.006847524840679167,0.977316184552816,-198.11500000000058,1775.5400000000004,-0.15489051496709705,0.42857142857142855
ORB,ORB#12,"{'orm': 15, 'stop': 'mid', 'tgt': 'r1', 'narrow': False, 'max_bars': 24, 'last_entry': 660}",MES,IS,151,0.8988095238095238,0.5231788079470199,0.011003817366813266,1.027876092000727,143.38499999999976,997.1200000000003,0.18306509106243266,0.5
ORB,ORB#12,"{'orm': 15, 'stop': 'mid', 'tgt': 'r1', 'narrow': False, 'max_bars': 24, 'last_entry': 660}",MES,OOS,100,0.9259259259259259,0.48,-0.033803051573992764,0.904877433946918,-341.5000000000001,983.5000000000002,-0.6862091965333412,0.3333333333333333
ORB,ORB#12,"{'orm': 15, 'stop': 'mid', 'tgt': 'r1', 'narrow': False, 'max_bars': 24, 'last_entry': 660}",MGC,ALL,237,0.8681318681318682,0.45569620253164556,-0.11059455423114282,0.8074626506313889,-3198.700000000658,4116.800000000615,-1.3895031010369778,0.35714285714285715
ORB,ORB#12,"{'orm': 15, 'stop': 'mid', 'tgt': 'r1', 'narrow': False, 'max_bars': 24, 'last_entry': 660}",MGC,IS,141,0.844311377245509,0.45390070921985815,-0.11892251685886002,0.8771019746991293,-1274.6000000004556,2589.100000000335,-0.8326694401509921,0.5
ORB,ORB#12,"{'orm': 15, 'stop': 'mid', 'tgt': 'r1', 'narrow': False, 'max_bars': 24, 'last_entry': 660}",MGC,OOS,96,0.9056603773584906,0.4583333333333333,-0.09836285912168313,0.6917593156258857,-1924.1000000002023,2198.300000000198,-2.5393321112736493,0.16666666666666666
ORB,ORB#13,"{'orm': 15, 'stop': 'mid', 'tgt': 'r1', 'narrow': True, 'max_bars': 24, 'last_entry': 660}",MNQ,ALL,128,0.463768115942029,0.546875,0.04539135866172223,0.9841315180498125,-142.22000000000054,1901.3300000000006,-0.07859668126693009,0.46153846153846156
ORB,ORB#13,"{'orm': 15, 'stop': 'mid', 'tgt': 'r1', 'narrow': True, 'max_bars': 24, 'last_entry': 660}",MNQ,IS,80,0.47619047619047616,0.6,0.14275743993799864,1.2556224711771151,1065.7999999999997,949.5600000000001,1.1456639293385493,0.5
ORB,ORB#13,"{'orm': 15, 'stop': 'mid', 'tgt': 'r1', 'narrow': True, 'max_bars': 24, 'last_entry': 660}",MNQ,OOS,48,0.4444444444444444,0.4583333333333333,-0.11688544346540512,0.7479610848343103,-1208.0200000000004,1900.3800000000003,-1.4221149479541015,0.4
ORB,ORB#13,"{'orm': 15, 'stop': 'mid', 'tgt': 'r1', 'narrow': True, 'max_bars': 24, 'last_entry': 660}",MES,ALL,129,0.4673913043478261,0.5271317829457365,0.017912687081218914,1.0679975019351213,231.91499999999985,666.8100000000005,0.3285060537973519,0.5
ORB,ORB#13,"{'orm': 15, 'stop': 'mid', 'tgt': 'r1', 'narrow': True, 'max_bars': 24, 'last_entry': 660}",MES,IS,80,0.47619047619047616,0.5375,0.014787070258607638,1.1033138494345232,217.0499999999999,452.24000000000024,0.4896723046262596,0.5
ORB,ORB#13,"{'orm': 15, 'stop': 'mid', 'tgt': 'r1', 'narrow': True, 'max_bars': 24, 'last_entry': 660}",MES,OOS,49,0.4537037037037037,0.5102040816326531,0.02301573495486996,1.011349407525043,14.865000000000023,360.45500000000004,0.05644012741073646,0.5
ORB,ORB#13,"{'orm': 15, 'stop': 'mid', 'tgt': 'r1', 'narrow': True, 'max_bars': 24, 'last_entry': 660}",MGC,ALL,129,0.4725274725274725,0.4573643410852713,-0.10902288231323211,0.8500723398658124,-1139.9000000002945,1557.3000000001239,-0.7921903977258986,0.35714285714285715
ORB,ORB#13,"{'orm': 15, 'stop': 'mid', 'tgt': 'r1', 'narrow': True, 'max_bars': 24, 'last_entry': 660}",MGC,IS,76,0.4550898203592814,0.4473684210526316,-0.13654774689523227,0.9630443863081249,-168.10000000024192,1035.7000000001128,-0.17947721071884423,0.375
ORB,ORB#13,"{'orm': 15, 'stop': 'mid', 'tgt': 'r1', 'narrow': True, 'max_bars': 24, 'last_entry': 660}",MGC,OOS,53,0.5,0.4716981132075472,-0.06955326517677907,0.6818256228923166,-971.8000000000527,1131.2000000000692,-1.9512937209775247,0.3333333333333333
ORB,ORB#14,"{'orm': 15, 'stop': 'mid', 'tgt': 'r2', 'narrow': False, 'max_bars': 24, 'last_entry': 660}",MNQ,ALL,235,0.8514492753623188,0.4127659574468085,-0.01058024775377198,1.0208730293418178,453.8499999999981,3960.8,0.12744450465441653,0.5
ORB,ORB#14,"{'orm': 15, 'stop': 'mid', 'tgt': 'r2', 'narrow': False, 'max_bars': 24, 'last_entry': 660}",MNQ,IS,139,0.8273809523809523,0.4244604316546763,0.02961179444317096,1.1199959884028372,1316.139999999999,2061.3199999999997,0.6812046127013802,0.5
ORB,ORB#14,"{'orm': 15, 'stop': 'mid', 'tgt': 'r2', 'narrow': False, 'max_bars': 24, 'last_entry': 660}",MNQ,OOS,96,0.8888888888888888,0.3958333333333333,-0.0687749755180956,0.9199743484325538,-862.2900000000009,2818.4900000000002,-0.537272681629367,0.5
ORB,ORB#14,"{'orm': 15, 'stop': 'mid', 'tgt': 'r2', 'narrow': False, 'max_bars': 24, 'last_entry': 660}",MES,ALL,251,0.9094202898550725,0.4342629482071713,0.08396484884977692,1.0787104050943987,784.3849999999993,1694.1300000000008,0.48261067977014105,0.7857142857142857
ORB,ORB#14,"{'orm': 15, 'stop': 'mid', 'tgt': 'r2', 'narrow': False, 'max_bars': 24, 'last_entry': 660}",MES,IS,151,0.8988095238095238,0.44370860927152317,0.06306216340689241,1.0916180521795495,542.7599999999998,1076.6550000000002,0.5415243398795528,0.75
ORB,ORB#14,"{'orm': 15, 'stop': 'mid', 'tgt': 'r2', 'narrow': False, 'max_bars': 24, 'last_entry': 660}",MES,OOS,100,0.9259259259259259,0.42,0.11552790386853248,1.0597890032774149,241.62499999999966,1007.2500000000002,0.3861350039806506,0.8333333333333334
ORB,ORB#14,"{'orm': 15, 'stop': 'mid', 'tgt': 'r2', 'narrow': False, 'max_bars': 24, 'last_entry': 660}",MGC,ALL,237,0.8681318681318682,0.3670886075949367,-0.08541193087220982,0.8854151527384825,-2128.7000000009625,3511.1000000009135,-0.7221084505048287,0.35714285714285715
ORB,ORB#14,"{'orm': 15, 'stop': 'mid', 'tgt': 'r2', 'narrow': False, 'max_bars': 24, 'last_entry': 660}",MGC,IS,141,0.844311377245509,0.375886524822695,-0.10780133898331627,0.9382125781536766,-705.6000000006826,2674.1000000004824,-0.35932442028234046,0.375
ORB,ORB#14,"{'orm': 15, 'stop': 'mid', 'tgt': 'r2', 'narrow': False, 'max_bars': 24, 'last_entry': 660}",MGC,OOS,96,0.9056603773584906,0.3541666666666667,-0.05252748770902215,0.8011791497268398,-1423.1000000002805,2124.100000000294,-1.4713993819415507,0.3333333333333333
ORB,ORB#15,"{'orm': 15, 'stop': 'mid', 'tgt': 'r2', 'narrow': True, 'max_bars': 24, 'last_entry': 660}",MNQ,ALL,128,0.463768115942029,0.3984375,-0.03409944874848244,0.9117020072530129,-943.970000000001,3112.330000000001,-0.4262412619916628,0.46153846153846156
ORB,ORB#15,"{'orm': 15, 'stop': 'mid', 'tgt': 'r2', 'narrow': True, 'max_bars': 24, 'last_entry': 660}",MNQ,IS,80,0.47619047619047616,0.4375,0.032086040921431955,1.0982750104487256,517.2999999999994,1253.2100000000003,0.43461352702172784,0.5
ORB,ORB#15,"{'orm': 15, 'stop': 'mid', 'tgt': 'r2', 'narrow': True, 'max_bars': 24, 'last_entry': 660}",MNQ,OOS,48,0.4444444444444444,0.3333333333333333,-0.14440859819833976,0.7307372676633013,-1461.2700000000004,2751.3599999999997,-1.4551023148288258,0.4
ORB,ORB#15,"{'orm': 15, 'stop': 'mid', 'tgt': 'r2', 'narrow': True, 'max_bars': 24, 'last_entry': 660}",MES,ALL,129,0.4673913043478261,0.46511627906976744,0.15809016875590495,1.2643547411363842,1022.5399999999997,746.4250000000004,1.0930508828130647,0.6428571428571429
ORB,ORB#15,"{'orm': 15, 'stop': 'mid', 'tgt': 'r2', 'narrow': True, 'max_bars': 24, 'last_entry': 660}",MES,IS,80,0.47619047619047616,0.4625,0.0863953539421041,1.1629798647298792,398.9249999999998,530.9900000000002,0.6924518300698445,0.5
ORB,ORB#15,"{'orm': 15, 'stop': 'mid', 'tgt': 'r2', 'narrow': True, 'max_bars': 24, 'last_entry': 660}",MES,OOS,49,0.4537037037037037,0.46938775510204084,0.27514292763557985,1.439052637878292,623.615,381.19999999999993,1.7296446580541796,0.8333333333333334
ORB,ORB#15,"{'orm': 15, 'stop': 'mid', 'tgt': 'r2', 'narrow': True, 'max_bars': 24, 'last_entry': 660}",MGC,ALL,129,0.4725274725274725,0.3643410852713178,-0.09911697869779779,0.8163316929586178,-1597.4000000004085,1727.300000000449,-0.9766695025845651,0.42857142857142855
ORB,ORB#15,"{'orm': 15, 'stop': 'mid', 'tgt': 'r2', 'narrow': True, 'max_bars': 24, 'last_entry': 660}",MGC,IS,76,0.4550898203592814,0.3684210526315789,-0.17632171793430224,0.8286345075512747,-877.1000000003702,1504.200000000305,-0.865627538232696,0.375
ORB,ORB#15,"{'orm': 15, 'stop': 'mid', 'tgt': 'r2', 'narrow': True, 'max_bars': 24, 'last_entry': 660}",MGC,OOS,53,0.5,0.3584905660377358,0.0115917039809633,0.7987370421079119,-720.3000000000383,1237.2000000001003,-1.1523449490838182,0.5
ORB,ORB#16,"{'orm': 15, 'stop': 'mid', 'tgt': 'ext0.5', 'narrow': False, 'max_bars': 24, 'last_entry': 660}",MNQ,ALL,234,0.8478260869565217,0.6666666666666666,-0.01006002580426628,0.9495376097262014,-627.4100000000008,2709.6900000000005,-0.3173399023240799,0.5
ORB,ORB#16,"{'orm': 15, 'stop': 'mid', 'tgt': 'ext0.5', 'narrow': False, 'max_bars': 24, 'last_entry': 660}",MNQ,IS,138,0.8214285714285714,0.6956521739130435,0.05748328938114313,1.245832572036585,1372.3799999999999,1391.5400000000004,1.3434956433293435,0.75
ORB,ORB#16,"{'orm': 15, 'stop': 'mid', 'tgt': 'ext0.5', 'narrow': False, 'max_bars': 24, 'last_entry': 660}",MNQ,OOS,96,0.8888888888888888,0.625,-0.10715354138329226,0.7080871276260321,-1999.7900000000006,2622.2799999999997,-2.17550891620959,0.16666666666666666
ORB,ORB#16,"{'orm': 15, 'stop': 'mid', 'tgt': 'ext0.5', 'narrow': False, 'max_bars': 24, 'last_entry': 660}",MES,ALL,235,0.8514492753623188,0.6595744680851063,-0.07105788626589597,0.8280528417582522,-894.5250000000005,1074.6550000000007,-1.1259301462125118,0.21428571428571427
ORB,ORB#16,"{'orm': 15, 'stop': 'mid', 'tgt': 'ext0.5', 'narrow': False, 'max_bars': 24, 'last_entry': 660}",MES,IS,141,0.8392857142857143,0.6737588652482269,-0.03710238784739845,0.9508452106970305,-146.09000000000015,619.6200000000003,-0.29725593284188423,0.25
ORB,ORB#16,"{'orm': 15, 'stop': 'mid', 'tgt': 'ext0.5', 'narrow': False, 'max_bars': 24, 'last_entry': 660}",MES,OOS,94,0.8703703703703703,0.6382978723404256,-0.12199113389364225,0.6644218115621995,-748.4350000000002,854.1800000000007,-2.473460484161834,0.16666666666666666
ORB,ORB#16,"{'orm': 15, 'stop': 'mid', 'tgt': 'ext0.5', 'narrow': False, 'max_bars': 24, 'last_entry': 660}",MGC,ALL,229,0.8388278388278388,0.6462882096069869,-0.07803630198627977,0.8161025978033644,-1846.9000000011433,2726.7000000006224,-1.1861865828236906,0.21428571428571427
ORB,ORB#16,"{'orm': 15, 'stop': 'mid', 'tgt': 'ext0.5', 'narrow': False, 'max_bars': 24, 'last_entry': 660}",MGC,IS,136,0.8143712574850299,0.6323529411764706,-0.10817309412502295,0.7996326624319975,-1309.100000000615,2080.300000000545,-1.2862917484637773,0.125
ORB,ORB#16,"{'orm': 15, 'stop': 'mid', 'tgt': 'ext0.5', 'narrow': False, 'max_bars': 24, 'last_entry': 660}",MGC,OOS,93,0.8773584905660378,0.6666666666666666,-0.03396529412747254,0.8467631638931816,-537.8000000005284,920.5000000000709,-1.0041598758389123,0.3333333333333333
ORB,ORB#17,"{'orm': 15, 'stop': 'mid', 'tgt': 'ext0.5', 'narrow': True, 'max_bars': 24, 'last_entry': 660}",MNQ,ALL,128,0.463768115942029,0.7265625,0.0710567627413962,1.2247904691564178,1050.0299999999997,1148.3400000000001,0.9276162709995783,0.6153846153846154
ORB,ORB#17,"{'orm': 15, 'stop': 'mid', 'tgt': 'ext0.5', 'narrow': True, 'max_bars': 24, 'last_entry': 660}",MNQ,IS,80,0.47619047619047616,0.775,0.15923136522974746,1.923429452516838,1724.8000000000002,608.94,3.060242584246319,0.75
ORB,ORB#17,"{'orm': 15, 'stop': 'mid', 'tgt': 'ext0.5', 'narrow': True, 'max_bars': 24, 'last_entry': 660}",MNQ,OOS,48,0.4444444444444444,0.6458333333333334,-0.07590090807252257,0.7592969789500345,-674.7700000000004,1148.3400000000001,-1.2495739009297964,0.4
ORB,ORB#17,"{'orm': 15, 'stop': 'mid', 'tgt': 'ext0.5', 'narrow': True, 'max_bars': 24, 'last_entry': 660}",MES,ALL,118,0.427536231884058,0.6864406779661016,-0.05990274513497795,0.825303699429069,-326.94500000000005,482.7550000000003,-0.8108120347114955,0.38461538461538464
ORB,ORB#17,"{'orm': 15, 'stop': 'mid', 'tgt': 'ext0.5', 'narrow': True, 'max_bars': 24, 'last_entry': 660}",MES,IS,74,0.44047619047619047,0.6891891891891891,-0.06274591668582923,0.8421708800853942,-189.26,257.795,-0.7300600137489864,0.375
ORB,ORB#17,"{'orm': 15, 'stop': 'mid', 'tgt': 'ext0.5', 'narrow': True, 'max_bars': 24, 'last_entry': 660}",MES,OOS,44,0.4074074074074074,0.6818181818181818,-0.05512104752672806,0.7952213100124932,-137.68499999999997,286.5850000000001,-0.9584039043282936,0.4
ORB,ORB#17,"{'orm': 15, 'stop': 'mid', 'tgt': 'ext0.5', 'narrow': True, 'max_bars': 24, 'last_entry': 660}",MGC,ALL,121,0.4432234432234432,0.6446280991735537,-0.09798525549458137,0.7684879477693989,-932.6000000006059,1406.7000000003397,-1.1597174720335721,0.35714285714285715
ORB,ORB#17,"{'orm': 15, 'stop': 'mid', 'tgt': 'ext0.5', 'narrow': True, 'max_bars': 24, 'last_entry': 660}",MGC,IS,71,0.4251497005988024,0.5915492957746479,-0.1874392207843637,0.6177209959019818,-1110.100000000319,1191.3000000003256,-2.0679326748226705,0.125
ORB,ORB#17,"{'orm': 15, 'stop': 'mid', 'tgt': 'ext0.5', 'narrow': True, 'max_bars': 24, 'last_entry': 660}",MGC,OOS,50,0.4716981132075472,0.72,0.02903937521690952,1.1578619708286173,177.4999999997136,273.8000000000145,0.6852394342269913,0.6666666666666666
ORB,ORB#18,"{'orm': 15, 'stop': 'opp', 'tgt': 'r1', 'narrow': False, 'max_bars': 24, 'last_entry': 660}",MNQ,ALL,235,0.8514492753623188,0.5148936170212766,0.0095502809517506,1.0223899881262737,547.5999999999979,3723.5599999999995,0.13762389942333703,0.42857142857142855
ORB,ORB#18,"{'orm': 15, 'stop': 'opp', 'tgt': 'r1', 'narrow': False, 'max_bars': 24, 'last_entry': 660}",MNQ,IS,139,0.8273809523809523,0.5323741007194245,0.03948424680696519,1.0787927276289688,965.1399999999987,2090.7999999999993,0.46153057444657003,0.5
ORB,ORB#18,"{'orm': 15, 'stop': 'opp', 'tgt': 'r1', 'narrow': False, 'max_bars': 24, 'last_entry': 660}",MNQ,OOS,96,0.8888888888888888,0.4895833333333333,-0.03379160710944551,0.9657985658889966,-417.5400000000009,3212.84,-0.22620361340541534,0.3333333333333333
ORB,ORB#18,"{'orm': 15, 'stop': 'opp', 'tgt': 'r1', 'narrow': False, 'max_bars': 24, 'last_entry': 660}",MES,ALL,251,0.9094202898550725,0.5258964143426295,0.0038670693307245978,0.9197047867394413,-988.7400000000008,2651.250000000001,-0.5432523710331445,0.42857142857142855
ORB,ORB#18,"{'orm': 15, 'stop': 'opp', 'tgt': 'r1', 'narrow': False, 'max_bars': 24, 'last_entry': 660}",MES,IS,151,0.8988095238095238,0.5298013245033113,-0.01710000010694947,0.9405985729294222,-423.4900000000005,1703.3500000000004,-0.3854445486618612,0.5
ORB,ORB#18,"{'orm': 15, 'stop': 'opp', 'tgt': 'r1', 'narrow': False, 'max_bars': 24, 'last_entry': 660}",MES,OOS,100,0.9259259259259259,0.52,0.03552734418161245,0.8909735134592981,-565.2500000000002,1249.2300000000005,-0.7802991367058152,0.3333333333333333
ORB,ORB#18,"{'orm': 15, 'stop': 'opp', 'tgt': 'r1', 'narrow': False, 'max_bars': 24, 'last_entry': 660}",MGC,ALL,237,0.8681318681318682,0.5021097046413502,-0.004455403596979948,1.046004991834301,895.7999999991669,2503.6000000002186,0.2788091082015381,0.42857142857142855
ORB,ORB#18,"{'orm': 15, 'stop': 'opp', 'tgt': 'r1', 'narrow': False, 'max_bars': 24, 'last_entry': 660}",MGC,IS,141,0.844311377245509,0.5177304964539007,-0.008134923881277676,1.1369635580002524,1633.3999999994735,2503.6000000002186,0.7687528912683071,0.5
ORB,ORB#18,"{'orm': 15, 'stop': 'opp', 'tgt': 'r1', 'narrow': False, 'max_bars': 24, 'last_entry': 660}",MGC,OOS,96,0.9056603773584906,0.4791666666666667,0.0009488918205823408,0.902252849191588,-737.600000000306,1590.4000000001174,-0.6882996553456118,0.3333333333333333
ORB,ORB#19,"{'orm': 15, 'stop': 'opp', 'tgt': 'r1', 'narrow': True, 'max_bars': 24, 'last_entry': 660}",MNQ,ALL,128,0.463768115942029,0.4921875,-0.011000473389834026,0.8551951772984621,-1895.2200000000012,4568.0599999999995,-0.7259450303573802,0.46153846153846156
ORB,ORB#19,"{'orm': 15, 'stop': 'opp', 'tgt': 'r1', 'narrow': True, 'max_bars': 24, 'last_entry': 660}",MNQ,IS,80,0.47619047619047616,0.55,0.078929055369326,1.1443892496936257,881.2999999999993,1068.5800000000002,0.6349676451722048,0.625
ORB,ORB#19,"{'orm': 15, 'stop': 'opp', 'tgt': 'r1', 'narrow': True, 'max_bars': 24, 'last_entry': 660}",MNQ,OOS,48,0.4444444444444444,0.3958333333333333,-0.1608830213217674,0.6024717730504578,-2776.5200000000004,4204.859999999997,-2.3362493173941097,0.2
ORB,ORB#19,"{'orm': 15, 'stop': 'opp', 'tgt': 'r1', 'narrow': True, 'max_bars': 24, 'last_entry': 660}",MES,ALL,129,0.4673913043478261,0.5658914728682171,0.07056863497673882,1.1627099260419538,731.2899999999997,917.1800000000001,0.7320128722472236,0.5714285714285714
ORB,ORB#19,"{'orm': 15, 'stop': 'opp', 'tgt': 'r1', 'narrow': True, 'max_bars': 24, 'last_entry': 660}",MES,IS,80,0.47619047619047616,0.5125,-0.03707085700522887,0.9304070597507642,-215.45000000000016,778.49,-0.34666936489567596,0.5
ORB,ORB#19,"{'orm': 15, 'stop': 'opp', 'tgt': 'r1', 'narrow': True, 'max_bars': 24, 'last_entry': 660}",MES,OOS,49,0.4537037037037037,0.6530612244897959,0.24630658106974732,1.6769294570206923,946.74,424.84000000000015,2.523487691083265,0.6666666666666666
ORB,ORB#19,"{'orm': 15, 'stop': 'opp', 'tgt': 'r1', 'narrow': True, 'max_bars': 24, 'last_entry': 660}",MGC,ALL,129,0.4725274725274725,0.49612403100775193,-0.04163720990457516,0.9266951255832088,-738.4000000003707,2051.000000000193,-0.3769360400774194,0.35714285714285715
ORB,ORB#19,"{'orm': 15, 'stop': 'opp', 'tgt': 'r1', 'narrow': True, 'max_bars': 24, 'last_entry': 660}",MGC,IS,76,0.4550898203592814,0.5131578947368421,-0.05194666996597779,1.0386703078115584,229.3999999997394,1249.800000000071,0.1820261693041687,0.5
ORB,ORB#19,"{'orm': 15, 'stop': 'opp', 'tgt': 'r1', 'narrow': True, 'max_bars': 24, 'last_entry': 660}",MGC,OOS,53,0.5,0.4716981132075472,-0.026853833212752504,0.7662770479134301,-967.8000000001108,1249.8000000000927,-1.3910550835161972,0.16666666666666666
ORB,ORB#20,"{'orm': 15, 'stop': 'opp', 'tgt': 'r2', 'narrow': False, 'max_bars': 24, 'last_entry': 660}",MNQ,ALL,235,0.8514492753623188,0.48936170212765956,-0.006627218191623667,0.9216387842521871,-2032.4000000000005,6398.079999999997,-0.4913468988475778,0.42857142857142855
ORB,ORB#20,"{'orm': 15, 'stop': 'opp', 'tgt': 'r2', 'narrow': False, 'max_bars': 24, 'last_entry': 660}",MNQ,IS,139,0.8273809523809523,0.5107913669064749,0.0481737465428366,1.081574855794855,1034.6399999999987,2434.3199999999997,0.4489981765190964,0.625
ORB,ORB#20,"{'orm': 15, 'stop': 'opp', 'tgt': 'r2', 'narrow': False, 'max_bars': 24, 'last_entry': 660}",MNQ,OOS,96,0.8888888888888888,0.4583333333333333,-0.08597444838006095,0.7685773312870012,-3067.04,6030.279999999995,-1.6949641150810548,0.16666666666666666
ORB,ORB#20,"{'orm': 15, 'stop': 'opp', 'tgt': 'r2', 'narrow': False, 'max_bars': 24, 'last_entry': 660}",MES,ALL,251,0.9094202898550725,0.4940239043824701,0.01743071027197727,0.9252952960674724,-958.740000000001,2649.130000000001,-0.4760942111686812,0.5
ORB,ORB#20,"{'orm': 15, 'stop': 'opp', 'tgt': 'r2', 'narrow': False, 'max_bars': 24, 'last_entry': 660}",MES,IS,151,0.8988095238095238,0.4966887417218543,-0.0048481985366997235,0.949347904281159,-375.9900000000005,1637.1000000000004,-0.301319371037732,0.5
ORB,ORB#20,"{'orm': 15, 'stop': 'opp', 'tgt': 'r2', 'narrow': False, 'max_bars': 24, 'last_entry': 660}",MES,OOS,100,0.9259259259259259,0.49,0.051071862573079496,0.8922975415562382,-582.7500000000005,1227.1300000000003,-0.7578530778002053,0.5
ORB,ORB#20,"{'orm': 15, 'stop': 'opp', 'tgt': 'r2', 'narrow': False, 'max_bars': 24, 'last_entry': 660}",MGC,ALL,237,0.8681318681318682,0.45569620253164556,-0.02482117279207129,0.9859344177934672,-295.20000000140504,2754.600000000322,-0.08404981056409952,0.5
ORB,ORB#20,"{'orm': 15, 'stop': 'opp', 'tgt': 'r2', 'narrow': False, 'max_bars': 24, 'last_entry': 660}",MGC,IS,141,0.844311377245509,0.48936170212765956,-0.02950956355345389,1.0336243730261232,434.39999999910344,2754.600000000322,0.19001984608719444,0.5
ORB,ORB#20,"{'orm': 15, 'stop': 'opp', 'tgt': 'r2', 'narrow': False, 'max_bars': 24, 'last_entry': 660}",MGC,OOS,96,0.9056603773584906,0.40625,-0.017935098861290633,0.9095709080091618,-729.6000000005084,1616.4000000001147,-0.5984496661957266,0.5
ORB,ORB#21,"{'orm': 15, 'stop': 'opp', 'tgt': 'r2', 'narrow': True, 'max_bars': 24, 'last_entry': 660}",MNQ,ALL,128,0.463768115942029,0.4765625,-0.010033737583702605,0.8336489017337642,-2263.220000000001,5731.079999999998,-0.8201044602682735,0.46153846153846156
ORB,ORB#21,"{'orm': 15, 'stop': 'opp', 'tgt': 'r2', 'narrow': True, 'max_bars': 24, 'last_entry': 660}",MNQ,IS,80,0.47619047619047616,0.5375,0.09804755138092835,1.2042388964603687,1282.7999999999993,1507.6000000000001,0.8219053938020758,0.625
ORB,ORB#21,"{'orm': 15, 'stop': 'opp', 'tgt': 'r2', 'narrow': True, 'max_bars': 24, 'last_entry': 660}",MNQ,OOS,48,0.4444444444444444,0.375,-0.19016921919142082,0.515848829906338,-3546.0200000000004,4991.859999999994,-3.019385529811816,0.2
ORB,ORB#21,"{'orm': 15, 'stop': 'opp', 'tgt': 'r2', 'narrow': True, 'max_bars': 24, 'last_entry': 660}",MES,ALL,129,0.4673913043478261,0.5348837209302325,0.12994311315664203,1.2974762621396017,1373.7899999999997,1013.4300000000003,1.1480879379639999,0.8571428571428571
ORB,ORB#21,"{'orm': 15, 'stop': 'opp', 'tgt': 'r2', 'narrow': True, 'max_bars': 24, 'last_entry': 660}",MES,IS,80,0.47619047619047616,0.4875,0.027015954094502238,1.0827967622133683,257.04999999999984,759.8900000000001,0.34168944443288135,0.875
ORB,ORB#21,"{'orm': 15, 'stop': 'opp', 'tgt': 'r2', 'narrow': True, 'max_bars': 24, 'last_entry': 660}",MES,OOS,49,0.4537037037037037,0.6122448979591837,0.29798745448258457,1.7378234097095597,1116.74,329.9200000000001,2.5210079438302038,0.8333333333333334
ORB,ORB#21,"{'orm': 15, 'stop': 'opp', 'tgt': 'r2', 'narrow': True, 'max_bars': 24, 'last_entry': 660}",MGC,ALL,129,0.4725274725274725,0.4186046511627907,-0.07003546000603768,0.9134557958555258,-956.4000000006235,1932.6000000001438,-0.4222051325322852,0.14285714285714285
ORB,ORB#21,"{'orm': 15, 'stop': 'opp', 'tgt': 'r2', 'narrow': True, 'max_bars': 24, 'last_entry': 660}",MGC,IS,76,0.4550898203592814,0.47368421052631576,-0.08994793249588678,0.9721978710080738,-177.6000000004318,1446.200000000254,-0.1277861704196873,0.125
ORB,ORB#21,"{'orm': 15, 'stop': 'opp', 'tgt': 'r2', 'narrow': True, 'max_bars': 24, 'last_entry': 660}",MGC,OOS,53,0.5,0.33962264150943394,-0.041481725869650266,0.8329830581170582,-778.8000000001924,1498.4000000001215,-0.8860295707018446,0.16666666666666666
ORB,ORB#22,"{'orm': 15, 'stop': 'opp', 'tgt': 'ext0.5', 'narrow': False, 'max_bars': 24, 'last_entry': 660}",MNQ,ALL,234,0.8478260869565217,0.782051282051282,0.03679446768262213,1.149770414254645,1856.5899999999988,2249.909999999999,0.7684128690389077,0.7142857142857143
ORB,ORB#22,"{'orm': 15, 'stop': 'opp', 'tgt': 'ext0.5', 'narrow': False, 'max_bars': 24, 'last_entry': 660}",MNQ,IS,138,0.8214285714285714,0.8043478260869565,0.06588947440986842,1.3484648058655786,2096.88,1585.7600000000002,1.6421573558855744,0.625
ORB,ORB#22,"{'orm': 15, 'stop': 'opp', 'tgt': 'ext0.5', 'narrow': False, 'max_bars': 24, 'last_entry': 660}",MNQ,OOS,96,0.8888888888888888,0.75,-0.005029604487794398,0.96232966908929,-240.29000000000065,2249.9100000000003,-0.2158305053360747,0.8333333333333334
ORB,ORB#22,"{'orm': 15, 'stop': 'opp', 'tgt': 'ext0.5', 'narrow': False, 'max_bars': 24, 'last_entry': 660}",MES,ALL,235,0.8514492753623188,0.7489361702127659,-0.05731270679499643,0.7493382067223626,-1651.4000000000005,1959.315000000001,-1.5041996070570791,0.21428571428571427
ORB,ORB#22,"{'orm': 15, 'stop': 'opp', 'tgt': 'ext0.5', 'narrow': False, 'max_bars': 24, 'last_entry': 660}",MES,IS,141,0.8392857142857143,0.7730496453900709,-0.02968339970748744,0.9347913866600525,-226.09000000000032,669.0050000000003,-0.3513755353558398,0.375
ORB,ORB#22,"{'orm': 15, 'stop': 'opp', 'tgt': 'ext0.5', 'narrow': False, 'max_bars': 24, 'last_entry': 660}",MES,OOS,94,0.8703703703703703,0.7127659574468085,-0.0987566674262599,0.5433133182526002,-1425.3100000000002,1506.6000000000006,-3.161248508591863,0.0
ORB,ORB#22,"{'orm': 15, 'stop': 'opp', 'tgt': 'ext0.5', 'narrow': False, 'max_bars': 24, 'last_entry': 660}",MGC,ALL,229,0.8388278388278388,0.759825327510917,-0.027643751992015853,0.9627076494577684,-374.90000000106375,1857.8000000001969,-0.205132955939579,0.5
ORB,ORB#22,"{'orm': 15, 'stop': 'opp', 'tgt': 'ext0.5', 'narrow': False, 'max_bars': 24, 'last_entry': 660}",MGC,IS,136,0.8143712574850299,0.7720588235294118,-0.019170443633582706,1.0877843130587506,516.3999999994279,1857.8000000001969,0.44990892997020915,0.5
ORB,ORB#22,"{'orm': 15, 'stop': 'opp', 'tgt': 'ext0.5', 'narrow': False, 'max_bars': 24, 'last_entry': 660}",MGC,OOS,93,0.8773584905660378,0.7419354838709677,-0.04003482658069229,0.7862794935736487,-891.3000000004913,1361.2000000004266,-1.311742482847755,0.5
ORB,ORB#23,"{'orm': 15, 'stop': 'opp', 'tgt': 'ext0.5', 'narrow': True, 'max_bars': 24, 'last_entry': 660}",MNQ,ALL,128,0.463768115942029,0.84375,0.10642644420683706,1.7772219058957506,3003.03,1136.1499999999978,2.346131066810083,0.9230769230769231
ORB,ORB#23,"{'orm': 15, 'stop': 'opp', 'tgt': 'ext0.5', 'narrow': True, 'max_bars': 24, 'last_entry': 660}",MNQ,IS,80,0.47619047619047616,0.8875,0.15618999714221318,2.831291022474517,2684.05,348.4599999999998,4.392218697594508,1.0
ORB,ORB#23,"{'orm': 15, 'stop': 'opp', 'tgt': 'ext0.5', 'narrow': True, 'max_bars': 24, 'last_entry': 660}",MNQ,OOS,48,0.4444444444444444,0.7708333333333334,0.02348718931454355,1.1330114171816492,318.9799999999997,1136.15,0.5049428119255802,0.8
ORB,ORB#23,"{'orm': 15, 'stop': 'opp', 'tgt': 'ext0.5', 'narrow': True, 'max_bars': 24, 'last_entry': 660}",MES,ALL,118,0.427536231884058,0.788135593220339,-0.033126889637367644,0.8457003143555709,-331.32,587.4150000000004,-0.6263729951541804,0.3076923076923077
ORB,ORB#23,"{'orm': 15, 'stop': 'opp', 'tgt': 'ext0.5', 'narrow': True, 'max_bars': 24, 'last_entry': 660}",MES,IS,74,0.44047619047619047,0.7702702702702703,-0.06933278275773878,0.7319832099479087,-408.00999999999993,518.2800000000002,-1.1748427136876176,0.25
ORB,ORB#23,"{'orm': 15, 'stop': 'opp', 'tgt': 'ext0.5', 'narrow': True, 'max_bars': 24, 'last_entry': 660}",MES,OOS,44,0.4074074074074074,0.8181818181818182,0.027764839701438393,1.1227197081226399,76.69000000000003,257.39,0.42850007692622144,0.4
ORB,ORB#23,"{'orm': 15, 'stop': 'opp', 'tgt': 'ext0.5', 'narrow': True, 'max_bars': 24, 'last_entry': 660}",MGC,ALL,121,0.4432234432234432,0.768595041322314,-0.05243888821797396,0.8864612684187473,-491.6000000005294,1022.5000000001069,-0.4844961708212829,0.5
ORB,ORB#23,"{'orm': 15, 'stop': 'opp', 'tgt': 'ext0.5', 'narrow': True, 'max_bars': 24, 'last_entry': 660}",MGC,IS,71,0.4251497005988024,0.7605633802816901,-0.06580120895385422,0.9103399748165886,-242.10000000025806,1022.5000000001069,-0.37360567705079006,0.375
ORB,ORB#23,"{'orm': 15, 'stop': 'opp', 'tgt': 'ext0.5', 'narrow': True, 'max_bars': 24, 'last_entry': 660}",MGC,OOS,50,0.4716981132075472,0.78,-0.03346439277302395,0.8468949435442695,-249.50000000027094,653.0000000001131,-0.6800776194858619,0.6666666666666666
ORB,ORB#24,"{'orm': 30, 'stop': 'mid', 'tgt': 'r1', 'narrow': False, 'max_bars': 24, 'last_entry': 660}",MNQ,ALL,161,0.5833333333333334,0.515527950310559,0.0028104301259676712,1.0021561670101886,28.35999999999865,2199.5700000000006,0.011594014395245742,0.5
ORB,ORB#24,"{'orm': 30, 'stop': 'mid', 'tgt': 'r1', 'narrow': False, 'max_bars': 24, 'last_entry': 660}",MNQ,IS,96,0.5714285714285714,0.5416666666666666,0.028864605994308595,1.078089742273928,540.2099999999991,1711.9500000000003,0.4108584480975758,0.625
ORB,ORB#24,"{'orm': 30, 'stop': 'mid', 'tgt': 'r1', 'narrow': False, 'max_bars': 24, 'last_entry': 660}",MNQ,OOS,65,0.6018518518518519,0.47692307692307695,-0.0356695834641974,0.9179090833274529,-511.8500000000006,1696.0600000000002,-0.460070284646298,0.3333333333333333
ORB,ORB#24,"{'orm': 30, 'stop': 'mid', 'tgt': 'r1', 'narrow': False, 'max_bars': 24, 'last_entry': 660}",MES,ALL,192,0.6956521739130435,0.5520833333333334,0.08053887029997708,1.252630303795503,1480.6699999999996,810.8099999999993,1.316451708482051,0.5
ORB,ORB#24,"{'orm': 30, 'stop': 'mid', 'tgt': 'r1', 'narrow': False, 'max_bars': 24, 'last_entry': 660}",MES,IS,112,0.6666666666666666,0.5714285714285714,0.11747947826813378,1.4233533669762384,1326.745,509.10500000000025,2.000353478562977,0.625
ORB,ORB#24,"{'orm': 30, 'stop': 'mid', 'tgt': 'r1', 'narrow': False, 'max_bars': 24, 'last_entry': 660}",MES,OOS,80,0.7407407407407407,0.525,0.028822019144557693,1.0564423274370036,153.92499999999998,810.8100000000004,0.333595085163896,0.3333333333333333
ORB,ORB#24,"{'orm': 30, 'stop': 'mid', 'tgt': 'r1', 'narrow': False, 'max_bars': 24, 'last_entry': 660}",MGC,ALL,195,0.7142857142857143,0.4307692307692308,-0.1259619040119902,0.6832049753691269,-5022.500000000576,5884.500000000528,-2.2534919842628494,0.35714285714285715
ORB,ORB#24,"{'orm': 30, 'stop': 'mid', 'tgt': 'r1', 'narrow': False, 'max_bars': 24, 'last_entry': 660}",MGC,IS,120,0.718562874251497,0.45,-0.07545469824127128,0.7223130029821235,-2719.0000000003665,3842.900000000254,-1.8702806337430655,0.375
ORB,ORB#24,"{'orm': 30, 'stop': 'mid', 'tgt': 'r1', 'narrow': False, 'max_bars': 24, 'last_entry': 660}",MGC,OOS,75,0.7075471698113207,0.4,-0.20677343324514047,0.6200412371133878,-2303.500000000208,2464.2000000002267,-2.9913833582749083,0.3333333333333333
ORB,ORB#25,"{'orm': 30, 'stop': 'mid', 'tgt': 'r1', 'narrow': True, 'max_bars': 24, 'last_entry': 660}",MNQ,ALL,105,0.3804347826086957,0.49523809523809526,-0.024577508806425563,0.9524639873038301,-382.2000000000009,1465.3200000000002,-0.21461965085480936,0.35714285714285715
ORB,ORB#25,"{'orm': 30, 'stop': 'mid', 'tgt': 'r1', 'narrow': True, 'max_bars': 24, 'last_entry': 660}",MNQ,IS,66,0.39285714285714285,0.5151515151515151,0.005672432114550193,1.0114319756827932,50.6599999999994,1465.3200000000002,0.051497942888171645,0.5
ORB,ORB#25,"{'orm': 30, 'stop': 'mid', 'tgt': 'r1', 'narrow': True, 'max_bars': 24, 'last_entry': 660}",MNQ,OOS,39,0.3611111111111111,0.46153846153846156,-0.07576971651884608,0.8800539793116255,-432.86000000000035,1144.0600000000002,-0.5482729818864469,0.16666666666666666
ORB,ORB#25,"{'orm': 30, 'stop': 'mid', 'tgt': 'r1', 'narrow': True, 'max_bars': 24, 'last_entry': 660}",MES,ALL,118,0.427536231884058,0.576271186440678,0.13963230450885714,1.3637530099759207,1057.4299999999998,302.4000000000001,1.4770216545617745,0.7142857142857143
ORB,ORB#25,"{'orm': 30, 'stop': 'mid', 'tgt': 'r1', 'narrow': True, 'max_bars': 24, 'last_entry': 660}",MES,IS,70,0.4166666666666667,0.5857142857142857,0.1325872296373389,1.4153280274542737,682.575,291.81500000000005,1.6105512954744903,0.75
ORB,ORB#25,"{'orm': 30, 'stop': 'mid', 'tgt': 'r1', 'narrow': True, 'max_bars': 24, 'last_entry': 660}",MES,OOS,48,0.4444444444444444,0.5625,0.1499063720298211,1.2966704655175145,374.85500000000013,302.4000000000001,1.2794631398089484,0.6666666666666666
ORB,ORB#25,"{'orm': 30, 'stop': 'mid', 'tgt': 'r1', 'narrow': True, 'max_bars': 24, 'last_entry': 660}",MGC,ALL,121,0.4432234432234432,0.48760330578512395,-0.046179057783613364,0.9076467146599909,-726.1000000002552,1699.7000000001617,-0.46051542628677294,0.2857142857142857
ORB,ORB#25,"{'orm': 30, 'stop': 'mid', 'tgt': 'r1', 'narrow': True, 'max_bars': 24, 'last_entry': 660}",MGC,IS,69,0.41317365269461076,0.5362318840579711,0.060557739944715035,1.1477518186557583,595.0999999998336,909.5000000000948,0.6118803258821958,0.375
ORB,ORB#25,"{'orm': 30, 'stop': 'mid', 'tgt': 'r1', 'narrow': True, 'max_bars': 24, 'last_entry': 660}",MGC,OOS,52,0.49056603773584906,0.4230769230769231,-0.18781057784620298,0.6554439953057707,-1321.2000000000878,1410.7000000000828,-2.197927486514439,0.16666666666666666
ORB,ORB#26,"{'orm': 30, 'stop': 'mid', 'tgt': 'r2', 'narrow': False, 'max_bars': 24, 'last_entry': 660}",MNQ,ALL,161,0.5833333333333334,0.42857142857142855,-0.03358601879659878,0.9117878070191296,-1317.3900000000015,2469.4900000000007,-0.4628069496681893,0.42857142857142855
ORB,ORB#26,"{'orm': 30, 'stop': 'mid', 'tgt': 'r2', 'narrow': False, 'max_bars': 24, 'last_entry': 660}",MNQ,IS,96,0.5714285714285714,0.4583333333333333,0.009880774651252512,1.061511748569315,478.9599999999991,1794.5700000000002,0.29956333732978535,0.5
ORB,ORB#26,"{'orm': 30, 'stop': 'mid', 'tgt': 'r2', 'narrow': False, 'max_bars': 24, 'last_entry': 660}",MNQ,OOS,65,0.6018518518518519,0.38461538461538464,-0.09778312911957915,0.7486866680190546,-1796.3500000000006,2020.5200000000002,-1.4527371339351398,0.3333333333333333
ORB,ORB#26,"{'orm': 30, 'stop': 'mid', 'tgt': 'r2', 'narrow': False, 'max_bars': 24, 'last_entry': 660}",MES,ALL,192,0.6956521739130435,0.484375,0.12077448381591059,1.2786769606305117,1896.2949999999996,539.2350000000001,1.3237757712412757,0.5714285714285714
ORB,ORB#26,"{'orm': 30, 'stop': 'mid', 'tgt': 'r2', 'narrow': False, 'max_bars': 24, 'last_entry': 660}",MES,IS,112,0.6666666666666666,0.5089285714285714,0.1332929093646385,1.3864671464394205,1421.745,539.2350000000001,1.6891802718131939,0.5
ORB,ORB#26,"{'orm': 30, 'stop': 'mid', 'tgt': 'r2', 'narrow': False, 'max_bars': 24, 'last_entry': 660}",MES,OOS,80,0.7407407407407407,0.45,0.1032486880476915,1.1518166491245474,474.5499999999998,476.0500000000002,0.8019865369313619,0.6666666666666666
ORB,ORB#26,"{'orm': 30, 'stop': 'mid', 'tgt': 'r2', 'narrow': False, 'max_bars': 24, 'last_entry': 660}",MGC,ALL,195,0.7142857142857143,0.3641025641025641,-0.10647929451540997,0.7359465663824627,-4578.000000000931,5370.200000000846,-1.691700110091493,0.2857142857142857
ORB,ORB#26,"{'orm': 30, 'stop': 'mid', 'tgt': 'r2', 'narrow': False, 'max_bars': 24, 'last_entry': 660}",MGC,IS,120,0.718562874251497,0.38333333333333336,-0.06695258836304889,0.7576687404404279,-2582.500000000525,3684.9000000003525,-1.4593630930984263,0.25
ORB,ORB#26,"{'orm': 30, 'stop': 'mid', 'tgt': 'r2', 'narrow': False, 'max_bars': 24, 'last_entry': 660}",MGC,OOS,75,0.7075471698113207,0.3333333333333333,-0.16972202435918765,0.7012948132624361,-1995.500000000407,2526.600000000357,-2.145400767578175,0.3333333333333333
ORB,ORB#27,"{'orm': 30, 'stop': 'mid', 'tgt': 'r2', 'narrow': True, 'max_bars': 24, 'last_entry': 660}",MNQ,ALL,105,0.3804347826086957,0.4095238095238095,-0.03630582793733218,0.938179172488675,-555.700000000001,1412.8000000000009,-0.2567463699770076,0.5714285714285714
ORB,ORB#27,"{'orm': 30, 'stop': 'mid', 'tgt': 'r2', 'narrow': True, 'max_bars': 24, 'last_entry': 660}",MNQ,IS,66,0.39285714285714285,0.4393939393939394,0.01953373886855944,1.0990275282095399,478.9099999999994,1204.1900000000003,0.38938270222011845,0.625
ORB,ORB#27,"{'orm': 30, 'stop': 'mid', 'tgt': 'r2', 'narrow': True, 'max_bars': 24, 'last_entry': 660}",MNQ,OOS,39,0.3611111111111111,0.358974358974359,-0.1308035563780718,0.7508614773342969,-1034.6100000000004,1351.2700000000002,-1.1134257341416476,0.5
ORB,ORB#27,"{'orm': 30, 'stop': 'mid', 'tgt': 'r2', 'narrow': True, 'max_bars': 24, 'last_entry': 660}",MES,ALL,118,0.427536231884058,0.5084745762711864,0.21689886818256512,1.439521635704912,1483.6799999999998,353.07500000000005,1.633073830868461,0.5714285714285714
ORB,ORB#27,"{'orm': 30, 'stop': 'mid', 'tgt': 'r2', 'narrow': True, 'max_bars': 24, 'last_entry': 660}",MES,IS,70,0.4166666666666667,0.5285714285714286,0.18382863287599158,1.4142611911421372,797.5750000000002,305.555,1.513966961384304,0.5
ORB,ORB#27,"{'orm': 30, 'stop': 'mid', 'tgt': 'r2', 'narrow': True, 'max_bars': 24, 'last_entry': 660}",MES,OOS,48,0.4444444444444444,0.4791666666666667,0.2651262946713182,1.473053520641214,686.105,353.07500000000005,1.7972063741029183,0.6666666666666666
ORB,ORB#27,"{'orm': 30, 'stop': 'mid', 'tgt': 'r2', 'narrow': True, 'max_bars': 24, 'last_entry': 660}",MGC,ALL,121,0.4432234432234432,0.39669421487603307,-0.021690613600827382,0.9296445463823113,-641.1000000005002,1991.0000000003222,-0.3276953360063237,0.35714285714285715
ORB,ORB#27,"{'orm': 30, 'stop': 'mid', 'tgt': 'r2', 'narrow': True, 'max_bars': 24, 'last_entry': 660}",MGC,IS,69,0.41317365269461076,0.4492753623188406,0.08940935652091697,1.1451993647795413,676.5999999997481,1340.5000000001075,0.55710244901451,0.5
ORB,ORB#27,"{'orm': 30, 'stop': 'mid', 'tgt': 'r2', 'narrow': True, 'max_bars': 24, 'last_entry': 660}",MGC,OOS,52,0.49056603773584906,0.3269230769230769,-0.16911172780083428,0.7040539023020376,-1317.700000000248,1703.4000000001988,-1.7803338219529663,0.16666666666666666
ORB,ORB#28,"{'orm': 30, 'stop': 'mid', 'tgt': 'ext0.5', 'narrow': False, 'max_bars': 24, 'last_entry': 660}",MNQ,ALL,160,0.5797101449275363,0.6,-0.03449830899152283,0.9332446528241259,-722.1500000000012,2112.850000000001,-0.36133902592114214,0.5714285714285714
ORB,ORB#28,"{'orm': 30, 'stop': 'mid', 'tgt': 'ext0.5', 'narrow': False, 'max_bars': 24, 'last_entry': 660}",MNQ,IS,95,0.5654761904761905,0.5894736842105263,-0.052126425124160124,0.9095309438746112,-533.8000000000005,1634.7300000000005,-0.502577372931771,0.5
ORB,ORB#28,"{'orm': 30, 'stop': 'mid', 'tgt': 'ext0.5', 'narrow': False, 'max_bars': 24, 'last_entry': 660}",MNQ,OOS,65,0.6018518518518519,0.6153846153846154,-0.008734139259206807,0.9616980172852059,-188.3500000000006,1584.19,-0.20500339113268878,0.6666666666666666
ORB,ORB#28,"{'orm': 30, 'stop': 'mid', 'tgt': 'ext0.5', 'narrow': False, 'max_bars': 24, 'last_entry': 660}",MES,ALL,189,0.6847826086956522,0.6613756613756614,0.026700585614056825,1.0971814725921512,436.8900000000001,650.3550000000002,0.5139736648900092,0.5
ORB,ORB#28,"{'orm': 30, 'stop': 'mid', 'tgt': 'ext0.5', 'narrow': False, 'max_bars': 24, 'last_entry': 660}",MES,IS,110,0.6547619047619048,0.6909090909090909,0.10154437942471853,1.4301422515904225,952.3499999999997,326.1700000000001,1.9483090291207894,0.625
ORB,ORB#28,"{'orm': 30, 'stop': 'mid', 'tgt': 'ext0.5', 'narrow': False, 'max_bars': 24, 'last_entry': 660}",MES,OOS,79,0.7314814814814815,0.620253164556962,-0.0775122918438266,0.7740771177804809,-515.4599999999999,650.3550000000001,-1.4456845063404462,0.3333333333333333
ORB,ORB#28,"{'orm': 30, 'stop': 'mid', 'tgt': 'ext0.5', 'narrow': False, 'max_bars': 24, 'last_entry': 660}",MGC,ALL,192,0.7032967032967034,0.6197916666666666,-0.060685012201119486,0.736602248738305,-2907.200000000846,3616.9000000006845,-1.6848333394752824,0.35714285714285715
ORB,ORB#28,"{'orm': 30, 'stop': 'mid', 'tgt': 'ext0.5', 'narrow': False, 'max_bars': 24, 'last_entry': 660}",MGC,IS,119,0.7125748502994012,0.6470588235294118,-0.023055429851729585,0.7636033090462676,-1677.4000000004658,3202.100000000273,-1.4562129794440413,0.375
ORB,ORB#28,"{'orm': 30, 'stop': 'mid', 'tgt': 'ext0.5', 'narrow': False, 'max_bars': 24, 'last_entry': 660}",MGC,OOS,73,0.6886792452830188,0.5753424657534246,-0.12202638616793321,0.6879947229550684,-1229.8000000003794,1577.6000000002466,-2.182199133869425,0.3333333333333333
ORB,ORB#29,"{'orm': 30, 'stop': 'mid', 'tgt': 'ext0.5', 'narrow': True, 'max_bars': 24, 'last_entry': 660}",MNQ,ALL,104,0.37681159420289856,0.5769230769230769,-0.08464942419954515,0.7837816289830595,-1464.4600000000005,2067.370000000001,-1.052333030785699,0.5
ORB,ORB#29,"{'orm': 30, 'stop': 'mid', 'tgt': 'ext0.5', 'narrow': True, 'max_bars': 24, 'last_entry': 660}",MNQ,IS,65,0.3869047619047619,0.5538461538461539,-0.09564297386467653,0.7595631022851994,-957.3500000000004,1875.3200000000002,-1.199866484540592,0.5
ORB,ORB#29,"{'orm': 30, 'stop': 'mid', 'tgt': 'ext0.5', 'narrow': True, 'max_bars': 24, 'last_entry': 660}",MNQ,OOS,39,0.3611111111111111,0.6153846153846154,-0.06632684142432614,0.8183280491518442,-507.11000000000035,1005.4500000000003,-0.8553654702834129,0.5
ORB,ORB#29,"{'orm': 30, 'stop': 'mid', 'tgt': 'ext0.5', 'narrow': True, 'max_bars': 24, 'last_entry': 660}",MES,ALL,116,0.42028985507246375,0.6896551724137931,0.052904274440295926,1.1561897292301626,340.5349999999998,322.94500000000016,0.635005469528075,0.6153846153846154
ORB,ORB#29,"{'orm': 30, 'stop': 'mid', 'tgt': 'ext0.5', 'narrow': True, 'max_bars': 24, 'last_entry': 660}",MES,IS,69,0.4107142857142857,0.7101449275362319,0.10193770891946527,1.3946196860763866,456.94,293.075,1.4348103484166708,0.75
ORB,ORB#29,"{'orm': 30, 'stop': 'mid', 'tgt': 'ext0.5', 'narrow': True, 'max_bars': 24, 'last_entry': 660}",MES,OOS,47,0.4351851851851852,0.6595744680851063,-0.019080980433378223,0.8861386622845628,-116.40499999999996,322.945,-0.5349658756476111,0.4
ORB,ORB#29,"{'orm': 30, 'stop': 'mid', 'tgt': 'ext0.5', 'narrow': True, 'max_bars': 24, 'last_entry': 660}",MGC,ALL,118,0.43223443223443225,0.6694915254237288,7.976059149512929e-05,0.9905218579846073,-42.3000000004949,859.2000000001508,-0.042880518638448245,0.6428571428571429
ORB,ORB#29,"{'orm': 30, 'stop': 'mid', 'tgt': 'ext0.5', 'narrow': True, 'max_bars': 24, 'last_entry': 660}",MGC,IS,68,0.40718562874251496,0.7058823529411765,0.04922872357981687,1.1455441302483658,339.6999999997081,859.2000000001508,0.5750133060359742,0.75
ORB,ORB#29,"{'orm': 30, 'stop': 'mid', 'tgt': 'ext0.5', 'narrow': True, 'max_bars': 24, 'last_entry': 660}",MGC,OOS,50,0.4716981132075472,0.62,-0.06676282907262238,0.8205646108318012,-382.0000000002026,834.4000000001154,-0.9644930830820624,0.5
ORB,ORB#30,"{'orm': 30, 'stop': 'opp', 'tgt': 'r1', 'narrow': False, 'max_bars': 24, 'last_entry': 660}",MNQ,ALL,161,0.5833333333333334,0.5093167701863354,-0.0041402773797837595,0.9394834627441059,-999.6400000000015,3361.9800000000005,-0.30994986911701294,0.42857142857142855
ORB,ORB#30,"{'orm': 30, 'stop': 'opp', 'tgt': 'r1', 'narrow': False, 'max_bars': 24, 'last_entry': 660}",MNQ,IS,96,0.5714285714285714,0.5625,0.043090905751328124,1.1415587537545924,1165.9599999999991,2086.38,0.6585580474435831,0.625
ORB,ORB#30,"{'orm': 30, 'stop': 'opp', 'tgt': 'r1', 'narrow': False, 'max_bars': 24, 'last_entry': 660}",MNQ,OOS,65,0.6018518518518519,0.4307692307692308,-0.07389710169650282,0.7385134776161936,-2165.6000000000004,2910.0200000000004,-1.51220561577477,0.16666666666666666
ORB,ORB#30,"{'orm': 30, 'stop': 'opp', 'tgt': 'r1', 'narrow': False, 'max_bars': 24, 'last_entry': 660}",MES,ALL,192,0.6956521739130435,0.546875,0.016960186245479122,1.0917837990509434,734.4199999999994,1000.9300000000003,0.4774163034477273,0.42857142857142855
ORB,ORB#30,"{'orm': 30, 'stop': 'opp', 'tgt': 'r1', 'narrow': False, 'max_bars': 24, 'last_entry': 660}",MES,IS,112,0.6666666666666666,0.5625,0.009573891031892027,1.1328350743369078,594.8699999999997,919.8200000000002,0.645215305926544,0.375
ORB,ORB#30,"{'orm': 30, 'stop': 'opp', 'tgt': 'r1', 'narrow': False, 'max_bars': 24, 'last_entry': 660}",MES,OOS,80,0.7407407407407407,0.525,0.027300999544501055,1.0396069671933408,139.54999999999984,1000.9300000000003,0.22553652248126652,0.5
ORB,ORB#30,"{'orm': 30, 'stop': 'opp', 'tgt': 'r1', 'narrow': False, 'max_bars': 24, 'last_entry': 660}",MGC,ALL,195,0.7142857142857143,0.4461538461538462,-0.052305908007114855,0.846769306730664,-2731.000000000843,3548.4000000007404,-0.9290075534522354,0.35714285714285715
ORB,ORB#30,"{'orm': 30, 'stop': 'opp', 'tgt': 'r1', 'narrow': False, 'max_bars': 24, 'last_entry': 660}",MGC,IS,120,0.718562874251497,0.4583333333333333,-0.04822873830087118,0.8311829910957216,-1858.0000000005637,2776.8000000005154,-0.9848796699530622,0.25
ORB,ORB#30,"{'orm': 30, 'stop': 'opp', 'tgt': 'r1', 'narrow': False, 'max_bars': 24, 'last_entry': 660}",MGC,OOS,75,0.7075471698113207,0.4266666666666667,-0.05882937953710473,0.8719340452998114,-873.0000000002798,1825.8000000001357,-0.8294003279096174,0.5
ORB,ORB#31,"{'orm': 30, 'stop': 'opp', 'tgt': 'r1', 'narrow': True, 'max_bars': 24, 'last_entry': 660}",MNQ,ALL,105,0.3804347826086957,0.4857142857142857,-0.036699310510376816,0.8107327468387269,-2174.2000000000007,3002.8000000000006,-0.8573607684623872,0.42857142857142855
ORB,ORB#31,"{'orm': 30, 'stop': 'opp', 'tgt': 'r1', 'narrow': True, 'max_bars': 24, 'last_entry': 660}",MNQ,IS,66,0.39285714285714285,0.5454545454545454,0.037249329467971125,1.041825018465051,249.1599999999994,1796.0400000000002,0.1726351504421585,0.625
ORB,ORB#31,"{'orm': 30, 'stop': 'opp', 'tgt': 'r1', 'narrow': True, 'max_bars': 24, 'last_entry': 660}",MNQ,OOS,39,0.3611111111111111,0.38461538461538464,-0.16184316278142719,0.5617999877040142,-2423.3599999999997,2479.64,-2.2395234744068846,0.16666666666666666
ORB,ORB#31,"{'orm': 30, 'stop': 'opp', 'tgt': 'r1', 'narrow': True, 'max_bars': 24, 'last_entry': 660}",MES,ALL,118,0.427536231884058,0.5677966101694916,0.054390230756253204,1.1729500337032783,728.6799999999998,541.0300000000001,0.711911216772426,0.5
ORB,ORB#31,"{'orm': 30, 'stop': 'opp', 'tgt': 'r1', 'narrow': True, 'max_bars': 24, 'last_entry': 660}",MES,IS,70,0.4166666666666667,0.5571428571428572,6.848210958987038e-05,1.0302990383348714,78.2,541.0300000000001,0.1293374509274136,0.375
ORB,ORB#31,"{'orm': 30, 'stop': 'opp', 'tgt': 'r1', 'narrow': True, 'max_bars': 24, 'last_entry': 660}",MES,OOS,48,0.4444444444444444,0.5833333333333334,0.13360944753263723,1.3985051767444712,650.4799999999999,443.6500000000001,1.55220327183345,0.6666666666666666
ORB,ORB#31,"{'orm': 30, 'stop': 'opp', 'tgt': 'r1', 'narrow': True, 'max_bars': 24, 'last_entry': 660}",MGC,ALL,121,0.4432234432234432,0.49586776859504134,-0.01642682532485549,0.9952602012951132,-48.60000000042825,1537.800000000069,-0.022073394063937917,0.42857142857142855
ORB,ORB#31,"{'orm': 30, 'stop': 'opp', 'tgt': 'r1', 'narrow': True, 'max_bars': 24, 'last_entry': 660}",MGC,IS,69,0.41317365269461076,0.5217391304347826,0.016204747133680957,1.0701819948427984,375.59999999970785,910.0000000000529,0.28701447663837865,0.5
ORB,ORB#31,"{'orm': 30, 'stop': 'opp', 'tgt': 'r1', 'narrow': True, 'max_bars': 24, 'last_entry': 660}",MGC,OOS,52,0.49056603773584906,0.46153846153846156,-0.05972641185637502,0.9134603614998325,-424.2000000001354,1537.800000000069,-0.473870094896712,0.3333333333333333
ORB,ORB#32,"{'orm': 30, 'stop': 'opp', 'tgt': 'r2', 'narrow': False, 'max_bars': 24, 'last_entry': 660}",MNQ,ALL,161,0.5833333333333334,0.4906832298136646,-0.016090164379644525,0.9340952526019417,-1107.6400000000012,3311.120000000001,-0.3211588503171768,0.21428571428571427
ORB,ORB#32,"{'orm': 30, 'stop': 'opp', 'tgt': 'r2', 'narrow': False, 'max_bars': 24, 'last_entry': 660}",MNQ,IS,96,0.5714285714285714,0.5416666666666666,0.04096130138586423,1.1488836045829345,1253.4599999999991,2202.88,0.6615402280125078,0.375
ORB,ORB#32,"{'orm': 30, 'stop': 'opp', 'tgt': 'r2', 'narrow': False, 'max_bars': 24, 'last_entry': 660}",MNQ,OOS,65,0.6018518518518519,0.4153846153846154,-0.10035079074101133,0.7185017919266731,-2361.1000000000004,3061.0600000000004,-1.5432084777352186,0.0
ORB,ORB#32,"{'orm': 30, 'stop': 'opp', 'tgt': 'r2', 'narrow': False, 'max_bars': 24, 'last_entry': 660}",MES,ALL,192,0.6956521739130435,0.53125,0.023666424910352677,1.1111713652666757,908.1699999999995,1244.6800000000003,0.5335712143236219,0.5714285714285714
ORB,ORB#32,"{'orm': 30, 'stop': 'opp', 'tgt': 'r2', 'narrow': False, 'max_bars': 24, 'last_entry': 660}",MES,IS,112,0.6666666666666666,0.5625,0.03483645741530312,1.1970341159289548,882.3699999999998,876.07,0.8764937060743452,0.625
ORB,ORB#32,"{'orm': 30, 'stop': 'opp', 'tgt': 'r2', 'narrow': False, 'max_bars': 24, 'last_entry': 660}",MES,OOS,80,0.7407407407407407,0.4875,0.008028379403422048,1.006990278635758,25.799999999999955,1244.6800000000003,0.03702126872756494,0.5
ORB,ORB#32,"{'orm': 30, 'stop': 'opp', 'tgt': 'r2', 'narrow': False, 'max_bars': 24, 'last_entry': 660}",MGC,ALL,195,0.7142857142857143,0.4307692307692308,-0.07251035438400598,0.7930691140500293,-3824.0000000012446,4466.200000001227,-1.2232519781688527,0.35714285714285715
ORB,ORB#32,"{'orm': 30, 'stop': 'opp', 'tgt': 'r2', 'narrow': False, 'max_bars': 24, 'last_entry': 660}",MGC,IS,120,0.718562874251497,0.45,-0.0333319656490704,0.8302059335595497,-1931.0000000007424,3539.400000000581,-0.945935032566844,0.375
ORB,ORB#32,"{'orm': 30, 'stop': 'opp', 'tgt': 'r2', 'narrow': False, 'max_bars': 24, 'last_entry': 660}",MGC,OOS,75,0.7075471698113207,0.4,-0.1351957763599029,0.7336428872941572,-1893.0000000005025,2275.4000000004867,-1.7566873460552577,0.3333333333333333
ORB,ORB#33,"{'orm': 30, 'stop': 'opp', 'tgt': 'r2', 'narrow': True, 'max_bars': 24, 'last_entry': 660}",MNQ,ALL,105,0.3804347826086957,0.45714285714285713,-0.054398497790167304,0.801565599608685,-2336.7000000000007,3529.8000000000006,-0.8586365293886189,0.35714285714285715
ORB,ORB#33,"{'orm': 30, 'stop': 'opp', 'tgt': 'r2', 'narrow': True, 'max_bars': 24, 'last_entry': 660}",MNQ,IS,66,0.39285714285714285,0.5151515151515151,0.033712085379701995,1.049621478643838,304.6599999999994,1702.64,0.19297091423601972,0.625
ORB,ORB#33,"{'orm': 30, 'stop': 'opp', 'tgt': 'r2', 'narrow': True, 'max_bars': 24, 'last_entry': 660}",MNQ,OOS,39,0.3611111111111111,0.358974358974359,-0.2035087154622538,0.5313413768630236,-2641.3599999999988,2641.359999999998,-2.328143208846485,0.0
ORB,ORB#33,"{'orm': 30, 'stop': 'opp', 'tgt': 'r2', 'narrow': True, 'max_bars': 24, 'last_entry': 660}",MES,ALL,118,0.427536231884058,0.5423728813559322,0.06712951764454454,1.1937311531692352,848.6799999999998,531.1500000000001,0.7452722295903635,0.5714285714285714
ORB,ORB#33,"{'orm': 30, 'stop': 'opp', 'tgt': 'r2', 'narrow': True, 'max_bars': 24, 'last_entry': 660}",MES,IS,70,0.4166666666666667,0.5571428571428572,0.05316933605873245,1.2012638806016422,519.4499999999999,434.78,0.7389633456792049,0.5
ORB,ORB#33,"{'orm': 30, 'stop': 'opp', 'tgt': 'r2', 'narrow': True, 'max_bars': 24, 'last_entry': 660}",MES,OOS,48,0.4444444444444444,0.5208333333333334,0.08748811579052047,1.1829289298076975,329.22999999999996,531.1500000000001,0.7521510990064993,0.6666666666666666
ORB,ORB#33,"{'orm': 30, 'stop': 'opp', 'tgt': 'r2', 'narrow': True, 'max_bars': 24, 'last_entry': 660}",MGC,ALL,121,0.4432234432234432,0.47107438016528924,-0.03312939316330124,0.981980495673788,-196.60000000071156,1840.6000000000745,-0.07635187125627783,0.5
ORB,ORB#33,"{'orm': 30, 'stop': 'opp', 'tgt': 'r2', 'narrow': True, 'max_bars': 24, 'last_entry': 660}",MGC,IS,69,0.41317365269461076,0.5072463768115942,0.06158749105211585,1.1868704532735674,1068.5999999996147,1522.0000000000946,0.6518827746663409,0.625
ORB,ORB#33,"{'orm': 30, 'stop': 'opp', 'tgt': 'r2', 'narrow': True, 'max_bars': 24, 'last_entry': 660}",MGC,OOS,52,0.49056603773584906,0.4230769230769231,-0.15881141260298934,0.7563174114021034,-1265.2000000003259,1840.6000000000745,-1.3575574976941653,0.3333333333333333
ORB,ORB#34,"{'orm': 30, 'stop': 'opp', 'tgt': 'ext0.5', 'narrow': False, 'max_bars': 24, 'last_entry': 660}",MNQ,ALL,160,0.5797101449275363,0.69375,0.004918272016702051,1.0740601078821412,799.349999999999,1457.0300000000004,0.34918830284761054,0.5
ORB,ORB#34,"{'orm': 30, 'stop': 'opp', 'tgt': 'ext0.5', 'narrow': False, 'max_bars': 24, 'last_entry': 660}",MNQ,IS,95,0.5654761904761905,0.6947368421052632,0.006732474677260195,1.0835935840792696,480.1999999999996,1416.5,0.3928404416369143,0.375
ORB,ORB#34,"{'orm': 30, 'stop': 'opp', 'tgt': 'ext0.5', 'narrow': False, 'max_bars': 24, 'last_entry': 660}",MNQ,OOS,65,0.6018518518518519,0.6923076923076923,0.0022667450512709134,1.0632130407225482,319.1499999999995,1246.8100000000002,0.304513705484247,0.6666666666666666
ORB,ORB#34,"{'orm': 30, 'stop': 'opp', 'tgt': 'ext0.5', 'narrow': False, 'max_bars': 24, 'last_entry': 660}",MES,ALL,189,0.6847826086956522,0.7354497354497355,0.024600782757024986,1.154813584743947,722.5149999999996,949.6800000000003,0.7325789492593895,0.5714285714285714
ORB,ORB#34,"{'orm': 30, 'stop': 'opp', 'tgt': 'ext0.5', 'narrow': False, 'max_bars': 24, 'last_entry': 660}",MES,IS,110,0.6547619047619048,0.7545454545454545,0.05957139350366402,1.467644750008627,1084.2249999999997,588.63,1.8830064693635635,0.75
ORB,ORB#34,"{'orm': 30, 'stop': 'opp', 'tgt': 'ext0.5', 'narrow': False, 'max_bars': 24, 'last_entry': 660}",MES,OOS,79,0.7314814814814815,0.7088607594936709,-0.02409247271297876,0.8459838536610292,-361.71000000000004,949.6800000000001,-0.8872062337671658,0.3333333333333333
ORB,ORB#34,"{'orm': 30, 'stop': 'opp', 'tgt': 'ext0.5', 'narrow': False, 'max_bars': 24, 'last_entry': 660}",MGC,ALL,192,0.7032967032967034,0.6979166666666666,-0.02122450626355979,0.8877708683045262,-1176.70000000074,1790.1000000002507,-0.6211638859385682,0.42857142857142855
ORB,ORB#34,"{'orm': 30, 'stop': 'opp', 'tgt': 'ext0.5', 'narrow': False, 'max_bars': 24, 'last_entry': 660}",MGC,IS,119,0.7125748502994012,0.7394957983193278,0.009917067375557883,0.9827488776566694,-109.90000000042181,1790.1000000002507,-0.08900127690266851,0.375
ORB,ORB#34,"{'orm': 30, 'stop': 'opp', 'tgt': 'ext0.5', 'narrow': False, 'max_bars': 24, 'last_entry': 660}",MGC,OOS,73,0.6886792452830188,0.6301369863013698,-0.07198953726431326,0.7407029313110021,-1066.800000000318,1281.1000000001814,-1.6309247409339351,0.5
ORB,ORB#35,"{'orm': 30, 'stop': 'opp', 'tgt': 'ext0.5', 'narrow': True, 'max_bars': 24, 'last_entry': 660}",MNQ,ALL,104,0.37681159420289856,0.6634615384615384,-0.0555514049941637,0.7349045176001141,-2232.210000000001,3234.1599999999985,-1.1951805735624426,0.42857142857142855
ORB,ORB#35,"{'orm': 30, 'stop': 'opp', 'tgt': 'ext0.5', 'narrow': True, 'max_bars': 24, 'last_entry': 660}",MNQ,IS,65,0.3869047619047619,0.6615384615384615,-0.039941932966940666,0.7795743357516223,-1034.8500000000004,2022.3200000000002,-0.9855281737287012,0.5
ORB,ORB#35,"{'orm': 30, 'stop': 'opp', 'tgt': 'ext0.5', 'narrow': True, 'max_bars': 24, 'last_entry': 660}",MNQ,OOS,39,0.3611111111111111,0.6666666666666666,-0.0815671917062021,0.6786145661661686,-1197.3600000000004,1672.4900000000002,-1.4729005833701279,0.3333333333333333
ORB,ORB#35,"{'orm': 30, 'stop': 'opp', 'tgt': 'ext0.5', 'narrow': True, 'max_bars': 24, 'last_entry': 660}",MES,ALL,116,0.42028985507246375,0.7672413793103449,0.03951083519474848,1.148376447421222,358.65999999999974,469.95000000000005,0.537991945366182,0.6923076923076923
ORB,ORB#35,"{'orm': 30, 'stop': 'opp', 'tgt': 'ext0.5', 'narrow': True, 'max_bars': 24, 'last_entry': 660}",MES,IS,69,0.4107142857142857,0.7536231884057971,0.03841859316217511,1.1790469220592787,254.43999999999994,469.95000000000005,0.6308073288370385,0.75
ORB,ORB#35,"{'orm': 30, 'stop': 'opp', 'tgt': 'ext0.5', 'narrow': True, 'max_bars': 24, 'last_entry': 660}",MES,OOS,47,0.4351851851851852,0.7872340425531915,0.041114339455334964,1.1046227977714198,104.22000000000001,368.045,0.3940467509832766,0.6
ORB,ORB#35,"{'orm': 30, 'stop': 'opp', 'tgt': 'ext0.5', 'narrow': True, 'max_bars': 24, 'last_entry': 660}",MGC,ALL,118,0.43223443223443225,0.7542372881355932,-0.009524104166456365,1.029408297972567,149.69999999956227,955.9000000000358,0.11985937899865982,0.42857142857142855
ORB,ORB#35,"{'orm': 30, 'stop': 'opp', 'tgt': 'ext0.5', 'narrow': True, 'max_bars': 24, 'last_entry': 660}",MGC,IS,68,0.40718562874251496,0.7941176470588235,0.03310325014983341,1.2807657986532444,692.1999999997355,679.9000000001511,0.9554307994113839,0.5
ORB,ORB#35,"{'orm': 30, 'stop': 'opp', 'tgt': 'ext0.5', 'narrow': True, 'max_bars': 24, 'last_entry': 660}",MGC,OOS,50,0.4716981132075472,0.7,-0.06749730603661047,0.7933333333332742,-542.5000000001727,955.9000000000354,-1.0391927827786254,0.3333333333333333
ORB,ORB#36,"{'orm': 60, 'stop': 'mid', 'tgt': 'r1', 'narrow': False, 'max_bars': 24, 'last_entry': 720}",MNQ,ALL,118,0.427536231884058,0.5169491525423728,0.0019717629263087347,1.068062851793369,580.1799999999989,1353.9100000000003,0.2914404733127894,0.38461538461538464
ORB,ORB#36,"{'orm': 60, 'stop': 'mid', 'tgt': 'r1', 'narrow': False, 'max_bars': 24, 'last_entry': 720}",MNQ,IS,80,0.47619047619047616,0.5125,0.0008681539922647197,1.0696154092662202,369.2999999999994,1353.9100000000003,0.31741736896630013,0.5
ORB,ORB#36,"{'orm': 60, 'stop': 'mid', 'tgt': 'r1', 'narrow': False, 'max_bars': 24, 'last_entry': 720}",MNQ,OOS,38,0.35185185185185186,0.5263157894736842,0.004295150155875105,1.0655045164817418,210.87999999999965,1114.2600000000002,0.2545205473875374,0.2
ORB,ORB#36,"{'orm': 60, 'stop': 'mid', 'tgt': 'r1', 'narrow': False, 'max_bars': 24, 'last_entry': 720}",MES,ALL,135,0.4891304347826087,0.5851851851851851,0.14307982897030225,1.5519785338316263,1822.5999999999997,419.21500000000015,2.0790048544155524,0.5714285714285714
ORB,ORB#36,"{'orm': 60, 'stop': 'mid', 'tgt': 'r1', 'narrow': False, 'max_bars': 24, 'last_entry': 720}",MES,IS,81,0.48214285714285715,0.5802469135802469,0.14559904123529288,1.6333575324263483,1208.3099999999997,275.33500000000026,2.2027952483653936,0.5
ORB,ORB#36,"{'orm': 60, 'stop': 'mid', 'tgt': 'r1', 'narrow': False, 'max_bars': 24, 'last_entry': 720}",MES,OOS,54,0.5,0.5925925925925926,0.13930101057281613,1.4406181522140653,614.29,419.21500000000015,1.8665661651775336,0.6666666666666666
ORB,ORB#36,"{'orm': 60, 'stop': 'mid', 'tgt': 'r1', 'narrow': False, 'max_bars': 24, 'last_entry': 720}",MGC,ALL,133,0.48717948717948717,0.5112781954887218,0.07146756987971793,1.058923030118588,484.19999999952427,1963.5000000001837,0.27135954283079505,0.7142857142857143
ORB,ORB#36,"{'orm': 60, 'stop': 'mid', 'tgt': 'r1', 'narrow': False, 'max_bars': 24, 'last_entry': 720}",MGC,IS,81,0.48502994011976047,0.5185185185185185,0.08195988196707521,0.9744598327813676,-139.60000000032798,1963.5000000001837,-0.12009547250508441,0.75
ORB,ORB#36,"{'orm': 60, 'stop': 'mid', 'tgt': 'r1', 'narrow': False, 'max_bars': 24, 'last_entry': 720}",MGC,OOS,52,0.49056603773584906,0.5,0.05512377605133452,1.226704462857907,623.7999999998527,1112.3000000001039,1.0098524701378355,0.6666666666666666
ORB,ORB#37,"{'orm': 60, 'stop': 'mid', 'tgt': 'r1', 'narrow': True, 'max_bars': 24, 'last_entry': 720}",MNQ,ALL,96,0.34782608695652173,0.4791666666666667,-0.032013895229885014,0.983579494209748,-113.7900000000007,1531.0900000000001,-0.06690510162701784,0.3076923076923077
ORB,ORB#37,"{'orm': 60, 'stop': 'mid', 'tgt': 'r1', 'narrow': True, 'max_bars': 24, 'last_entry': 720}",MNQ,IS,66,0.39285714285714285,0.48484848484848486,-0.03404009876826408,0.9468946792264747,-233.34000000000054,1531.0900000000001,-0.23719262028790722,0.375
ORB,ORB#37,"{'orm': 60, 'stop': 'mid', 'tgt': 'r1', 'narrow': True, 'max_bars': 24, 'last_entry': 720}",MNQ,OOS,30,0.2777777777777778,0.4666666666666667,-0.02755624744545109,1.04714414158622,119.54999999999974,856.3800000000001,0.16676181206696897,0.2
ORB,ORB#37,"{'orm': 60, 'stop': 'mid', 'tgt': 'r1', 'narrow': True, 'max_bars': 24, 'last_entry': 720}",MES,ALL,110,0.39855072463768115,0.5636363636363636,0.12393398348438252,1.486446771256751,1252.975,419.21500000000015,1.7303152177801013,0.6153846153846154
ORB,ORB#37,"{'orm': 60, 'stop': 'mid', 'tgt': 'r1', 'narrow': True, 'max_bars': 24, 'last_entry': 720}",MES,IS,66,0.39285714285714285,0.5606060606060606,0.15490553955552216,1.7954732494387935,1029.41,242.45000000000005,2.4276902756062886,0.625
ORB,ORB#37,"{'orm': 60, 'stop': 'mid', 'tgt': 'r1', 'narrow': True, 'max_bars': 24, 'last_entry': 720}",MES,OOS,44,0.4074074074074074,0.5681818181818182,0.07747664937767303,1.1744305348037938,223.565,419.2150000000001,0.7455726750433619,0.6
ORB,ORB#37,"{'orm': 60, 'stop': 'mid', 'tgt': 'r1', 'narrow': True, 'max_bars': 24, 'last_entry': 720}",MGC,ALL,105,0.38461538461538464,0.5142857142857142,0.06614254199237153,1.0462841601677062,282.4999999996329,1069.8000000001548,0.19517245841299888,0.5714285714285714
ORB,ORB#37,"{'orm': 60, 'stop': 'mid', 'tgt': 'r1', 'narrow': True, 'max_bars': 24, 'last_entry': 720}",MGC,IS,64,0.38323353293413176,0.53125,0.0845214065778278,0.977829839704009,-89.9000000002502,1069.8000000001548,-0.09688049345424884,0.625
ORB,ORB#37,"{'orm': 60, 'stop': 'mid', 'tgt': 'r1', 'narrow': True, 'max_bars': 24, 'last_entry': 720}",MGC,OOS,41,0.3867924528301887,0.4878048780487805,0.03745358263946418,1.1817826808551506,372.3999999998837,940.7000000000947,0.717613714295886,0.5
ORB,ORB#38,"{'orm': 60, 'stop': 'mid', 'tgt': 'r2', 'narrow': False, 'max_bars': 24, 'last_entry': 720}",MNQ,ALL,118,0.427536231884058,0.4830508474576271,0.004526152930537584,1.0487841143512946,442.9299999999989,2398.0099999999993,0.1964979321728688,0.46153846153846156
ORB,ORB#38,"{'orm': 60, 'stop': 'mid', 'tgt': 'r2', 'narrow': False, 'max_bars': 24, 'last_entry': 720}",MNQ,IS,80,0.47619047619047616,0.5125,0.10929649083743834,1.4259867366905068,2259.7999999999993,1215.8100000000002,1.5101056216510231,0.625
ORB,ORB#38,"{'orm': 60, 'stop': 'mid', 'tgt': 'r2', 'narrow': False, 'max_bars': 24, 'last_entry': 720}",MNQ,OOS,38,0.35185185185185186,0.42105263157894735,-0.21604297950504295,0.5186500041064717,-1816.8700000000003,2398.01,-2.4978096745211285,0.2
ORB,ORB#38,"{'orm': 60, 'stop': 'mid', 'tgt': 'r2', 'narrow': False, 'max_bars': 24, 'last_entry': 720}",MES,ALL,135,0.4891304347826087,0.5037037037037037,0.106715114850908,1.4618218378616146,1763.8499999999995,640.4649999999988,1.6256399522800657,0.5714285714285714
ORB,ORB#38,"{'orm': 60, 'stop': 'mid', 'tgt': 'r2', 'narrow': False, 'max_bars': 24, 'last_entry': 720}",MES,IS,81,0.48214285714285715,0.5308641975308642,0.18015026791809063,1.7552940955042833,1605.1849999999997,244.2750000000001,2.2867590436135865,0.625
ORB,ORB#38,"{'orm': 60, 'stop': 'mid', 'tgt': 'r2', 'narrow': False, 'max_bars': 24, 'last_entry': 720}",MES,OOS,54,0.5,0.46296296296296297,-0.0034376147498659435,1.0936582284832226,158.66499999999994,640.4650000000001,0.4186743100532498,0.5
ORB,ORB#38,"{'orm': 60, 'stop': 'mid', 'tgt': 'r2', 'narrow': False, 'max_bars': 24, 'last_entry': 720}",MGC,ALL,133,0.48717948717948717,0.45864661654135336,0.0756799828116232,1.029002636603251,255.19999999934157,2444.7000000002977,0.12364798867091709,0.42857142857142855
ORB,ORB#38,"{'orm': 60, 'stop': 'mid', 'tgt': 'r2', 'narrow': False, 'max_bars': 24, 'last_entry': 720}",MGC,IS,81,0.48502994011976047,0.4567901234567901,0.08691025612971001,0.958668450193812,-244.10000000037584,2444.7000000002977,-0.18052152832400103,0.375
ORB,ORB#38,"{'orm': 60, 'stop': 'mid', 'tgt': 'r2', 'narrow': False, 'max_bars': 24, 'last_entry': 720}",MGC,OOS,52,0.49056603773584906,0.46153846153846156,0.058186672450757114,1.1725711125703133,499.2999999997179,1044.8000000001039,0.707553060444481,0.5
ORB,ORB#39,"{'orm': 60, 'stop': 'mid', 'tgt': 'r2', 'narrow': True, 'max_bars': 24, 'last_entry': 720}",MNQ,ALL,96,0.34782608695652173,0.4479166666666667,-0.04885737258036832,0.928279841016547,-533.0400000000009,2067.53,-0.28292343528999064,0.46153846153846156
ORB,ORB#39,"{'orm': 60, 'stop': 'mid', 'tgt': 'r2', 'narrow': True, 'max_bars': 24, 'last_entry': 720}",MNQ,IS,66,0.39285714285714285,0.48484848484848486,0.03815102907963561,1.1959325521005209,860.9099999999994,1215.8100000000002,0.701494150176878,0.625
ORB,ORB#39,"{'orm': 60, 'stop': 'mid', 'tgt': 'r2', 'narrow': True, 'max_bars': 24, 'last_entry': 720}",MNQ,OOS,30,0.2777777777777778,0.36666666666666664,-0.24027585623237693,0.5412087640826644,-1393.9500000000003,2067.53,-2.1607916974411863,0.2
ORB,ORB#39,"{'orm': 60, 'stop': 'mid', 'tgt': 'r2', 'narrow': True, 'max_bars': 24, 'last_entry': 720}",MES,ALL,110,0.39855072463768115,0.4727272727272727,0.07678576146003821,1.3431292632347767,1052.3499999999997,640.4650000000001,1.1877022721164627,0.6923076923076923
ORB,ORB#39,"{'orm': 60, 'stop': 'mid', 'tgt': 'r2', 'narrow': True, 'max_bars': 24, 'last_entry': 720}",MES,IS,66,0.39285714285714285,0.5,0.1772284363304193,1.7872971032949732,1190.0349999999999,232.45000000000005,2.2328802498723372,0.875
ORB,ORB#39,"{'orm': 60, 'stop': 'mid', 'tgt': 'r2', 'narrow': True, 'max_bars': 24, 'last_entry': 720}",MES,OOS,44,0.4074074074074074,0.4318181818181818,-0.07387825084553339,0.9114779394036808,-137.685,640.4650000000001,-0.3913946690332999,0.4
ORB,ORB#39,"{'orm': 60, 'stop': 'mid', 'tgt': 'r2', 'narrow': True, 'max_bars': 24, 'last_entry': 720}",MGC,ALL,105,0.38461538461538464,0.45714285714285713,0.08081500040459272,1.059227362581709,386.4999999994842,1219.4000000002184,0.22787558148072753,0.5
ORB,ORB#39,"{'orm': 60, 'stop': 'mid', 'tgt': 'r2', 'narrow': True, 'max_bars': 24, 'last_entry': 720}",MGC,IS,64,0.38323353293413176,0.46875,0.10552756029073221,1.0255109101812285,110.59999999970603,1219.4000000002184,0.1017076363323193,0.5
ORB,ORB#39,"{'orm': 60, 'stop': 'mid', 'tgt': 'r2', 'narrow': True, 'max_bars': 24, 'last_entry': 720}",MGC,OOS,41,0.3867924528301887,0.43902439024390244,0.04223929716769205,1.1259644797515227,275.89999999977806,873.2000000000947,0.4534520597868654,0.5
ORB,ORB#40,"{'orm': 60, 'stop': 'mid', 'tgt': 'ext0.5', 'narrow': False, 'max_bars': 24, 'last_entry': 720}",MNQ,ALL,117,0.42391304347826086,0.5641025641025641,-0.003625202072310133,0.9781222386237683,-171.330000000001,1656.9300000000003,-0.09833875613905652,0.5384615384615384
ORB,ORB#40,"{'orm': 60, 'stop': 'mid', 'tgt': 'ext0.5', 'narrow': False, 'max_bars': 24, 'last_entry': 720}",MNQ,IS,79,0.47023809523809523,0.5569620253164557,0.006531717611459122,1.0354940611574428,168.5399999999994,1656.9300000000003,0.1655232246900749,0.625
ORB,ORB#40,"{'orm': 60, 'stop': 'mid', 'tgt': 'ext0.5', 'narrow': False, 'max_bars': 24, 'last_entry': 720}",MNQ,OOS,38,0.35185185185185186,0.5789473684210527,-0.02474090352014617,0.8897542525723038,-339.87000000000035,1477.0500000000002,-0.46892762373667035,0.4
ORB,ORB#40,"{'orm': 60, 'stop': 'mid', 'tgt': 'ext0.5', 'narrow': False, 'max_bars': 24, 'last_entry': 720}",MES,ALL,134,0.4855072463768116,0.6492537313432836,0.0973302564680292,1.3905262696491323,1158.2149999999997,337.2700000000002,1.586003734779143,0.5
ORB,ORB#40,"{'orm': 60, 'stop': 'mid', 'tgt': 'ext0.5', 'narrow': False, 'max_bars': 24, 'last_entry': 720}",MES,IS,80,0.47619047619047616,0.6375,0.10563936053247906,1.3934077696453937,668.925,337.2700000000002,1.515332052856168,0.5
ORB,ORB#40,"{'orm': 60, 'stop': 'mid', 'tgt': 'ext0.5', 'narrow': False, 'max_bars': 24, 'last_entry': 720}",MES,OOS,54,0.5,0.6666666666666666,0.08502047266884422,1.3866544970346402,489.2899999999999,329.84000000000015,1.6865015764091407,0.5
ORB,ORB#40,"{'orm': 60, 'stop': 'mid', 'tgt': 'ext0.5', 'narrow': False, 'max_bars': 24, 'last_entry': 720}",MGC,ALL,133,0.48717948717948717,0.6390977443609023,0.06517121463495198,1.1764115083901505,1141.6999999994391,1010.2000000000601,0.780629567519433,0.6428571428571429
ORB,ORB#40,"{'orm': 60, 'stop': 'mid', 'tgt': 'ext0.5', 'narrow': False, 'max_bars': 24, 'last_entry': 720}",MGC,IS,81,0.48502994011976047,0.654320987654321,0.08898225920998007,1.1452974766947246,595.3999999996771,1010.2000000000601,0.6330206904235642,0.75
ORB,ORB#40,"{'orm': 60, 'stop': 'mid', 'tgt': 'ext0.5', 'narrow': False, 'max_bars': 24, 'last_entry': 720}",MGC,OOS,52,0.49056603773584906,0.6153846153846154,0.02808093366231213,1.2301179443975299,546.2999999997618,702.1000000000347,1.047826143634363,0.5
ORB,ORB#41,"{'orm': 60, 'stop': 'mid', 'tgt': 'ext0.5', 'narrow': True, 'max_bars': 24, 'last_entry': 720}",MNQ,ALL,95,0.3442028985507246,0.5263157894736842,-0.040144606665577766,0.8688024468060332,-845.0500000000009,1566.9500000000003,-0.572820603278625,0.46153846153846156
ORB,ORB#41,"{'orm': 60, 'stop': 'mid', 'tgt': 'ext0.5', 'narrow': True, 'max_bars': 24, 'last_entry': 720}",MNQ,IS,65,0.3869047619047619,0.5230769230769231,-0.028462957133352763,0.8968624511033754,-416.85000000000036,1566.9500000000003,-0.4741590994555286,0.5
ORB,ORB#41,"{'orm': 60, 'stop': 'mid', 'tgt': 'ext0.5', 'narrow': True, 'max_bars': 24, 'last_entry': 720}",MNQ,OOS,30,0.2777777777777778,0.5333333333333333,-0.06545484731873198,0.8215357428647639,-428.2000000000003,1002.0900000000001,-0.7157715200043261,0.4
ORB,ORB#41,"{'orm': 60, 'stop': 'mid', 'tgt': 'ext0.5', 'narrow': True, 'max_bars': 24, 'last_entry': 720}",MES,ALL,110,0.39855072463768115,0.6363636363636364,0.0860124860536638,1.394010035078372,887.3499999999996,339.94000000000005,1.4658825879890887,0.7692307692307693
ORB,ORB#41,"{'orm': 60, 'stop': 'mid', 'tgt': 'ext0.5', 'narrow': True, 'max_bars': 24, 'last_entry': 720}",MES,IS,66,0.39285714285714285,0.6363636363636364,0.1315247278199366,1.7339493022035923,797.5349999999999,259.95000000000005,2.3323729788426375,0.875
ORB,ORB#41,"{'orm': 60, 'stop': 'mid', 'tgt': 'ext0.5', 'narrow': True, 'max_bars': 24, 'last_entry': 720}",MES,OOS,44,0.4074074074074074,0.6363636363636364,0.017744123404254655,1.0770636612854096,89.8150000000001,329.84000000000003,0.34354378057384877,0.6
ORB,ORB#41,"{'orm': 60, 'stop': 'mid', 'tgt': 'ext0.5', 'narrow': True, 'max_bars': 24, 'last_entry': 720}",MGC,ALL,105,0.38461538461538464,0.6285714285714286,0.04083694929969335,1.0117136827430426,60.499999999548805,1004.2000000001492,0.04978005709385007,0.6428571428571429
ORB,ORB#41,"{'orm': 60, 'stop': 'mid', 'tgt': 'ext0.5', 'narrow': True, 'max_bars': 24, 'last_entry': 720}",MGC,IS,64,0.38323353293413176,0.640625,0.06166175194274273,0.9312927767822218,-233.90000000029627,1004.2000000001492,-0.297030678629651,0.75
ORB,ORB#41,"{'orm': 60, 'stop': 'mid', 'tgt': 'ext0.5', 'narrow': True, 'max_bars': 24, 'last_entry': 720}",MGC,OOS,41,0.3867924528301887,0.6097560975609756,0.008329940295908977,1.167215721912889,294.3999999998455,530.5000000000256,0.6912028046530305,0.5
ORB,ORB#42,"{'orm': 60, 'stop': 'opp', 'tgt': 'r1', 'narrow': False, 'max_bars': 24, 'last_entry': 720}",MNQ,ALL,118,0.427536231884058,0.5338983050847458,0.021890533969561254,1.1441922906306183,1235.179999999999,1828.7599999999993,0.5495998109823571,0.6153846153846154
ORB,ORB#42,"{'orm': 60, 'stop': 'opp', 'tgt': 'r1', 'narrow': False, 'max_bars': 24, 'last_entry': 720}",MNQ,IS,80,0.47619047619047616,0.55,0.06388669688131435,1.4080606496908887,2199.2999999999993,931.8800000000001,1.4757366877671791,0.875
ORB,ORB#42,"{'orm': 60, 'stop': 'opp', 'tgt': 'r1', 'narrow': False, 'max_bars': 24, 'last_entry': 720}",MNQ,OOS,38,0.35185185185185186,0.5,-0.0665224405814979,0.6964892840053394,-964.1200000000002,1828.7600000000002,-1.3103887154374314,0.2
ORB,ORB#42,"{'orm': 60, 'stop': 'opp', 'tgt': 'r1', 'narrow': False, 'max_bars': 24, 'last_entry': 720}",MES,ALL,135,0.4891304347826087,0.5111111111111111,0.03407415350783155,1.2693813162883525,1185.0999999999995,804.8400000000001,1.0496274705169804,0.7142857142857143
ORB,ORB#42,"{'orm': 60, 'stop': 'opp', 'tgt': 'r1', 'narrow': False, 'max_bars': 24, 'last_entry': 720}",MES,IS,81,0.48214285714285715,0.5308641975308642,0.06437250945384734,1.433223731350414,1088.3099999999997,304.9100000000001,1.5293752355173607,0.875
ORB,ORB#42,"{'orm': 60, 'stop': 'opp', 'tgt': 'r1', 'narrow': False, 'max_bars': 24, 'last_entry': 720}",MES,OOS,54,0.5,0.48148148148148145,-0.01137338041119214,1.0512870783480461,96.78999999999968,804.8400000000001,0.23192518852844005,0.5
ORB,ORB#42,"{'orm': 60, 'stop': 'opp', 'tgt': 'r1', 'narrow': False, 'max_bars': 24, 'last_entry': 720}",MGC,ALL,133,0.48717948717948717,0.49624060150375937,0.04191978265473038,1.0356413781609988,342.1999999993985,2438.200000000206,0.15188818035014776,0.6428571428571429
ORB,ORB#42,"{'orm': 60, 'stop': 'opp', 'tgt': 'r1', 'narrow': False, 'max_bars': 24, 'last_entry': 720}",MGC,IS,81,0.48502994011976047,0.5061728395061729,0.05046762382579002,0.9565231158960839,-274.60000000034586,2438.200000000206,-0.19002381360841286,0.625
ORB,ORB#42,"{'orm': 60, 'stop': 'opp', 'tgt': 'r1', 'narrow': False, 'max_bars': 24, 'last_entry': 720}",MGC,OOS,52,0.49056603773584906,0.4807692307692308,0.028604876215195158,1.1877511262631535,616.7999999997448,1412.8000000001146,0.764627962506851,0.6666666666666666
ORB,ORB#43,"{'orm': 60, 'stop': 'opp', 'tgt': 'r1', 'narrow': True, 'max_bars': 24, 'last_entry': 720}",MNQ,ALL,96,0.34782608695652173,0.5,0.0021958032497632896,1.0862976771551904,574.9599999999992,1341.7800000000002,0.31907440074997173,0.5384615384615384
ORB,ORB#43,"{'orm': 60, 'stop': 'opp', 'tgt': 'r1', 'narrow': True, 'max_bars': 24, 'last_entry': 720}",MNQ,IS,66,0.39285714285714285,0.5303030303030303,0.04041668687785532,1.3186781148413247,1311.6599999999994,931.8800000000001,1.117653471442074,0.75
ORB,ORB#43,"{'orm': 60, 'stop': 'opp', 'tgt': 'r1', 'narrow': True, 'max_bars': 24, 'last_entry': 720}",MNQ,OOS,30,0.2777777777777778,0.43333333333333335,-0.0818901407320392,0.7107100503420273,-736.7000000000003,1341.7800000000002,-1.1898171968465199,0.2
ORB,ORB#43,"{'orm': 60, 'stop': 'opp', 'tgt': 'r1', 'narrow': True, 'max_bars': 24, 'last_entry': 720}",MES,ALL,110,0.39855072463768115,0.4818181818181818,0.015529684075691602,1.2002053535734114,696.0999999999996,804.8400000000001,0.7391422317869136,0.6153846153846154
ORB,ORB#43,"{'orm': 60, 'stop': 'opp', 'tgt': 'r1', 'narrow': True, 'max_bars': 24, 'last_entry': 720}",MES,IS,66,0.39285714285714285,0.5,0.06092540100277739,1.5181958088890433,895.6599999999999,304.94,1.6356047237563858,0.75
ORB,ORB#43,"{'orm': 60, 'stop': 'opp', 'tgt': 'r1', 'narrow': True, 'max_bars': 24, 'last_entry': 720}",MES,OOS,44,0.4074074074074074,0.45454545454545453,-0.05256389131493708,0.885868539499345,-199.56000000000017,804.8400000000001,-0.5082767389877593,0.4
ORB,ORB#43,"{'orm': 60, 'stop': 'opp', 'tgt': 'r1', 'narrow': True, 'max_bars': 24, 'last_entry': 720}",MGC,ALL,105,0.38461538461538464,0.5047619047619047,0.03557940702060751,1.0096439555856145,73.99999999954267,1620.8000000001587,0.03754803626227487,0.5714285714285714
ORB,ORB#43,"{'orm': 60, 'stop': 'opp', 'tgt': 'r1', 'narrow': True, 'max_bars': 24, 'last_entry': 720}",MGC,IS,64,0.38323353293413176,0.53125,0.05607051075119851,0.9719816403910889,-140.40000000025685,1620.8000000001587,-0.11156215244160067,0.625
ORB,ORB#43,"{'orm': 60, 'stop': 'opp', 'tgt': 'r1', 'narrow': True, 'max_bars': 24, 'last_entry': 720}",MGC,OOS,41,0.3867924528301887,0.4634146341463415,0.003593293880172756,1.0805348959506382,214.3999999997998,1202.2000000001,0.3008448365582107,0.5
ORB,ORB#44,"{'orm': 60, 'stop': 'opp', 'tgt': 'r2', 'narrow': False, 'max_bars': 24, 'last_entry': 720}",MNQ,ALL,118,0.427536231884058,0.5338983050847458,0.036157653642949664,1.2042539282295537,1749.679999999999,1828.7599999999961,0.7173793128958772,0.5384615384615384
ORB,ORB#44,"{'orm': 60, 'stop': 'opp', 'tgt': 'r2', 'narrow': False, 'max_bars': 24, 'last_entry': 720}",MNQ,IS,80,0.47619047619047616,0.55,0.08493069839956227,1.5035215710140197,2713.7999999999993,931.8800000000001,1.6328027095473328,0.75
ORB,ORB#44,"{'orm': 60, 'stop': 'opp', 'tgt': 'r2', 'narrow': False, 'max_bars': 24, 'last_entry': 720}",MNQ,OOS,38,0.35185185185185186,0.5,-0.0665224405814979,0.6964892840053394,-964.1200000000002,1828.7600000000002,-1.3103887154374314,0.2
ORB,ORB#44,"{'orm': 60, 'stop': 'opp', 'tgt': 'r2', 'narrow': False, 'max_bars': 24, 'last_entry': 720}",MES,ALL,135,0.4891304347826087,0.4962962962962963,0.006744476190589471,1.2227338173641868,1016.3499999999999,939.8000000000002,0.7949527218180851,0.6428571428571429
ORB,ORB#44,"{'orm': 60, 'stop': 'opp', 'tgt': 'r2', 'narrow': False, 'max_bars': 24, 'last_entry': 720}",MES,IS,81,0.48214285714285715,0.5308641975308642,0.07753342411479676,1.5974276706526767,1500.8099999999997,366.1600000000001,1.7235143019483725,0.75
ORB,ORB#44,"{'orm': 60, 'stop': 'opp', 'tgt': 'r2', 'narrow': False, 'max_bars': 24, 'last_entry': 720}",MES,OOS,54,0.5,0.4444444444444444,-0.09943894569572144,0.7637875131036839,-484.46000000000026,939.8000000000001,-1.2548543951950855,0.5
ORB,ORB#44,"{'orm': 60, 'stop': 'opp', 'tgt': 'r2', 'narrow': False, 'max_bars': 24, 'last_entry': 720}",MGC,ALL,133,0.48717948717948717,0.48120300751879697,-0.004259994940767479,0.8503071049135936,-1442.8000000008876,2697.20000000036,-0.6883094204153649,0.5
ORB,ORB#44,"{'orm': 60, 'stop': 'opp', 'tgt': 'r2', 'narrow': False, 'max_bars': 24, 'last_entry': 720}",MGC,IS,81,0.48502994011976047,0.48148148148148145,0.006788711988867754,0.8270792671408951,-1098.6000000005104,2697.20000000036,-0.791616130274796,0.375
ORB,ORB#44,"{'orm': 60, 'stop': 'opp', 'tgt': 'r2', 'narrow': False, 'max_bars': 24, 'last_entry': 720}",MGC,OOS,52,0.49056603773584906,0.4807692307692308,-0.021470480735007017,0.8952270790209557,-344.2000000003767,1285.8000000001166,-0.4922453186825439,0.6666666666666666
ORB,ORB#45,"{'orm': 60, 'stop': 'opp', 'tgt': 'r2', 'narrow': True, 'max_bars': 24, 'last_entry': 720}",MNQ,ALL,96,0.34782608695652173,0.5,0.03464580324976329,1.2364660819029434,1575.4599999999991,1341.779999999997,0.7470945486624815,0.5384615384615384
ORB,ORB#45,"{'orm': 60, 'stop': 'opp', 'tgt': 'r2', 'narrow': True, 'max_bars': 24, 'last_entry': 720}",MNQ,IS,66,0.39285714285714285,0.5303030303030303,0.08761668687785533,1.5617574600212838,2312.16,931.8800000000001,1.5954901559206833,0.75
ORB,ORB#45,"{'orm': 60, 'stop': 'opp', 'tgt': 'r2', 'narrow': True, 'max_bars': 24, 'last_entry': 720}",MNQ,OOS,30,0.2777777777777778,0.43333333333333335,-0.0818901407320392,0.7107100503420273,-736.7000000000003,1341.7800000000002,-1.1898171968465199,0.2
ORB,ORB#45,"{'orm': 60, 'stop': 'opp', 'tgt': 'r2', 'narrow': True, 'max_bars': 24, 'last_entry': 720}",MES,ALL,110,0.39855072463768115,0.4636363636363636,-0.01621287224348326,1.1201293172117148,437.34999999999945,974.5600000000004,0.4234640021620686,0.6153846153846154
ORB,ORB#45,"{'orm': 60, 'stop': 'opp', 'tgt': 'r2', 'narrow': True, 'max_bars': 24, 'last_entry': 720}",MES,IS,66,0.39285714285714285,0.5,0.08007478479452507,1.7047824024253366,1218.1599999999999,304.94,1.8289061192905054,0.75
ORB,ORB#45,"{'orm': 60, 'stop': 'opp', 'tgt': 'r2', 'narrow': True, 'max_bars': 24, 'last_entry': 720}",MES,OOS,44,0.4074074074074074,0.4090909090909091,-0.1606443578004958,0.5916778228674223,-780.8100000000002,916.08,-2.185390050925946,0.4
ORB,ORB#45,"{'orm': 60, 'stop': 'opp', 'tgt': 'r2', 'narrow': True, 'max_bars': 24, 'last_entry': 720}",MGC,ALL,105,0.38461538461538464,0.4857142857142857,-0.016327736354739813,0.8125907864701383,-1445.000000000713,1760.800000000732,-0.7802133629068416,0.42857142857142855
ORB,ORB#45,"{'orm': 60, 'stop': 'opp', 'tgt': 'r2', 'narrow': True, 'max_bars': 24, 'last_entry': 720}",MGC,IS,64,0.38323353293413176,0.5,0.00520234015397604,0.8378828097142781,-818.400000000418,1741.2000000002708,-0.6620142242216572,0.375
ORB,ORB#45,"{'orm': 60, 'stop': 'opp', 'tgt': 'r2', 'narrow': True, 'max_bars': 24, 'last_entry': 720}",MGC,OOS,41,0.3867924528301887,0.4634146341463415,-0.04993566066102798,0.7646307565170686,-626.6000000002947,1170.0000000001987,-1.0355044822172663,0.5
ORB,ORB#46,"{'orm': 60, 'stop': 'opp', 'tgt': 'ext0.5', 'narrow': False, 'max_bars': 24, 'last_entry': 720}",MNQ,ALL,117,0.42391304347826086,0.6153846153846154,0.023015607354767056,1.1603765930361065,1146.419999999999,927.3300000000002,0.6249899975302751,0.6153846153846154
ORB,ORB#46,"{'orm': 60, 'stop': 'opp', 'tgt': 'ext0.5', 'narrow': False, 'max_bars': 24, 'last_entry': 720}",MNQ,IS,79,0.47023809523809523,0.5949367088607594,0.01376435943499381,1.1126498735474766,536.2899999999995,927.3300000000002,0.47484127175594043,0.625
ORB,ORB#46,"{'orm': 60, 'stop': 'opp', 'tgt': 'ext0.5', 'narrow': False, 'max_bars': 24, 'last_entry': 720}",MNQ,OOS,38,0.35185185185185186,0.6578947368421053,0.04224846487219035,1.255538988616279,610.1299999999998,797.3300000000002,0.8618360740734285,0.6
ORB,ORB#46,"{'orm': 60, 'stop': 'opp', 'tgt': 'ext0.5', 'narrow': False, 'max_bars': 24, 'last_entry': 720}",MES,ALL,134,0.4855072463768116,0.6567164179104478,0.03426796363908762,1.22176840954251,754.4649999999997,482.96500000000015,0.8945716711360231,0.5714285714285714
ORB,ORB#46,"{'orm': 60, 'stop': 'opp', 'tgt': 'ext0.5', 'narrow': False, 'max_bars': 24, 'last_entry': 720}",MES,IS,80,0.47619047619047616,0.6375,0.030843949295938068,1.1818467509016268,364.54999999999995,317.895,0.7058603969729472,0.625
ORB,ORB#46,"{'orm': 60, 'stop': 'opp', 'tgt': 'ext0.5', 'narrow': False, 'max_bars': 24, 'last_entry': 720}",MES,OOS,54,0.5,0.6851851851851852,0.039340577480790666,1.2790428889381893,389.91499999999974,482.96500000000015,1.1875046887535394,0.5
ORB,ORB#46,"{'orm': 60, 'stop': 'opp', 'tgt': 'ext0.5', 'narrow': False, 'max_bars': 24, 'last_entry': 720}",MGC,ALL,133,0.48717948717948717,0.6691729323308271,0.022244577800895098,1.0620781455884376,461.6999999994657,1364.9000000003757,0.26739612828387926,0.6428571428571429
ORB,ORB#46,"{'orm': 60, 'stop': 'opp', 'tgt': 'ext0.5', 'narrow': False, 'max_bars': 24, 'last_entry': 720}",MGC,IS,81,0.48502994011976047,0.691358024691358,0.0388900120394267,1.0299474237643966,142.39999999971138,1343.6000000001318,0.1263327324802562,0.625
ORB,ORB#46,"{'orm': 60, 'stop': 'opp', 'tgt': 'ext0.5', 'narrow': False, 'max_bars': 24, 'last_entry': 720}",MGC,OOS,52,0.49056603773584906,0.6346153846153846,-0.0036838870706637165,1.1190351923649497,319.29999999975445,1095.6000000000383,0.5359431443052836,0.6666666666666666
ORB,ORB#47,"{'orm': 60, 'stop': 'opp', 'tgt': 'ext0.5', 'narrow': True, 'max_bars': 24, 'last_entry': 720}",MNQ,ALL,95,0.3442028985507246,0.5789473684210527,0.011272224812517231,1.1163207067035046,639.9499999999994,927.3300000000002,0.44374340646173405,0.6153846153846154
ORB,ORB#47,"{'orm': 60, 'stop': 'opp', 'tgt': 'ext0.5', 'narrow': True, 'max_bars': 24, 'last_entry': 720}",MNQ,IS,65,0.3869047619047619,0.5692307692307692,0.006703023583809077,1.0849719063074001,313.64999999999964,927.3300000000002,0.34782257967857155,0.625
ORB,ORB#47,"{'orm': 60, 'stop': 'opp', 'tgt': 'ext0.5', 'narrow': True, 'max_bars': 24, 'last_entry': 720}",MNQ,OOS,30,0.2777777777777778,0.6,0.021172160808051566,1.1802384029872182,326.2999999999998,615.2,0.6018391915435866,0.6
ORB,ORB#47,"{'orm': 60, 'stop': 'opp', 'tgt': 'ext0.5', 'narrow': True, 'max_bars': 24, 'last_entry': 720}",MES,ALL,110,0.39855072463768115,0.6454545454545455,0.033162985519475593,1.2595339824330127,653.5999999999998,505.56500000000005,0.9609733448883062,0.6153846153846154
ORB,ORB#47,"{'orm': 60, 'stop': 'opp', 'tgt': 'ext0.5', 'narrow': True, 'max_bars': 24, 'last_entry': 720}",MES,IS,66,0.39285714285714285,0.6363636363636364,0.05455444614206006,1.5431241349374702,663.1599999999999,256.20000000000005,1.7762252450370886,0.75
ORB,ORB#47,"{'orm': 60, 'stop': 'opp', 'tgt': 'ext0.5', 'narrow': True, 'max_bars': 24, 'last_entry': 720}",MES,OOS,44,0.4074074074074074,0.6590909090909091,0.0010757945855988597,0.9926311326935675,-9.559999999999995,482.9650000000001,-0.031574484415134475,0.4
ORB,ORB#47,"{'orm': 60, 'stop': 'opp', 'tgt': 'ext0.5', 'narrow': True, 'max_bars': 24, 'last_entry': 720}",MGC,ALL,105,0.38461538461538464,0.6666666666666666,-0.000918232505825126,0.8795084583465683,-755.0000000004262,1664.5000000002115,-0.49636255610491836,0.42857142857142855
ORB,ORB#47,"{'orm': 60, 'stop': 'opp', 'tgt': 'ext0.5', 'narrow': True, 'max_bars': 24, 'last_entry': 720}",MGC,IS,64,0.38323353293413176,0.6875,0.01578193414560821,0.819674520281701,-742.400000000264,1664.5000000002115,-0.741673297582814,0.25
ORB,ORB#47,"{'orm': 60, 'stop': 'opp', 'tgt': 'ext0.5', 'narrow': True, 'max_bars': 24, 'last_entry': 720}",MGC,OOS,41,0.3867924528301887,0.6341463414634146,-0.02698678532757472,0.9941368078175149,-12.600000000161884,885.0000000000238,-0.024482529312562534,0.6666666666666666
FirstBar,FirstBar#0,"{'s': 0.05, 'r': 1.0, 'max_bars': 12, 'last_entry': 575}",MNQ,ALL,271,0.9818840579710145,0.33948339483394835,-0.36505210230491864,0.45181486551588373,-3994.5934890803765,4063.5399816849613,-6.121185913970666,0.14285714285714285
FirstBar,FirstBar#0,"{'s': 0.05, 'r': 1.0, 'max_bars': 12, 'last_entry': 575}",MNQ,IS,163,0.9702380952380952,0.3374233128834356,-0.37239611644548826,0.4401819756525949,-2269.1967033660817,2272.4017673992685,-6.3550521193421625,0.0
FirstBar,FirstBar#0,"{'s': 0.05, 'r': 1.0, 'max_bars': 12, 'last_entry': 575}",MNQ,OOS,108,1.0,0.3425925925925926,-0.35396808096313315,0.46639768838760365,-1725.3967857142948,1921.4939285714327,-5.911763627668106,0.3333333333333333
FirstBar,FirstBar#0,"{'s': 0.05, 'r': 1.0, 'max_bars': 12, 'last_entry': 575}",MES,ALL,271,0.9818840579710145,0.4022140221402214,-0.30957466965868913,0.553733530929757,-1514.2891914335878,1575.784548576446,-4.562930633461485,0.0
FirstBar,FirstBar#0,"{'s': 0.05, 'r': 1.0, 'max_bars': 12, 'last_entry': 575}",MES,IS,163,0.9702380952380952,0.43558282208588955,-0.2386501646126992,0.6432591111137128,-697.2843700050133,758.4806200050111,-3.3651448470169063,0.0
FirstBar,FirstBar#0,"{'s': 0.05, 'r': 1.0, 'max_bars': 12, 'last_entry': 575}",MES,OOS,108,1.0,0.35185185185185186,-0.41661813560772953,0.43210067021208676,-817.0048214285741,864.6526785714317,-6.601393048950449,0.0
FirstBar,FirstBar#0,"{'s': 0.05, 'r': 1.0, 'max_bars': 12, 'last_entry': 575}",MGC,ALL,266,0.9743589743589743,0.33458646616541354,-0.402104408257724,0.4510901215464988,-3694.9070487854947,3739.516334499763,-5.858646517829671,0.0
FirstBar,FirstBar#0,"{'s': 0.05, 'r': 1.0, 'max_bars': 12, 'last_entry': 575}",MGC,IS,161,0.9640718562874252,0.32919254658385094,-0.4110101725394644,0.44826170635704454,-2445.7106202136606,2517.898477356522,-5.7556220138393375,0.0
FirstBar,FirstBar#0,"{'s': 0.05, 'r': 1.0, 'max_bars': 12, 'last_entry': 575}",MGC,OOS,105,0.9905660377358491,0.34285714285714286,-0.388448903025722,0.4565445384104434,-1249.196428571834,1303.3428571432703,-6.237697247815133,0.0
FirstBar,FirstBar#1,"{'s': 0.05, 'r': 1.0, 'max_bars': 77, 'last_entry': 575}",MNQ,ALL,271,0.9818840579710145,0.33948339483394835,-0.36505210230491864,0.45181486551588373,-3994.5934890803765,4063.5399816849613,-6.121185913970666,0.14285714285714285
FirstBar,FirstBar#1,"{'s': 0.05, 'r': 1.0, 'max_bars': 77, 'last_entry': 575}",MNQ,IS,163,0.9702380952380952,0.3374233128834356,-0.37239611644548826,0.4401819756525949,-2269.1967033660817,2272.4017673992685,-6.3550521193421625,0.0
FirstBar,FirstBar#1,"{'s': 0.05, 'r': 1.0, 'max_bars': 77, 'last_entry': 575}",MNQ,OOS,108,1.0,0.3425925925925926,-0.35396808096313315,0.46639768838760365,-1725.3967857142948,1921.4939285714327,-5.911763627668106,0.3333333333333333
FirstBar,FirstBar#1,"{'s': 0.05, 'r': 1.0, 'max_bars': 77, 'last_entry': 575}",MES,ALL,271,0.9818840579710145,0.4022140221402214,-0.30957466965868913,0.553733530929757,-1514.2891914335878,1575.784548576446,-4.562930633461485,0.0
FirstBar,FirstBar#1,"{'s': 0.05, 'r': 1.0, 'max_bars': 77, 'last_entry': 575}",MES,IS,163,0.9702380952380952,0.43558282208588955,-0.2386501646126992,0.6432591111137128,-697.2843700050133,758.4806200050111,-3.3651448470169063,0.0
FirstBar,FirstBar#1,"{'s': 0.05, 'r': 1.0, 'max_bars': 77, 'last_entry': 575}",MES,OOS,108,1.0,0.35185185185185186,-0.41661813560772953,0.43210067021208676,-817.0048214285741,864.6526785714317,-6.601393048950449,0.0
FirstBar,FirstBar#1,"{'s': 0.05, 'r': 1.0, 'max_bars': 77, 'last_entry': 575}",MGC,ALL,266,0.9743589743589743,0.33458646616541354,-0.402104408257724,0.4510901215464988,-3694.9070487854947,3739.516334499763,-5.858646517829671,0.0
FirstBar,FirstBar#1,"{'s': 0.05, 'r': 1.0, 'max_bars': 77, 'last_entry': 575}",MGC,IS,161,0.9640718562874252,0.32919254658385094,-0.4110101725394644,0.44826170635704454,-2445.7106202136606,2517.898477356522,-5.7556220138393375,0.0
FirstBar,FirstBar#1,"{'s': 0.05, 'r': 1.0, 'max_bars': 77, 'last_entry': 575}",MGC,OOS,105,0.9905660377358491,0.34285714285714286,-0.388448903025722,0.4565445384104434,-1249.196428571834,1303.3428571432703,-6.237697247815133,0.0
FirstBar,FirstBar#2,"{'s': 0.05, 'r': 2.0, 'max_bars': 12, 'last_entry': 575}",MNQ,ALL,271,0.9818840579710145,0.3025830258302583,-0.13679447771101114,0.778559663191784,-1699.10965215342,2436.6310714285737,-1.8172055886304714,0.2857142857142857
FirstBar,FirstBar#2,"{'s': 0.05, 'r': 2.0, 'max_bars': 12, 'last_entry': 575}",MNQ,IS,163,0.9702380952380952,0.3067484662576687,-0.1274561842727742,0.7763392080105944,-947.9628664391398,1438.0717857142934,-1.8516902627826737,0.25
FirstBar,FirstBar#2,"{'s': 0.05, 'r': 2.0, 'max_bars': 12, 'last_entry': 575}",MNQ,OOS,108,1.0,0.2962962962962963,-0.1508883835483502,0.7812997725766623,-751.14678571428,1313.1425000000063,-1.7958554968084381,0.3333333333333333
FirstBar,FirstBar#2,"{'s': 0.05, 'r': 2.0, 'max_bars': 12, 'last_entry': 575}",MES,ALL,271,0.9818840579710145,0.30996309963099633,-0.19034808532035505,0.7523970497281837,-974.7097271479078,1102.9751785714752,-2.1169005343577525,0.2857142857142857
FirstBar,FirstBar#2,"{'s': 0.05, 'r': 2.0, 'max_bars': 12, 'last_entry': 575}",MES,IS,163,0.9702380952380952,0.3374233128834356,-0.10373385498585984,0.8448113627108277,-360.66026286219306,519.3910714286146,-1.2461117000076458,0.375
FirstBar,FirstBar#2,"{'s': 0.05, 'r': 2.0, 'max_bars': 12, 'last_entry': 575}",MES,OOS,108,1.0,0.26851851851851855,-0.3210714144363062,0.6192110405728398,-614.0494642857145,671.5050000000069,-3.603102348112027,0.16666666666666666
FirstBar,FirstBar#2,"{'s': 0.05, 'r': 2.0, 'max_bars': 12, 'last_entry': 575}",MGC,ALL,266,0.9743589743589743,0.2631578947368421,-0.2847408469131142,0.6816374811284436,-2351.2629145862597,2407.541486014819,-2.642292940224355,0.07142857142857142
FirstBar,FirstBar#2,"{'s': 0.05, 'r': 2.0, 'max_bars': 12, 'last_entry': 575}",MGC,IS,161,0.9640718562874252,0.2546583850931677,-0.30818089326581266,0.6876845506550796,-1511.3200574430289,1656.8022003001909,-2.5061092374773883,0.0
FirstBar,FirstBar#2,"{'s': 0.05, 'r': 2.0, 'max_bars': 12, 'last_entry': 575}",MGC,OOS,105,0.9905660377358491,0.2761904761904762,-0.2487994425056432,0.6701458918307075,-839.9428571432309,951.435714286105,-3.0157154640483035,0.16666666666666666
FirstBar,FirstBar#3,"{'s': 0.05, 'r': 2.0, 'max_bars': 77, 'last_entry': 575}",MNQ,ALL,271,0.9818840579710145,0.3025830258302583,-0.13679447771101114,0.778559663191784,-1699.10965215342,2436.6310714285737,-1.8172055886304714,0.2857142857142857
FirstBar,FirstBar#3,"{'s': 0.05, 'r': 2.0, 'max_bars': 77, 'last_entry': 575}",MNQ,IS,163,0.9702380952380952,0.3067484662576687,-0.1274561842727742,0.7763392080105944,-947.9628664391398,1438.0717857142934,-1.8516902627826737,0.25
FirstBar,FirstBar#3,"{'s': 0.05, 'r': 2.0, 'max_bars': 77, 'last_entry': 575}",MNQ,OOS,108,1.0,0.2962962962962963,-0.1508883835483502,0.7812997725766623,-751.14678571428,1313.1425000000063,-1.7958554968084381,0.3333333333333333
FirstBar,FirstBar#3,"{'s': 0.05, 'r': 2.0, 'max_bars': 77, 'last_entry': 575}",MES,ALL,271,0.9818840579710145,0.30996309963099633,-0.19034808532035505,0.7523970497281837,-974.7097271479078,1102.9751785714752,-2.1169005343577525,0.2857142857142857
FirstBar,FirstBar#3,"{'s': 0.05, 'r': 2.0, 'max_bars': 77, 'last_entry': 575}",MES,IS,163,0.9702380952380952,0.3374233128834356,-0.10373385498585984,0.8448113627108277,-360.66026286219306,519.3910714286146,-1.2461117000076458,0.375
FirstBar,FirstBar#3,"{'s': 0.05, 'r': 2.0, 'max_bars': 77, 'last_entry': 575}",MES,OOS,108,1.0,0.26851851851851855,-0.3210714144363062,0.6192110405728398,-614.0494642857145,671.5050000000069,-3.603102348112027,0.16666666666666666
FirstBar,FirstBar#3,"{'s': 0.05, 'r': 2.0, 'max_bars': 77, 'last_entry': 575}",MGC,ALL,266,0.9743589743589743,0.2631578947368421,-0.2847408469131142,0.6816374811284436,-2351.2629145862597,2407.541486014819,-2.642292940224355,0.07142857142857142
FirstBar,FirstBar#3,"{'s': 0.05, 'r': 2.0, 'max_bars': 77, 'last_entry': 575}",MGC,IS,161,0.9640718562874252,0.2546583850931677,-0.30818089326581266,0.6876845506550796,-1511.3200574430289,1656.8022003001909,-2.5061092374773883,0.0
FirstBar,FirstBar#3,"{'s': 0.05, 'r': 2.0, 'max_bars': 77, 'last_entry': 575}",MGC,OOS,105,0.9905660377358491,0.2761904761904762,-0.2487994425056432,0.6701458918307075,-839.9428571432309,951.435714286105,-3.0157154640483035,0.16666666666666666
FirstBar,FirstBar#4,"{'s': 0.05, 'r': None, 'max_bars': 12, 'last_entry': 575}",MNQ,ALL,271,0.9818840579710145,0.14391143911439114,0.0811864896779584,1.0941200882965094,874.7424573343955,2244.7714285713996,0.3936606616962747,0.5714285714285714
FirstBar,FirstBar#4,"{'s': 0.05, 'r': None, 'max_bars': 12, 'last_entry': 575}",MNQ,IS,163,0.9702380952380952,0.1411042944785276,-0.0384190738127104,0.8911027549113305,-562.2018283799098,1626.3432142856993,-0.5222010400246683,0.5
FirstBar,FirstBar#4,"{'s': 0.05, 'r': None, 'max_bars': 12, 'last_entry': 575}",MNQ,OOS,108,1.0,0.14814814814814814,0.2617022938351716,1.3478260117827714,1436.9442857143051,941.5599999999871,1.3185691781808075,0.6666666666666666
FirstBar,FirstBar#4,"{'s': 0.05, 'r': None, 'max_bars': 12, 'last_entry': 575}",MES,ALL,271,0.9818840579710145,0.12915129151291513,-0.15445506575874385,0.8658757587048386,-657.4115128621339,1359.3607142857227,-0.6479848027279714,0.35714285714285715
FirstBar,FirstBar#4,"{'s': 0.05, 'r': None, 'max_bars': 12, 'last_entry': 575}",MES,IS,163,0.9702380952380952,0.15950920245398773,0.04068160118429776,1.0579567875685543,168.46830856645258,487.77428571428015,0.24458216652995823,0.375
FirstBar,FirstBar#4,"{'s': 0.05, 'r': None, 'max_bars': 12, 'last_entry': 575}",MES,OOS,108,1.0,0.08333333333333333,-0.4489668871635196,0.5859670052122384,-825.8798214285866,1036.14232142858,-2.6528771344497994,0.3333333333333333
FirstBar,FirstBar#4,"{'s': 0.05, 'r': None, 'max_bars': 12, 'last_entry': 575}",MGC,ALL,266,0.9743589743589743,0.11654135338345864,-0.09649848006078099,0.9351250554117898,-568.3533907776581,2013.69285714346,-0.28739828057177225,0.35714285714285715
FirstBar,FirstBar#4,"{'s': 0.05, 'r': None, 'max_bars': 12, 'last_entry': 575}",MGC,IS,161,0.9640718562874252,0.12422360248447205,-0.0744979377157335,0.9514078660182601,-273.96053363410226,2013.69285714346,-0.21420244355209822,0.375
FirstBar,FirstBar#4,"{'s': 0.05, 'r': None, 'max_bars': 12, 'last_entry': 575}",MGC,OOS,105,0.9905660377358491,0.10476190476190476,-0.1302326449898539,0.90572770253713,-294.39285714355594,1176.5500000002655,-0.42254771236571625,0.3333333333333333
FirstBar,FirstBar#5,"{'s': 0.05, 'r': None, 'max_bars': 77, 'last_entry': 575}",MNQ,ALL,271,0.9818840579710145,0.0996309963099631,-0.02348308335567918,0.9944245134325707,-54.33789980845967,1434.6696428571163,-0.02261875619624264,0.5
FirstBar,FirstBar#5,"{'s': 0.05, 'r': None, 'max_bars': 77, 'last_entry': 575}",MNQ,IS,163,0.9702380952380952,0.09202453987730061,0.025632435261045156,0.9711113448094639,-158.2268283799039,1434.6696428571163,-0.11003969604843969,0.625
FirstBar,FirstBar#5,"{'s': 0.05, 'r': None, 'max_bars': 77, 'last_entry': 575}",MNQ,OOS,108,1.0,0.1111111111111111,-0.09761113460129084,1.0243371922084281,103.88892857144424,893.4674999999959,0.10729841735499103,0.3333333333333333
FirstBar,FirstBar#5,"{'s': 0.05, 'r': None, 'max_bars': 77, 'last_entry': 575}",MES,ALL,271,0.9818840579710145,0.09225092250922509,0.02026802921951806,1.017373418247292,89.40098713786699,1337.6642857142915,0.06864568871833111,0.42857142857142855
FirstBar,FirstBar#5,"{'s': 0.05, 'r': None, 'max_bars': 77, 'last_entry': 575}",MES,IS,163,0.9702380952380952,0.10429447852760736,0.05572353594731032,1.042751881612831,133.25402285216558,672.1432142857203,0.17281052038999475,0.5
FirstBar,FirstBar#5,"{'s': 0.05, 'r': None, 'max_bars': 77, 'last_entry': 575}",MES,OOS,108,1.0,0.07407407407407407,-0.03324352260113132,0.9783861591573623,-43.853035714298315,1000.3655357142922,-0.08230012324887148,0.3333333333333333
FirstBar,FirstBar#5,"{'s': 0.05, 'r': None, 'max_bars': 77, 'last_entry': 575}",MGC,ALL,266,0.9743589743589743,0.07142857142857142,-0.2777901824846778,0.6932223713594781,-2869.6855336347808,4085.1571428587613,-1.4593904788614416,0.42857142857142855
FirstBar,FirstBar#5,"{'s': 0.05, 'r': None, 'max_bars': 77, 'last_entry': 575}",MGC,IS,161,0.9640718562874252,0.08695652173913043,-0.08317608864748967,0.8506527190037244,-898.3105336340973,2395.2178571435034,-0.6397108148808399,0.5
FirstBar,FirstBar#5,"{'s': 0.05, 'r': None, 'max_bars': 77, 'last_entry': 575}",MGC,OOS,105,0.9905660377358491,0.047619047619047616,-0.5761984597016995,0.409657495788793,-1971.3750000006835,2486.7250000006416,-3.9486103989444135,0.3333333333333333
FirstBar,FirstBar#6,"{'s': 0.1, 'r': 1.0, 'max_bars': 12, 'last_entry': 575}",MNQ,ALL,271,0.9818840579710145,0.47601476014760147,-0.06909706328858792,0.7928579662637714,-2393.4070514208142,3740.391428571421,-1.755852236871964,0.42857142857142855
FirstBar,FirstBar#6,"{'s': 0.1, 'r': 1.0, 'max_bars': 12, 'last_entry': 575}",MNQ,IS,163,0.9702380952380952,0.49079754601226994,-0.04094632651175895,0.8218463177613614,-1114.7477657065292,2094.4500000000035,-1.4889153379465723,0.375
FirstBar,FirstBar#6,"{'s': 0.1, 'r': 1.0, 'max_bars': 12, 'last_entry': 575}",MNQ,OOS,108,1.0,0.4537037037037037,-0.11158382342398718,0.7586159748298259,-1278.6592857142841,2065.613571428576,-2.1053109710979574,0.5
FirstBar,FirstBar#6,"{'s': 0.1, 'r': 1.0, 'max_bars': 12, 'last_entry': 575}",MES,ALL,271,0.9818840579710145,0.4612546125461255,-0.13201919949039462,0.7572692712568172,-1357.0080257242328,1622.0035714285455,-2.123067631353024,0.21428571428571427
FirstBar,FirstBar#6,"{'s': 0.1, 'r': 1.0, 'max_bars': 12, 'last_entry': 575}",MES,IS,163,0.9702380952380952,0.48466257668711654,-0.08741679462320164,0.8170275883274675,-607.2487400099685,848.5974999999867,-1.5325590329433434,0.125
FirstBar,FirstBar#6,"{'s': 0.1, 'r': 1.0, 'max_bars': 12, 'last_entry': 575}",MES,OOS,108,1.0,0.42592592592592593,-0.19933579202143592,0.6699699136018323,-749.7592857142646,965.1385714285494,-3.0816553048562088,0.3333333333333333
FirstBar,FirstBar#6,"{'s': 0.1, 'r': 1.0, 'max_bars': 12, 'last_entry': 575}",MGC,ALL,266,0.9743589743589743,0.46616541353383456,-0.10565761685501111,0.8660048629184575,-1346.17399766948,1626.6382833836917,-1.03934090276246,0.42857142857142855
FirstBar,FirstBar#6,"{'s': 0.1, 'r': 1.0, 'max_bars': 12, 'last_entry': 575}",MGC,IS,161,0.9640718562874252,0.4472049689440994,-0.1452349377401304,0.8526983410559503,-981.8597119550327,1513.5097119550173,-1.123685752252309,0.25
FirstBar,FirstBar#6,"{'s': 0.1, 'r': 1.0, 'max_bars': 12, 'last_entry': 575}",MGC,OOS,105,0.9905660377358491,0.49523809523809526,-0.04497239149782825,0.8922402136433948,-364.31428571444746,797.1071428572349,-0.8869883345464892,0.6666666666666666
FirstBar,FirstBar#7,"{'s': 0.1, 'r': 1.0, 'max_bars': 77, 'last_entry': 575}",MNQ,ALL,271,0.9818840579710145,0.47601476014760147,-0.06909706328858792,0.7928579662637714,-2393.4070514208142,3740.391428571421,-1.755852236871964,0.42857142857142855
FirstBar,FirstBar#7,"{'s': 0.1, 'r': 1.0, 'max_bars': 77, 'last_entry': 575}",MNQ,IS,163,0.9702380952380952,0.49079754601226994,-0.04094632651175895,0.8218463177613614,-1114.7477657065292,2094.4500000000035,-1.4889153379465723,0.375
FirstBar,FirstBar#7,"{'s': 0.1, 'r': 1.0, 'max_bars': 77, 'last_entry': 575}",MNQ,OOS,108,1.0,0.4537037037037037,-0.11158382342398718,0.7586159748298259,-1278.6592857142841,2065.613571428576,-2.1053109710979574,0.5
FirstBar,FirstBar#7,"{'s': 0.1, 'r': 1.0, 'max_bars': 77, 'last_entry': 575}",MES,ALL,271,0.9818840579710145,0.46494464944649444,-0.12658823330402927,0.7679525819904884,-1296.1240971528034,1561.119642857116,-2.0182080936218827,0.2857142857142857
FirstBar,FirstBar#7,"{'s': 0.1, 'r': 1.0, 'max_bars': 77, 'last_entry': 575}",MES,IS,163,0.9702380952380952,0.48466257668711654,-0.08514042497343581,0.8230269608595872,-587.3380257242529,828.6867857142712,-1.4765406726274068,0.25
FirstBar,FirstBar#7,"{'s': 0.1, 'r': 1.0, 'max_bars': 77, 'last_entry': 575}",MES,OOS,108,1.0,0.4351851851851852,-0.1891437218029805,0.6873187541535167,-708.7860714285508,924.1653571428357,-2.894031422624605,0.3333333333333333
FirstBar,FirstBar#7,"{'s': 0.1, 'r': 1.0, 'max_bars': 77, 'last_entry': 575}",MGC,ALL,266,0.9743589743589743,0.462406015037594,-0.10974501970714957,0.860633992457359,-1408.481140526624,1688.9454262408333,-1.0864067267934154,0.42857142857142855
FirstBar,FirstBar#7,"{'s': 0.1, 'r': 1.0, 'max_bars': 77, 'last_entry': 575}",MGC,IS,161,0.9640718562874252,0.4409937888198758,-0.15198803810453307,0.8447461660783186,-1044.1668548121768,1575.8168548121605,-1.1935206071551252,0.25
FirstBar,FirstBar#7,"{'s': 0.1, 'r': 1.0, 'max_bars': 77, 'last_entry': 575}",MGC,OOS,105,0.9905660377358491,0.49523809523809526,-0.04497239149782825,0.8922402136433948,-364.31428571444746,797.1071428572349,-0.8869883345464892,0.6666666666666666
FirstBar,FirstBar#8,"{'s': 0.1, 'r': 2.0, 'max_bars': 12, 'last_entry': 575}",MNQ,ALL,271,0.9818840579710145,0.34317343173431736,-0.004502889167094726,0.9243219815470699,-1071.4784114496797,3485.616428571444,-0.5685999572423176,0.42857142857142855
FirstBar,FirstBar#8,"{'s': 0.1, 'r': 2.0, 'max_bars': 12, 'last_entry': 575}",MNQ,IS,163,0.9702380952380952,0.3374233128834356,-0.03129201227230093,0.8677530341694935,-1044.9476971639858,2984.9607142857412,-1.0326852102491553,0.5
FirstBar,FirstBar#8,"{'s': 0.1, 'r': 2.0, 'max_bars': 12, 'last_entry': 575}",MNQ,OOS,108,1.0,0.35185185185185186,0.03592884292687396,0.9957597645112772,-26.530714285693023,1528.809999999989,-0.030924860894652052,0.3333333333333333
FirstBar,FirstBar#8,"{'s': 0.1, 'r': 2.0, 'max_bars': 12, 'last_entry': 575}",MES,ALL,271,0.9818840579710145,0.33210332103321033,-0.07415216384878827,0.9030359711907273,-647.1205257242423,1227.3785714285536,-0.7371270233852129,0.5
FirstBar,FirstBar#8,"{'s': 0.1, 'r': 2.0, 'max_bars': 12, 'last_entry': 575}",MES,IS,163,0.9702380952380952,0.3558282208588957,-0.014272905896358545,0.9640509035394573,-144.1558828671262,677.3653571428526,-0.2641651928418163,0.625
FirstBar,FirstBar#8,"{'s': 0.1, 'r': 2.0, 'max_bars': 12, 'last_entry': 575}",MES,OOS,108,1.0,0.2962962962962963,-0.16452548835106645,0.811186726046127,-502.964642857116,734.0528571428321,-1.5109648353181102,0.3333333333333333
FirstBar,FirstBar#8,"{'s': 0.1, 'r': 2.0, 'max_bars': 12, 'last_entry': 575}",MGC,ALL,266,0.9743589743589743,0.34210526315789475,-0.03981817753268653,1.0112772585533478,138.99120379555325,1970.6642857145998,0.07533220607333951,0.5
FirstBar,FirstBar#8,"{'s': 0.1, 'r': 2.0, 'max_bars': 12, 'last_entry': 575}",MGC,IS,161,0.9640718562874252,0.32919254658385094,-0.08689087863593568,1.0078273944945193,63.07691808149457,1970.6642857145998,0.05050912405535335,0.5
FirstBar,FirstBar#8,"{'s': 0.1, 'r': 2.0, 'max_bars': 12, 'last_entry': 575}",MGC,OOS,105,0.9905660377358491,0.3619047619047619,0.03235996415896209,1.0177934036497018,75.91428571405888,887.7285714287048,0.1309398234832375,0.5
FirstBar,FirstBar#9,"{'s': 0.1, 'r': 2.0, 'max_bars': 77, 'last_entry': 575}",MNQ,ALL,271,0.9818840579710145,0.33579335793357934,-0.014781752991720395,0.9104131002037642,-1285.749840021097,3523.405714285731,-0.6796761080977598,0.42857142857142855
FirstBar,FirstBar#9,"{'s': 0.1, 'r': 2.0, 'max_bars': 77, 'last_entry': 575}",MNQ,IS,163,0.9702380952380952,0.32515337423312884,-0.048381411637169386,0.8444465285110045,-1259.2191257354032,3022.750000000028,-1.2347946062008366,0.5
FirstBar,FirstBar#9,"{'s': 0.1, 'r': 2.0, 'max_bars': 77, 'last_entry': 575}",MNQ,OOS,108,1.0,0.35185185185185186,0.03592884292687396,0.9957597645112772,-26.530714285693023,1528.809999999989,-0.030924860894652052,0.3333333333333333
FirstBar,FirstBar#9,"{'s': 0.1, 'r': 2.0, 'max_bars': 77, 'last_entry': 575}",MES,ALL,271,0.9818840579710145,0.34317343173431736,-0.031961231381937606,0.9766410014274703,-157.80802572423227,988.2399999999841,-0.17216327479981303,0.42857142857142855
FirstBar,FirstBar#9,"{'s': 0.1, 'r': 2.0, 'max_bars': 77, 'last_entry': 575}",MES,IS,163,0.9702380952380952,0.3558282208588957,0.007825012867808033,1.0093259098975536,38.20125999002778,612.395357142868,0.06736382118872493,0.625
FirstBar,FirstBar#9,"{'s': 0.1, 'r': 2.0, 'max_bars': 77, 'last_entry': 575}",MES,OOS,108,1.0,0.32407407407407407,-0.09200898890701671,0.9262989991749412,-196.00928571426016,541.7146428571051,-0.5586709196437967,0.16666666666666666
FirstBar,FirstBar#9,"{'s': 0.1, 'r': 2.0, 'max_bars': 77, 'last_entry': 575}",MGC,ALL,266,0.9743589743589743,0.33458646616541354,-0.03279015233982327,1.0399703081877965,500.1126323670401,1967.82857142888,0.2634473865780604,0.5
FirstBar,FirstBar#9,"{'s': 0.1, 'r': 2.0, 'max_bars': 77, 'last_entry': 575}",MGC,IS,161,0.9640718562874252,0.32298136645962733,-0.0667671881560437,1.0617794797231717,505.5840609386969,1967.82857142888,0.3901671361397003,0.5
FirstBar,FirstBar#9,"{'s': 0.1, 'r': 2.0, 'max_bars': 77, 'last_entry': 575}",MGC,OOS,105,0.9905660377358491,0.3523809523809524,0.019307969245048025,0.9987359277068931,-5.471428571657071,946.8428571431316,-0.009416412779795059,0.5
FirstBar,FirstBar#10,"{'s': 0.1, 'r': None, 'max_bars': 12, 'last_entry': 575}",MNQ,ALL,271,0.9818840579710145,0.25461254612546125,0.16706313946504137,1.1173655118138253,1875.3369276556616,3163.6271428571054,0.5989311163945114,0.5714285714285714
FirstBar,FirstBar#10,"{'s': 0.1, 'r': None, 'max_bars': 12, 'last_entry': 575}",MNQ,IS,163,0.9702380952380952,0.26380368098159507,0.17208209045425962,1.1148241491523179,999.1462133699408,2199.194999999969,0.5652078292259368,0.625
FirstBar,FirstBar#10,"{'s': 0.1, 'r': None, 'max_bars': 12, 'last_entry': 575}",MNQ,OOS,108,1.0,0.24074074074074073,0.15948824121279556,1.1204043385990272,876.1907142857212,2144.058571428567,0.6455055797929975,0.5
FirstBar,FirstBar#10,"{'s': 0.1, 'r': None, 'max_bars': 12, 'last_entry': 575}",MES,ALL,271,0.9818840579710145,0.23247232472324722,-0.11926267145696803,0.8420221769258145,-1198.9919542956777,2292.7089285714155,-0.975658381569554,0.35714285714285715
FirstBar,FirstBar#10,"{'s': 0.1, 'r': None, 'max_bars': 12, 'last_entry': 575}",MES,IS,163,0.9702380952380952,0.26993865030674846,0.0546180220120759,1.0489532122577758,220.704831418597,751.6323114385497,0.26376532962380583,0.375
FirstBar,FirstBar#10,"{'s': 0.1, 'r': None, 'max_bars': 12, 'last_entry': 575}",MES,OOS,108,1.0,0.17592592592592593,-0.3816937180815434,0.5392295492051132,-1419.696785714275,1736.8017857142693,-3.838813447678033,0.3333333333333333
FirstBar,FirstBar#10,"{'s': 0.1, 'r': None, 'max_bars': 12, 'last_entry': 575}",MGC,ALL,266,0.9743589743589743,0.24812030075187969,0.01600518774031412,1.0611794015341118,856.3322294355138,2338.514285714762,0.3088023523486909,0.6428571428571429
FirstBar,FirstBar#10,"{'s': 0.1, 'r': None, 'max_bars': 12, 'last_entry': 575}",MGC,IS,161,0.9640718562874252,0.2608695652173913,0.07251611328879169,1.1496992432160649,1330.4322294362125,2338.514285714762,0.7122989211911731,0.625
FirstBar,FirstBar#10,"{'s': 0.1, 'r': None, 'max_bars': 12, 'last_entry': 575}",MGC,OOS,105,0.9905660377358491,0.22857142857142856,-0.07064489810068486,0.9072156878093334,-474.10000000069795,1994.4142857144857,-0.5378820970929189,0.6666666666666666
FirstBar,FirstBar#11,"{'s': 0.1, 'r': None, 'max_bars': 77, 'last_entry': 575}",MNQ,ALL,271,0.9818840579710145,0.18450184501845018,0.16068275896868897,1.0909109513966435,1581.9463432400885,2348.032857142822,0.4346438622592949,0.5714285714285714
FirstBar,FirstBar#11,"{'s': 0.1, 'r': None, 'max_bars': 77, 'last_entry': 575}",MNQ,IS,163,0.9702380952380952,0.18404907975460122,0.1940477021645977,1.098459565612104,954.4520575257939,2138.940714285735,0.4634949787830649,0.5
FirstBar,FirstBar#11,"{'s': 0.1, 'r': None, 'max_bars': 77, 'last_entry': 575}",MNQ,OOS,108,1.0,0.18518518518518517,0.11032640951560448,1.081416574174373,627.4942857142937,2068.558571428567,0.3986247672299794,0.6666666666666666
FirstBar,FirstBar#11,"{'s': 0.1, 'r': None, 'max_bars': 77, 'last_entry': 575}",MES,ALL,271,0.9818840579710145,0.16605166051660517,-0.05812508803105209,0.9341467608805946,-564.6133828671084,2247.530357142842,-0.3520100950300095,0.2857142857142857
FirstBar,FirstBar#11,"{'s': 0.1, 'r': None, 'max_bars': 77, 'last_entry': 575}",MES,IS,163,0.9702380952380952,0.17177914110429449,0.008374004667404874,0.9772252856242553,-119.62195429569044,1317.310882867125,-0.12007716002300352,0.25
FirstBar,FirstBar#11,"{'s': 0.1, 'r': None, 'max_bars': 77, 'last_entry': 575}",MES,OOS,108,1.0,0.1574074074074074,-0.1584894594185381,0.8660233945293511,-444.9914285714178,1428.2214285714142,-0.7296016400171996,0.3333333333333333
FirstBar,FirstBar#11,"{'s': 0.1, 'r': None, 'max_bars': 77, 'last_entry': 575}",MGC,ALL,266,0.9743589743589743,0.15789473684210525,-0.03559785277974494,0.9488440139230059,-809.3463419930652,4202.342857143558,-0.2561859209364866,0.35714285714285715
FirstBar,FirstBar#11,"{'s': 0.1, 'r': None, 'max_bars': 77, 'last_entry': 575}",MGC,IS,161,0.9640718562874252,0.19875776397515527,0.27376222955717466,1.2747475501075618,2690.860800864768,2729.9571428575928,1.1809329033533538,0.625
FirstBar,FirstBar#11,"{'s': 0.1, 'r': None, 'max_bars': 77, 'last_entry': 575}",MGC,OOS,105,0.9905660377358491,0.09523809523809523,-0.5099499790296884,0.4192654972866523,-3500.2071428578333,4024.0071428577585,-4.8334819268589255,0.0
VWAPFade,VWAPFade#0,"{'k': 2.0, 'tgt': 'vwap', 'trendfilt': False, 'first': 600, 'last_entry': 900, 'max_bars': 12, 'max_trades': 3}",MNQ,ALL,522,1.891304347826087,0.34099616858237547,-0.1634639833657023,0.7219203305909884,-7551.27666002938,8262.985398718452,-2.9960617321268996,0.14285714285714285
VWAPFade,VWAPFade#0,"{'k': 2.0, 'tgt': 'vwap', 'trendfilt': False, 'first': 600, 'last_entry': 900, 'max_bars': 12, 'max_trades': 3}",MNQ,IS,307,1.8273809523809523,0.31921824104234525,-0.2691281992888564,0.6162493966124439,-5692.518102804068,5818.188751678999,-4.569475759580181,0.125
VWAPFade,VWAPFade#0,"{'k': 2.0, 'tgt': 'vwap', 'trendfilt': False, 'first': 600, 'last_entry': 900, 'max_bars': 12, 'max_trades': 3}",MNQ,OOS,215,1.9907407407407407,0.37209302325581395,-0.012585312256826492,0.8491412323833395,-1858.7585572253113,2588.822767387587,-1.5222657803563886,0.16666666666666666
VWAPFade,VWAPFade#0,"{'k': 2.0, 'tgt': 'vwap', 'trendfilt': False, 'first': 600, 'last_entry': 900, 'max_bars': 12, 'max_trades': 3}",MES,ALL,568,2.0579710144927534,0.34507042253521125,-0.26761307152839825,0.6353235461448619,-5134.2933312752975,5565.778715759131,-4.005923782596911,0.14285714285714285
VWAPFade,VWAPFade#0,"{'k': 2.0, 'tgt': 'vwap', 'trendfilt': False, 'first': 600, 'last_entry': 900, 'max_bars': 12, 'max_trades': 3}",MES,IS,332,1.9761904761904763,0.35240963855421686,-0.24298173680404908,0.6540147142651166,-2840.664589524057,3288.119333304271,-3.69723902599268,0.25
VWAPFade,VWAPFade#0,"{'k': 2.0, 'tgt': 'vwap', 'trendfilt': False, 'first': 600, 'last_entry': 900, 'max_bars': 12, 'max_trades': 3}",MES,OOS,236,2.185185185185185,0.3347457627118644,-0.30226393224231324,0.6091743263751103,-2293.62874175124,2293.6287417512376,-4.454190652639082,0.0
VWAPFade,VWAPFade#0,"{'k': 2.0, 'tgt': 'vwap', 'trendfilt': False, 'first': 600, 'last_entry': 900, 'max_bars': 12, 'max_trades': 3}",MGC,ALL,504,1.8461538461538463,0.43253968253968256,-0.04478407655770001,0.9490749129003094,-1109.826184175964,2854.3051071930086,-0.367177565390732,0.2857142857142857
VWAPFade,VWAPFade#0,"{'k': 2.0, 'tgt': 'vwap', 'trendfilt': False, 'first': 600, 'last_entry': 900, 'max_bars': 12, 'max_trades': 3}",MGC,IS,301,1.8023952095808384,0.43853820598006643,-0.04350604567766516,1.03827726440269,514.5404313251706,1681.3191807783228,0.23923800529681344,0.25
VWAPFade,VWAPFade#0,"{'k': 2.0, 'tgt': 'vwap', 'trendfilt': False, 'first': 600, 'last_entry': 900, 'max_bars': 12, 'max_trades': 3}",MGC,OOS,203,1.9150943396226414,0.4236453201970443,-0.04667908786257925,0.8054849651359699,-1624.3666155011347,1927.040790193175,-2.075763316738698,0.3333333333333333
VWAPFade,VWAPFade#1,"{'k': 2.0, 'tgt': 'vwap', 'trendfilt': True, 'first': 600, 'last_entry': 900, 'max_bars': 12, 'max_trades': 3}",MNQ,ALL,377,1.3659420289855073,0.36074270557029176,-0.15119225957215757,0.7155057401996033,-5461.652069563066,6102.799571592655,-2.5976049549478364,0.21428571428571427
VWAPFade,VWAPFade#1,"{'k': 2.0, 'tgt': 'vwap', 'trendfilt': True, 'first': 600, 'last_entry': 900, 'max_bars': 12, 'max_trades': 3}",MNQ,IS,217,1.2916666666666667,0.35023041474654376,-0.23692686943242497,0.6305050197047553,-3740.106980519936,3740.1069805199304,-3.636636024953418,0.125
VWAPFade,VWAPFade#1,"{'k': 2.0, 'tgt': 'vwap', 'trendfilt': True, 'first': 600, 'last_entry': 900, 'max_bars': 12, 'max_trades': 3}",MNQ,OOS,160,1.4814814814814814,0.375,-0.034914694949169954,0.8103094573799688,-1721.5450890431307,2543.2266583563837,-1.6749927017942288,0.3333333333333333
VWAPFade,VWAPFade#1,"{'k': 2.0, 'tgt': 'vwap', 'trendfilt': True, 'first': 600, 'last_entry': 900, 'max_bars': 12, 'max_trades': 3}",MES,ALL,410,1.4855072463768115,0.3878048780487805,-0.190295972386826,0.7243833846902793,-2645.813413987429,3026.331134604894,-2.537301353589785,0.21428571428571427
VWAPFade,VWAPFade#1,"{'k': 2.0, 'tgt': 'vwap', 'trendfilt': True, 'first': 600, 'last_entry': 900, 'max_bars': 12, 'max_trades': 3}",MES,IS,238,1.4166666666666667,0.3907563025210084,-0.1710082748715149,0.7477852580708331,-1386.4504960161898,1782.9375759300265,-2.2763514277142587,0.25
VWAPFade,VWAPFade#1,"{'k': 2.0, 'tgt': 'vwap', 'trendfilt': True, 'first': 600, 'last_entry': 900, 'max_bars': 12, 'max_trades': 3}",MES,OOS,172,1.5925925925925926,0.38372093023255816,-0.21698476313475648,0.693026371266563,-1259.3629179712395,1306.8004395642872,-2.9021283063352934,0.16666666666666666
VWAPFade,VWAPFade#1,"{'k': 2.0, 'tgt': 'vwap', 'trendfilt': True, 'first': 600, 'last_entry': 900, 'max_bars': 12, 'max_trades': 3}",MGC,ALL,337,1.2344322344322345,0.42433234421364985,-0.12397396112678556,0.8821788959069093,-1530.4460616387669,2844.548227458218,-0.8747528366350654,0.5
VWAPFade,VWAPFade#1,"{'k': 2.0, 'tgt': 'vwap', 'trendfilt': True, 'first': 600, 'last_entry': 900, 'max_bars': 12, 'max_trades': 3}",MGC,IS,203,1.215568862275449,0.42857142857142855,-0.1700207743972788,0.9397397053800419,-478.4106395278606,1864.8441401774357,-0.42535742312726643,0.5
VWAPFade,VWAPFade#1,"{'k': 2.0, 'tgt': 'vwap', 'trendfilt': True, 'first': 600, 'last_entry': 900, 'max_bars': 12, 'max_trades': 3}",MGC,OOS,134,1.2641509433962264,0.417910447761194,-0.054216475351336814,0.791697021520581,-1052.035422110906,1565.194067732598,-1.6881921863579021,0.5
VWAPFade,VWAPFade#2,"{'k': 2.0, 'tgt': '1sd', 'trendfilt': False, 'first': 600, 'last_entry': 900, 'max_bars': 12, 'max_trades': 3}",MNQ,ALL,509,1.8442028985507246,0.47347740667976423,-0.15330577468129092,0.709378650336224,-5593.231095527952,6213.957223607184,-3.057501839741111,0.2857142857142857
VWAPFade,VWAPFade#2,"{'k': 2.0, 'tgt': '1sd', 'trendfilt': False, 'first': 600, 'last_entry': 900, 'max_bars': 12, 'max_trades': 3}",MNQ,IS,298,1.7738095238095237,0.44966442953020136,-0.1877502639983233,0.6453261673430322,-3848.8146255652287,3900.220670357441,-3.9386859618334547,0.125
VWAPFade,VWAPFade#2,"{'k': 2.0, 'tgt': '1sd', 'trendfilt': False, 'first': 600, 'last_entry': 900, 'max_bars': 12, 'max_trades': 3}",MNQ,OOS,211,1.9537037037037037,0.5071090047393365,-0.10465905517192761,0.7921845758436491,-1744.4164699627227,3020.1955731621165,-2.0853477880697397,0.5
VWAPFade,VWAPFade#2,"{'k': 2.0, 'tgt': '1sd', 'trendfilt': False, 'first': 600, 'last_entry': 900, 'max_bars': 12, 'max_trades': 3}",MES,ALL,537,1.9456521739130435,0.4860335195530726,-0.2063738985624128,0.6943673740882943,-2859.106522878531,3334.312450262154,-3.2527584449156968,0.35714285714285715
VWAPFade,VWAPFade#2,"{'k': 2.0, 'tgt': '1sd', 'trendfilt': False, 'first': 600, 'last_entry': 900, 'max_bars': 12, 'max_trades': 3}",MES,IS,319,1.8988095238095237,0.5078369905956113,-0.17742286231683324,0.7203200789397458,-1493.2242228503944,1888.5579924550689,-2.833910371109663,0.375
VWAPFade,VWAPFade#2,"{'k': 2.0, 'tgt': '1sd', 'trendfilt': False, 'first': 600, 'last_entry': 900, 'max_bars': 12, 'max_trades': 3}",MES,OOS,218,2.0185185185185186,0.4541284403669725,-0.2487380295823205,0.6598618671802609,-1365.882300028137,1476.3145129849088,-3.870044991862044,0.3333333333333333
VWAPFade,VWAPFade#2,"{'k': 2.0, 'tgt': '1sd', 'trendfilt': False, 'first': 600, 'last_entry': 900, 'max_bars': 12, 'max_trades': 3}",MGC,ALL,469,1.7179487179487178,0.5138592750533049,-0.08792337171007145,0.7958953196428604,-3443.843128668591,3712.131961236946,-1.4928903888101517,0.21428571428571427
VWAPFade,VWAPFade#2,"{'k': 2.0, 'tgt': '1sd', 'trendfilt': False, 'first': 600, 'last_entry': 900, 'max_bars': 12, 'max_trades': 3}",MGC,IS,283,1.6946107784431137,0.5300353356890459,-0.08580033574993572,0.8534279792103595,-1540.0174452906529,2111.8983286258476,-0.9575629086040213,0.25
VWAPFade,VWAPFade#2,"{'k': 2.0, 'tgt': '1sd', 'trendfilt': False, 'first': 600, 'last_entry': 900, 'max_bars': 12, 'max_trades': 3}",MGC,OOS,186,1.7547169811320755,0.489247311827957,-0.09115358233758981,0.7009397234380856,-1903.8256833779383,2271.9828786344287,-2.9077548593651192,0.16666666666666666
VWAPFade,VWAPFade#3,"{'k': 2.0, 'tgt': '1sd', 'trendfilt': True, 'first': 600, 'last_entry': 900, 'max_bars': 12, 'max_trades': 3}",MNQ,ALL,364,1.318840579710145,0.49175824175824173,-0.14478658242099576,0.7133916690374463,-3823.3576429331592,4221.384659724829,-2.632917420244025,0.35714285714285715
VWAPFade,VWAPFade#3,"{'k': 2.0, 'tgt': '1sd', 'trendfilt': True, 'first': 600, 'last_entry': 900, 'max_bars': 12, 'max_trades': 3}",MNQ,IS,208,1.2380952380952381,0.47596153846153844,-0.18865898866644143,0.6226824574480868,-2696.1128513019594,2696.1128513019594,-3.6927083525271542,0.25
VWAPFade,VWAPFade#3,"{'k': 2.0, 'tgt': '1sd', 'trendfilt': True, 'first': 600, 'last_entry': 900, 'max_bars': 12, 'max_trades': 3}",MNQ,OOS,156,1.4444444444444444,0.5128205128205128,-0.08629004076040149,0.8180259026948306,-1127.2447916311994,2180.8170899508523,-1.6184453276036246,0.5
VWAPFade,VWAPFade#3,"{'k': 2.0, 'tgt': '1sd', 'trendfilt': True, 'first': 600, 'last_entry': 900, 'max_bars': 12, 'max_trades': 3}",MES,ALL,379,1.3731884057971016,0.5171503957783641,-0.15471443119943462,0.7119680550228538,-1863.52188084334,1975.8118117742445,-2.574352091597645,0.42857142857142855
VWAPFade,VWAPFade#3,"{'k': 2.0, 'tgt': '1sd', 'trendfilt': True, 'first': 600, 'last_entry': 900, 'max_bars': 12, 'max_trades': 3}",MES,IS,225,1.3392857142857142,0.5288888888888889,-0.1565237090528782,0.6738050302369637,-1221.076337740241,1340.8554736924186,-2.9256095758094878,0.375
VWAPFade,VWAPFade#3,"{'k': 2.0, 'tgt': '1sd', 'trendfilt': True, 'first': 600, 'last_entry': 900, 'max_bars': 12, 'max_trades': 3}",MES,OOS,154,1.4259259259259258,0.5,-0.1520710057642086,0.7643655781422779,-642.4455431030993,974.083732261681,-2.0976531776447205,0.5
VWAPFade,VWAPFade#3,"{'k': 2.0, 'tgt': '1sd', 'trendfilt': True, 'first': 600, 'last_entry': 900, 'max_bars': 12, 'max_trades': 3}",MGC,ALL,308,1.1282051282051282,0.5,-0.18234044540404512,0.7217952586615959,-2691.927658890706,2929.604435539841,-2.244245677939828,0.42857142857142855
VWAPFade,VWAPFade#3,"{'k': 2.0, 'tgt': '1sd', 'trendfilt': True, 'first': 600, 'last_entry': 900, 'max_bars': 12, 'max_trades': 3}",MGC,IS,188,1.125748502994012,0.5106382978723404,-0.1894543267874594,0.768362817783707,-1371.679065538879,1641.3148254992318,-1.8949213046993152,0.5
VWAPFade,VWAPFade#3,"{'k': 2.0, 'tgt': '1sd', 'trendfilt': True, 'first': 600, 'last_entry': 900, 'max_bars': 12, 'max_trades': 3}",MGC,OOS,120,1.1320754716981132,0.48333333333333334,-0.17119536457002937,0.6483459693219242,-1320.2485933518274,1485.8586881233823,-2.7671032684000787,0.3333333333333333
VWAPFade,VWAPFade#4,"{'k': 2.5, 'tgt': 'vwap', 'trendfilt': False, 'first': 600, 'last_entry': 900, 'max_bars': 12, 'max_trades': 3}",MNQ,ALL,222,0.8043478260869565,0.3108108108108108,-0.170756501739686,0.8879116125686134,-1160.3552578317342,2390.7929514356165,-0.6277146691639389,0.42857142857142855
VWAPFade,VWAPFade#4,"{'k': 2.5, 'tgt': 'vwap', 'trendfilt': False, 'first': 600, 'last_entry': 900, 'max_bars': 12, 'max_trades': 3}",MNQ,IS,136,0.8095238095238095,0.2867647058823529,-0.2613222865557816,0.7833923544409751,-1216.4380445615031,1765.9347538494226,-1.4059528862970179,0.375
VWAPFade,VWAPFade#4,"{'k': 2.5, 'tgt': 'vwap', 'trendfilt': False, 'first': 600, 'last_entry': 900, 'max_bars': 12, 'max_trades': 3}",MNQ,OOS,86,0.7962962962962963,0.3488372093023256,-0.027536190867720776,1.0118410897189127,56.08278672976918,1032.797414602392,0.06046919710142011,0.5
VWAPFade,VWAPFade#4,"{'k': 2.5, 'tgt': 'vwap', 'trendfilt': False, 'first': 600, 'last_entry': 900, 'max_bars': 12, 'max_trades': 3}",MES,ALL,248,0.8985507246376812,0.3548387096774194,-0.16251526733585756,1.016016230306262,81.82562148631331,607.3523570260942,0.0942908160742822,0.5
VWAPFade,VWAPFade#4,"{'k': 2.5, 'tgt': 'vwap', 'trendfilt': False, 'first': 600, 'last_entry': 900, 'max_bars': 12, 'max_trades': 3}",MES,IS,133,0.7916666666666666,0.3308270676691729,-0.26628527945064645,0.9327699383932961,-192.06853192740545,564.4744203210162,-0.41461455076886544,0.5
VWAPFade,VWAPFade#4,"{'k': 2.5, 'tgt': 'vwap', 'trendfilt': False, 'first': 600, 'last_entry': 900, 'max_bars': 12, 'max_trades': 3}",MES,OOS,115,1.0648148148148149,0.3826086956521739,-0.042502992455275536,1.1216207776647988,273.89415341371864,484.75791867030983,0.6900204078987096,0.5
VWAPFade,VWAPFade#4,"{'k': 2.5, 'tgt': 'vwap', 'trendfilt': False, 'first': 600, 'last_entry': 900, 'max_bars': 12, 'max_trades': 3}",MGC,ALL,203,0.7435897435897436,0.3448275862068966,-0.1501968753965844,0.7763143544666512,-2202.2852753232332,3045.3395613990356,-1.309301416622669,0.2857142857142857
VWAPFade,VWAPFade#4,"{'k': 2.5, 'tgt': 'vwap', 'trendfilt': False, 'first': 600, 'last_entry': 900, 'max_bars': 12, 'max_trades': 3}",MGC,IS,120,0.718562874251497,0.39166666666666666,-0.014504529925864328,1.0025776635674326,14.248099920998811,1163.8039614504032,0.012647910915519436,0.5
VWAPFade,VWAPFade#4,"{'k': 2.5, 'tgt': 'vwap', 'trendfilt': False, 'first': 600, 'last_entry': 900, 'max_bars': 12, 'max_trades': 3}",MGC,OOS,83,0.7830188679245284,0.27710843373493976,-0.3463785796916014,0.48666669977188526,-2216.5333752442325,2216.533375244232,-4.155687882252059,0.0
VWAPFade,VWAPFade#5,"{'k': 2.5, 'tgt': 'vwap', 'trendfilt': True, 'first': 600, 'last_entry': 900, 'max_bars': 12, 'max_trades': 3}",MNQ,ALL,181,0.6557971014492754,0.30939226519337015,-0.16668219699546835,0.9089049918766294,-741.0422857140129,1737.5199252660302,-0.42719333417730576,0.42857142857142855
VWAPFade,VWAPFade#5,"{'k': 2.5, 'tgt': 'vwap', 'trendfilt': True, 'first': 600, 'last_entry': 900, 'max_bars': 12, 'max_trades': 3}",MNQ,IS,108,0.6428571428571429,0.28703703703703703,-0.244388175191022,0.748348002102738,-1123.7233811200806,1379.3650189813136,-1.39493051100159,0.375
VWAPFade,VWAPFade#5,"{'k': 2.5, 'tgt': 'vwap', 'trendfilt': True, 'first': 600, 'last_entry': 900, 'max_bars': 12, 'max_trades': 3}",MNQ,OOS,73,0.6759259259259259,0.3424657534246575,-0.05171992788423834,1.1042886230383049,382.6810954060676,791.8661652799352,0.4382108786810386,0.5
VWAPFade,VWAPFade#5,"{'k': 2.5, 'tgt': 'vwap', 'trendfilt': True, 'first': 600, 'last_entry': 900, 'max_bars': 12, 'max_trades': 3}",MES,ALL,208,0.7536231884057971,0.3605769230769231,-0.15657189484523995,1.0179064348264268,78.65601558856602,564.817749454492,0.09957198686172711,0.42857142857142855
VWAPFade,VWAPFade#5,"{'k': 2.5, 'tgt': 'vwap', 'trendfilt': True, 'first': 600, 'last_entry': 900, 'max_bars': 12, 'max_trades': 3}",MES,IS,114,0.6785714285714286,0.34210526315789475,-0.2423284623556448,0.9236672067572074,-188.70527009301932,564.817749454492,-0.48185385310523515,0.5
VWAPFade,VWAPFade#5,"{'k': 2.5, 'tgt': 'vwap', 'trendfilt': True, 'first': 600, 'last_entry': 900, 'max_bars': 12, 'max_trades': 3}",MES,OOS,94,0.8703703703703703,0.3829787234042553,-0.052569249141131924,1.1392163881514688,267.3612856815854,397.30557732644564,0.6990606768154517,0.3333333333333333
VWAPFade,VWAPFade#5,"{'k': 2.5, 'tgt': 'vwap', 'trendfilt': True, 'first': 600, 'last_entry': 900, 'max_bars': 12, 'max_trades': 3}",MGC,ALL,152,0.5567765567765568,0.3355263157894737,-0.20932717552354946,0.7167365727305041,-1948.051599778626,2435.1645192887026,-1.3962774887933396,0.38461538461538464
VWAPFade,VWAPFade#5,"{'k': 2.5, 'tgt': 'vwap', 'trendfilt': True, 'first': 600, 'last_entry': 900, 'max_bars': 12, 'max_trades': 3}",MGC,IS,92,0.5508982035928144,0.358695652173913,-0.15014332366482985,0.7594259813007991,-1031.172931394619,1597.020682391877,-1.0780047815606562,0.5
VWAPFade,VWAPFade#5,"{'k': 2.5, 'tgt': 'vwap', 'trendfilt': True, 'first': 600, 'last_entry': 900, 'max_bars': 12, 'max_trades': 3}",MGC,OOS,60,0.5660377358490566,0.3,-0.30007574837358625,0.6461117859947183,-916.8786683840071,1003.6601558246634,-2.1779629737034307,0.2
VWAPFade,VWAPFade#6,"{'k': 2.5, 'tgt': '1sd', 'trendfilt': False, 'first': 600, 'last_entry': 900, 'max_bars': 12, 'max_trades': 3}",MNQ,ALL,213,0.7717391304347826,0.3615023474178404,-0.21744145660752764,0.7864431742467727,-1818.2295448192222,2278.817441705561,-1.2738551556587516,0.2857142857142857
VWAPFade,VWAPFade#6,"{'k': 2.5, 'tgt': '1sd', 'trendfilt': False, 'first': 600, 'last_entry': 900, 'max_bars': 12, 'max_trades': 3}",MNQ,IS,130,0.7738095238095238,0.3230769230769231,-0.34900350714385464,0.5933483896727986,-1969.8429743328702,2089.080262041903,-2.8418422022701932,0.125
VWAPFade,VWAPFade#6,"{'k': 2.5, 'tgt': '1sd', 'trendfilt': False, 'first': 600, 'last_entry': 900, 'max_bars': 12, 'max_trades': 3}",MNQ,OOS,83,0.7685185185185185,0.42168674698795183,-0.011380413598822636,1.0413118312910035,151.6134295136486,1053.9601903421394,0.21727019094561387,0.5
VWAPFade,VWAPFade#6,"{'k': 2.5, 'tgt': '1sd', 'trendfilt': False, 'first': 600, 'last_entry': 900, 'max_bars': 12, 'max_trades': 3}",MES,ALL,237,0.8586956521739131,0.42616033755274263,-0.19362999128025665,0.8919776958867093,-444.8427263496853,784.5195693441503,-0.6580155457382362,0.35714285714285715
VWAPFade,VWAPFade#6,"{'k': 2.5, 'tgt': '1sd', 'trendfilt': False, 'first': 600, 'last_entry': 900, 'max_bars': 12, 'max_trades': 3}",MES,IS,126,0.75,0.40476190476190477,-0.2677758198255719,0.7508774413340314,-588.3163923963888,727.4670345501017,-1.4520119940106568,0.375
VWAPFade,VWAPFade#6,"{'k': 2.5, 'tgt': '1sd', 'trendfilt': False, 'first': 600, 'last_entry': 900, 'max_bars': 12, 'max_trades': 3}",MES,OOS,111,1.0277777777777777,0.45045045045045046,-0.10946445617476366,1.0816811168514957,143.47366604670356,328.77649264144543,0.5299216021340529,0.3333333333333333
VWAPFade,VWAPFade#6,"{'k': 2.5, 'tgt': '1sd', 'trendfilt': False, 'first': 600, 'last_entry': 900, 'max_bars': 12, 'max_trades': 3}",MGC,ALL,198,0.7252747252747253,0.4696969696969697,-0.0826651135501195,0.9585571343134022,-300.3237664668959,1691.4852145748391,-0.2641907139088382,0.35714285714285715
VWAPFade,VWAPFade#6,"{'k': 2.5, 'tgt': '1sd', 'trendfilt': False, 'first': 600, 'last_entry': 900, 'max_bars': 12, 'max_trades': 3}",MGC,IS,118,0.7065868263473054,0.5169491525423728,0.047919773445317025,1.135316272123736,578.7467238438383,974.9022930148093,0.7529650287700762,0.5
VWAPFade,VWAPFade#6,"{'k': 2.5, 'tgt': '1sd', 'trendfilt': False, 'first': 600, 'last_entry': 900, 'max_bars': 12, 'max_trades': 3}",MGC,OOS,80,0.7547169811320755,0.4,-0.2752778218683884,0.7039868884094014,-879.0704903107353,1321.280592431025,-2.4906331762067113,0.16666666666666666
VWAPFade,VWAPFade#7,"{'k': 2.5, 'tgt': '1sd', 'trendfilt': True, 'first': 600, 'last_entry': 900, 'max_bars': 12, 'max_trades': 3}",MNQ,ALL,173,0.6268115942028986,0.35260115606936415,-0.2699984178635826,0.7050895132436149,-2017.4078775824057,2176.522046424261,-1.6287635424229598,0.42857142857142855
VWAPFade,VWAPFade#7,"{'k': 2.5, 'tgt': '1sd', 'trendfilt': True, 'first': 600, 'last_entry': 900, 'max_bars': 12, 'max_trades': 3}",MNQ,IS,102,0.6071428571428571,0.3235294117647059,-0.3922865921468447,0.4808044254278092,-1939.9501211490033,1939.9501211490035,-3.260160927727343,0.25
VWAPFade,VWAPFade#7,"{'k': 2.5, 'tgt': '1sd', 'trendfilt': True, 'first': 600, 'last_entry': 900, 'max_bars': 12, 'max_trades': 3}",MNQ,OOS,71,0.6574074074074074,0.39436619718309857,-0.09431681537213535,0.9750481811431132,-77.45775643340251,880.1195174402799,-0.12699347903981723,0.6666666666666666
VWAPFade,VWAPFade#7,"{'k': 2.5, 'tgt': '1sd', 'trendfilt': True, 'first': 600, 'last_entry': 900, 'max_bars': 12, 'max_trades': 3}",MES,ALL,197,0.7137681159420289,0.4467005076142132,-0.17220562799556488,0.8993467645037442,-342.39779936195316,578.7447784088669,-0.5636216833483464,0.42857142857142855
VWAPFade,VWAPFade#7,"{'k': 2.5, 'tgt': '1sd', 'trendfilt': True, 'first': 600, 'last_entry': 900, 'max_bars': 12, 'max_trades': 3}",MES,IS,107,0.6369047619047619,0.42990654205607476,-0.21955331805200393,0.7657235044775144,-463.1197303172028,578.7447784088669,-1.294840148998459,0.5
VWAPFade,VWAPFade#7,"{'k': 2.5, 'tgt': '1sd', 'trendfilt': True, 'first': 600, 'last_entry': 900, 'max_bars': 12, 'max_trades': 3}",MES,OOS,90,0.8333333333333334,0.4666666666666667,-0.1159144853729095,1.084720225840515,120.72193095524956,266.09484744902517,0.48368479541823706,0.3333333333333333
VWAPFade,VWAPFade#7,"{'k': 2.5, 'tgt': '1sd', 'trendfilt': True, 'first': 600, 'last_entry': 900, 'max_bars': 12, 'max_trades': 3}",MGC,ALL,147,0.5384615384615384,0.4557823129251701,-0.17187971532015558,0.7780224807261488,-1151.1244698424068,1945.0440858533595,-1.0641769056655817,0.5384615384615384
VWAPFade,VWAPFade#7,"{'k': 2.5, 'tgt': '1sd', 'trendfilt': True, 'first': 600, 'last_entry': 900, 'max_bars': 12, 'max_trades': 3}",MGC,IS,89,0.5329341317365269,0.48314606741573035,-0.10234285144404107,0.7986396681443765,-643.4040335488883,1457.749844017971,-0.8717513296469694,0.625
VWAPFade,VWAPFade#7,"{'k': 2.5, 'tgt': '1sd', 'trendfilt': True, 'first': 600, 'last_entry': 900, 'max_bars': 12, 'max_trades': 3}",MGC,OOS,58,0.5471698113207547,0.41379310344827586,-0.2785828340266072,0.7449260865334627,-507.7204362935188,913.8140467467472,-1.5309707953188807,0.4
VWAPPullback,VWAPPullback#0,"{'r': 1.0, 'first': 600, 'last_entry': 900, 'max_bars': 24, 'max_trades': 2}",MNQ,ALL,466,1.6884057971014492,0.48068669527896996,-0.051697776882025474,1.0165480564912537,494.6275555653124,3804.606474827612,0.13667701852374206,0.42857142857142855
VWAPPullback,VWAPPullback#0,"{'r': 1.0, 'first': 600, 'last_entry': 900, 'max_bars': 24, 'max_trades': 2}",MNQ,IS,284,1.6904761904761905,0.5070422535211268,-0.005639821088557233,1.1258348201859378,2022.983013297215,1499.6116899007286,0.9589071060292063,0.5
VWAPPullback,VWAPPullback#0,"{'r': 1.0, 'first': 600, 'last_entry': 900, 'max_bars': 24, 'max_trades': 2}",MNQ,OOS,182,1.6851851851851851,0.43956043956043955,-0.12356843317512974,0.8893608467957573,-1528.355457731901,3804.6064748276135,-1.015804717075756,0.3333333333333333
VWAPPullback,VWAPPullback#0,"{'r': 1.0, 'first': 600, 'last_entry': 900, 'max_bars': 24, 'max_trades': 2}",MES,ALL,468,1.6956521739130435,0.4935897435897436,-0.04216004436264086,1.008194525216478,114.40468076624757,1587.6221731350997,0.07517055081198212,0.5
VWAPPullback,VWAPPullback#0,"{'r': 1.0, 'first': 600, 'last_entry': 900, 'max_bars': 24, 'max_trades': 2}",MES,IS,293,1.744047619047619,0.515358361774744,0.009043755113007208,1.0777164842847031,663.4750029312663,1114.2662374508452,0.6995673938073331,0.625
VWAPPullback,VWAPPullback#0,"{'r': 1.0, 'first': 600, 'last_entry': 900, 'max_bars': 24, 'max_trades': 2}",MES,OOS,175,1.6203703703703705,0.45714285714285713,-0.12788983434186874,0.8987700512522868,-549.0703221650186,992.9634370015879,-0.9571974750826154,0.3333333333333333
VWAPPullback,VWAPPullback#0,"{'r': 1.0, 'first': 600, 'last_entry': 900, 'max_bars': 24, 'max_trades': 2}",MGC,ALL,455,1.6666666666666667,0.44395604395604393,-0.12025381136889421,0.7898511158584666,-5593.1691789867655,6441.82398402199,-1.949294988661308,0.2857142857142857
VWAPPullback,VWAPPullback#0,"{'r': 1.0, 'first': 600, 'last_entry': 900, 'max_bars': 24, 'max_trades': 2}",MGC,IS,277,1.658682634730539,0.40794223826714804,-0.1675838634314596,0.6833689350941817,-6013.777354112801,6134.419925095625,-3.072796639909213,0.125
VWAPPullback,VWAPPullback#0,"{'r': 1.0, 'first': 600, 'last_entry': 900, 'max_bars': 24, 'max_trades': 2}",MGC,OOS,178,1.679245283018868,0.5,-0.04659974158613794,1.0551815694481987,420.6081751260359,1106.789613379114,0.4917134190760109,0.5
VWAPPullback,VWAPPullback#1,"{'r': 1.0, 'first': 600, 'last_entry': 900, 'max_bars': 24, 'max_trades': 4}",MNQ,ALL,630,2.282608695652174,0.4714285714285714,-0.0679262186553522,0.9575287940681758,-1691.414664483148,5311.983373257173,-0.4147903377705134,0.42857142857142855
VWAPPullback,VWAPPullback#1,"{'r': 1.0, 'first': 600, 'last_entry': 900, 'max_bars': 24, 'max_trades': 4}",MNQ,IS,388,2.3095238095238093,0.5051546391752577,-0.01417236909117697,1.1215047919671113,2539.6510744282496,1820.2435705694409,1.0550092581201946,0.625
VWAPPullback,VWAPPullback#1,"{'r': 1.0, 'first': 600, 'last_entry': 900, 'max_bars': 24, 'max_trades': 4}",MNQ,OOS,242,2.240740740740741,0.41735537190082644,-0.15411007663427784,0.7764099696762377,-4231.0657389113985,5311.9833732571715,-2.5644224449606505,0.16666666666666666
VWAPPullback,VWAPPullback#1,"{'r': 1.0, 'first': 600, 'last_entry': 900, 'max_bars': 24, 'max_trades': 4}",MES,ALL,605,2.1920289855072466,0.47603305785123967,-0.07801699774479064,0.9138615362155265,-1616.29542325361,3048.394977925636,-0.9075678548052467,0.35714285714285715
VWAPPullback,VWAPPullback#1,"{'r': 1.0, 'first': 600, 'last_entry': 900, 'max_bars': 24, 'max_trades': 4}",MES,IS,381,2.267857142857143,0.4881889763779528,-0.0493160363671612,0.9322548259742447,-807.1185747771269,2254.246122004516,-0.7397650629279136,0.375
VWAPPullback,VWAPPullback#1,"{'r': 1.0, 'first': 600, 'last_entry': 900, 'max_bars': 24, 'max_trades': 4}",MES,OOS,224,2.074074074074074,0.45535714285714285,-0.12683425794513364,0.8818699947290815,-809.1768484764835,1260.335663087082,-1.1677899742868836,0.3333333333333333
VWAPPullback,VWAPPullback#1,"{'r': 1.0, 'first': 600, 'last_entry': 900, 'max_bars': 24, 'max_trades': 4}",MGC,ALL,610,2.2344322344322345,0.4639344262295082,-0.08797276453827282,0.8496371197498194,-5359.989912596864,7335.186676566095,-1.4639004363239059,0.35714285714285715
VWAPPullback,VWAPPullback#1,"{'r': 1.0, 'first': 600, 'last_entry': 900, 'max_bars': 24, 'max_trades': 4}",MGC,IS,369,2.2095808383233533,0.43902439024390244,-0.11629504247410928,0.7282683603525932,-7043.445569535908,7164.088140518738,-2.907985414056769,0.125
VWAPPullback,VWAPPullback#1,"{'r': 1.0, 'first': 600, 'last_entry': 900, 'max_bars': 24, 'max_trades': 4}",MGC,OOS,241,2.2735849056603774,0.5020746887966805,-0.04460794894356885,1.1730804495430758,1683.4556569390447,1142.9234026722727,1.419648560997889,0.6666666666666666
VWAPPullback,VWAPPullback#2,"{'r': 1.5, 'first': 600, 'last_entry': 900, 'max_bars': 24, 'max_trades': 2}",MNQ,ALL,451,1.6340579710144927,0.4279379157427938,-0.04473487223986939,0.9783888785536053,-655.6976898446135,3887.9529964794187,-0.1802421862445981,0.5
VWAPPullback,VWAPPullback#2,"{'r': 1.5, 'first': 600, 'last_entry': 900, 'max_bars': 24, 'max_trades': 2}",MNQ,IS,275,1.6369047619047619,0.44727272727272727,0.008716862993861004,1.0856313324400315,1413.5882363377586,2236.586178370914,0.708557859245181,0.5
VWAPPullback,VWAPPullback#2,"{'r': 1.5, 'first': 600, 'last_entry': 900, 'max_bars': 24, 'max_trades': 2}",MNQ,OOS,176,1.6296296296296295,0.3977272727272727,-0.12825320854257316,0.8504085285970924,-2069.2859261823724,3887.952996479419,-1.2786005950659745,0.5
VWAPPullback,VWAPPullback#2,"{'r': 1.5, 'first': 600, 'last_entry': 900, 'max_bars': 24, 'max_trades': 2}",MES,ALL,461,1.6702898550724639,0.420824295010846,-0.07816586700790173,0.9339671595730923,-1014.7165944706322,2373.3024334929914,-0.601696672612779,0.35714285714285715
VWAPPullback,VWAPPullback#2,"{'r': 1.5, 'first': 600, 'last_entry': 900, 'max_bars': 24, 'max_trades': 2}",MES,IS,287,1.7083333333333333,0.43902439024390244,-0.019080004544710538,1.0051476582078576,48.67346621445597,1562.2340981391515,0.0454340178844209,0.375
VWAPPullback,VWAPPullback#2,"{'r': 1.5, 'first': 600, 'last_entry': 900, 'max_bars': 24, 'max_trades': 2}",MES,OOS,174,1.6111111111111112,0.39080459770114945,-0.17562358267994702,0.8201116584482163,-1063.3900606850875,1591.8689868738966,-1.7341250169316795,0.3333333333333333
VWAPPullback,VWAPPullback#2,"{'r': 1.5, 'first': 600, 'last_entry': 900, 'max_bars': 24, 'max_trades': 2}",MGC,ALL,439,1.6080586080586081,0.3917995444191344,-0.10008082003526292,0.839750502194589,-4407.931463353288,5358.7334876762725,-1.4593597648611958,0.35714285714285715
VWAPPullback,VWAPPullback#2,"{'r': 1.5, 'first': 600, 'last_entry': 900, 'max_bars': 24, 'max_trades': 2}",MGC,IS,268,1.6047904191616766,0.3582089552238806,-0.15243560439092907,0.7387293860037639,-5122.377789969341,5304.941646443583,-2.474039911189032,0.25
VWAPPullback,VWAPPullback#2,"{'r': 1.5, 'first': 600, 'last_entry': 900, 'max_bars': 24, 'max_trades': 2}",MGC,OOS,171,1.6132075471698113,0.4444444444444444,-0.01802770771176271,1.0904243619866125,714.4463266160537,920.468095267741,0.8017816143876821,0.5
VWAPPullback,VWAPPullback#3,"{'r': 1.5, 'first': 600, 'last_entry': 900, 'max_bars': 24, 'max_trades': 4}",MNQ,ALL,572,2.072463768115942,0.4125874125874126,-0.07471487460079783,0.9067406041006807,-3653.7035225479754,6289.1803355120865,-0.9482812300394681,0.5
VWAPPullback,VWAPPullback#3,"{'r': 1.5, 'first': 600, 'last_entry': 900, 'max_bars': 24, 'max_trades': 4}",MNQ,IS,345,2.0535714285714284,0.4318840579710145,-0.04176525856133244,0.9793802634331632,-431.0899914804462,3682.021084839794,-0.20034180522603914,0.5
VWAPPullback,VWAPPullback#3,"{'r': 1.5, 'first': 600, 'last_entry': 900, 'max_bars': 24, 'max_trades': 4}",MNQ,OOS,227,2.1018518518518516,0.3832599118942731,-0.12479248488104257,0.823623240559185,-3222.613531067529,4833.036693420595,-1.914115151842034,0.5
VWAPPullback,VWAPPullback#3,"{'r': 1.5, 'first': 600, 'last_entry': 900, 'max_bars': 24, 'max_trades': 4}",MES,ALL,555,2.010869565217391,0.41621621621621624,-0.08834115730224215,0.8873397707713876,-2153.1840599071747,3369.9670792476454,-1.1086609641504506,0.2857142857142857
VWAPPullback,VWAPPullback#3,"{'r': 1.5, 'first': 600, 'last_entry': 900, 'max_bars': 24, 'max_trades': 4}",MES,IS,349,2.0773809523809526,0.4183381088825215,-0.06867423586254078,0.8932636077160849,-1309.9345674783876,2596.3838726709264,-1.077338397936058,0.25
VWAPPullback,VWAPPullback#3,"{'r': 1.5, 'first': 600, 'last_entry': 900, 'max_bars': 24, 'max_trades': 4}",MES,OOS,206,1.9074074074074074,0.41262135922330095,-0.12166035915882367,0.8767103202344296,-843.2494924287877,1504.4956685629973,-1.1574252852104934,0.3333333333333333
VWAPPullback,VWAPPullback#3,"{'r': 1.5, 'first': 600, 'last_entry': 900, 'max_bars': 24, 'max_trades': 4}",MGC,ALL,557,2.04029304029304,0.40394973070017953,-0.07448261750268452,0.8512619608519127,-5311.5738162143925,6687.796952571037,-1.4484016659773657,0.35714285714285715
VWAPPullback,VWAPPullback#3,"{'r': 1.5, 'first': 600, 'last_entry': 900, 'max_bars': 24, 'max_trades': 4}",MGC,IS,343,2.053892215568862,0.37900874635568516,-0.11114725759982926,0.7478839870837098,-6487.667164007575,6687.796952571037,-2.7146390939877647,0.125
VWAPPullback,VWAPPullback#3,"{'r': 1.5, 'first': 600, 'last_entry': 900, 'max_bars': 24, 'max_trades': 4}",MGC,OOS,214,2.018867924528302,0.4439252336448598,-0.015716395290905804,1.117867861556065,1176.0933477931826,1357.4009022100472,0.9460234510679247,0.6666666666666666
VWAPPullback,VWAPPullback#4,"{'r': 2.0, 'first': 600, 'last_entry': 900, 'max_bars': 24, 'max_trades': 2}",MNQ,ALL,447,1.6195652173913044,0.407158836689038,-0.04334845806347071,0.9970451317708577,-90.98170836922827,4207.55410646324,-0.023619899694356017,0.5
VWAPPullback,VWAPPullback#4,"{'r': 2.0, 'first': 600, 'last_entry': 900, 'max_bars': 24, 'max_trades': 2}",MNQ,IS,271,1.6130952380952381,0.4317343173431734,0.024545557614497397,1.1375339551724413,2304.6523391611395,1292.3170647713262,1.0808193699312303,0.5
VWAPPullback,VWAPPullback#4,"{'r': 2.0, 'first': 600, 'last_entry': 900, 'max_bars': 24, 'max_trades': 2}",MNQ,OOS,176,1.6296296296296295,0.3693181818181818,-0.14788981174943291,0.8292914633389589,-2395.6340475303696,4207.55410646324,-1.4142089552832622,0.5
VWAPPullback,VWAPPullback#4,"{'r': 2.0, 'first': 600, 'last_entry': 900, 'max_bars': 24, 'max_trades': 2}",MES,ALL,459,1.6630434782608696,0.39869281045751637,-0.07800678077815411,0.9445592411409878,-870.92081993138,2608.0804522448775,-0.49111996439698535,0.2857142857142857
VWAPPullback,VWAPPullback#4,"{'r': 2.0, 'first': 600, 'last_entry': 900, 'max_bars': 24, 'max_trades': 2}",MES,IS,285,1.6964285714285714,0.4105263157894737,-0.007857446248112465,1.0432235095266542,419.5702475212702,1470.165231262396,0.36643397780395254,0.25
VWAPPullback,VWAPPullback#4,"{'r': 2.0, 'first': 600, 'last_entry': 900, 'max_bars': 24, 'max_trades': 2}",MES,OOS,174,1.6111111111111112,0.3793103448275862,-0.19290655285322225,0.7849913762784612,-1290.491067452649,1885.4739170669045,-2.077172153677497,0.3333333333333333
VWAPPullback,VWAPPullback#4,"{'r': 2.0, 'first': 600, 'last_entry': 900, 'max_bars': 24, 'max_trades': 2}",MGC,ALL,433,1.586080586080586,0.371824480369515,-0.08411424088130343,0.8169084208283034,-5232.6491878487695,6594.563834308442,-1.5698991408807923,0.35714285714285715
VWAPPullback,VWAPPullback#4,"{'r': 2.0, 'first': 600, 'last_entry': 900, 'max_bars': 24, 'max_trades': 2}",MGC,IS,266,1.592814371257485,0.32706766917293234,-0.16185951852822364,0.6902314073133119,-6342.4982042095435,6594.563834308442,-2.8106483207468447,0.25
VWAPPullback,VWAPPullback#4,"{'r': 2.0, 'first': 600, 'last_entry': 900, 'max_bars': 24, 'max_trades': 2}",MGC,OOS,167,1.5754716981132075,0.4431137724550898,0.03971955465211445,1.1369431009164652,1109.8490163607748,989.3585824728767,1.0931992267385289,0.5
VWAPPullback,VWAPPullback#5,"{'r': 2.0, 'first': 600, 'last_entry': 900, 'max_bars': 24, 'max_trades': 4}",MNQ,ALL,552,2.0,0.3894927536231884,-0.07318602052797331,0.9357055225488838,-2501.865373398659,5487.492889579811,-0.619551845752112,0.42857142857142855
VWAPPullback,VWAPPullback#5,"{'r': 2.0, 'first': 600, 'last_entry': 900, 'max_bars': 24, 'max_trades': 4}",MNQ,IS,332,1.9761904761904763,0.4066265060240964,-0.04499118535570633,1.0001783294232967,3.7715186784673733,3092.594144279538,0.0016826438681238286,0.375
VWAPPullback,VWAPPullback#5,"{'r': 2.0, 'first': 600, 'last_entry': 900, 'max_bars': 24, 'max_trades': 4}",MNQ,OOS,220,2.037037037037037,0.36363636363636365,-0.11573458996975804,0.8589441222123185,-2505.6368920771256,4817.9380267601155,-1.4092057232773803,0.5
VWAPPullback,VWAPPullback#5,"{'r': 2.0, 'first': 600, 'last_entry': 900, 'max_bars': 24, 'max_trades': 4}",MES,ALL,543,1.9673913043478262,0.3996316758747698,-0.0773195625465135,0.92489303036365,-1419.593264154976,3104.0472882405925,-0.6937820323520916,0.2857142857142857
VWAPPullback,VWAPPullback#5,"{'r': 2.0, 'first': 600, 'last_entry': 900, 'max_bars': 24, 'max_trades': 4}",MES,IS,340,2.0238095238095237,0.39705882352941174,-0.04486337965259247,0.960095826323097,-484.86448289380655,2253.3781559885865,-0.36971233625937683,0.25
VWAPPullback,VWAPPullback#5,"{'r': 2.0, 'first': 600, 'last_entry': 900, 'max_bars': 24, 'max_trades': 4}",MES,OOS,203,1.8796296296296295,0.4039408866995074,-0.13167967182697238,0.861526409864398,-934.7287812611696,1503.5182168796364,-1.2751732453353675,0.3333333333333333
VWAPPullback,VWAPPullback#5,"{'r': 2.0, 'first': 600, 'last_entry': 900, 'max_bars': 24, 'max_trades': 4}",MGC,ALL,533,1.9523809523809523,0.3808630393996248,-0.06576081843135331,0.8389087473352819,-5658.756015344334,7543.742553786812,-1.5509883758563412,0.2857142857142857
VWAPPullback,VWAPPullback#5,"{'r': 2.0, 'first': 600, 'last_entry': 900, 'max_bars': 24, 'max_trades': 4}",MGC,IS,329,1.970059880239521,0.3495440729483283,-0.1190608129163373,0.7112630296222295,-7293.052362400628,7543.742553786812,-2.9480903173991817,0.125
VWAPPullback,VWAPPullback#5,"{'r': 2.0, 'first': 600, 'last_entry': 900, 'max_bars': 24, 'max_trades': 4}",MGC,OOS,204,1.9245283018867925,0.43137254901960786,0.0201984863998218,1.1655959771667668,1634.2963470562954,951.5988309902365,1.489062362354962,0.5
RSI2,RSI2#0,"{'th': 5, 'm': 1.0, 'max_bars': 6, 'first': 600, 'last_entry': 900, 'max_trades': 4}",MNQ,ALL,228,0.8260869565217391,0.543859649122807,0.023847213942283396,1.0516490826494824,346.4511411652354,1247.4885749241753,0.3174154127534939,0.7142857142857143
RSI2,RSI2#0,"{'th': 5, 'm': 1.0, 'max_bars': 6, 'first': 600, 'last_entry': 900, 'max_trades': 4}",MNQ,IS,147,0.875,0.564625850340136,0.06069127835097314,1.282845276791122,984.0322295908979,588.1375521451962,1.6911599208714632,0.75
RSI2,RSI2#0,"{'th': 5, 'm': 1.0, 'max_bars': 6, 'first': 600, 'last_entry': 900, 'max_trades': 4}",MNQ,OOS,81,0.75,0.5061728395061729,-0.043017939984597985,0.8025295088815723,-637.5810884256625,1247.488574924175,-1.2841630743718748,0.6666666666666666
RSI2,RSI2#0,"{'th': 5, 'm': 1.0, 'max_bars': 6, 'first': 600, 'last_entry': 900, 'max_trades': 4}",MES,ALL,221,0.8007246376811594,0.5113122171945701,-0.10186884497480762,0.8175352342918617,-697.9964104844933,1137.1517711947574,-1.2588965410888733,0.42857142857142855
RSI2,RSI2#0,"{'th': 5, 'm': 1.0, 'max_bars': 6, 'first': 600, 'last_entry': 900, 'max_trades': 4}",MES,IS,134,0.7976190476190477,0.5373134328358209,-0.09185254987745821,0.8494498886246749,-343.7370802200623,674.5448946190447,-1.0627251211163202,0.5
RSI2,RSI2#0,"{'th': 5, 'm': 1.0, 'max_bars': 6, 'first': 600, 'last_entry': 900, 'max_trades': 4}",MES,OOS,87,0.8055555555555556,0.47126436781609193,-0.1172962420212998,0.7702850631819483,-354.2593302644309,498.4553928033741,-1.5322472940318155,0.3333333333333333
RSI2,RSI2#0,"{'th': 5, 'm': 1.0, 'max_bars': 6, 'first': 600, 'last_entry': 900, 'max_trades': 4}",MGC,ALL,145,0.5311355311355311,0.5448275862068965,0.0024250361722095177,1.1118779154726937,442.0870336396574,725.8666378523124,0.5783146551984081,0.5714285714285714
RSI2,RSI2#0,"{'th': 5, 'm': 1.0, 'max_bars': 6, 'first': 600, 'last_entry': 900, 'max_trades': 4}",MGC,IS,91,0.5449101796407185,0.5824175824175825,0.11967479023058614,1.3932595178679494,986.5503513338805,201.32840510679017,2.009903770308302,0.875
RSI2,RSI2#0,"{'th': 5, 'm': 1.0, 'max_bars': 6, 'first': 600, 'last_entry': 900, 'max_trades': 4}",MGC,OOS,54,0.5094339622641509,0.48148148148148145,-0.1951625123335733,0.6226508006563197,-544.4633176942228,725.8666378523122,-2.0375347443350753,0.16666666666666666
RSI2,RSI2#1,"{'th': 5, 'm': 1.0, 'max_bars': 12, 'first': 600, 'last_entry': 900, 'max_trades': 4}",MNQ,ALL,227,0.822463768115942,0.5594713656387665,0.022464180906961985,1.0067126709855405,48.859254797908534,1386.254099181426,0.04103366514633196,0.6428571428571429
RSI2,RSI2#1,"{'th': 5, 'm': 1.0, 'max_bars': 12, 'first': 600, 'last_entry': 900, 'max_trades': 4}",MNQ,IS,146,0.8690476190476191,0.5821917808219178,0.06250848401470903,1.2500524182043484,924.2750037751911,685.6167693827615,1.5214761555788952,0.75
RSI2,RSI2#1,"{'th': 5, 'm': 1.0, 'max_bars': 12, 'first': 600, 'last_entry': 900, 'max_trades': 4}",MNQ,OOS,81,0.75,0.5185185185185185,-0.04971443950947098,0.7556298989486949,-875.4157489772823,1386.254099181426,-1.5606360044764411,0.5
RSI2,RSI2#1,"{'th': 5, 'm': 1.0, 'max_bars': 12, 'first': 600, 'last_entry': 900, 'max_trades': 4}",MES,ALL,219,0.7934782608695652,0.5342465753424658,-0.08342351632339293,0.8454397093208837,-587.5117573383757,1028.6396968226243,-1.0476430739442903,0.42857142857142855
RSI2,RSI2#1,"{'th': 5, 'm': 1.0, 'max_bars': 12, 'first': 600, 'last_entry': 900, 'max_trades': 4}",MES,IS,132,0.7857142857142857,0.553030303030303,-0.07299875867168236,0.8740095165017164,-285.88716927066866,626.694983669651,-0.8775385882479029,0.5
RSI2,RSI2#1,"{'th': 5, 'm': 1.0, 'max_bars': 12, 'first': 600, 'last_entry': 900, 'max_trades': 4}",MES,OOS,87,0.8055555555555556,0.5057471264367817,-0.09924039000185039,0.8031254097138774,-301.624588067707,440.29322938063456,-1.2829828730567066,0.3333333333333333
RSI2,RSI2#1,"{'th': 5, 'm': 1.0, 'max_bars': 12, 'first': 600, 'last_entry': 900, 'max_trades': 4}",MGC,ALL,145,0.5311355311355311,0.5793103448275863,-0.01169844463823661,0.9822658057609012,-81.79714691117351,767.069666585856,-0.08447466487208044,0.35714285714285715
RSI2,RSI2#1,"{'th': 5, 'm': 1.0, 'max_bars': 12, 'first': 600, 'last_entry': 900, 'max_trades': 4}",MGC,IS,91,0.5449101796407185,0.6153846153846154,0.11018116658287445,1.170950041842238,525.3397741864677,555.776567243967,0.7793466889056265,0.625
RSI2,RSI2#1,"{'th': 5, 'm': 1.0, 'max_bars': 12, 'first': 600, 'last_entry': 900, 'max_trades': 4}",MGC,OOS,54,0.5094339622641509,0.5185185185185185,-0.21708815984418292,0.6055854226735573,-607.1369210976412,767.069666585856,-2.2229545639367037,0.0
RSI2,RSI2#2,"{'th': 5, 'm': 1.5, 'max_bars': 6, 'first': 600, 'last_entry': 900, 'max_trades': 4}",MNQ,ALL,209,0.7572463768115942,0.5933014354066986,-0.013453166190883355,0.9773971736200688,-157.62915367691758,1094.4751091119056,-0.12954962649754947,0.5714285714285714
RSI2,RSI2#2,"{'th': 5, 'm': 1.5, 'max_bars': 6, 'first': 600, 'last_entry': 900, 'max_trades': 4}",MNQ,IS,135,0.8035714285714286,0.5925925925925926,-0.027012533817743607,1.0344338786466682,139.2023179993131,906.9927233142387,0.2006712033141337,0.625
RSI2,RSI2#2,"{'th': 5, 'm': 1.5, 'max_bars': 6, 'first': 600, 'last_entry': 900, 'max_trades': 4}",MNQ,OOS,74,0.6851851851851852,0.5945945945945946,0.011283517993253599,0.8987362738168746,-296.83147167623076,999.9277763679936,-0.5692800071686055,0.5
RSI2,RSI2#2,"{'th': 5, 'm': 1.5, 'max_bars': 6, 'first': 600, 'last_entry': 900, 'max_trades': 4}",MES,ALL,201,0.7282608695652174,0.582089552238806,-0.05937929626471545,0.8867086232517116,-397.18290193748135,923.8586363232747,-0.6796610134927631,0.35714285714285715
RSI2,RSI2#2,"{'th': 5, 'm': 1.5, 'max_bars': 6, 'first': 600, 'last_entry': 900, 'max_trades': 4}",MES,IS,125,0.7440476190476191,0.624,-0.013592518309768199,1.0815539048708276,152.65843550151624,363.8635946502641,0.4621588541997746,0.375
RSI2,RSI2#2,"{'th': 5, 'm': 1.5, 'max_bars': 6, 'first': 600, 'last_entry': 900, 'max_trades': 4}",MES,OOS,76,0.7037037037037037,0.5131578947368421,-0.13468649684851028,0.6634959501429891,-549.8413374389978,688.0646803050292,-2.1907362608064145,0.3333333333333333
RSI2,RSI2#2,"{'th': 5, 'm': 1.5, 'max_bars': 6, 'first': 600, 'last_entry': 900, 'max_trades': 4}",MGC,ALL,132,0.4835164835164835,0.5909090909090909,-0.019973927828081137,1.0003629912845562,1.447882254995875,977.1703620307385,0.0016205765020543459,0.2857142857142857
RSI2,RSI2#2,"{'th': 5, 'm': 1.5, 'max_bars': 6, 'first': 600, 'last_entry': 900, 'max_trades': 4}",MGC,IS,83,0.49700598802395207,0.6265060240963856,0.05240688363911968,1.2075926024739825,538.0318874858195,549.3670277932699,0.8725153152324635,0.5
RSI2,RSI2#2,"{'th': 5, 'm': 1.5, 'max_bars': 6, 'first': 600, 'last_entry': 900, 'max_trades': 4}",MGC,OOS,49,0.46226415094339623,0.5306122448979592,-0.14257815949701308,0.6158982470653102,-536.5840052308234,676.4783999158166,-2.0629475552952306,0.0
RSI2,RSI2#3,"{'th': 5, 'm': 1.5, 'max_bars': 12, 'first': 600, 'last_entry': 900, 'max_trades': 4}",MNQ,ALL,208,0.7536231884057971,0.6490384615384616,-0.0028003252062793055,0.9741570471681028,-191.22028511636245,1076.8462203964887,-0.14687489712168278,0.5
RSI2,RSI2#3,"{'th': 5, 'm': 1.5, 'max_bars': 12, 'first': 600, 'last_entry': 900, 'max_trades': 4}",MNQ,IS,134,0.7976190476190477,0.6343283582089553,-0.02218320913680325,1.0277691907539126,117.00803892621082,979.7344337960268,0.1572052246110355,0.625
RSI2,RSI2#3,"{'th': 5, 'm': 1.5, 'max_bars': 12, 'first': 600, 'last_entry': 900, 'max_trades': 4}",MNQ,OOS,74,0.6851851851851852,0.6756756756756757,0.032298410559804626,0.9032471407820982,-308.2283240425732,1021.2477419407287,-0.5541678408478516,0.3333333333333333
RSI2,RSI2#3,"{'th': 5, 'm': 1.5, 'max_bars': 12, 'first': 600, 'last_entry': 900, 'max_trades': 4}",MES,ALL,199,0.7210144927536232,0.628140703517588,-0.04821636542243818,0.8833814258254685,-431.85027397645274,934.5681057988355,-0.6581104537734787,0.42857142857142855
RSI2,RSI2#3,"{'th': 5, 'm': 1.5, 'max_bars': 12, 'first': 600, 'last_entry': 900, 'max_trades': 4}",MES,IS,123,0.7321428571428571,0.6585365853658537,-0.005619187701200603,1.046393189806305,94.58304651620361,330.3004664767975,0.2720339360156792,0.5
RSI2,RSI2#3,"{'th': 5, 'm': 1.5, 'max_bars': 12, 'first': 600, 'last_entry': 900, 'max_trades': 4}",MES,OOS,76,0.7037037037037037,0.5789473684210527,-0.11715653462917797,0.6837047830490148,-526.4333204926563,686.0531514438928,-1.7485832547742703,0.3333333333333333
RSI2,RSI2#3,"{'th': 5, 'm': 1.5, 'max_bars': 12, 'first': 600, 'last_entry': 900, 'max_trades': 4}",MGC,ALL,131,0.47985347985347987,0.6412213740458015,-0.034696613077931406,0.9491574799909336,-218.313376775895,1087.6151868158013,-0.22825591216237734,0.2857142857142857
RSI2,RSI2#3,"{'th': 5, 'm': 1.5, 'max_bars': 12, 'first': 600, 'last_entry': 900, 'max_trades': 4}",MGC,IS,82,0.49101796407185627,0.6707317073170732,0.05690196617278028,1.1849302320175386,495.20521152749905,584.5400384000197,0.7533765240792578,0.5
RSI2,RSI2#3,"{'th': 5, 'm': 1.5, 'max_bars': 12, 'first': 600, 'last_entry': 900, 'max_trades': 4}",MGC,OOS,49,0.46226415094339623,0.5918367346938775,-0.18798403141585712,0.5584986191808277,-713.518588303394,777.5443520893198,-2.5310264782742227,0.0
RSI2,RSI2#4,"{'th': 10, 'm': 1.0, 'max_bars': 6, 'first': 600, 'last_entry': 900, 'max_trades': 4}",MNQ,ALL,469,1.6992753623188406,0.5735607675906184,0.013907700388531345,1.0369656541465169,508.7469513606741,2030.7807910745792,0.32082129556753197,0.5
RSI2,RSI2#4,"{'th': 10, 'm': 1.0, 'max_bars': 6, 'first': 600, 'last_entry': 900, 'max_trades': 4}",MNQ,IS,289,1.7202380952380953,0.5986159169550173,0.04809240592864596,1.2253919648260185,1591.8582035295403,747.9672203224013,1.897646751657707,0.625
RSI2,RSI2#4,"{'th': 10, 'm': 1.0, 'max_bars': 6, 'first': 600, 'last_entry': 900, 'max_trades': 4}",MNQ,OOS,180,1.6666666666666667,0.5333333333333333,-0.04097774350643049,0.8383433233164118,-1083.111252168866,1522.010925886502,-1.4949863188361308,0.3333333333333333
RSI2,RSI2#4,"{'th': 10, 'm': 1.0, 'max_bars': 6, 'first': 600, 'last_entry': 900, 'max_trades': 4}",MES,ALL,454,1.644927536231884,0.5638766519823789,-0.060667999973244194,0.9089512054396055,-652.6074842507678,1086.975156946307,-0.7634683029377544,0.5
RSI2,RSI2#4,"{'th': 10, 'm': 1.0, 'max_bars': 6, 'first': 600, 'last_entry': 900, 'max_trades': 4}",MES,IS,277,1.6488095238095237,0.5631768953068592,-0.08299173265187339,0.9028675480728364,-435.20323655909624,753.0803702441901,-0.8565678721959744,0.5
RSI2,RSI2#4,"{'th': 10, 'm': 1.0, 'max_bars': 6, 'first': 600, 'last_entry': 900, 'max_trades': 4}",MES,OOS,177,1.6388888888888888,0.5649717514124294,-0.025731988945106983,0.9190949876143413,-217.40424769167166,477.98202810467444,-0.6249189208769158,0.5
RSI2,RSI2#4,"{'th': 10, 'm': 1.0, 'max_bars': 6, 'first': 600, 'last_entry': 900, 'max_trades': 4}",MGC,ALL,363,1.3296703296703296,0.559228650137741,0.010596642147456174,1.0933391462278135,887.2749301273543,906.1981493680627,0.6554716454547012,0.5714285714285714
RSI2,RSI2#4,"{'th': 10, 'm': 1.0, 'max_bars': 6, 'first': 600, 'last_entry': 900, 'max_trades': 4}",MGC,IS,220,1.3173652694610778,0.5909090909090909,0.05160656885682562,1.1702068253035838,1053.4958513456586,906.1981493680627,1.1336848096689347,0.75
RSI2,RSI2#4,"{'th': 10, 'm': 1.0, 'max_bars': 6, 'first': 600, 'last_entry': 900, 'max_trades': 4}",MGC,OOS,143,1.349056603773585,0.5104895104895105,-0.0524955527900353,0.9498794256920603,-166.22092121830394,623.6242954267938,-0.4106051232482323,0.3333333333333333
RSI2,RSI2#5,"{'th': 10, 'm': 1.0, 'max_bars': 12, 'first': 600, 'last_entry': 900, 'max_trades': 4}",MNQ,ALL,463,1.6775362318840579,0.6047516198704104,0.022910440886410127,1.0407863831970057,577.2908413198547,1963.06449635511,0.34876489158830737,0.5
RSI2,RSI2#5,"{'th': 10, 'm': 1.0, 'max_bars': 12, 'first': 600, 'last_entry': 900, 'max_trades': 4}",MNQ,IS,286,1.7023809523809523,0.6223776223776224,0.047921071745087654,1.203142277236557,1486.8796542430998,795.8549384770724,1.7208315787009965,0.625
RSI2,RSI2#5,"{'th': 10, 'm': 1.0, 'max_bars': 12, 'first': 600, 'last_entry': 900, 'max_trades': 4}",MNQ,OOS,177,1.6388888888888888,0.576271186440678,-0.01750221688523828,0.866914283198865,-909.5888129232453,1336.2986440852294,-1.1860163076121364,0.3333333333333333
RSI2,RSI2#5,"{'th': 10, 'm': 1.0, 'max_bars': 12, 'first': 600, 'last_entry': 900, 'max_trades': 4}",MES,ALL,449,1.6268115942028984,0.5835189309576837,-0.044624153322407656,0.9404776496772669,-425.07562851098163,824.309063950994,-0.5069497592942283,0.5714285714285714
RSI2,RSI2#5,"{'th': 10, 'm': 1.0, 'max_bars': 12, 'first': 600, 'last_entry': 900, 'max_trades': 4}",MES,IS,275,1.6369047619047619,0.5745454545454546,-0.07308073829545407,0.9127604035046986,-399.0686964904635,733.6745051911053,-0.771391617950455,0.5
RSI2,RSI2#5,"{'th': 10, 'm': 1.0, 'max_bars': 12, 'first': 600, 'last_entry': 900, 'max_trades': 4}",MES,OOS,174,1.6111111111111112,0.5977011494252874,0.00035033442234960933,0.9898689300549532,-26.00693202051832,347.0437019208075,-0.08067277538367368,0.6666666666666666
RSI2,RSI2#5,"{'th': 10, 'm': 1.0, 'max_bars': 12, 'first': 600, 'last_entry': 900, 'max_trades': 4}",MGC,ALL,357,1.3076923076923077,0.6022408963585434,0.011686696911860217,1.091376494314795,894.4439374037472,1030.2479535726031,0.6354694586280427,0.5714285714285714
RSI2,RSI2#5,"{'th': 10, 'm': 1.0, 'max_bars': 12, 'first': 600, 'last_entry': 900, 'max_trades': 4}",MGC,IS,218,1.3053892215568863,0.6284403669724771,0.04998109580885367,1.1592596797260513,1027.1665565535532,1030.2479535726031,1.055757390398108,0.75
RSI2,RSI2#5,"{'th': 10, 'm': 1.0, 'max_bars': 12, 'first': 600, 'last_entry': 900, 'max_trades': 4}",MGC,OOS,139,1.3113207547169812,0.5611510791366906,-0.04837214452371225,0.9602498667119093,-132.72261914980595,633.2184954300769,-0.32256305096134863,0.3333333333333333
RSI2,RSI2#6,"{'th': 10, 'm': 1.5, 'max_bars': 6, 'first': 600, 'last_entry': 900, 'max_trades': 4}",MNQ,ALL,436,1.5797101449275361,0.6146788990825688,-0.00656041113042447,1.031934230733912,415.8578405317951,1615.7761141768472,0.25571042292817936,0.42857142857142855
RSI2,RSI2#6,"{'th': 10, 'm': 1.5, 'max_bars': 6, 'first': 600, 'last_entry': 900, 'max_trades': 4}",MNQ,IS,267,1.5892857142857142,0.6254681647940075,-0.004314422265404371,1.0937326258321163,671.9221287446937,1150.0024108798693,0.7265409347682092,0.5
RSI2,RSI2#6,"{'th': 10, 'm': 1.5, 'max_bars': 6, 'first': 600, 'last_entry': 900, 'max_trades': 4}",MNQ,OOS,169,1.5648148148148149,0.5976331360946746,-0.010108807739657435,0.956256922721698,-256.06428821289865,1541.8812377924964,-0.36656048147778997,0.3333333333333333
RSI2,RSI2#6,"{'th': 10, 'm': 1.5, 'max_bars': 6, 'first': 600, 'last_entry': 900, 'max_trades': 4}",MES,ALL,421,1.5253623188405796,0.6365795724465558,-0.03415865422911387,0.9401698307595562,-397.4283838007916,805.14936733036,-0.4681605426023199,0.5
RSI2,RSI2#6,"{'th': 10, 'm': 1.5, 'max_bars': 6, 'first': 600, 'last_entry': 900, 'max_trades': 4}",MES,IS,260,1.5476190476190477,0.6423076923076924,-0.03814461795777709,0.9467696040173531,-222.24572482564537,656.5640995563232,-0.42569053063207846,0.5
RSI2,RSI2#6,"{'th': 10, 'm': 1.5, 'max_bars': 6, 'first': 600, 'last_entry': 900, 'max_trades': 4}",MES,OOS,161,1.4907407407407407,0.6273291925465838,-0.027721694170403106,0.929002338377376,-175.18265897514604,445.3327158538753,-0.5335857875035467,0.5
RSI2,RSI2#6,"{'th': 10, 'm': 1.5, 'max_bars': 6, 'first': 600, 'last_entry': 900, 'max_trades': 4}",MGC,ALL,343,1.2564102564102564,0.597667638483965,0.005663065576304336,1.1340126005152862,1187.1919096530667,594.0079699972947,0.9558384209393914,0.5714285714285714
RSI2,RSI2#6,"{'th': 10, 'm': 1.5, 'max_bars': 6, 'first': 600, 'last_entry': 900, 'max_trades': 4}",MGC,IS,210,1.2574850299401197,0.6095238095238096,0.01358827073567978,1.1454077467246286,887.9029018700782,594.0079699972947,1.049644454672248,0.75
RSI2,RSI2#6,"{'th': 10, 'm': 1.5, 'max_bars': 6, 'first': 600, 'last_entry': 900, 'max_trades': 4}",MGC,OOS,133,1.2547169811320755,0.5789473684210527,-0.006850416254288474,1.1087330835841567,299.2890077829883,402.6577964765366,0.7818428580967195,0.3333333333333333
RSI2,RSI2#7,"{'th': 10, 'm': 1.5, 'max_bars': 12, 'first': 600, 'last_entry': 900, 'max_trades': 4}",MNQ,ALL,425,1.539855072463768,0.6705882352941176,-0.007618019980453584,1.004854098799101,66.99194205035701,1940.8518586295331,0.03946038567657652,0.42857142857142855
RSI2,RSI2#7,"{'th': 10, 'm': 1.5, 'max_bars': 12, 'first': 600, 'last_entry': 900, 'max_trades': 4}",MNQ,IS,261,1.5535714285714286,0.6704980842911877,-0.005359548447083987,1.0754780689860635,563.6933635174998,1176.4591229597715,0.5906868230545387,0.5
RSI2,RSI2#7,"{'th': 10, 'm': 1.5, 'max_bars': 12, 'first': 600, 'last_entry': 900, 'max_trades': 4}",MNQ,OOS,164,1.5185185185185186,0.6707317073170732,-0.011212294798803991,0.9215668724770989,-496.7014214671434,1495.7140180144165,-0.6727981135768063,0.3333333333333333
RSI2,RSI2#7,"{'th': 10, 'm': 1.5, 'max_bars': 12, 'first': 600, 'last_entry': 900, 'max_trades': 4}",MES,ALL,413,1.4963768115942029,0.6658595641646489,-0.02349951668451213,0.9625249971140489,-250.3557185838284,702.3393825664834,-0.28183009065227843,0.42857142857142855
RSI2,RSI2#7,"{'th': 10, 'm': 1.5, 'max_bars': 12, 'first': 600, 'last_entry': 900, 'max_trades': 4}",MES,IS,256,1.5238095238095237,0.66796875,-0.025768264412516863,0.990095580321477,-40.918910581398166,522.0367486522896,-0.07904900060199649,0.5
RSI2,RSI2#7,"{'th': 10, 'm': 1.5, 'max_bars': 12, 'first': 600, 'last_entry': 900, 'max_trades': 4}",MES,OOS,157,1.4537037037037037,0.6624203821656051,-0.01980015733184199,0.9178430073993517,-209.43680800243027,443.27219449055264,-0.5645426337240991,0.3333333333333333
RSI2,RSI2#7,"{'th': 10, 'm': 1.5, 'max_bars': 12, 'first': 600, 'last_entry': 900, 'max_trades': 4}",MGC,ALL,334,1.2234432234432235,0.6586826347305389,0.008554764067251131,1.0364143518845146,364.6303654231408,1195.845897200139,0.22175792755455342,0.5
RSI2,RSI2#7,"{'th': 10, 'm': 1.5, 'max_bars': 12, 'first': 600, 'last_entry': 900, 'max_trades': 4}",MGC,IS,205,1.2275449101796407,0.6585365853658537,0.01850590835564812,1.0038050020365197,27.27321501408995,1195.845897200139,0.023140497722366652,0.625
RSI2,RSI2#7,"{'th': 10, 'm': 1.5, 'max_bars': 12, 'first': 600, 'last_entry': 900, 'max_trades': 4}",MGC,OOS,129,1.2169811320754718,0.6589147286821705,-0.0072590698794262635,1.1185521754627819,337.3571504090513,466.5935718490106,0.8161317760690885,0.3333333333333333
Squeeze,Squeeze#0,"{'q': 0.15, 'r': 1.0, 'first': 600, 'last_entry': 900, 'max_bars': 24, 'max_trades': 2}",MNQ,ALL,128,0.463768115942029,0.5078125,0.0025928866735369857,0.8311767189223902,-1075.7199999999934,1481.4900000000007,-0.8761875526425699,0.42857142857142855
Squeeze,Squeeze#0,"{'q': 0.15, 'r': 1.0, 'first': 600, 'last_entry': 900, 'max_bars': 24, 'max_trades': 2}",MNQ,IS,77,0.4583333333333333,0.5194805194805194,0.02404160393564778,0.7984377252650793,-692.0549999999901,1159.3599999999974,-0.9601802951904003,0.5
Squeeze,Squeeze#0,"{'q': 0.15, 'r': 1.0, 'first': 600, 'last_entry': 900, 'max_bars': 24, 'max_trades': 2}",MNQ,OOS,51,0.4722222222222222,0.49019607843137253,-0.029790470761414597,0.8694313090560719,-383.6650000000031,499.72999999999865,-0.7552019041577385,0.3333333333333333
Squeeze,Squeeze#0,"{'q': 0.15, 'r': 1.0, 'first': 600, 'last_entry': 900, 'max_bars': 24, 'max_trades': 2}",MES,ALL,149,0.5398550724637681,0.44966442953020136,-0.16435431511867352,0.7203727882195547,-1144.197500000022,1507.4850000000192,-1.5033924510393248,0.2857142857142857
Squeeze,Squeeze#0,"{'q': 0.15, 'r': 1.0, 'first': 600, 'last_entry': 900, 'max_bars': 24, 'max_trades': 2}",MES,IS,89,0.5297619047619048,0.47191011235955055,-0.10397120986913597,0.8674843035011085,-298.8600000000218,692.2975000000165,-0.675356252518589,0.375
Squeeze,Squeeze#0,"{'q': 0.15, 'r': 1.0, 'first': 600, 'last_entry': 900, 'max_bars': 24, 'max_trades': 2}",MES,OOS,60,0.5555555555555556,0.4166666666666667,-0.25392258790548755,0.539723808421868,-845.3375000000002,874.697500000001,-2.6652157415154187,0.16666666666666666
Squeeze,Squeeze#0,"{'q': 0.15, 'r': 1.0, 'first': 600, 'last_entry': 900, 'max_bars': 24, 'max_trades': 2}",MGC,ALL,173,0.6336996336996337,0.4913294797687861,-0.01686305249566495,1.0024731302762917,19.949999999765396,1768.400000000197,0.012314692368339193,0.38461538461538464
Squeeze,Squeeze#0,"{'q': 0.15, 'r': 1.0, 'first': 600, 'last_entry': 900, 'max_bars': 24, 'max_trades': 2}",MGC,IS,108,0.6467065868263473,0.4444444444444444,-0.12559091451717236,0.8759466912494798,-780.5000000002642,1768.400000000197,-0.6611540423648321,0.25
Squeeze,Squeeze#0,"{'q': 0.15, 'r': 1.0, 'first': 600, 'last_entry': 900, 'max_bars': 24, 'max_trades': 2}",MGC,OOS,65,0.6132075471698113,0.5692307692307692,0.16379247209391662,1.4509450438015699,800.450000000029,363.60000000001753,2.1932427769658838,0.6
Squeeze,Squeeze#1,"{'q': 0.15, 'r': 1.5, 'first': 600, 'last_entry': 900, 'max_bars': 24, 'max_trades': 2}",MNQ,ALL,123,0.44565217391304346,0.43902439024390244,0.009131752795036181,0.902335400337374,-637.1574999999978,1679.4399999999873,-0.45167284612800307,0.35714285714285715
Squeeze,Squeeze#1,"{'q': 0.15, 'r': 1.5, 'first': 600, 'last_entry': 900, 'max_bars': 24, 'max_trades': 2}",MNQ,IS,74,0.44047619047619047,0.4189189189189189,-0.04351344175810277,0.7042526844074176,-1085.4724999999944,1679.4399999999873,-1.4145180406693505,0.25
Squeeze,Squeeze#1,"{'q': 0.15, 'r': 1.5, 'first': 600, 'last_entry': 900, 'max_bars': 24, 'max_trades': 2}",MNQ,OOS,49,0.4537037037037037,0.46938775510204084,0.08863674048753176,1.1571014817786944,448.31499999999676,458.99249999999574,0.7087724700626089,0.5
Squeeze,Squeeze#1,"{'q': 0.15, 'r': 1.5, 'first': 600, 'last_entry': 900, 'max_bars': 24, 'max_trades': 2}",MES,ALL,144,0.5217391304347826,0.3819444444444444,-0.22270260751951693,0.6580142360236004,-1489.2787500000193,1810.8000000000125,-1.9031697065064836,0.2857142857142857
Squeeze,Squeeze#1,"{'q': 0.15, 'r': 1.5, 'first': 600, 'last_entry': 900, 'max_bars': 24, 'max_trades': 2}",MES,IS,87,0.5178571428571429,0.42528735632183906,-0.156822280657684,0.7411193186298954,-615.5050000000118,1026.911250000002,-1.4387843104871594,0.375
Squeeze,Squeeze#1,"{'q': 0.15, 'r': 1.5, 'first': 600, 'last_entry': 900, 'max_bars': 24, 'max_trades': 2}",MES,OOS,57,0.5277777777777778,0.3157894736842105,-0.3232567906244196,0.5580830048021563,-873.7737500000073,873.7737500000077,-2.4977366686156537,0.16666666666666666
Squeeze,Squeeze#1,"{'q': 0.15, 'r': 1.5, 'first': 600, 'last_entry': 900, 'max_bars': 24, 'max_trades': 2}",MGC,ALL,163,0.5970695970695971,0.4233128834355828,-0.012749544649362383,0.918755588888535,-704.1250000003366,2242.850000000141,-0.40607681816217667,0.38461538461538464
Squeeze,Squeeze#1,"{'q': 0.15, 'r': 1.5, 'first': 600, 'last_entry': 900, 'max_bars': 24, 'max_trades': 2}",MGC,IS,102,0.6107784431137725,0.37254901960784315,-0.137629161202794,0.7513144097438349,-1695.7000000003181,2242.850000000141,-1.3627686685667635,0.25
Squeeze,Squeeze#1,"{'q': 0.15, 'r': 1.5, 'first': 600, 'last_entry': 900, 'max_bars': 24, 'max_trades': 2}",MGC,OOS,61,0.5754716981132075,0.5081967213114754,0.19606555188260524,1.5365375250256517,991.574999999982,381.20000000002085,2.3530946703361253,0.6
Squeeze,Squeeze#2,"{'q': 0.15, 'r': 2.0, 'first': 600, 'last_entry': 900, 'max_bars': 24, 'max_trades': 2}",MNQ,ALL,119,0.4311594202898551,0.40336134453781514,-0.01858102286228643,0.8473723188326282,-1001.6100000000108,1885.500000000015,-0.7099679660570478,0.5
Squeeze,Squeeze#2,"{'q': 0.15, 'r': 2.0, 'first': 600, 'last_entry': 900, 'max_bars': 24, 'max_trades': 2}",MNQ,IS,72,0.42857142857142855,0.3888888888888889,-0.0581399055204305,0.6559585829819888,-1267.280000000022,1641.6100000000133,-1.6844315168587733,0.375
Squeeze,Squeeze#2,"{'q': 0.15, 'r': 2.0, 'first': 600, 'last_entry': 900, 'max_bars': 24, 'max_trades': 2}",MNQ,OOS,47,0.4351851851851852,0.425531914893617,0.04201981865657254,1.0922808126630426,265.67000000001127,561.2449999999958,0.4122458368003047,0.6666666666666666
Squeeze,Squeeze#2,"{'q': 0.15, 'r': 2.0, 'first': 600, 'last_entry': 900, 'max_bars': 24, 'max_trades': 2}",MES,ALL,140,0.5072463768115942,0.36428571428571427,-0.20882124976932692,0.6764400297908353,-1402.162500000003,1722.1850000000063,-1.7283507961213005,0.14285714285714285
Squeeze,Squeeze#2,"{'q': 0.15, 'r': 2.0, 'first': 600, 'last_entry': 900, 'max_bars': 24, 'max_trades': 2}",MES,IS,83,0.49404761904761907,0.40963855421686746,-0.11334463076345551,0.7824548893093918,-506.42000000000826,946.7025000000075,-1.1599825627696874,0.125
Squeeze,Squeeze#2,"{'q': 0.15, 'r': 2.0, 'first': 600, 'last_entry': 900, 'max_bars': 24, 'max_trades': 2}",MES,OOS,57,0.5277777777777778,0.2982456140350877,-0.3478486072691046,0.5533932054869672,-895.7424999999946,895.742499999995,-2.435397941752074,0.16666666666666666
Squeeze,Squeeze#2,"{'q': 0.15, 'r': 2.0, 'first': 600, 'last_entry': 900, 'max_bars': 24, 'max_trades': 2}",MGC,ALL,160,0.5860805860805861,0.40625,0.044648983515143376,1.0190924545572861,160.59999999953902,1871.9000000001188,0.08828389299906828,0.5384615384615384
Squeeze,Squeeze#2,"{'q': 0.15, 'r': 2.0, 'first': 600, 'last_entry': 900, 'max_bars': 24, 'max_trades': 2}",MGC,IS,101,0.6047904191616766,0.3564356435643564,-0.0785813328334714,0.8547262318045687,-954.1000000003825,1871.9000000001188,-0.7302598113690097,0.25
Squeeze,Squeeze#2,"{'q': 0.15, 'r': 2.0, 'first': 600, 'last_entry': 900, 'max_bars': 24, 'max_trades': 2}",MGC,OOS,59,0.5566037735849056,0.4915254237288136,0.2556025759085348,1.6044683043218015,1114.6999999999214,322.2000000000153,2.505820005131651,1.0
Squeeze,Squeeze#3,"{'q': 0.25, 'r': 1.0, 'first': 600, 'last_entry': 900, 'max_bars': 24, 'max_trades': 2}",MNQ,ALL,177,0.6413043478260869,0.4632768361581921,-0.08251361120410111,0.7569305274719815,-2434.2799999999743,3059.76999999998,-1.4814985876521627,0.21428571428571427
Squeeze,Squeeze#3,"{'q': 0.25, 'r': 1.0, 'first': 600, 'last_entry': 900, 'max_bars': 24, 'max_trades': 2}",MNQ,IS,104,0.6190476190476191,0.47115384615384615,-0.0785623927509521,0.7262993748390322,-1461.18499999997,2148.654999999981,-1.6243358203811895,0.125
Squeeze,Squeeze#3,"{'q': 0.25, 'r': 1.0, 'first': 600, 'last_entry': 900, 'max_bars': 24, 'max_trades': 2}",MNQ,OOS,73,0.6759259259259259,0.4520547945205479,-0.08814274434283396,0.791901414098211,-973.0950000000048,1102.12,-1.323567852456446,0.3333333333333333
Squeeze,Squeeze#3,"{'q': 0.25, 'r': 1.0, 'first': 600, 'last_entry': 900, 'max_bars': 24, 'max_trades': 2}",MES,ALL,203,0.7355072463768116,0.42857142857142855,-0.17999181325010344,0.6546380052311316,-2225.220000000022,2698.5600000000204,-2.261177875659125,0.21428571428571427
Squeeze,Squeeze#3,"{'q': 0.25, 'r': 1.0, 'first': 600, 'last_entry': 900, 'max_bars': 24, 'max_trades': 2}",MES,IS,121,0.7202380952380952,0.4462809917355372,-0.1333311923814602,0.7019087133619202,-1120.9775000000184,1616.505000000016,-1.8731938717483436,0.25
Squeeze,Squeeze#3,"{'q': 0.25, 'r': 1.0, 'first': 600, 'last_entry': 900, 'max_bars': 24, 'max_trades': 2}",MES,OOS,82,0.7592592592592593,0.4024390243902439,-0.24884468062944282,0.5883739308552944,-1104.2425000000037,1234.1850000000024,-2.853361124891074,0.16666666666666666
Squeeze,Squeeze#3,"{'q': 0.25, 'r': 1.0, 'first': 600, 'last_entry': 900, 'max_bars': 24, 'max_trades': 2}",MGC,ALL,256,0.9377289377289377,0.5,-0.01730485092797912,0.9109878089859802,-1175.9000000003334,2468.750000000177,-0.5995782772213898,0.35714285714285715
Squeeze,Squeeze#3,"{'q': 0.25, 'r': 1.0, 'first': 600, 'last_entry': 900, 'max_bars': 24, 'max_trades': 2}",MGC,IS,148,0.8862275449101796,0.44594594594594594,-0.13426310266710298,0.7818136825060172,-2027.900000000315,2468.750000000177,-1.5314647893338824,0.25
Squeeze,Squeeze#3,"{'q': 0.25, 'r': 1.0, 'first': 600, 'last_entry': 900, 'max_bars': 24, 'max_trades': 2}",MGC,OOS,108,1.0188679245283019,0.5740740740740741,0.14297127182563504,1.2175578366783961,851.999999999982,659.050000000022,1.3929103222934403,0.5
Squeeze,Squeeze#4,"{'q': 0.25, 'r': 1.5, 'first': 600, 'last_entry': 900, 'max_bars': 24, 'max_trades': 2}",MNQ,ALL,170,0.6159420289855072,0.4,-0.10067463919166642,0.7605455326879164,-2457.037499999946,3034.0899999999688,-1.3639001807658193,0.2857142857142857
Squeeze,Squeeze#4,"{'q': 0.25, 'r': 1.5, 'first': 600, 'last_entry': 900, 'max_bars': 24, 'max_trades': 2}",MNQ,IS,101,0.6011904761904762,0.39603960396039606,-0.1271235776554031,0.7010571149081474,-1674.6899999999612,2669.8849999999593,-1.6251520661699768,0.25
Squeeze,Squeeze#4,"{'q': 0.25, 'r': 1.5, 'first': 600, 'last_entry': 900, 'max_bars': 24, 'max_trades': 2}",MNQ,OOS,69,0.6388888888888888,0.4057971014492754,-0.061959526367935946,0.8320760730981763,-782.3474999999846,969.3825000000045,-1.0168083234566638,0.3333333333333333
Squeeze,Squeeze#4,"{'q': 0.25, 'r': 1.5, 'first': 600, 'last_entry': 900, 'max_bars': 24, 'max_trades': 2}",MES,ALL,196,0.7101449275362319,0.37755102040816324,-0.19734955324480055,0.6460362719113785,-2365.1962500000122,2880.7975000000097,-2.2608520980815063,0.14285714285714285
Squeeze,Squeeze#4,"{'q': 0.25, 'r': 1.5, 'first': 600, 'last_entry': 900, 'max_bars': 24, 'max_trades': 2}",MES,IS,119,0.7083333333333334,0.4117647058823529,-0.1356192316239356,0.697005704646129,-1176.4662500000138,1815.3400000000086,-1.869173766708416,0.125
Squeeze,Squeeze#4,"{'q': 0.25, 'r': 1.5, 'first': 600, 'last_entry': 900, 'max_bars': 24, 'max_trades': 2}",MES,OOS,77,0.7129629629629629,0.3246753246753247,-0.29275095938613727,0.5753367890455582,-1188.7299999999982,1188.7299999999987,-2.843886186647327,0.16666666666666666
Squeeze,Squeeze#4,"{'q': 0.25, 'r': 1.5, 'first': 600, 'last_entry': 900, 'max_bars': 24, 'max_trades': 2}",MGC,ALL,241,0.8827838827838828,0.4190871369294606,-0.04788568122583714,0.8296092970197919,-2389.90000000054,3330.875000000354,-1.097301061228482,0.35714285714285715
Squeeze,Squeeze#4,"{'q': 0.25, 'r': 1.5, 'first': 600, 'last_entry': 900, 'max_bars': 24, 'max_trades': 2}",MGC,IS,141,0.844311377245509,0.36879432624113473,-0.14111730142079465,0.7261514501633749,-2681.5250000003925,3330.875000000354,-1.783738132716598,0.25
Squeeze,Squeeze#4,"{'q': 0.25, 'r': 1.5, 'first': 600, 'last_entry': 900, 'max_bars': 24, 'max_trades': 2}",MGC,OOS,100,0.9433962264150944,0.49,0.08357090324905299,1.0688769485120064,291.62499999985334,709.4000000000542,0.45917043043845446,0.5
Squeeze,Squeeze#5,"{'q': 0.25, 'r': 2.0, 'first': 600, 'last_entry': 900, 'max_bars': 24, 'max_trades': 2}",MNQ,ALL,166,0.6014492753623188,0.3795180722891566,-0.10505936118327885,0.7534794782891973,-2512.6899999999628,3271.3599999999824,-1.3628880769344065,0.35714285714285715
Squeeze,Squeeze#5,"{'q': 0.25, 'r': 2.0, 'first': 600, 'last_entry': 900, 'max_bars': 24, 'max_trades': 2}",MNQ,IS,100,0.5952380952380952,0.38,-0.12651180820030064,0.6621450755794938,-1897.1499999999799,2727.404999999976,-1.8640989496329927,0.25
Squeeze,Squeeze#5,"{'q': 0.25, 'r': 2.0, 'first': 600, 'last_entry': 900, 'max_bars': 24, 'max_trades': 2}",MNQ,OOS,66,0.6111111111111112,0.3787878787878788,-0.07255565358173074,0.8655245186068803,-615.5399999999831,966.7550000000001,-0.7527539993499431,0.5
Squeeze,Squeeze#5,"{'q': 0.25, 'r': 2.0, 'first': 600, 'last_entry': 900, 'max_bars': 24, 'max_trades': 2}",MES,ALL,193,0.6992753623188406,0.3626943005181347,-0.17035879554817265,0.6890055234586392,-2081.569999999995,2679.360000000005,-1.929235193967835,0.21428571428571427
Squeeze,Squeeze#5,"{'q': 0.25, 'r': 2.0, 'first': 600, 'last_entry': 900, 'max_bars': 24, 'max_trades': 2}",MES,IS,116,0.6904761904761905,0.39655172413793105,-0.0896012812172895,0.753492493104262,-952.9025000000047,1689.6725000000051,-1.495689976445327,0.25
Squeeze,Squeeze#5,"{'q': 0.25, 'r': 2.0, 'first': 600, 'last_entry': 900, 'max_bars': 24, 'max_trades': 2}",MES,OOS,77,0.7129629629629629,0.3116883116883117,-0.2920194664882044,0.6008471676644028,-1128.6674999999902,1128.6674999999905,-2.551493812241124,0.16666666666666666
Squeeze,Squeeze#5,"{'q': 0.25, 'r': 2.0, 'first': 600, 'last_entry': 900, 'max_bars': 24, 'max_trades': 2}",MGC,ALL,233,0.8534798534798534,0.39914163090128757,-0.0066191433363161755,0.9078706347381297,-1242.3000000007128,2605.6500000003516,-0.5433106875290331,0.42857142857142855
Squeeze,Squeeze#5,"{'q': 0.25, 'r': 2.0, 'first': 600, 'last_entry': 900, 'max_bars': 24, 'max_trades': 2}",MGC,IS,139,0.8323353293413174,0.34532374100719426,-0.08832221802298908,0.8260598666952549,-1661.05000000043,2605.6500000003516,-1.036806515906135,0.375
Squeeze,Squeeze#5,"{'q': 0.25, 'r': 2.0, 'first': 600, 'last_entry': 900, 'max_bars': 24, 'max_trades': 2}",MGC,OOS,94,0.8867924528301887,0.4787234042553192,0.11419710540248737,1.106423533896611,418.7499999997175,666.9500000000553,0.6606868969414826,0.5
SweepReclaim,SweepReclaim#0,"{'level': 'pd', 'tgt': 'r1.5', 'last_entry': 840, 'max_bars': 24}",MNQ,ALL,192,0.6956521739130435,0.390625,-0.10115649910326191,0.7771655839273699,-3702.975728207268,5520.982183947741,-1.3827567844269497,0.2857142857142857
SweepReclaim,SweepReclaim#0,"{'level': 'pd', 'tgt': 'r1.5', 'last_entry': 840, 'max_bars': 24}",MNQ,IS,125,0.7440476190476191,0.416,-0.04081001544932812,0.9907638062243924,-83.17710480607023,2057.186968488105,-0.0515832180646844,0.375
SweepReclaim,SweepReclaim#0,"{'level': 'pd', 'tgt': 'r1.5', 'last_entry': 840, 'max_bars': 24}",MNQ,OOS,67,0.6203703703703703,0.34328358208955223,-0.213743222338213,0.5244647160453376,-3619.798623401197,3797.414563944223,-3.4294010037579894,0.16666666666666666
SweepReclaim,SweepReclaim#0,"{'level': 'pd', 'tgt': 'r1.5', 'last_entry': 840, 'max_bars': 24}",MES,ALL,201,0.7282608695652174,0.3880597014925373,-0.16123188909004513,0.8577932424702581,-1047.693104631845,2854.660884287831,-0.8348304501650927,0.5714285714285714
SweepReclaim,SweepReclaim#0,"{'level': 'pd', 'tgt': 'r1.5', 'last_entry': 840, 'max_bars': 24}",MES,IS,129,0.7678571428571429,0.3643410852713178,-0.20613922690542769,0.8354277453276374,-854.7932686696224,2196.127886425329,-1.0019024208504097,0.5
SweepReclaim,SweepReclaim#0,"{'level': 'pd', 'tgt': 'r1.5', 'last_entry': 840, 'max_bars': 24}",MES,OOS,72,0.6666666666666666,0.4305555555555556,-0.08077290883748477,0.9112436181616166,-192.89983596222237,658.5329978625015,-0.4980812409668154,0.6666666666666666
SweepReclaim,SweepReclaim#0,"{'level': 'pd', 'tgt': 'r1.5', 'last_entry': 840, 'max_bars': 24}",MGC,ALL,145,0.5311355311355311,0.3448275862068966,-0.09745277973418756,0.9855076692371223,-177.19821653571853,3273.0242951195723,-0.03807524063171178,0.42857142857142855
SweepReclaim,SweepReclaim#0,"{'level': 'pd', 'tgt': 'r1.5', 'last_entry': 840, 'max_bars': 24}",MGC,IS,86,0.5149700598802395,0.3488372093023256,-0.06014824043154804,1.041216451449281,341.0835376456787,2567.4980580012843,0.0971614897290394,0.375
SweepReclaim,SweepReclaim#0,"{'level': 'pd', 'tgt': 'r1.5', 'last_entry': 840, 'max_bars': 24}",MGC,OOS,59,0.5566037735849056,0.3389830508474576,-0.1518288878702384,0.8688429376124506,-518.2817541813981,1631.778842124027,-0.6646833872700146,0.5
SweepReclaim,SweepReclaim#1,"{'level': 'pd', 'tgt': 'r2', 'last_entry': 840, 'max_bars': 24}",MNQ,ALL,192,0.6956521739130435,0.3697916666666667,-0.07538994831959474,0.8289282306257518,-2824.4345205591308,5266.825347712672,-1.002488533509051,0.2857142857142857
SweepReclaim,SweepReclaim#1,"{'level': 'pd', 'tgt': 'r2', 'last_entry': 840, 'max_bars': 24}",MNQ,IS,125,0.7440476190476191,0.4,0.006964083540535708,1.0733377970677578,640.98198752247,1983.066716886484,0.38146554367905444,0.375
SweepReclaim,SweepReclaim#1,"{'level': 'pd', 'tgt': 'r2', 'last_entry': 840, 'max_bars': 24}",MNQ,OOS,67,0.6203703703703703,0.31343283582089554,-0.22903553014819633,0.5540061932274566,-3465.4165080816,3701.342495036235,-3.079911629022223,0.16666666666666666
SweepReclaim,SweepReclaim#1,"{'level': 'pd', 'tgt': 'r2', 'last_entry': 840, 'max_bars': 24}",MES,ALL,201,0.7282608695652174,0.3582089552238806,-0.16871455528545734,0.8586409787741547,-1082.0906738973927,2884.9181547831095,-0.8228117974883226,0.42857142857142855
SweepReclaim,SweepReclaim#1,"{'level': 'pd', 'tgt': 'r2', 'last_entry': 840, 'max_bars': 24}",MES,IS,129,0.7678571428571429,0.34108527131782945,-0.20305659534821,0.8670872784286483,-704.8962101540924,2033.7674774868037,-0.7927537797539413,0.375
SweepReclaim,SweepReclaim#1,"{'level': 'pd', 'tgt': 'r2', 'last_entry': 840, 'max_bars': 24}",MES,OOS,72,0.6666666666666666,0.3888888888888889,-0.10718506683969202,0.8395912968907595,-377.1944637433003,851.1506772963058,-0.9130961380914675,0.5
SweepReclaim,SweepReclaim#1,"{'level': 'pd', 'tgt': 'r2', 'last_entry': 840, 'max_bars': 24}",MGC,ALL,144,0.5274725274725275,0.3125,-0.07663627999916489,0.8026799097614774,-2451.4945734745024,2896.8556352162723,-0.8928217068826427,0.35714285714285715
SweepReclaim,SweepReclaim#1,"{'level': 'pd', 'tgt': 'r2', 'last_entry': 840, 'max_bars': 24}",MGC,IS,85,0.5089820359281437,0.3058823529411765,-0.0680753934127029,0.7216394421131056,-2348.4165756292496,2523.3174316141194,-1.2716613962829701,0.375
SweepReclaim,SweepReclaim#1,"{'level': 'pd', 'tgt': 'r2', 'last_entry': 840, 'max_bars': 24}",MGC,OOS,59,0.5566037735849056,0.3220338983050847,-0.08896976067457626,0.9741487365583081,-103.0779978452527,1753.817208451474,-0.11766191909773414,0.3333333333333333
SweepReclaim,SweepReclaim#2,"{'level': 'pd', 'tgt': 'vwap', 'last_entry': 840, 'max_bars': 24}",MNQ,ALL,84,0.30434782608695654,0.42857142857142855,-0.12300054989714522,0.7643742248751553,-869.191834488553,1056.7500819258344,-0.9160178881426748,0.35714285714285715
SweepReclaim,SweepReclaim#2,"{'level': 'pd', 'tgt': 'vwap', 'last_entry': 840, 'max_bars': 24}",MNQ,IS,59,0.35119047619047616,0.4576271186440678,-0.0006168501663369322,0.92951537728314,-150.00647089158548,681.26460950348,-0.2664849859468761,0.5
SweepReclaim,SweepReclaim#2,"{'level': 'pd', 'tgt': 'vwap', 'last_entry': 840, 'max_bars': 24}",MNQ,OOS,25,0.23148148148148148,0.36,-0.4118260812618527,0.5391757855971463,-719.1853635969676,1056.7500819258344,-1.863146969501611,0.16666666666666666
SweepReclaim,SweepReclaim#2,"{'level': 'pd', 'tgt': 'vwap', 'last_entry': 840, 'max_bars': 24}",MES,ALL,101,0.36594202898550726,0.3564356435643564,-0.2409792107791716,0.5634615169119545,-1120.546373996273,1154.1804261925768,-2.2177443198857563,0.35714285714285715
SweepReclaim,SweepReclaim#2,"{'level': 'pd', 'tgt': 'vwap', 'last_entry': 840, 'max_bars': 24}",MES,IS,65,0.3869047619047619,0.3076923076923077,-0.42481999658071984,0.4954595533928532,-894.9421899659189,986.9947727029688,-2.688893239135694,0.375
SweepReclaim,SweepReclaim#2,"{'level': 'pd', 'tgt': 'vwap', 'last_entry': 840, 'max_bars': 24}",MES,OOS,36,0.3333333333333333,0.4444444444444444,0.09095554136251258,0.7155460998106358,-225.60418403035388,240.6456404786856,-1.331316765380306,0.3333333333333333
SweepReclaim,SweepReclaim#2,"{'level': 'pd', 'tgt': 'vwap', 'last_entry': 840, 'max_bars': 24}",MGC,ALL,60,0.21978021978021978,0.48333333333333334,-0.04361229227843363,1.4390212229845536,923.6266094649759,1104.4247616654006,0.8426387641682637,0.5384615384615384
SweepReclaim,SweepReclaim#2,"{'level': 'pd', 'tgt': 'vwap', 'last_entry': 840, 'max_bars': 24}",MGC,IS,32,0.19161676646706588,0.59375,0.3128786952314795,3.894450241828189,1911.6876683236922,161.31575279631727,2.509542130087653,0.8571428571428571
SweepReclaim,SweepReclaim#2,"{'level': 'pd', 'tgt': 'vwap', 'last_entry': 840, 'max_bars': 24}",MGC,OOS,28,0.2641509433962264,0.35714285714285715,-0.4510305637183342,0.3154460414162913,-988.0610588587159,1104.424761665402,-3.3358007593333596,0.16666666666666666
SweepReclaim,SweepReclaim#3,"{'level': 'or15', 'tgt': 'r1.5', 'last_entry': 840, 'max_bars': 24}",MNQ,ALL,328,1.1884057971014492,0.3719512195121951,-0.11846244793517706,0.8133040054681282,-4453.654859950549,5406.087188558576,-1.4377568837347312,0.14285714285714285
SweepReclaim,SweepReclaim#3,"{'level': 'or15', 'tgt': 'r1.5', 'last_entry': 840, 'max_bars': 24}",MNQ,IS,192,1.1428571428571428,0.359375,-0.14727587179844767,0.7162714471150188,-3744.472989259069,4953.3514614817495,-2.287870423154457,0.0
SweepReclaim,SweepReclaim#3,"{'level': 'or15', 'tgt': 'r1.5', 'last_entry': 840, 'max_bars': 24}",MNQ,OOS,136,1.2592592592592593,0.3897058823529412,-0.0777846730693833,0.9334585081074495,-709.18187069148,1920.6878408742837,-0.49636881260869925,0.3333333333333333
SweepReclaim,SweepReclaim#3,"{'level': 'or15', 'tgt': 'r1.5', 'last_entry': 840, 'max_bars': 24}",MES,ALL,345,1.25,0.37681159420289856,-0.14910077975386923,0.8492870831241254,-1744.833246364982,2726.8045979117474,-1.1994215712863223,0.2857142857142857
SweepReclaim,SweepReclaim#3,"{'level': 'or15', 'tgt': 'r1.5', 'last_entry': 840, 'max_bars': 24}",MES,IS,208,1.2380952380952381,0.33653846153846156,-0.24652989531907024,0.6790159702612694,-2388.990130930289,2556.327108295581,-3.0833524832443597,0.125
SweepReclaim,SweepReclaim#3,"{'level': 'or15', 'tgt': 'r1.5', 'last_entry': 840, 'max_bars': 24}",MES,OOS,137,1.2685185185185186,0.43795620437956206,-0.0011792028373596827,1.1558007845322398,644.1568845653071,1000.3783229422377,0.9777817708550703,0.5
SweepReclaim,SweepReclaim#3,"{'level': 'or15', 'tgt': 'r1.5', 'last_entry': 840, 'max_bars': 24}",MGC,ALL,353,1.293040293040293,0.43342776203966005,-0.01679440444960103,0.9381380567895978,-1262.9731073184473,3704.6187914192487,-0.4476699025545194,0.5714285714285714
SweepReclaim,SweepReclaim#3,"{'level': 'or15', 'tgt': 'r1.5', 'last_entry': 840, 'max_bars': 24}",MGC,IS,210,1.2574850299401197,0.43333333333333335,-0.02962454712768721,0.8551419394198124,-1967.8160894606076,3704.6187914192487,-1.0559950650595822,0.5
SweepReclaim,SweepReclaim#3,"{'level': 'or15', 'tgt': 'r1.5', 'last_entry': 840, 'max_bars': 24}",MGC,OOS,143,1.349056603773585,0.43356643356643354,0.0020470638189171394,1.1031746555863766,704.8429821421599,1145.7163311345744,0.7482801012488121,0.6666666666666666
SweepReclaim,SweepReclaim#4,"{'level': 'or15', 'tgt': 'r2', 'last_entry': 840, 'max_bars': 24}",MNQ,ALL,323,1.1702898550724639,0.33126934984520123,-0.1127608509478226,0.818742907452339,-4464.878625629607,5835.77461609629,-1.3703162889899345,0.21428571428571427
SweepReclaim,SweepReclaim#4,"{'level': 'or15', 'tgt': 'r2', 'last_entry': 840, 'max_bars': 24}",MNQ,IS,190,1.130952380952381,0.30526315789473685,-0.16897564163959702,0.6834628928864857,-4400.887096728375,5194.531169741743,-2.6524766103803925,0.125
SweepReclaim,SweepReclaim#4,"{'level': 'or15', 'tgt': 'r2', 'last_entry': 840, 'max_bars': 24}",MNQ,OOS,133,1.2314814814814814,0.3684210526315789,-0.032454007102430515,0.9940359944839476,-63.99152890123071,1720.4991520201868,-0.041447658445004504,0.3333333333333333
SweepReclaim,SweepReclaim#4,"{'level': 'or15', 'tgt': 'r2', 'last_entry': 840, 'max_bars': 24}",MES,ALL,336,1.2173913043478262,0.3392857142857143,-0.14951890762032477,0.82711301630475,-2064.4352535338735,3041.63145909387,-1.3746155424943751,0.35714285714285715
SweepReclaim,SweepReclaim#4,"{'level': 'or15', 'tgt': 'r2', 'last_entry': 840, 'max_bars': 24}",MES,IS,204,1.2142857142857142,0.30392156862745096,-0.2242040706743199,0.723596909482576,-2093.7821070993523,2601.876695891392,-2.453262820107495,0.375
SweepReclaim,SweepReclaim#4,"{'level': 'or15', 'tgt': 'r2', 'last_entry': 840, 'max_bars': 24}",MES,OOS,132,1.2222222222222223,0.3939393939393939,-0.03409638290051415,1.0067219127324332,29.346853565479137,1039.6908985525329,0.04565620559872675,0.3333333333333333
SweepReclaim,SweepReclaim#4,"{'level': 'or15', 'tgt': 'r2', 'last_entry': 840, 'max_bars': 24}",MGC,ALL,347,1.271062271062271,0.38904899135446686,-0.00423192214878386,0.9522581298817715,-1017.9965428593327,4230.619286134355,-0.33240516828216166,0.5
SweepReclaim,SweepReclaim#4,"{'level': 'or15', 'tgt': 'r2', 'last_entry': 840, 'max_bars': 24}",MGC,IS,208,1.2455089820359282,0.3701923076923077,-0.06854486639745216,0.8239242900676529,-2565.2524079232107,4230.619286134355,-1.2856451320528102,0.375
SweepReclaim,SweepReclaim#4,"{'level': 'or15', 'tgt': 'r2', 'last_entry': 840, 'max_bars': 24}",MGC,OOS,139,1.3113207547169812,0.4172661870503597,0.09200615269814424,1.2290907566682305,1547.2558650638778,951.5461378039229,1.4736645512127178,0.6666666666666666
SweepReclaim,SweepReclaim#5,"{'level': 'or15', 'tgt': 'vwap', 'last_entry': 840, 'max_bars': 24}",MNQ,ALL,255,0.9239130434782609,0.5254901960784314,-0.08116165184540149,0.8204645977986026,-1886.3724581069073,1980.4197658322537,-1.2535741967990024,0.35714285714285715
SweepReclaim,SweepReclaim#5,"{'level': 'or15', 'tgt': 'vwap', 'last_entry': 840, 'max_bars': 24}",MNQ,IS,152,0.9047619047619048,0.5131578947368421,-0.09835944124181069,0.7273199143682061,-1631.5782447811919,1709.6806913739315,-1.8423190774793798,0.375
SweepReclaim,SweepReclaim#5,"{'level': 'or15', 'tgt': 'vwap', 'last_entry': 840, 'max_bars': 24}",MNQ,OOS,103,0.9537037037037037,0.5436893203883495,-0.05578238982351611,0.9436729368322182,-254.7942133257157,828.9498462301332,-0.41133525445695385,0.3333333333333333
SweepReclaim,SweepReclaim#5,"{'level': 'or15', 'tgt': 'vwap', 'last_entry': 840, 'max_bars': 24}",MES,ALL,254,0.9202898550724637,0.5433070866141733,-0.1691908559288901,0.7242201570192341,-1277.220212335564,1386.7548394127298,-1.8515482745383205,0.14285714285714285
SweepReclaim,SweepReclaim#5,"{'level': 'or15', 'tgt': 'vwap', 'last_entry': 840, 'max_bars': 24}",MES,IS,158,0.9404761904761905,0.5063291139240507,-0.23422156094872126,0.6032578387161405,-1233.6027901503658,1248.952188621622,-2.9821497924186953,0.0
SweepReclaim,SweepReclaim#5,"{'level': 'or15', 'tgt': 'vwap', 'last_entry': 840, 'max_bars': 24}",MES,OOS,96,0.8888888888888888,0.6041666666666666,-0.062161153917084676,0.9713415174377752,-43.61742218519795,441.7064137560433,-0.1587212632021073,0.3333333333333333
SweepReclaim,SweepReclaim#5,"{'level': 'or15', 'tgt': 'vwap', 'last_entry': 840, 'max_bars': 24}",MGC,ALL,273,1.0,0.5091575091575091,-0.1932808476262087,0.7227748004141257,-2545.225449156521,2782.264169596649,-2.076970871865049,0.21428571428571427
SweepReclaim,SweepReclaim#5,"{'level': 'or15', 'tgt': 'vwap', 'last_entry': 840, 'max_bars': 24}",MGC,IS,161,0.9640718562874252,0.5031055900621118,-0.23745338750385928,0.727827489453699,-1622.8664861547786,2063.4536400183283,-1.9667794495142694,0.125
SweepReclaim,SweepReclaim#5,"{'level': 'or15', 'tgt': 'vwap', 'last_entry': 840, 'max_bars': 24}",MGC,OOS,112,1.0566037735849056,0.5178571428571429,-0.12978282155208598,0.7134139305600146,-922.3589630017426,1289.5318023921004,-2.359636396326858,0.3333333333333333
GapFill,GapFill#0,"{'g': 0.1, 'fill': 1.0, 'last_entry': 575, 'max_bars': 18}",MNQ,ALL,97,0.35144927536231885,0.4948453608247423,0.02000194842327588,0.9733584888368925,-198.47814303227847,2314.2299308924,-0.09314968191934205,0.46153846153846156
GapFill,GapFill#0,"{'g': 0.1, 'fill': 1.0, 'last_entry': 575, 'max_bars': 18}",MNQ,IS,59,0.35119047619047616,0.4745762711864407,-0.09814365726682281,0.8161097774100683,-722.005517824346,962.9789748186986,-0.7779418278064126,0.375
GapFill,GapFill#0,"{'g': 0.1, 'fill': 1.0, 'last_entry': 575, 'max_bars': 18}",MNQ,OOS,38,0.35185185185185186,0.5263157894736842,0.20343854673158696,1.1485743513874749,523.5273747920678,1726.252948064025,0.4722993261022343,0.6
GapFill,GapFill#0,"{'g': 0.1, 'fill': 1.0, 'last_entry': 575, 'max_bars': 18}",MES,ALL,97,0.35144927536231885,0.4020618556701031,-0.09854282912025346,0.7707781833582305,-696.7523388531594,922.1243668306311,-1.0066002877474731,0.46153846153846156
GapFill,GapFill#0,"{'g': 0.1, 'fill': 1.0, 'last_entry': 575, 'max_bars': 18}",MES,IS,63,0.375,0.4603174603174603,0.08146840329131426,1.058302910888986,98.49104635898931,383.8698327005317,0.22512497087965821,0.75
GapFill,GapFill#0,"{'g': 0.1, 'fill': 1.0, 'last_entry': 575, 'max_bars': 18}",MES,OOS,34,0.3148148148148148,0.29411764705882354,-0.4320930538828642,0.4110806229578336,-795.2433852121487,827.7533852121488,-3.160915339019939,0.0
GapFill,GapFill#0,"{'g': 0.1, 'fill': 1.0, 'last_entry': 575, 'max_bars': 18}",MGC,ALL,74,0.27106227106227104,0.2972972972972973,-0.1714403391988772,0.8642915566568556,-708.9002261870643,1343.583419489104,-0.39872668037663217,0.3076923076923077
GapFill,GapFill#0,"{'g': 0.1, 'fill': 1.0, 'last_entry': 575, 'max_bars': 18}",MGC,IS,47,0.281437125748503,0.3404255319148936,-0.012181932879150375,1.078780497321667,266.0679022788915,1132.0431277316566,0.20675117174261376,0.5
GapFill,GapFill#0,"{'g': 0.1, 'fill': 1.0, 'last_entry': 575, 'max_bars': 18}",MGC,OOS,27,0.25471698113207547,0.2222222222222222,-0.4486679353850682,0.4719535538798485,-974.9681284659557,1343.583419489104,-2.321100865520008,0.0
GapFill,GapFill#1,"{'g': 0.1, 'fill': 0.5, 'last_entry': 575, 'max_bars': 18}",MNQ,ALL,97,0.35144927536231885,0.6082474226804123,-0.024396746682037736,0.9743011625498534,-140.9462044064876,1789.2604775311197,-0.09660480102917691,0.6153846153846154
GapFill,GapFill#1,"{'g': 0.1, 'fill': 0.5, 'last_entry': 575, 'max_bars': 18}",MNQ,IS,59,0.35119047619047616,0.559322033898305,-0.12114645152408894,0.8059439473946565,-612.1449584862461,846.4263649382399,-0.8402290907281996,0.5
GapFill,GapFill#1,"{'g': 0.1, 'fill': 0.5, 'last_entry': 575, 'max_bars': 18}",MNQ,OOS,38,0.35185185185185186,0.6842105263157895,0.12581990030956813,1.2022259092565881,471.1987540797586,1363.1341125928798,0.6707350290613112,0.8
GapFill,GapFill#1,"{'g': 0.1, 'fill': 0.5, 'last_entry': 575, 'max_bars': 18}",MES,ALL,95,0.3442028985507246,0.5157894736842106,-0.12902582384146166,0.7313618857382919,-656.7504696172664,846.9648581376423,-1.2077572590400114,0.38461538461538464
GapFill,GapFill#1,"{'g': 0.1, 'fill': 0.5, 'last_entry': 575, 'max_bars': 18}",MES,IS,61,0.3630952380952381,0.5737704918032787,-0.023032584421272862,0.9811775825250816,-24.333786698481813,349.5285053791785,-0.07386247903971294,0.625
GapFill,GapFill#1,"{'g': 0.1, 'fill': 0.5, 'last_entry': 575, 'max_bars': 18}",MES,OOS,34,0.3148148148148148,0.4117647058823529,-0.3191901651541533,0.45099462728869816,-632.4166829187844,767.4466829187846,-2.9670604563774434,0.0
GapFill,GapFill#1,"{'g': 0.1, 'fill': 0.5, 'last_entry': 575, 'max_bars': 18}",MGC,ALL,74,0.27106227106227104,0.40540540540540543,-0.07482406604623038,0.885369848706202,-513.8723338612898,1261.6917386738705,-0.37035579406026337,0.5384615384615384
GapFill,GapFill#1,"{'g': 0.1, 'fill': 0.5, 'last_entry': 575, 'max_bars': 18}",MGC,IS,47,0.281437125748503,0.44680851063829785,0.05485279941836081,1.0860162575526986,251.8987203166441,1117.1543289803756,0.25263826971122627,0.75
GapFill,GapFill#1,"{'g': 0.1, 'fill': 0.5, 'last_entry': 575, 'max_bars': 18}",MGC,OOS,27,0.25471698113207547,0.3333333333333333,-0.30055786889200026,0.5073434672373357,-765.7710541779335,867.6710541779282,-2.2430954295403094,0.2
GapFill,GapFill#2,"{'g': 0.2, 'fill': 1.0, 'last_entry': 575, 'max_bars': 18}",MNQ,ALL,84,0.30434782608695654,0.4642857142857143,0.03591216937638863,0.980101518170676,-140.51623834361533,2302.2400985710756,-0.06640167485806937,0.38461538461538464
GapFill,GapFill#2,"{'g': 0.2, 'fill': 1.0, 'last_entry': 575, 'max_bars': 18}",MNQ,IS,51,0.30357142857142855,0.43137254901960786,-0.12495167165779612,0.7748202934018739,-854.7827958050499,987.3503684774518,-0.9290260540078978,0.25
GapFill,GapFill#2,"{'g': 0.2, 'fill': 1.0, 'last_entry': 575, 'max_bars': 18}",MNQ,OOS,33,0.3055555555555556,0.5151515151515151,0.28451992370194695,1.2187208685886146,714.2665574614346,1662.0058377619973,0.6487040781243133,0.6
GapFill,GapFill#2,"{'g': 0.2, 'fill': 1.0, 'last_entry': 575, 'max_bars': 18}",MES,ALL,77,0.27898550724637683,0.33766233766233766,-0.1906322442084701,0.7367526547427123,-718.7278716266134,931.7067985327573,-1.0723886836003393,0.3076923076923077
GapFill,GapFill#2,"{'g': 0.2, 'fill': 1.0, 'last_entry': 575, 'max_bars': 18}",MES,IS,46,0.27380952380952384,0.391304347826087,0.035328120261303886,1.0313737416447857,45.55848524088746,443.8049372050931,0.1081655676101588,0.5
GapFill,GapFill#2,"{'g': 0.2, 'fill': 1.0, 'last_entry': 575, 'max_bars': 18}",MES,OOS,31,0.28703703703703703,0.25806451612903225,-0.525928268905554,0.4020213005170604,-764.2863568675008,796.7963568675008,-3.09941310304399,0.0
GapFill,GapFill#2,"{'g': 0.2, 'fill': 1.0, 'last_entry': 575, 'max_bars': 18}",MGC,ALL,65,0.23809523809523808,0.27692307692307694,-0.14756609741725943,0.9042016087009456,-464.2855158749795,1306.5234081932301,-0.26291163537194134,0.3076923076923077
GapFill,GapFill#2,"{'g': 0.2, 'fill': 1.0, 'last_entry': 575, 'max_bars': 18}",MGC,IS,41,0.24550898203592814,0.34146341463414637,0.06229392690527027,1.1719368899959082,525.0226012951038,996.6948474653339,0.4109243709185756,0.5
GapFill,GapFill#2,"{'g': 0.2, 'fill': 1.0, 'last_entry': 575, 'max_bars': 18}",MGC,OOS,24,0.22641509433962265,0.16666666666666666,-0.5060769723015809,0.44821036410297926,-989.3081171700836,1306.5234081932301,-2.3725320656641458,0.0
GapFill,GapFill#3,"{'g': 0.2, 'fill': 0.5, 'last_entry': 575, 'max_bars': 18}",MNQ,ALL,84,0.30434782608695654,0.5833333333333334,-0.01290543015997099,0.9794494273990814,-107.74637208516378,1649.5349176304153,-0.0743644136871,0.6153846153846154
GapFill,GapFill#3,"{'g': 0.2, 'fill': 0.5, 'last_entry': 575, 'max_bars': 18}",MNQ,IS,51,0.30357142857142855,0.5294117647058824,-0.12467585617968346,0.7988976265683909,-608.1722364669502,796.1979153395633,-0.8408403074098751,0.5
GapFill,GapFill#3,"{'g': 0.2, 'fill': 0.5, 'last_entry': 575, 'max_bars': 18}",MNQ,OOS,33,0.3055555555555556,0.6666666666666666,0.15983068277958465,1.2255395650946033,500.42586438178637,1273.637002290852,0.7172628765475999,0.8
GapFill,GapFill#3,"{'g': 0.2, 'fill': 0.5, 'last_entry': 575, 'max_bars': 18}",MES,ALL,77,0.27898550724637683,0.4675324675324675,-0.16589798356591484,0.7340624684499976,-584.9892324751705,802.8155083962803,-1.1085806040688722,0.38461538461538464
GapFill,GapFill#3,"{'g': 0.2, 'fill': 0.5, 'last_entry': 575, 'max_bars': 18}",MES,IS,46,0.27380952380952384,0.5217391304347826,-0.03824218733865472,0.9940585164470919,-6.654577901033893,349.52850537917845,-0.02089400743887445,0.625
GapFill,GapFill#3,"{'g': 0.2, 'fill': 0.5, 'last_entry': 575, 'max_bars': 18}",MES,OOS,31,0.28703703703703703,0.3870967741935484,-0.35532271345152666,0.4643584686571101,-578.3346545741365,713.3646545741366,-2.777654055607988,0.0
GapFill,GapFill#3,"{'g': 0.2, 'fill': 0.5, 'last_entry': 575, 'max_bars': 18}",MGC,ALL,65,0.23809523809523808,0.4,-0.019929732740959386,0.9518328994568601,-197.7576235491998,1125.0280455535474,-0.14396541083337452,0.5384615384615384
GapFill,GapFill#3,"{'g': 0.2, 'fill': 0.5, 'last_entry': 575, 'max_bars': 18}",MGC,IS,41,0.24550898203592814,0.4634146341463415,0.1528955795526611,1.2095610465080495,545.8534193328562,1002.6506471559297,0.5537930069569779,0.75
GapFill,GapFill#3,"{'g': 0.2, 'fill': 0.5, 'last_entry': 575, 'max_bars': 18}",MGC,OOS,24,0.22641509433962265,0.2916666666666667,-0.3151729745758943,0.5045602160044177,-743.6110428820559,845.5110428820508,-2.1909354734793047,0.2
GapFill,GapFill#4,"{'g': 0.3, 'fill': 1.0, 'last_entry': 575, 'max_bars': 18}",MNQ,ALL,68,0.2463768115942029,0.45588235294117646,0.10452470369097337,1.0517201820589095,312.47202974642914,2104.1700862875427,0.15199246765845134,0.46153846153846156
GapFill,GapFill#4,"{'g': 0.3, 'fill': 1.0, 'last_entry': 575, 'max_bars': 18}",MNQ,IS,43,0.25595238095238093,0.4186046511627907,-0.06949129200648395,0.8381268628646188,-549.1226763303425,802.3608214577209,-0.6090227745334383,0.25
GapFill,GapFill#4,"{'g': 0.3, 'fill': 1.0, 'last_entry': 575, 'max_bars': 18}",MNQ,OOS,25,0.23148148148148148,0.52,0.40383221629059995,1.325217789134695,861.5947060767719,1538.165372498195,0.8086315292980797,0.8
GapFill,GapFill#4,"{'g': 0.3, 'fill': 1.0, 'last_entry': 575, 'max_bars': 18}",MES,ALL,58,0.21014492753623187,0.3103448275862069,-0.25306958487266906,0.6910662541894163,-714.7844815086637,902.8337699814418,-1.1306304900389923,0.3076923076923077
GapFill,GapFill#4,"{'g': 0.3, 'fill': 1.0, 'last_entry': 575, 'max_bars': 18}",MES,IS,35,0.20833333333333334,0.4,0.002748150341876797,1.0162458259885372,19.565250317038192,401.37983270053167,0.04930844091887232,0.5
GapFill,GapFill#4,"{'g': 0.3, 'fill': 1.0, 'last_entry': 575, 'max_bars': 18}",MES,OOS,23,0.21296296296296297,0.17391304347826086,-0.6423574428078477,0.33805973612429574,-734.349731825702,753.5635985231485,-3.149297158292753,0.0
GapFill,GapFill#4,"{'g': 0.3, 'fill': 1.0, 'last_entry': 575, 'max_bars': 18}",MGC,ALL,54,0.1978021978021978,0.2962962962962963,-0.030934286083600337,1.050513555323527,207.79291887181748,1135.6433702716438,0.1194462080256808,0.46153846153846156
GapFill,GapFill#4,"{'g': 0.3, 'fill': 1.0, 'last_entry': 575, 'max_bars': 18}",MGC,IS,33,0.19760479041916168,0.36363636363636365,0.22314947808516794,1.3805572229295464,969.6984497178321,713.9341530187004,0.7702948619606846,0.75
GapFill,GapFill#4,"{'g': 0.3, 'fill': 1.0, 'last_entry': 575, 'max_bars': 18}",MGC,OOS,21,0.19811320754716982,0.19047619047619047,-0.4302087726345219,0.5133166150909209,-761.9055308460144,1135.6433702716436,-1.859573448293761,0.0
GapFill,GapFill#5,"{'g': 0.3, 'fill': 0.5, 'last_entry': 575, 'max_bars': 18}",MNQ,ALL,68,0.2463768115942029,0.5588235294117647,0.011486959724171464,1.0022235711494636,10.42123040600475,1527.3626880626894,0.007411274998718935,0.6153846153846154
GapFill,GapFill#5,"{'g': 0.3, 'fill': 0.5, 'last_entry': 575, 'max_bars': 18}",MNQ,IS,43,0.25595238095238093,0.4883720930232558,-0.1316691075933056,0.7790452198915514,-638.9193207133656,806.1061510356394,-0.8931163545747827,0.5
GapFill,GapFill#5,"{'g': 0.3, 'fill': 0.5, 'last_entry': 575, 'max_bars': 18}",MNQ,OOS,25,0.23148148148148148,0.68,0.2577153955102321,1.3617335998828823,649.3405511193703,1087.0465370270497,0.9731213681789164,0.8
GapFill,GapFill#5,"{'g': 0.3, 'fill': 0.5, 'last_entry': 575, 'max_bars': 18}",MES,ALL,58,0.21014492753623187,0.43103448275862066,-0.21583588258976666,0.7036230802337021,-559.7953470181573,732.5861429709148,-1.1149046566127696,0.38461538461538464
GapFill,GapFill#5,"{'g': 0.3, 'fill': 0.5, 'last_entry': 575, 'max_bars': 18}",MES,IS,35,0.20833333333333334,0.5142857142857142,-0.06015676862865368,0.9855152947662241,-13.698967442072306,349.52850537917845,-0.04496572848610688,0.625
GapFill,GapFill#5,"{'g': 0.3, 'fill': 0.5, 'last_entry': 575, 'max_bars': 18}",MES,OOS,23,0.21296296296296297,0.30434782608695654,-0.45273888209580826,0.42092002386834215,-546.096379576085,626.106379576085,-2.7780322144876584,0.0
GapFill,GapFill#5,"{'g': 0.3, 'fill': 0.5, 'last_entry': 575, 'max_bars': 18}",MGC,ALL,54,0.1978021978021978,0.37037037037037035,-0.0094448300731249,0.9678286170182188,-117.4895546067151,971.7932405562592,-0.08844677153688138,0.46153846153846156
GapFill,GapFill#5,"{'g': 0.3, 'fill': 0.5, 'last_entry': 575, 'max_bars': 18}",MGC,IS,33,0.19760479041916168,0.42424242424242425,0.1556691954643825,1.2214616452877132,506.2320722008118,916.4052582331726,0.5327349685317996,0.625
GapFill,GapFill#5,"{'g': 0.3, 'fill': 0.5, 'last_entry': 575, 'max_bars': 18}",MGC,OOS,21,0.19811320754716982,0.2857142857142857,-0.26890972734635077,0.5434362398133573,-623.7216268075268,778.5216268075196,-1.8653972599666766,0.2
NoiseBand,NoiseBand#0,"{'check': 30, 'vm': 1.0, 'tgt': None, 'last_entry': 930}",MNQ,ALL,307,1.1123188405797102,0.22149837133550487,-0.016793870857093465,1.0780240358971125,1372.2790176052345,2447.6386944560372,0.3665708307352368,0.5714285714285714
NoiseBand,NoiseBand#0,"{'check': 30, 'vm': 1.0, 'tgt': None, 'last_entry': 930}",MNQ,IS,176,1.0476190476190477,0.22727272727272727,-0.01262500521514065,1.060098569865427,570.1123227356123,1705.3806968272788,0.26557564277433626,0.5
NoiseBand,NoiseBand#0,"{'check': 30, 'vm': 1.0, 'tgt': None, 'last_entry': 930}",MNQ,OOS,131,1.212962962962963,0.21374045801526717,-0.022394789582159902,1.0990132044887468,802.1666948696234,2447.6386944560372,0.5031094443103566,0.6666666666666666
NoiseBand,NoiseBand#0,"{'check': 30, 'vm': 1.0, 'tgt': None, 'last_entry': 930}",MES,ALL,331,1.1992753623188406,0.18731117824773413,-0.40316512102615615,0.6572771481190679,-3572.758362035741,4124.436018113551,-2.0541620616815215,0.21428571428571427
NoiseBand,NoiseBand#0,"{'check': 30, 'vm': 1.0, 'tgt': None, 'last_entry': 930}",MES,IS,188,1.119047619047619,0.20212765957446807,-0.4268699756228634,0.6129477583933807,-2410.050737040148,3228.7069843490553,-2.2878011567251053,0.125
NoiseBand,NoiseBand#0,"{'check': 30, 'vm': 1.0, 'tgt': None, 'last_entry': 930}",MES,OOS,143,1.3240740740740742,0.16783216783216784,-0.3720006968011144,0.7230295065920904,-1162.7076249955924,1218.1653477292382,-1.6882375667750218,0.3333333333333333
NoiseBand,NoiseBand#0,"{'check': 30, 'vm': 1.0, 'tgt': None, 'last_entry': 930}",MGC,ALL,287,1.0512820512820513,0.22996515679442509,0.4939575927605833,1.0062925721012075,114.13633192209181,4017.688264611681,0.02713629723365689,0.5714285714285714
NoiseBand,NoiseBand#0,"{'check': 30, 'vm': 1.0, 'tgt': None, 'last_entry': 930}",MGC,IS,166,0.9940119760479041,0.2469879518072289,0.46565637694117945,0.9677842284658513,-406.56180632214716,4017.688264611681,-0.13555401927233385,0.5
NoiseBand,NoiseBand#0,"{'check': 30, 'vm': 1.0, 'tgt': None, 'last_entry': 930}",MGC,OOS,121,1.1415094339622642,0.2066115702479339,0.5327840541326582,1.0943584006980336,520.698138244239,1677.5516097146647,0.4797782694635397,0.6666666666666666
NoiseBand,NoiseBand#1,"{'check': 30, 'vm': 1.0, 'tgt': 'r2', 'last_entry': 930}",MNQ,ALL,374,1.355072463768116,0.32887700534759357,-0.11678749343398015,0.9753111019445899,-562.0928900196893,3186.9192496871437,-0.16516825176838354,0.5
NoiseBand,NoiseBand#1,"{'check': 30, 'vm': 1.0, 'tgt': 'r2', 'last_entry': 930}",MNQ,IS,209,1.244047619047619,0.31100478468899523,-0.18616023866267284,0.8849882105448723,-1459.3718473081444,2864.4136963720275,-0.8619985770285291,0.375
NoiseBand,NoiseBand#1,"{'check': 30, 'vm': 1.0, 'tgt': 'r2', 'last_entry': 930}",MNQ,OOS,165,1.5277777777777777,0.3515151515151515,-0.028915349477636135,1.0890321880000748,897.2789572884549,2260.0089601861764,0.5459977967575739,0.6666666666666666
NoiseBand,NoiseBand#1,"{'check': 30, 'vm': 1.0, 'tgt': 'r2', 'last_entry': 930}",MES,ALL,402,1.4565217391304348,0.2810945273631841,-0.31896263220854526,0.6879383553034334,-4079.4565927606727,4367.955601779997,-2.4946341180941,0.21428571428571427
NoiseBand,NoiseBand#1,"{'check': 30, 'vm': 1.0, 'tgt': 'r2', 'last_entry': 930}",MES,IS,223,1.3273809523809523,0.26905829596412556,-0.35204614263158224,0.6068563492086086,-3118.8051512669526,3656.907097087782,-3.276830223963695,0.125
NoiseBand,NoiseBand#1,"{'check': 30, 'vm': 1.0, 'tgt': 'r2', 'last_entry': 930}",MES,OOS,179,1.6574074074074074,0.29608938547486036,-0.27774686224018064,0.8130885500247215,-960.6514414937203,1110.7236413170099,-1.4081310262106663,0.3333333333333333
NoiseBand,NoiseBand#1,"{'check': 30, 'vm': 1.0, 'tgt': 'r2', 'last_entry': 930}",MGC,ALL,376,1.3772893772893773,0.36436170212765956,-0.06514403537335416,0.9232310454071772,-1820.565881823215,3610.5575186464594,-0.47452457143268784,0.42857142857142855
NoiseBand,NoiseBand#1,"{'check': 30, 'vm': 1.0, 'tgt': 'r2', 'last_entry': 930}",MGC,IS,230,1.377245508982036,0.36086956521739133,-0.06168133440585206,0.8542249424933638,-2583.1875294320953,3610.5575186464594,-0.9309273479501341,0.375
NoiseBand,NoiseBand#1,"{'check': 30, 'vm': 1.0, 'tgt': 'r2', 'last_entry': 930}",MGC,OOS,146,1.3773584905660377,0.3698630136986301,-0.07059897525366571,1.1272201357587803,762.6216476088814,1060.9880014246828,0.8370154729161872,0.5
NoiseBand,NoiseBand#2,"{'check': 30, 'vm': 1.5, 'tgt': None, 'last_entry': 930}",MNQ,ALL,201,0.7282608695652174,0.18407960199004975,-0.17283387818271634,0.8569771083970023,-1635.8984767538532,3493.09559676148,-0.5897535274030604,0.5
NoiseBand,NoiseBand#2,"{'check': 30, 'vm': 1.5, 'tgt': None, 'last_entry': 930}",MNQ,IS,116,0.6904761904761905,0.19827586206896552,-0.32682470487383375,0.8220754301062777,-983.3607661966277,1893.0440122269738,-0.7725159351018706,0.375
NoiseBand,NoiseBand#2,"{'check': 30, 'vm': 1.5, 'tgt': None, 'last_entry': 930}",MNQ,OOS,85,0.7870370370370371,0.16470588235294117,0.037318308831044006,0.8896095257985891,-652.5377105572254,2029.7329473193126,-0.46340825628695415,0.6666666666666666
NoiseBand,NoiseBand#2,"{'check': 30, 'vm': 1.5, 'tgt': None, 'last_entry': 930}",MES,ALL,195,0.7065217391304348,0.2,-0.42179828191657165,0.7433101454276022,-1467.8018290041496,1960.9439337084495,-1.3272314175660733,0.42857142857142855
NoiseBand,NoiseBand#2,"{'check': 30, 'vm': 1.5, 'tgt': None, 'last_entry': 930}",MES,IS,107,0.6369047619047619,0.205607476635514,-0.5339856876615093,0.6349352146081434,-1242.7670784773272,1442.8375533377966,-1.9533046210880323,0.25
NoiseBand,NoiseBand#2,"{'check': 30, 'vm': 1.5, 'tgt': None, 'last_entry': 930}",MES,OOS,88,0.8148148148148148,0.19318181818181818,-0.2853885953857951,0.9027488543258732,-225.0347505268222,647.2764689831561,-0.4804259782584764,0.6666666666666666
NoiseBand,NoiseBand#2,"{'check': 30, 'vm': 1.5, 'tgt': None, 'last_entry': 930}",MGC,ALL,190,0.6959706959706959,0.18947368421052632,0.34625165499714733,0.7842632617166493,-2943.212783595603,4246.663025176296,-0.9627778888056058,0.42857142857142855
NoiseBand,NoiseBand#2,"{'check': 30, 'vm': 1.5, 'tgt': None, 'last_entry': 930}",MGC,IS,113,0.6766467065868264,0.20353982300884957,-0.32201547208343695,0.7432470972119272,-2424.420127716167,3970.1556716068844,-1.1912688117313668,0.5
NoiseBand,NoiseBand#2,"{'check': 30, 'vm': 1.5, 'tgt': None, 'last_entry': 930}",MGC,OOS,77,0.7264150943396226,0.16883116883116883,1.3269553609725504,0.8764777230852521,-518.7926558794364,1890.101382429445,-0.5164648987452284,0.3333333333333333
NoiseBand,NoiseBand#3,"{'check': 30, 'vm': 1.5, 'tgt': 'r2', 'last_entry': 930}",MNQ,ALL,247,0.894927536231884,0.3360323886639676,-0.12283780104780723,0.9185602175619849,-1219.0731668305045,3098.9017529391176,-0.47350815894567616,0.5
NoiseBand,NoiseBand#3,"{'check': 30, 'vm': 1.5, 'tgt': 'r2', 'last_entry': 930}",MNQ,IS,141,0.8392857142857143,0.3404255319148936,-0.11458114023371556,0.9073418966362123,-751.4552905425415,1620.4538648240373,-0.5882294499328404,0.375
NoiseBand,NoiseBand#3,"{'check': 30, 'vm': 1.5, 'tgt': 'r2', 'last_entry': 930}",MNQ,OOS,106,0.9814814814814815,0.330188679245283,-0.13382071779107993,0.931824527247508,-467.6178762879631,1540.2837032420832,-0.37489595932312814,0.6666666666666666
NoiseBand,NoiseBand#3,"{'check': 30, 'vm': 1.5, 'tgt': 'r2', 'last_entry': 930}",MES,ALL,232,0.8405797101449275,0.2974137931034483,-0.22403561374008543,0.8260806413899778,-1211.3532279949145,1699.5911540630366,-1.0923413347090707,0.42857142857142855
NoiseBand,NoiseBand#3,"{'check': 30, 'vm': 1.5, 'tgt': 'r2', 'last_entry': 930}",MES,IS,123,0.7321428571428571,0.2926829268292683,-0.2524408410039776,0.7643476750359427,-969.822252217451,1434.2059688348857,-1.5536825080051337,0.375
NoiseBand,NoiseBand#3,"{'check': 30, 'vm': 1.5, 'tgt': 'r2', 'last_entry': 930}",MES,OOS,109,1.0092592592592593,0.30275229357798167,-0.1919820086624823,0.9152388732305262,-241.5309757774636,651.2364988926001,-0.5011484325910561,0.5
NoiseBand,NoiseBand#3,"{'check': 30, 'vm': 1.5, 'tgt': 'r2', 'last_entry': 930}",MGC,ALL,230,0.8424908424908425,0.33043478260869563,-0.11313160094009127,0.8634638549926396,-2279.4852667010528,2680.458660588259,-0.8367490018210815,0.21428571428571427
NoiseBand,NoiseBand#3,"{'check': 30, 'vm': 1.5, 'tgt': 'r2', 'last_entry': 930}",MGC,IS,138,0.8263473053892215,0.3333333333333333,-0.09277915509006607,0.8524898341382627,-1793.8341118840845,2680.458660588259,-0.9561228592385858,0.25
NoiseBand,NoiseBand#3,"{'check': 30, 'vm': 1.5, 'tgt': 'r2', 'last_entry': 930}",MGC,OOS,92,0.8679245283018868,0.32608695652173914,-0.14366026971512905,0.8928952269673625,-485.6511548169674,1439.8656420904597,-0.599935671611676,0.16666666666666666
NoiseBand,NoiseBand#4,"{'check': 15, 'vm': 1.0, 'tgt': None, 'last_entry': 930}",MNQ,ALL,395,1.431159420289855,0.20506329113924052,0.5665988126357856,1.0969518515978138,1878.1432025149627,2518.3507155601646,0.4766022804177072,0.6428571428571429
NoiseBand,NoiseBand#4,"{'check': 15, 'vm': 1.0, 'tgt': None, 'last_entry': 930}",MNQ,IS,228,1.3571428571428572,0.21052631578947367,0.0695971244731309,1.0486087275321663,538.2553594547356,1646.8485870534714,0.23436839445889737,0.625
NoiseBand,NoiseBand#4,"{'check': 15, 'vm': 1.0, 'tgt': None, 'last_entry': 930}",MNQ,OOS,167,1.5462962962962963,0.19760479041916168,1.245140039588392,1.161457711374406,1339.8878430602279,2518.350715560165,0.8144196192569969,0.6666666666666666
NoiseBand,NoiseBand#4,"{'check': 15, 'vm': 1.0, 'tgt': None, 'last_entry': 930}",MES,ALL,429,1.5543478260869565,0.18414918414918416,-0.36124458072345117,0.6985918603751832,-3529.0705120193184,4286.462705339786,-1.9727507354420644,0.2857142857142857
NoiseBand,NoiseBand#4,"{'check': 15, 'vm': 1.0, 'tgt': None, 'last_entry': 930}",MES,IS,239,1.4226190476190477,0.18828451882845187,-0.35121813385223494,0.6843350616916037,-2162.9989629010024,2799.141156221476,-1.9591311197473977,0.25
NoiseBand,NoiseBand#4,"{'check': 15, 'vm': 1.0, 'tgt': None, 'last_entry': 930}",MES,OOS,190,1.7592592592592593,0.17894736842105263,-0.3738567954719811,0.7187076228400936,-1366.071549118316,1517.3315491183164,-1.9859841475072415,0.3333333333333333
NoiseBand,NoiseBand#4,"{'check': 15, 'vm': 1.0, 'tgt': None, 'last_entry': 930}",MGC,ALL,398,1.4578754578754578,0.1934673366834171,-0.02022023486764995,0.9084596812711967,-1914.4010937625333,3007.440326769471,-0.49689206971159855,0.42857142857142855
NoiseBand,NoiseBand#4,"{'check': 15, 'vm': 1.0, 'tgt': None, 'last_entry': 930}",MGC,IS,237,1.4191616766467066,0.20675105485232068,0.06398473346903372,0.9290308769558391,-975.7051605906049,3007.440326769471,-0.35727881219237906,0.375
NoiseBand,NoiseBand#4,"{'check': 15, 'vm': 1.0, 'tgt': None, 'last_entry': 930}",MGC,OOS,161,1.5188679245283019,0.17391304347826086,-0.14417413235705387,0.8689868014933759,-938.6959331719283,2090.59659302351,-0.9175960133764782,0.5
NoiseBand,NoiseBand#5,"{'check': 15, 'vm': 1.0, 'tgt': 'r2', 'last_entry': 930}",MNQ,ALL,496,1.7971014492753623,0.3346774193548387,-0.10474703536706871,1.022519557645296,574.8661192246268,2700.4813618682365,0.1507525631211518,0.5714285714285714
NoiseBand,NoiseBand#5,"{'check': 15, 'vm': 1.0, 'tgt': 'r2', 'last_entry': 930}",MNQ,IS,279,1.6607142857142858,0.3225806451612903,-0.15427108652392035,0.9826066978940949,-245.6225584090887,2256.26956208743,-0.10953182989287662,0.5
NoiseBand,NoiseBand#5,"{'check': 15, 'vm': 1.0, 'tgt': 'r2', 'last_entry': 930}",MNQ,OOS,217,2.009259259259259,0.35023041474654376,-0.04107325530825957,1.0719364628062533,820.4886776337153,2700.4813618682365,0.5213690518183937,0.6666666666666666
NoiseBand,NoiseBand#5,"{'check': 15, 'vm': 1.0, 'tgt': 'r2', 'last_entry': 930}",MES,ALL,545,1.9746376811594204,0.28807339449541286,-0.2665249347926243,0.7474818795063031,-3935.2885288182297,4598.335302490876,-2.2011317952733167,0.21428571428571427
NoiseBand,NoiseBand#5,"{'check': 15, 'vm': 1.0, 'tgt': 'r2', 'last_entry': 930}",MES,IS,295,1.755952380952381,0.27796610169491526,-0.28932279597993427,0.7273179092599877,-2382.445887627816,2945.489799926081,-2.2050814904325997,0.125
NoiseBand,NoiseBand#5,"{'check': 15, 'vm': 1.0, 'tgt': 'r2', 'last_entry': 930}",MES,OOS,250,2.314814814814815,0.3,-0.23962345859159856,0.7732116424793827,-1552.8426411904143,1667.1641411290698,-2.185276798975515,0.3333333333333333
NoiseBand,NoiseBand#5,"{'check': 15, 'vm': 1.0, 'tgt': 'r2', 'last_entry': 930}",MGC,ALL,514,1.8827838827838828,0.33073929961089493,-0.1305660979376206,0.9335666450432212,-1863.7885167013592,2941.513079573312,-0.42180959272843477,0.35714285714285715
NoiseBand,NoiseBand#5,"{'check': 15, 'vm': 1.0, 'tgt': 'r2', 'last_entry': 930}",MGC,IS,313,1.874251497005988,0.34824281150159747,-0.08747156713144305,0.936413090949469,-1276.7993763933969,2941.513079573312,-0.3984814937709369,0.25
NoiseBand,NoiseBand#5,"{'check': 15, 'vm': 1.0, 'tgt': 'r2', 'last_entry': 930}",MGC,OOS,201,1.8962264150943395,0.3034825870646766,-0.19767350163082245,0.9264001876579104,-586.9891403079612,1878.068437912666,-0.5634206618002044,0.5
NoiseBand,NoiseBand#6,"{'check': 15, 'vm': 1.5, 'tgt': None, 'last_entry': 930}",MNQ,ALL,266,0.9637681159420289,0.16917293233082706,0.057935670166916566,1.027104938661799,339.1386552812637,2087.695413802276,0.11057311936273434,0.5714285714285714
NoiseBand,NoiseBand#6,"{'check': 15, 'vm': 1.5, 'tgt': None, 'last_entry': 930}",MNQ,IS,153,0.9107142857142857,0.1830065359477124,0.23792649083431724,1.1201445723698302,752.0165326364879,996.6460189778509,0.43635637329627786,0.5
NoiseBand,NoiseBand#6,"{'check': 15, 'vm': 1.5, 'tgt': None, 'last_entry': 930}",MNQ,OOS,113,1.0462962962962963,0.1504424778761062,-0.18576871533850176,0.9339690990411702,-412.87787735522375,1935.6578576766376,-0.3090927374172855,0.6666666666666666
NoiseBand,NoiseBand#6,"{'check': 15, 'vm': 1.5, 'tgt': None, 'last_entry': 930}",MES,ALL,263,0.9528985507246377,0.16730038022813687,-0.35620118664147443,0.7610915492822212,-1649.6951377588675,2322.458234916955,-1.2342167079013056,0.42857142857142855
NoiseBand,NoiseBand#6,"{'check': 15, 'vm': 1.5, 'tgt': None, 'last_entry': 930}",MES,IS,148,0.8809523809523809,0.16891891891891891,-0.307915091817539,0.7432038786840538,-1051.780562111473,1404.2445700472522,-1.2301451860108634,0.375
NoiseBand,NoiseBand#6,"{'check': 15, 'vm': 1.5, 'tgt': None, 'last_entry': 930}",MES,OOS,115,1.0648148148148149,0.16521739130434782,-0.41834329128445213,0.7871701276761729,-597.9145756473947,918.2136648697024,-1.2425770937768497,0.5
NoiseBand,NoiseBand#6,"{'check': 15, 'vm': 1.5, 'tgt': None, 'last_entry': 930}",MGC,ALL,261,0.9560439560439561,0.1685823754789272,0.05926105301540365,0.8327213884228543,-2493.6669113385933,2939.8635117942495,-0.7840129835647819,0.2857142857142857
NoiseBand,NoiseBand#6,"{'check': 15, 'vm': 1.5, 'tgt': None, 'last_entry': 930}",MGC,IS,162,0.9700598802395209,0.1728395061728395,-0.21202750740674428,0.8232667931888906,-1758.4300200226498,2939.8635117942495,-0.7971641506933029,0.25
NoiseBand,NoiseBand#6,"{'check': 15, 'vm': 1.5, 'tgt': None, 'last_entry': 930}",MGC,OOS,99,0.9339622641509434,0.16161616161616163,0.5031877882516455,0.8516960988805288,-735.236891315943,1787.6577583669923,-0.796853606031057,0.3333333333333333
NoiseBand,NoiseBand#7,"{'check': 15, 'vm': 1.5, 'tgt': 'r2', 'last_entry': 930}",MNQ,ALL,341,1.2355072463768115,0.3284457478005865,-0.12170696907909762,1.01590504094231,270.7228914237072,1869.139058822732,0.09404286282208982,0.5714285714285714
NoiseBand,NoiseBand#7,"{'check': 15, 'vm': 1.5, 'tgt': 'r2', 'last_entry': 930}",MNQ,IS,196,1.1666666666666667,0.34183673469387754,-0.09118552040476609,1.0957218044905095,801.3049944712977,894.4169124692748,0.4964493281340465,0.625
NoiseBand,NoiseBand#7,"{'check': 15, 'vm': 1.5, 'tgt': 'r2', 'last_entry': 930}",MNQ,OOS,145,1.3425925925925926,0.3103448275862069,-0.16296354797681473,0.9386611342379024,-530.5821030475907,1827.6837713977193,-0.4223561473671805,0.5
NoiseBand,NoiseBand#7,"{'check': 15, 'vm': 1.5, 'tgt': 'r2', 'last_entry': 930}",MES,ALL,324,1.173913043478261,0.2993827160493827,-0.21879811875430874,0.8280223171499422,-1504.4766446665712,1991.4385805281534,-1.2656766976462306,0.35714285714285715
NoiseBand,NoiseBand#7,"{'check': 15, 'vm': 1.5, 'tgt': 'r2', 'last_entry': 930}",MES,IS,181,1.0773809523809523,0.292817679558011,-0.26421421709233056,0.7879245621482962,-1103.8959895218259,1513.379492168342,-1.4970355621986464,0.25
NoiseBand,NoiseBand#7,"{'check': 15, 'vm': 1.5, 'tgt': 'r2', 'last_entry': 930}",MES,OOS,143,1.3240740740740742,0.3076923076923077,-0.16131340687191734,0.886933863376352,-400.58065514474544,631.5799362603975,-0.8845416090937382,0.5
NoiseBand,NoiseBand#7,"{'check': 15, 'vm': 1.5, 'tgt': 'r2', 'last_entry': 930}",MGC,ALL,333,1.2197802197802199,0.34534534534534533,-0.06578278683947358,0.9701028281549733,-626.0178407079211,1993.2996434904776,-0.17879401086387178,0.5
NoiseBand,NoiseBand#7,"{'check': 15, 'vm': 1.5, 'tgt': 'r2', 'last_entry': 930}",MGC,IS,205,1.2275449101796407,0.36097560975609755,-0.046694178871673514,0.9812904388094101,-273.33510088120147,1993.2996434904776,-0.10925012153917665,0.625
NoiseBand,NoiseBand#7,"{'check': 15, 'vm': 1.5, 'tgt': 'r2', 'last_entry': 930}",MGC,OOS,128,1.2075471698113207,0.3203125,-0.09635438553790344,0.944280859372044,-352.6827398267189,1445.9812741920182,-0.39413650487927526,0.3333333333333333
LastHalf,LastHalf#0,"{'sig': 'day', 'thr': 0.0, 'last_entry': 930}",MNQ,ALL,268,0.9710144927536232,0.43656716417910446,-0.020065385646986653,0.9679800397008248,-355.28400162338335,1856.705000000008,-0.1882411000608418,0.5
LastHalf,LastHalf#0,"{'sig': 'day', 'thr': 0.0, 'last_entry': 930}",MNQ,IS,160,0.9523809523809523,0.40625,-0.08765026664613769,0.8036701590015191,-1276.5211444805232,1856.705000000008,-1.3492489917030472,0.25
LastHalf,LastHalf#0,"{'sig': 'day', 'thr': 0.0, 'last_entry': 930}",MNQ,OOS,108,1.0,0.48148148148148145,0.08006036398138526,1.2005399844759121,921.2371428571398,1231.3125000000045,1.019135246265004,0.8333333333333334
LastHalf,LastHalf#0,"{'sig': 'day', 'thr': 0.0, 'last_entry': 930}",MES,ALL,268,0.9710144927536232,0.3805970149253731,-0.22348252421596895,0.5495315777557594,-3059.459813311688,3151.979813311674,-3.664765156939716,0.07142857142857142
LastHalf,LastHalf#0,"{'sig': 'day', 'thr': 0.0, 'last_entry': 930}",MES,IS,160,0.9523809523809523,0.38125,-0.20191235559985055,0.6154657299017737,-1556.097849025963,2001.7610633116801,-3.0103550874411744,0.125
LastHalf,LastHalf#0,"{'sig': 'day', 'thr': 0.0, 'last_entry': 930}",MES,OOS,108,1.0,0.37962962962962965,-0.2554383295731814,0.45233153546845645,-1503.3619642857248,1503.3619642857254,-4.723309178648021,0.0
LastHalf,LastHalf#0,"{'sig': 'day', 'thr': 0.0, 'last_entry': 930}",MGC,ALL,264,0.967032967032967,0.4962121212121212,0.048054111468494566,1.2333629169711802,1571.0749999982206,1011.832142857683,1.1283101213254794,0.6428571428571429
LastHalf,LastHalf#0,"{'sig': 'day', 'thr': 0.0, 'last_entry': 930}",MGC,IS,159,0.9520958083832335,0.5157232704402516,0.09505531724325798,1.415141037458143,1777.3892857131982,472.1892857144379,1.8159014425072841,0.75
LastHalf,LastHalf#0,"{'sig': 'day', 'thr': 0.0, 'last_entry': 930}",MGC,OOS,105,0.9905660377358491,0.4666666666666667,-0.023119142990432894,0.9158215010139309,-206.31428571497776,994.1678571432432,-0.5463211108219375,0.5
LastHalf,LastHalf#1,"{'sig': 'day', 'thr': 0.25, 'last_entry': 930}",MNQ,ALL,201,0.7282608695652174,0.4129353233830846,-0.04960866216663256,0.8997942411043316,-891.8770535714314,2077.970982142863,-0.5280608208896701,0.42857142857142855
LastHalf,LastHalf#1,"{'sig': 'day', 'thr': 0.25, 'last_entry': 930}",MNQ,IS,122,0.7261904761904762,0.38524590163934425,-0.12965009410668488,0.7317795805299706,-1412.6938392857207,2077.970982142863,-1.7088809591100262,0.25
LastHalf,LastHalf#1,"{'sig': 'day', 'thr': 0.25, 'last_entry': 930}",MNQ,OOS,79,0.7314814814814815,0.45569620253164556,0.07399962513319508,1.1433357896134653,520.8167857142895,1133.6074999999987,0.6330664900377874,0.6666666666666666
LastHalf,LastHalf#1,"{'sig': 'day', 'thr': 0.25, 'last_entry': 930}",MES,ALL,201,0.7282608695652174,0.3482587064676617,-0.24450012248240774,0.53426110916857,-2426.237767857152,2453.7577678571433,-3.3145951630109596,0.14285714285714285
LastHalf,LastHalf#1,"{'sig': 'day', 'thr': 0.25, 'last_entry': 930}",MES,IS,115,0.6845238095238095,0.3391304347826087,-0.24970717013882648,0.5563940685181781,-1356.6959821428536,1566.835982142854,-3.1078947870290774,0.25
LastHalf,LastHalf#1,"{'sig': 'day', 'thr': 0.25, 'last_entry': 930}",MES,OOS,86,0.7962962962962963,0.36046511627906974,-0.23753720991859198,0.5027935020010482,-1069.5417857142984,1069.5417857142986,-3.608540108939836,0.0
LastHalf,LastHalf#1,"{'sig': 'day', 'thr': 0.25, 'last_entry': 930}",MGC,ALL,209,0.7655677655677655,0.49760765550239233,0.06486876232948902,1.3206269682313458,1726.0964285700088,871.8000000002353,1.3281652008932465,0.5
LastHalf,LastHalf#1,"{'sig': 'day', 'thr': 0.25, 'last_entry': 930}",MGC,IS,123,0.7365269461077845,0.5121951219512195,0.12690479126206383,1.5620125524695596,1892.6214285705905,551.2392857145574,2.067767261358168,0.75
LastHalf,LastHalf#1,"{'sig': 'day', 'thr': 0.25, 'last_entry': 930}",MGC,OOS,86,0.8113207547169812,0.47674418604651164,-0.023857186027565636,0.9173952403980546,-166.52500000058097,871.8000000002392,-0.4778873457245754,0.16666666666666666
LastHalf,LastHalf#2,"{'sig': 'first30', 'thr': 0.0, 'last_entry': 930}",MNQ,ALL,268,0.9710144927536232,0.47388059701492535,0.05681509152580327,1.1800290888714213,1829.0840178571439,1742.6850000000074,0.9583290204410573,0.5
LastHalf,LastHalf#2,"{'sig': 'first30', 'thr': 0.0, 'last_entry': 930}",MNQ,IS,160,0.9523809523809523,0.4375,-0.046186962849178774,0.9019087614072632,-601.0816964285827,1742.6850000000074,-0.6467894432948743,0.25
LastHalf,LastHalf#2,"{'sig': 'first30', 'thr': 0.0, 'last_entry': 930}",MNQ,OOS,108,1.0,0.5277777777777778,0.2094107276368877,1.6026966088315835,2430.1657142857275,718.5167857142842,2.6248540020794526,0.8333333333333334
LastHalf,LastHalf#2,"{'sig': 'first30', 'thr': 0.0, 'last_entry': 930}",MES,ALL,268,0.9710144927536232,0.4291044776119403,-0.08663024551822036,0.7896302751983219,-1239.8043749999952,1685.8023214285565,-1.4485738954541931,0.21428571428571427
LastHalf,LastHalf#2,"{'sig': 'first30', 'thr': 0.0, 'last_entry': 930}",MES,IS,160,0.9523809523809523,0.425,-0.13654976137991678,0.7035294185596596,-1109.1075892857032,1685.8023214285565,-2.2277166458627407,0.25
LastHalf,LastHalf#2,"{'sig': 'first30', 'thr': 0.0, 'last_entry': 930}",MES,OOS,108,1.0,0.4351851851851852,-0.012675407204596024,0.9392790529316938,-130.6967857142919,592.066785714291,-0.36592703511375235,0.16666666666666666
LastHalf,LastHalf#2,"{'sig': 'first30', 'thr': 0.0, 'last_entry': 930}",MGC,ALL,265,0.9706959706959707,0.47547169811320755,0.0574031563001434,1.3097568325488036,2130.718571426856,1001.3607142862438,1.3162763974179048,0.35714285714285715
LastHalf,LastHalf#2,"{'sig': 'first30', 'thr': 0.0, 'last_entry': 930}",MGC,IS,159,0.9520958083832335,0.46540880503144655,0.03920013270405719,1.306358147709373,1428.3257142846433,1001.3607142862438,1.2648747287602682,0.375
LastHalf,LastHalf#2,"{'sig': 'first30', 'thr': 0.0, 'last_entry': 930}",MGC,OOS,106,1.0,0.49056603773584906,0.08470769169427278,1.3169060609670522,702.3928571422134,324.1178571429152,1.5288984391723202,0.3333333333333333
LastHalf,LastHalf#3,"{'sig': 'first30', 'thr': 0.25, 'last_entry': 930}",MNQ,ALL,175,0.6340579710144928,0.4857142857142857,0.08400004264446054,1.21656976398675,1464.2053571428546,1376.4442857142915,0.9014288188493843,0.7857142857142857
LastHalf,LastHalf#3,"{'sig': 'first30', 'thr': 0.25, 'last_entry': 930}",MNQ,IS,104,0.6190476190476191,0.46153846153846156,-0.006444294582656649,1.009657810936278,37.281071428565156,1376.4442857142915,0.04769222059471183,0.75
LastHalf,LastHalf#3,"{'sig': 'first30', 'thr': 0.25, 'last_entry': 930}",MNQ,OOS,71,0.6574074074074074,0.5211267605633803,0.21648188872361815,1.4919248436458865,1426.9242857142892,839.4864285714291,1.7845486439346179,0.8333333333333334
LastHalf,LastHalf#3,"{'sig': 'first30', 'thr': 0.25, 'last_entry': 930}",MES,ALL,166,0.6014492753623188,0.43373493975903615,-0.07645302249001175,0.8212011206607923,-653.34223214287,937.7233035714384,-0.9404103002039481,0.42857142857142855
LastHalf,LastHalf#3,"{'sig': 'first30', 'thr': 0.25, 'last_entry': 930}",MES,IS,91,0.5416666666666666,0.4175824175824176,-0.14482501169390471,0.7181169623154996,-605.6279464285753,853.5668750000049,-1.5828838766753524,0.25
LastHalf,LastHalf#3,"{'sig': 'first30', 'thr': 0.25, 'last_entry': 930}",MES,OOS,75,0.6944444444444444,0.4533333333333333,0.006504991077378405,0.9683078277767597,-47.71428571429447,339.49625000000276,-0.15461305533865552,0.6666666666666666
LastHalf,LastHalf#3,"{'sig': 'first30', 'thr': 0.25, 'last_entry': 930}",MGC,ALL,201,0.7362637362637363,0.5074626865671642,0.1246209322929687,1.6254700032860203,3007.0828571415477,836.025000000379,1.9697082178251493,0.5384615384615384
LastHalf,LastHalf#3,"{'sig': 'first30', 'thr': 0.25, 'last_entry': 930}",MGC,IS,119,0.7125748502994012,0.48739495798319327,0.11017175282797859,1.5809248720230924,1958.6292857134777,836.025000000379,1.8148107338682702,0.5
LastHalf,LastHalf#3,"{'sig': 'first30', 'thr': 0.25, 'last_entry': 930}",MGC,OOS,82,0.7735849056603774,0.5365853658536586,0.1455898634677715,1.730046428810742,1048.453571428071,200.84285714297255,2.5560541992162795,0.6
