strategy,cfg,params,sym,part,n,tpd,win,avgR,pf,net,dd,sharpe,posm,tgt_rate
IB2R,IB2R#0,"{'ib': 30, 'stop': 'mid', 'narrow': False, 'dtf': False, 'max_bars': 999}",MNQ,ALL,189,0.6798561151079137,0.3544973544973545,-0.06211811973621272,0.8515635186283176,-3119.3600000000006,4785.799999999997,-0.890957824555405,0.2857142857142857,0.20105820105820105
IB2R,IB2R#0,"{'ib': 30, 'stop': 'mid', 'narrow': False, 'dtf': False, 'max_bars': 999}",MNQ,IS,112,0.6666666666666666,0.375,0.01980382846262167,1.0808919100254175,825.869999999999,1870.3300000000004,0.42369374100973145,0.5,0.24107142857142858
IB2R,IB2R#0,"{'ib': 30, 'stop': 'mid', 'narrow': False, 'dtf': False, 'max_bars': 999}",MNQ,OOS,77,0.7,0.3246753246753247,-0.18127731711633546,0.6348777397612082,-3945.2299999999996,4785.799999999993,-2.5830334893293356,0.0,0.14285714285714285
IB2R,IB2R#0,"{'ib': 30, 'stop': 'mid', 'narrow': False, 'dtf': False, 'max_bars': 999}",MES,ALL,218,0.7841726618705036,0.39908256880733944,0.0416728776174519,1.0568500963032796,574.6799999999992,1080.2550000000003,0.33249755431760974,0.5,0.2706422018348624
IB2R,IB2R#0,"{'ib': 30, 'stop': 'mid', 'narrow': False, 'dtf': False, 'max_bars': 999}",MES,IS,127,0.7559523809523809,0.4094488188976378,0.061713677756770134,1.173856517498696,958.1449999999995,858.5900000000001,0.9262515137426525,0.625,0.25984251968503935
IB2R,IB2R#0,"{'ib': 30, 'stop': 'mid', 'narrow': False, 'dtf': False, 'max_bars': 999}",MES,OOS,91,0.8272727272727273,0.38461538461538464,0.013703848851590221,0.9165938926366457,-383.46500000000015,1080.255,-0.5516208642715045,0.3333333333333333,0.2857142857142857
IB2R,IB2R#0,"{'ib': 30, 'stop': 'mid', 'narrow': False, 'dtf': False, 'max_bars': 999}",MGC,ALL,218,0.7927272727272727,0.3394495412844037,-0.064464523894766,0.8381901732722893,-3454.300000000657,4808.300000000509,-1.0532075763133995,0.35714285714285715,0.24770642201834864
IB2R,IB2R#0,"{'ib': 30, 'stop': 'mid', 'narrow': False, 'dtf': False, 'max_bars': 999}",MGC,IS,132,0.7904191616766467,0.3484848484848485,-0.03838793827542293,0.8814263917859878,-1608.7000000003873,3208.1000000001336,-0.734496906488605,0.375,0.25
IB2R,IB2R#0,"{'ib': 30, 'stop': 'mid', 'narrow': False, 'dtf': False, 'max_bars': 999}",MGC,OOS,86,0.7962962962962963,0.32558139534883723,-0.10448905065933914,0.7628007402837533,-1845.6000000002705,2467.700000000236,-1.7327643368653214,0.3333333333333333,0.2441860465116279
IB2R,IB2R#1,"{'ib': 30, 'stop': 'mid', 'narrow': False, 'dtf': True, 'max_bars': 999}",MNQ,ALL,98,0.35251798561151076,0.41836734693877553,0.094384230049246,1.0510849759481151,507.7299999999991,2988.709999999999,0.2030242081355363,0.5,0.22448979591836735
IB2R,IB2R#1,"{'ib': 30, 'stop': 'mid', 'narrow': False, 'dtf': True, 'max_bars': 999}",MNQ,IS,53,0.31547619047619047,0.4528301886792453,0.22405509838354368,1.3400945438638,1523.7799999999995,1711.3200000000002,1.1136642745419203,0.625,0.3018867924528302
IB2R,IB2R#1,"{'ib': 30, 'stop': 'mid', 'narrow': False, 'dtf': True, 'max_bars': 999}",MNQ,OOS,45,0.4090909090909091,0.37777777777777777,-0.05833923710003796,0.8138580957667626,-1016.0500000000004,2988.71,-0.9091837352901765,0.3333333333333333,0.13333333333333333
IB2R,IB2R#1,"{'ib': 30, 'stop': 'mid', 'narrow': False, 'dtf': True, 'max_bars': 999}",MES,ALL,108,0.38848920863309355,0.4074074074074074,0.10829058236083382,1.2014518563960033,965.4549999999995,840.4150000000002,0.7774833829127694,0.6428571428571429,0.2962962962962963
IB2R,IB2R#1,"{'ib': 30, 'stop': 'mid', 'narrow': False, 'dtf': True, 'max_bars': 999}",MES,IS,61,0.3630952380952381,0.4098360655737705,0.10694092894140399,1.3085639281026495,748.7349999999999,599.225,1.0929394786007076,0.75,0.26229508196721313
IB2R,IB2R#1,"{'ib': 30, 'stop': 'mid', 'narrow': False, 'dtf': True, 'max_bars': 999}",MES,OOS,47,0.42727272727272725,0.40425531914893614,0.1100422602030726,1.0915987945747416,216.7199999999998,840.4150000000002,0.39236706164207263,0.5,0.3404255319148936
IB2R,IB2R#1,"{'ib': 30, 'stop': 'mid', 'narrow': False, 'dtf': True, 'max_bars': 999}",MGC,ALL,123,0.44727272727272727,0.35772357723577236,-0.04291078034274926,0.8650676597470328,-1463.8000000003576,2227.600000000356,-0.6634964767565995,0.5714285714285714,0.2601626016260163
IB2R,IB2R#1,"{'ib': 30, 'stop': 'mid', 'narrow': False, 'dtf': True, 'max_bars': 999}",MGC,IS,73,0.437125748502994,0.3561643835616438,-0.046873286436105936,0.8434380326271893,-1028.8000000002576,1614.5000000001894,-0.7520765195249433,0.5,0.2328767123287671
IB2R,IB2R#1,"{'ib': 30, 'stop': 'mid', 'narrow': False, 'dtf': True, 'max_bars': 999}",MGC,OOS,50,0.46296296296296297,0.36,-0.037125521446448484,0.8982979519311522,-435.00000000010016,1642.5000000000766,-0.5169528990226785,0.6666666666666666,0.3
IB2R,IB2R#2,"{'ib': 30, 'stop': 'mid', 'narrow': True, 'dtf': False, 'max_bars': 999}",MNQ,ALL,127,0.4568345323741007,0.33858267716535434,-0.09092347463761835,0.834220209949911,-2080.4800000000005,3528.4,-0.8178002239084985,0.35714285714285715,0.2047244094488189
IB2R,IB2R#2,"{'ib': 30, 'stop': 'mid', 'narrow': True, 'dtf': False, 'max_bars': 999}",MNQ,IS,77,0.4583333333333333,0.36363636363636365,-0.014473295129762438,1.0157425069613455,100.51999999999941,1892.6400000000003,0.07017700630827721,0.5,0.24675324675324675
IB2R,IB2R#2,"{'ib': 30, 'stop': 'mid', 'narrow': True, 'dtf': False, 'max_bars': 999}",MNQ,OOS,50,0.45454545454545453,0.3,-0.20865675107971648,0.6461942768152621,-2181.0,3528.4,-1.9785008422633434,0.16666666666666666,0.14
IB2R,IB2R#2,"{'ib': 30, 'stop': 'mid', 'narrow': True, 'dtf': False, 'max_bars': 999}",MES,ALL,134,0.48201438848920863,0.417910447761194,0.13076363366041224,1.2042241478170075,1015.0899999999999,516.7650000000001,0.908256611741919,0.5714285714285714,0.31343283582089554
IB2R,IB2R#2,"{'ib': 30, 'stop': 'mid', 'narrow': True, 'dtf': False, 'max_bars': 999}",MES,IS,79,0.47023809523809523,0.4050632911392405,0.08170992192353818,1.1699502404232012,487.0400000000001,516.7650000000001,0.7378517819867946,0.5,0.27848101265822783
IB2R,IB2R#2,"{'ib': 30, 'stop': 'mid', 'narrow': True, 'dtf': False, 'max_bars': 999}",MES,OOS,55,0.5,0.43636363636363634,0.20122260142792223,1.2508920553620724,528.0499999999998,406.1500000000001,1.150408609331534,0.6666666666666666,0.36363636363636365
IB2R,IB2R#2,"{'ib': 30, 'stop': 'mid', 'narrow': True, 'dtf': False, 'max_bars': 999}",MGC,ALL,134,0.48727272727272725,0.3656716417910448,0.02409563081581826,1.017118215055746,182.59999999965214,1767.0000000002512,0.08076805510967462,0.5714285714285714,0.291044776119403
IB2R,IB2R#2,"{'ib': 30, 'stop': 'mid', 'narrow': True, 'dtf': False, 'max_bars': 999}",MGC,IS,76,0.4550898203592814,0.3815789473684211,0.08637547471563466,1.1706323614269294,1005.3999999998115,1094.0000000000746,0.6985464894788406,0.75,0.3026315789473684
IB2R,IB2R#2,"{'ib': 30, 'stop': 'mid', 'narrow': True, 'dtf': False, 'max_bars': 999}",MGC,OOS,58,0.5370370370370371,0.3448275862068966,-0.05751244050118251,0.827678646225996,-822.8000000001593,1340.900000000051,-1.005707874470669,0.3333333333333333,0.27586206896551724
IB2R,IB2R#3,"{'ib': 30, 'stop': 'mid', 'narrow': True, 'dtf': True, 'max_bars': 999}",MNQ,ALL,66,0.23741007194244604,0.3939393939393939,0.050676694063616495,0.948390868054428,-317.8400000000006,2498.8,-0.1813961054117257,0.42857142857142855,0.22727272727272727
IB2R,IB2R#3,"{'ib': 30, 'stop': 'mid', 'narrow': True, 'dtf': True, 'max_bars': 999}",MNQ,IS,37,0.22023809523809523,0.4594594594594595,0.24971497515597232,1.4319446268124782,1151.3699999999997,1203.5600000000002,1.1317497976279096,0.5,0.32432432432432434
IB2R,IB2R#3,"{'ib': 30, 'stop': 'mid', 'narrow': True, 'dtf': True, 'max_bars': 999}",MNQ,OOS,29,0.2636363636363636,0.3103448275862069,-0.2032686990542168,0.5793905040008017,-1469.2100000000003,2498.8,-2.0185347195679935,0.3333333333333333,0.10344827586206896
IB2R,IB2R#3,"{'ib': 30, 'stop': 'mid', 'narrow': True, 'dtf': True, 'max_bars': 999}",MES,ALL,72,0.2589928057553957,0.4305555555555556,0.1628300262323051,1.4600437975633076,1140.7199999999998,310.525,1.322459070824716,0.6428571428571429,0.3055555555555556
IB2R,IB2R#3,"{'ib': 30, 'stop': 'mid', 'narrow': True, 'dtf': True, 'max_bars': 999}",MES,IS,45,0.26785714285714285,0.4222222222222222,0.11162898841745815,1.4628322946137384,685.4499999999998,310.525,1.3116358849232006,0.625,0.24444444444444444
IB2R,IB2R#3,"{'ib': 30, 'stop': 'mid', 'narrow': True, 'dtf': True, 'max_bars': 999}",MES,OOS,27,0.24545454545454545,0.4444444444444444,0.24816508925704994,1.455908271580212,455.2699999999999,294.9000000000001,1.332981049681631,0.6666666666666666,0.4074074074074074
IB2R,IB2R#3,"{'ib': 30, 'stop': 'mid', 'narrow': True, 'dtf': True, 'max_bars': 999}",MGC,ALL,85,0.3090909090909091,0.36470588235294116,0.023619158143663284,1.0604200936352919,381.9999999997966,1605.0000000001564,0.22167913230125152,0.5714285714285714,0.3058823529411765
IB2R,IB2R#3,"{'ib': 30, 'stop': 'mid', 'narrow': True, 'dtf': True, 'max_bars': 999}",MGC,IS,47,0.281437125748503,0.40425531914893614,0.14387084934090177,1.4205109891892993,1295.2999999998797,669.5000000000505,1.2122491059358405,0.75,0.3191489361702128
IB2R,IB2R#3,"{'ib': 30, 'stop': 'mid', 'narrow': True, 'dtf': True, 'max_bars': 999}",MGC,OOS,38,0.35185185185185186,0.3157894736842105,-0.12511319675818414,0.7182998673699055,-913.3000000000818,1376.600000000049,-1.4016691321756254,0.3333333333333333,0.2894736842105263
IB2R,IB2R#4,"{'ib': 30, 'stop': 'opp', 'narrow': False, 'dtf': False, 'max_bars': 999}",MNQ,ALL,189,0.6798561151079137,0.4708994708994709,0.002024863849992775,0.9441141370553137,-1353.3600000000006,6457.239999999999,-0.3006342718585868,0.35714285714285715,0.06349206349206349
IB2R,IB2R#4,"{'ib': 30, 'stop': 'opp', 'narrow': False, 'dtf': False, 'max_bars': 999}",MNQ,IS,112,0.6666666666666666,0.5267857142857143,0.11837832188713095,1.2899225167784636,3232.119999999999,1869.1599999999999,1.3164472264955347,0.625,0.08035714285714286
IB2R,IB2R#4,"{'ib': 30, 'stop': 'opp', 'narrow': False, 'dtf': False, 'max_bars': 999}",MNQ,OOS,77,0.7,0.38961038961038963,-0.16721652965857184,0.6491137318759624,-4585.48,6457.239999999996,-2.2941783197993817,0.0,0.03896103896103896
IB2R,IB2R#4,"{'ib': 30, 'stop': 'opp', 'narrow': False, 'dtf': False, 'max_bars': 999}",MES,ALL,218,0.7841726618705036,0.43119266055045874,-0.015054360428382773,0.9616487316017948,-474.0700000000015,2381.870000000001,-0.2185224941587049,0.5,0.0871559633027523
IB2R,IB2R#4,"{'ib': 30, 'stop': 'opp', 'narrow': False, 'dtf': False, 'max_bars': 999}",MES,IS,127,0.7559523809523809,0.4566929133858268,0.052643421934714815,1.2392003332487196,1470.0199999999988,816.0500000000001,1.147099610197456,0.75,0.10236220472440945
IB2R,IB2R#4,"{'ib': 30, 'stop': 'opp', 'narrow': False, 'dtf': False, 'max_bars': 999}",MES,OOS,91,0.8272727272727273,0.3956043956043956,-0.10953368306699156,0.6872291133741978,-1944.0900000000006,2381.870000000001,-2.2105649394684965,0.16666666666666666,0.06593406593406594
IB2R,IB2R#4,"{'ib': 30, 'stop': 'opp', 'narrow': False, 'dtf': False, 'max_bars': 999}",MGC,ALL,218,0.7927272727272727,0.42660550458715596,-0.01573251744617189,0.9007213634561613,-2504.8000000011475,4278.200000000453,-0.5999875987990897,0.35714285714285715,0.11009174311926606
IB2R,IB2R#4,"{'ib': 30, 'stop': 'opp', 'narrow': False, 'dtf': False, 'max_bars': 999}",MGC,IS,132,0.7904191616766467,0.44696969696969696,0.03713031876112478,0.9843510670886956,-245.20000000065625,4278.200000000453,-0.08888327975844781,0.5,0.12121212121212122
IB2R,IB2R#4,"{'ib': 30, 'stop': 'opp', 'narrow': False, 'dtf': False, 'max_bars': 999}",MGC,OOS,86,0.7962962962962963,0.3953488372093023,-0.0968708241829528,0.7636698322385879,-2259.600000000494,2798.8000000002767,-1.6244302525663923,0.16666666666666666,0.09302325581395349
IB2R,IB2R#5,"{'ib': 30, 'stop': 'opp', 'narrow': False, 'dtf': True, 'max_bars': 999}",MNQ,ALL,98,0.35251798561151076,0.5612244897959183,0.10059093466709794,1.1995645824752472,2238.479999999999,3870.7399999999943,0.696425554143886,0.5,0.04081632653061224
IB2R,IB2R#5,"{'ib': 30, 'stop': 'opp', 'narrow': False, 'dtf': True, 'max_bars': 999}",MNQ,IS,53,0.31547619047619047,0.6415094339622641,0.30031709212515745,1.927352471326491,3877.7800000000007,1405.6000000000001,2.290622390455144,0.625,0.05660377358490566
IB2R,IB2R#5,"{'ib': 30, 'stop': 'opp', 'narrow': False, 'dtf': True, 'max_bars': 999}",MNQ,OOS,45,0.4090909090909091,0.4666666666666667,-0.1346420952279499,0.7669880004434805,-1639.3000000000004,3870.7400000000002,-1.108764684869422,0.3333333333333333,0.022222222222222223
IB2R,IB2R#5,"{'ib': 30, 'stop': 'opp', 'narrow': False, 'dtf': True, 'max_bars': 999}",MES,ALL,108,0.38848920863309355,0.46296296296296297,0.0742263528484736,1.2646485456680179,1433.5799999999995,1458.469999999996,0.9079089162849565,0.5,0.09259259259259259
IB2R,IB2R#5,"{'ib': 30, 'stop': 'opp', 'narrow': False, 'dtf': True, 'max_bars': 999}",MES,IS,61,0.3630952380952381,0.5081967213114754,0.14659636551686464,1.6822705841174421,1656.8599999999997,594.8800000000001,1.9402585608904985,0.625,0.08196721311475409
IB2R,IB2R#5,"{'ib': 30, 'stop': 'opp', 'narrow': False, 'dtf': True, 'max_bars': 999}",MES,OOS,47,0.42727272727272725,0.40425531914893614,-0.019700684870076413,0.9252861832308844,-223.2800000000001,1458.4700000000003,-0.31299834715955444,0.3333333333333333,0.10638297872340426
IB2R,IB2R#5,"{'ib': 30, 'stop': 'opp', 'narrow': False, 'dtf': True, 'max_bars': 999}",MGC,ALL,123,0.44727272727272727,0.44715447154471544,0.0018101571807262909,1.009514986889368,121.19999999939674,2018.600000000245,0.040960613415662726,0.5,0.10569105691056911
IB2R,IB2R#5,"{'ib': 30, 'stop': 'opp', 'narrow': False, 'dtf': True, 'max_bars': 999}",MGC,IS,73,0.437125748502994,0.4520547945205479,0.0029872680405320226,0.9837566137565714,-122.80000000032271,2018.600000000245,-0.06712113221585754,0.5,0.0958904109589041
IB2R,IB2R#5,"{'ib': 30, 'stop': 'opp', 'narrow': False, 'dtf': True, 'max_bars': 999}",MGC,OOS,50,0.46296296296296297,0.44,9.157532540992275e-05,1.0471242612692082,243.99999999971865,1583.0000000000707,0.21516975824523069,0.5,0.12
IB2R,IB2R#6,"{'ib': 30, 'stop': 'opp', 'narrow': True, 'dtf': False, 'max_bars': 999}",MNQ,ALL,127,0.4568345323741007,0.4251968503937008,-0.04136348453998617,0.8132007317527736,-3046.9799999999996,4790.92,-0.9171198093464377,0.35714285714285715,0.06299212598425197
IB2R,IB2R#6,"{'ib': 30, 'stop': 'opp', 'narrow': True, 'dtf': False, 'max_bars': 999}",MNQ,IS,77,0.4583333333333333,0.4805194805194805,0.09950704052247551,1.0954028767274466,778.0199999999993,2492.1000000000004,0.4056655494420387,0.5,0.09090909090909091
IB2R,IB2R#6,"{'ib': 30, 'stop': 'opp', 'narrow': True, 'dtf': False, 'max_bars': 999}",MNQ,OOS,50,0.45454545454545453,0.34,-0.2583040931361772,0.5310442571618431,-3825.0,4476.119999999997,-2.7531241944321967,0.16666666666666666,0.02
IB2R,IB2R#6,"{'ib': 30, 'stop': 'opp', 'narrow': True, 'dtf': False, 'max_bars': 999}",MES,ALL,134,0.48201438848920863,0.44029850746268656,0.04998907589862361,1.0962569675582468,600.0899999999995,762.2600000000002,0.4125897179150672,0.5714285714285714,0.11940298507462686
IB2R,IB2R#6,"{'ib': 30, 'stop': 'opp', 'narrow': True, 'dtf': False, 'max_bars': 999}",MES,IS,79,0.47023809523809523,0.43037974683544306,0.06711989770256578,1.1999656362308675,698.2899999999995,697.3700000000001,0.7846600440578856,0.625,0.13924050632911392
IB2R,IB2R#6,"{'ib': 30, 'stop': 'opp', 'narrow': True, 'dtf': False, 'max_bars': 999}",MES,OOS,55,0.5,0.45454545454545453,0.025382986398415734,0.9641893370286635,-98.2000000000001,762.26,-0.17339553470413277,0.5,0.09090909090909091
IB2R,IB2R#6,"{'ib': 30, 'stop': 'opp', 'narrow': True, 'dtf': False, 'max_bars': 999}",MGC,ALL,134,0.48727272727272725,0.4626865671641791,0.10754144914633454,1.3363618440508023,4094.5999999993815,2079.2000000000858,1.3006082065637536,0.7142857142857143,0.16417910447761194
IB2R,IB2R#6,"{'ib': 30, 'stop': 'opp', 'narrow': True, 'dtf': False, 'max_bars': 999}",MGC,IS,76,0.4550898203592814,0.47368421052631576,0.20489673198959193,1.630053557765803,4117.399999999677,1003.6000000000595,2.0545696900460415,1.0,0.18421052631578946
IB2R,IB2R#6,"{'ib': 30, 'stop': 'opp', 'narrow': True, 'dtf': False, 'max_bars': 999}",MGC,OOS,58,0.5370370370370371,0.4482758620689655,-0.020027542165519926,0.9959561562200178,-22.800000000295945,2079.2000000000817,-0.020065199147223635,0.3333333333333333,0.13793103448275862
IB2R,IB2R#7,"{'ib': 30, 'stop': 'opp', 'narrow': True, 'dtf': True, 'max_bars': 999}",MNQ,ALL,66,0.23741007194244604,0.5,0.03171402166602607,0.9121923260312621,-710.8400000000006,3281.3,-0.30623279682832366,0.42857142857142855,0.030303030303030304
IB2R,IB2R#7,"{'ib': 30, 'stop': 'opp', 'narrow': True, 'dtf': True, 'max_bars': 999}",MNQ,IS,37,0.22023809523809523,0.5945945945945946,0.29972792096727474,1.6611703494347385,2058.62,1289.5600000000002,1.5436425270058611,0.625,0.05405405405405406
IB2R,IB2R#7,"{'ib': 30, 'stop': 'opp', 'narrow': True, 'dtf': True, 'max_bars': 999}",MNQ,OOS,29,0.2636363636363636,0.3793103448275862,-0.31023474640798093,0.4440866992384309,-2769.459999999999,3281.2999999999984,-2.8647166514336284,0.16666666666666666,0.0
IB2R,IB2R#7,"{'ib': 30, 'stop': 'opp', 'narrow': True, 'dtf': True, 'max_bars': 999}",MES,ALL,72,0.2589928057553957,0.4722222222222222,0.09103990956988034,1.3478205410300814,1090.7199999999998,592.4200000000001,0.9691688236659081,0.5714285714285714,0.1111111111111111
IB2R,IB2R#7,"{'ib': 30, 'stop': 'opp', 'narrow': True, 'dtf': True, 'max_bars': 999}",MES,IS,45,0.26785714285714285,0.4888888888888889,0.1277280487172841,1.552678631671278,982.95,388.66999999999996,1.418263514405606,0.625,0.08888888888888889
IB2R,IB2R#7,"{'ib': 30, 'stop': 'opp', 'narrow': True, 'dtf': True, 'max_bars': 999}",MES,OOS,27,0.24545454545454545,0.4444444444444444,0.029893010990874026,1.079397355140531,107.76999999999998,592.4200000000001,0.24872629706464755,0.5,0.14814814814814814
IB2R,IB2R#7,"{'ib': 30, 'stop': 'opp', 'narrow': True, 'dtf': True, 'max_bars': 999}",MGC,ALL,85,0.3090909090909091,0.4588235294117647,0.07196212529831912,1.3126383968112783,2258.9999999996594,1687.0000000000664,0.9877144063216614,0.7142857142857143,0.1411764705882353
IB2R,IB2R#7,"{'ib': 30, 'stop': 'opp', 'narrow': True, 'dtf': True, 'max_bars': 999}",MGC,IS,47,0.281437125748503,0.48936170212765956,0.1507660124788999,1.6792847745484298,2271.799999999844,541.0000000000377,1.7071684856134184,0.875,0.1276595744680851
IB2R,IB2R#7,"{'ib': 30, 'stop': 'opp', 'narrow': True, 'dtf': True, 'max_bars': 999}",MGC,OOS,38,0.35185185185185186,0.42105263157894735,-0.025505840425030762,0.9967020509120416,-12.800000000184752,1687.0000000000673,-0.013406371732018408,0.5,0.15789473684210525
IB2R,IB2R#8,"{'ib': 60, 'stop': 'mid', 'narrow': False, 'dtf': False, 'max_bars': 999}",MNQ,ALL,120,0.4316546762589928,0.425,0.02142563920983546,1.0446918186148733,524.4499999999989,3263.4799999999987,0.19055166365105594,0.5714285714285714,0.175
IB2R,IB2R#8,"{'ib': 60, 'stop': 'mid', 'narrow': False, 'dtf': False, 'max_bars': 999}",MNQ,IS,80,0.47619047619047616,0.45,0.11144515054044839,1.275452872789325,1898.2999999999993,1382.8799999999992,1.1081995785094936,0.625,0.2125
IB2R,IB2R#8,"{'ib': 60, 'stop': 'mid', 'narrow': False, 'dtf': False, 'max_bars': 999}",MNQ,OOS,40,0.36363636363636365,0.375,-0.1586133834513904,0.7163371702885463,-1373.8500000000004,3263.4800000000005,-1.3281241294629373,0.5,0.1
IB2R,IB2R#8,"{'ib': 60, 'stop': 'mid', 'narrow': False, 'dtf': False, 'max_bars': 999}",MES,ALL,137,0.49280575539568344,0.4233576642335766,0.015283168738884901,1.1627883618571384,907.6199999999997,800.4650000000001,0.6810256450320579,0.5,0.20437956204379562
IB2R,IB2R#8,"{'ib': 60, 'stop': 'mid', 'narrow': False, 'dtf': False, 'max_bars': 999}",MES,IS,81,0.48214285714285715,0.43209876543209874,0.08742362278090106,1.3681035570181537,1152.685,639.2650000000001,1.3481907174630958,0.625,0.2222222222222222
IB2R,IB2R#8,"{'ib': 60, 'stop': 'mid', 'narrow': False, 'dtf': False, 'max_bars': 999}",MES,OOS,56,0.509090909090909,0.4107142857142857,-0.08906284514331701,0.89972975129345,-245.0650000000001,800.4650000000001,-0.5176502760962933,0.3333333333333333,0.17857142857142858
IB2R,IB2R#8,"{'ib': 60, 'stop': 'mid', 'narrow': False, 'dtf': False, 'max_bars': 999}",MGC,ALL,135,0.4909090909090909,0.4074074074074074,0.006087788014138353,0.9127125095153066,-1032.000000000582,2198.000000000451,-0.4231085191916169,0.42857142857142855,0.2074074074074074
IB2R,IB2R#8,"{'ib': 60, 'stop': 'mid', 'narrow': False, 'dtf': False, 'max_bars': 999}",MGC,IS,81,0.48502994011976047,0.43209876543209874,0.03704523629537535,0.9341777575448797,-491.6000000003305,2098.800000000253,-0.3078519306462572,0.375,0.2345679012345679
IB2R,IB2R#8,"{'ib': 60, 'stop': 'mid', 'narrow': False, 'dtf': False, 'max_bars': 999}",MGC,OOS,54,0.5,0.37037037037037035,-0.040348384407717125,0.8758956457835243,-540.4000000002511,1746.9000000001538,-0.6482244342591372,0.5,0.16666666666666666
IB2R,IB2R#9,"{'ib': 60, 'stop': 'mid', 'narrow': False, 'dtf': True, 'max_bars': 999}",MNQ,ALL,64,0.2302158273381295,0.515625,0.20298574663328237,1.4848764412501716,2407.1399999999994,1762.3799999999974,1.2305135684546964,0.6428571428571429,0.1875
IB2R,IB2R#9,"{'ib': 60, 'stop': 'mid', 'narrow': False, 'dtf': True, 'max_bars': 999}",MNQ,IS,42,0.25,0.5476190476190477,0.29546644648618436,1.8396694934944247,2312.92,490.6300000000001,1.9057787511478068,0.75,0.21428571428571427
IB2R,IB2R#9,"{'ib': 60, 'stop': 'mid', 'narrow': False, 'dtf': True, 'max_bars': 999}",MNQ,OOS,22,0.2,0.45454545454545453,0.02643168327774231,1.0426357992289175,94.21999999999981,1762.38,0.1270191333439069,0.5,0.13636363636363635
IB2R,IB2R#9,"{'ib': 60, 'stop': 'mid', 'narrow': False, 'dtf': True, 'max_bars': 999}",MES,ALL,72,0.2589928057553957,0.4166666666666667,0.023671314297919393,1.1293897283676364,375.0949999999998,771.1400000000001,0.4053517714114707,0.5,0.19444444444444445
IB2R,IB2R#9,"{'ib': 60, 'stop': 'mid', 'narrow': False, 'dtf': True, 'max_bars': 999}",MES,IS,45,0.26785714285714285,0.4444444444444444,0.07250849321949372,1.2521182122579706,432.94999999999993,488.045,0.7348306094083665,0.5,0.2
IB2R,IB2R#9,"{'ib': 60, 'stop': 'mid', 'narrow': False, 'dtf': True, 'max_bars': 999}",MES,OOS,27,0.24545454545454545,0.37037037037037035,-0.05772398390470452,0.9510410804727067,-57.855000000000004,771.14,-0.17256521776006709,0.5,0.18518518518518517
IB2R,IB2R#9,"{'ib': 60, 'stop': 'mid', 'narrow': False, 'dtf': True, 'max_bars': 999}",MGC,ALL,78,0.28363636363636363,0.41025641025641024,0.05758147306902476,1.0741069620351174,475.699999999651,1254.600000000166,0.25514308693595356,0.5714285714285714,0.23076923076923078
IB2R,IB2R#9,"{'ib': 60, 'stop': 'mid', 'narrow': False, 'dtf': True, 'max_bars': 999}",MGC,IS,51,0.30538922155688625,0.39215686274509803,0.0031066444572543906,0.9592374319135171,-182.60000000021742,1254.600000000166,-0.15176243612793408,0.5,0.23529411764705882
IB2R,IB2R#9,"{'ib': 60, 'stop': 'mid', 'narrow': False, 'dtf': True, 'max_bars': 999}",MGC,OOS,27,0.25,0.4444444444444444,0.16047837155792444,1.3394173756121814,658.2999999998692,776.7000000000565,1.0014034485977759,0.6666666666666666,0.2222222222222222
IB2R,IB2R#10,"{'ib': 60, 'stop': 'mid', 'narrow': True, 'dtf': False, 'max_bars': 999}",MNQ,ALL,98,0.35251798561151076,0.3877551020408163,-0.05180892417234787,0.8951886050267072,-1012.5200000000009,2798.5200000000004,-0.4328025063019142,0.42857142857142855,0.16326530612244897
IB2R,IB2R#10,"{'ib': 60, 'stop': 'mid', 'narrow': True, 'dtf': False, 'max_bars': 999}",MNQ,IS,66,0.39285714285714285,0.4090909090909091,0.033727826351301365,1.064657203847967,373.1599999999994,1707.7100000000003,0.25840703767261103,0.5,0.19696969696969696
IB2R,IB2R#10,"{'ib': 60, 'stop': 'mid', 'narrow': True, 'dtf': False, 'max_bars': 999}",MNQ,OOS,32,0.2909090909090909,0.34375,-0.22822847212737435,0.6436961306646374,-1385.6800000000003,2798.5200000000004,-1.5478616165156636,0.3333333333333333,0.09375
IB2R,IB2R#10,"{'ib': 60, 'stop': 'mid', 'narrow': True, 'dtf': False, 'max_bars': 999}",MES,ALL,112,0.4028776978417266,0.4017857142857143,-0.051243205219970146,1.0025920257414973,11.74499999999938,820.4250000000002,0.010724729735701965,0.5,0.19642857142857142
IB2R,IB2R#10,"{'ib': 60, 'stop': 'mid', 'narrow': True, 'dtf': False, 'max_bars': 999}",MES,IS,66,0.39285714285714285,0.4090909090909091,0.0460929510317505,1.232102777470037,565.6599999999996,573.075,0.8230367016710309,0.625,0.22727272727272727
IB2R,IB2R#10,"{'ib': 60, 'stop': 'mid', 'narrow': True, 'dtf': False, 'max_bars': 999}",MES,OOS,46,0.41818181818181815,0.391304347826087,-0.19089942940722154,0.7354871674876259,-553.915,820.4250000000002,-1.3642641208254487,0.3333333333333333,0.15217391304347827
IB2R,IB2R#10,"{'ib': 60, 'stop': 'mid', 'narrow': True, 'dtf': False, 'max_bars': 999}",MGC,ALL,107,0.3890909090909091,0.40186915887850466,0.011368951613738586,0.9489788757105285,-436.2000000004325,1703.900000000176,-0.21993316967568408,0.42857142857142855,0.22429906542056074
IB2R,IB2R#10,"{'ib': 60, 'stop': 'mid', 'narrow': True, 'dtf': False, 'max_bars': 999}",MGC,IS,64,0.38323353293413176,0.453125,0.07436208950218794,1.0703027872467894,350.5999999997603,808.1000000000657,0.27964352957390226,0.5,0.25
IB2R,IB2R#10,"{'ib': 60, 'stop': 'mid', 'narrow': True, 'dtf': False, 'max_bars': 999}",MGC,OOS,43,0.39814814814814814,0.32558139534883723,-0.08238827687139534,0.7791376600044493,-786.8000000001928,1489.500000000123,-1.0795211356547785,0.3333333333333333,0.18604651162790697
IB2R,IB2R#11,"{'ib': 60, 'stop': 'mid', 'narrow': True, 'dtf': True, 'max_bars': 999}",MNQ,ALL,52,0.18705035971223022,0.4807692307692308,0.16113129090835632,1.2833237133914286,1207.5199999999995,1644.3999999999996,0.7132831331966117,0.5714285714285714,0.19230769230769232
IB2R,IB2R#11,"{'ib': 60, 'stop': 'mid', 'narrow': True, 'dtf': True, 'max_bars': 999}",MNQ,IS,36,0.21428571428571427,0.5277777777777778,0.2990793268381316,1.7807316989069346,1811.3599999999997,762.4300000000001,1.7028849139251403,0.75,0.2222222222222222
IB2R,IB2R#11,"{'ib': 60, 'stop': 'mid', 'narrow': True, 'dtf': True, 'max_bars': 999}",MNQ,OOS,16,0.14545454545454545,0.375,-0.14925178993363813,0.6890468098254287,-603.8400000000001,1644.4,-0.9677243482455837,0.3333333333333333,0.125
IB2R,IB2R#11,"{'ib': 60, 'stop': 'mid', 'narrow': True, 'dtf': True, 'max_bars': 999}",MES,ALL,58,0.20863309352517986,0.41379310344827586,-0.009996369813345176,1.1591523056470363,354.9549999999998,815.5150000000001,0.43818484878048974,0.42857142857142855,0.1896551724137931
IB2R,IB2R#11,"{'ib': 60, 'stop': 'mid', 'narrow': True, 'dtf': True, 'max_bars': 999}",MES,IS,38,0.2261904761904762,0.47368421052631576,0.17050417401151782,1.7048576490461866,855.3799999999999,389.93000000000006,1.5638338049296099,0.625,0.23684210526315788
IB2R,IB2R#11,"{'ib': 60, 'stop': 'mid', 'narrow': True, 'dtf': True, 'max_bars': 999}",MES,OOS,20,0.18181818181818182,0.3,-0.3529474030805848,0.5078117700285718,-500.425,815.5150000000001,-2.0122145581907183,0.16666666666666666,0.1
IB2R,IB2R#11,"{'ib': 60, 'stop': 'mid', 'narrow': True, 'dtf': True, 'max_bars': 999}",MGC,ALL,64,0.23272727272727273,0.40625,0.04478068978479518,1.0554532591630061,286.0999999997169,901.1000000001274,0.1743475417741402,0.5384615384615384,0.25
IB2R,IB2R#11,"{'ib': 60, 'stop': 'mid', 'narrow': True, 'dtf': True, 'max_bars': 999}",MGC,IS,44,0.2634730538922156,0.4318181818181818,0.0668449673641245,1.1114416475971967,389.59999999982256,901.1000000001274,0.3615319214140664,0.5,0.25
IB2R,IB2R#11,"{'ib': 60, 'stop': 'mid', 'narrow': True, 'dtf': True, 'max_bars': 999}",MGC,OOS,20,0.18518518518518517,0.35,-0.003760720889729274,0.9377743040942114,-103.50000000010567,824.5000000000418,-0.18597243784744608,0.6,0.25
IB2R,IB2R#12,"{'ib': 60, 'stop': 'opp', 'narrow': False, 'dtf': False, 'max_bars': 999}",MNQ,ALL,120,0.4316546762589928,0.525,0.06213103358299368,1.2842506369146975,3106.199999999999,2541.9999999999945,0.968434540361439,0.6428571428571429,0.041666666666666664
IB2R,IB2R#12,"{'ib': 60, 'stop': 'opp', 'narrow': False, 'dtf': False, 'max_bars': 999}",MNQ,IS,80,0.47619047619047616,0.55,0.13451750582297262,1.6378666716901047,4063.2999999999993,870.8200000000002,1.9668243123582971,0.625,0.0625
IB2R,IB2R#12,"{'ib': 60, 'stop': 'opp', 'narrow': False, 'dtf': False, 'max_bars': 999}",MNQ,OOS,40,0.36363636363636365,0.475,-0.08264191089696418,0.7899963576841895,-957.1000000000004,2542.0,-0.8532688268360729,0.6666666666666666,0.0
IB2R,IB2R#12,"{'ib': 60, 'stop': 'opp', 'narrow': False, 'dtf': False, 'max_bars': 999}",MES,ALL,137,0.49280575539568344,0.44525547445255476,-0.021875513429806818,1.1086890918444092,695.1199999999992,1404.6100000000004,0.43949794966910544,0.5,0.051094890510948905
IB2R,IB2R#12,"{'ib': 60, 'stop': 'opp', 'narrow': False, 'dtf': False, 'max_bars': 999}",MES,IS,81,0.48214285714285715,0.48148148148148145,0.07117055003815981,1.4979529392105062,1728.3099999999993,389.92,1.6534703055431395,0.75,0.07407407407407407
IB2R,IB2R#12,"{'ib': 60, 'stop': 'opp', 'narrow': False, 'dtf': False, 'max_bars': 999}",MES,OOS,56,0.509090909090909,0.39285714285714285,-0.15645999808883,0.6467315858937449,-1033.1900000000005,1404.6100000000001,-2.002067700067814,0.16666666666666666,0.017857142857142856
IB2R,IB2R#12,"{'ib': 60, 'stop': 'opp', 'narrow': False, 'dtf': False, 'max_bars': 999}",MGC,ALL,135,0.4909090909090909,0.45925925925925926,0.018469297127468302,0.8998708468754367,-1411.000000000774,3345.60000000061,-0.44834921997309374,0.42857142857142855,0.05925925925925926
IB2R,IB2R#12,"{'ib': 60, 'stop': 'opp', 'narrow': False, 'dtf': False, 'max_bars': 999}",MGC,IS,81,0.48502994011976047,0.49382716049382713,0.07470817209674668,0.9966896304911391,-29.600000000433027,2667.400000000246,-0.013807366658113171,0.625,0.08641975308641975
IB2R,IB2R#12,"{'ib': 60, 'stop': 'opp', 'narrow': False, 'dtf': False, 'max_bars': 999}",MGC,OOS,54,0.5,0.4074074074074074,-0.06588901532644928,0.7317774067025972,-1381.4000000003407,2429.6000000001745,-1.4360973246667605,0.16666666666666666,0.018518518518518517
IB2R,IB2R#13,"{'ib': 60, 'stop': 'opp', 'narrow': False, 'dtf': True, 'max_bars': 999}",MNQ,ALL,64,0.2302158273381295,0.671875,0.1758029519852202,2.0482729586285853,4432.139999999999,1281.8999999999978,1.9700365230140602,0.7857142857142857,0.015625
IB2R,IB2R#13,"{'ib': 60, 'stop': 'opp', 'narrow': False, 'dtf': True, 'max_bars': 999}",MNQ,IS,42,0.25,0.6904761904761905,0.28012879868960056,2.8989945904595382,4170.42,577.24,2.8133078046969895,1.0,0.023809523809523808
IB2R,IB2R#13,"{'ib': 60, 'stop': 'opp', 'narrow': False, 'dtf': True, 'max_bars': 999}",MNQ,OOS,22,0.2,0.6363636363636364,-0.023364573541324176,1.128804283633214,261.7199999999998,1281.9,0.35108358156901726,0.5,0.0
IB2R,IB2R#13,"{'ib': 60, 'stop': 'opp', 'narrow': False, 'dtf': True, 'max_bars': 999}",MES,ALL,72,0.2589928057553957,0.4722222222222222,-0.0018735494858482804,1.2133553721159513,655.7199999999997,633.6400000000001,0.6033998469849827,0.5,0.027777777777777776
IB2R,IB2R#13,"{'ib': 60, 'stop': 'opp', 'narrow': False, 'dtf': True, 'max_bars': 999}",MES,IS,45,0.26785714285714285,0.5333333333333333,0.0653959464253011,1.530750450660156,980.4499999999996,438.64000000000004,1.3123854987838857,0.75,0.044444444444444446
IB2R,IB2R#13,"{'ib': 60, 'stop': 'opp', 'narrow': False, 'dtf': True, 'max_bars': 999}",MES,OOS,27,0.24545454545454545,0.37037037037037035,-0.11398937600443057,0.7351477880725563,-324.73000000000013,633.6400000000001,-1.021726909675248,0.16666666666666666,0.0
IB2R,IB2R#13,"{'ib': 60, 'stop': 'opp', 'narrow': False, 'dtf': True, 'max_bars': 999}",MGC,ALL,78,0.28363636363636363,0.44871794871794873,0.05748519469642066,1.0865291357570979,660.1999999995353,2136.600000000155,0.27150519000515316,0.5714285714285714,0.0641025641025641
IB2R,IB2R#13,"{'ib': 60, 'stop': 'opp', 'narrow': False, 'dtf': True, 'max_bars': 999}",MGC,IS,51,0.30538922155688625,0.4117647058823529,-0.004687612903716976,0.9037785129722674,-552.6000000002861,2136.600000000155,-0.33327533992792147,0.5,0.0784313725490196
IB2R,IB2R#13,"{'ib': 60, 'stop': 'opp', 'narrow': False, 'dtf': True, 'max_bars': 999}",MGC,OOS,27,0.25,0.5185185185185185,0.1749227201633473,1.6427814288741582,1212.7999999998217,614.4000000000289,1.6421077966920359,0.6666666666666666,0.037037037037037035
IB2R,IB2R#14,"{'ib': 60, 'stop': 'opp', 'narrow': True, 'dtf': False, 'max_bars': 999}",MNQ,ALL,98,0.35251798561151076,0.47959183673469385,0.03742781552846394,1.1973265916820883,1776.479999999999,1944.5199999999961,0.63315704343051,0.5714285714285714,0.05102040816326531
IB2R,IB2R#14,"{'ib': 60, 'stop': 'opp', 'narrow': True, 'dtf': False, 'max_bars': 999}",MNQ,IS,66,0.39285714285714285,0.5,0.11630067086783702,1.5024591272932046,2748.16,1083.2600000000002,1.4823126528553996,0.625,0.07575757575757576
IB2R,IB2R#14,"{'ib': 60, 'stop': 'opp', 'narrow': True, 'dtf': False, 'max_bars': 999}",MNQ,OOS,32,0.2909090909090909,0.4375,-0.12524744860899303,0.7249951886610895,-971.6800000000003,1944.5200000000002,-1.050281624873263,0.5,0.0
IB2R,IB2R#14,"{'ib': 60, 'stop': 'opp', 'narrow': True, 'dtf': False, 'max_bars': 999}",MES,ALL,112,0.4028776978417266,0.41964285714285715,-0.052562888343103686,0.9926584204776028,-37.63000000000058,1274.5200000000004,-0.028726558113309424,0.42857142857142855,0.05357142857142857
IB2R,IB2R#14,"{'ib': 60, 'stop': 'opp', 'narrow': True, 'dtf': False, 'max_bars': 999}",MES,IS,66,0.39285714285714285,0.45454545454545453,0.04816770784971157,1.380387755404425,1026.9099999999996,481.0800000000001,1.2162897709789955,0.625,0.07575757575757576
IB2R,IB2R#14,"{'ib': 60, 'stop': 'opp', 'narrow': True, 'dtf': False, 'max_bars': 999}",MES,OOS,46,0.41818181818181815,0.3695652173913043,-0.1970893959240995,0.5611881481970026,-1064.54,1199.65,-2.338583115855197,0.16666666666666666,0.021739130434782608
IB2R,IB2R#14,"{'ib': 60, 'stop': 'opp', 'narrow': True, 'dtf': False, 'max_bars': 999}",MGC,ALL,107,0.3890909090909091,0.4672897196261682,0.029584239820813114,0.9967346773211566,-32.200000000613315,2173.0000000002865,-0.012632754970387091,0.42857142857142855,0.056074766355140186
IB2R,IB2R#14,"{'ib': 60, 'stop': 'opp', 'narrow': True, 'dtf': False, 'max_bars': 999}",MGC,IS,64,0.38323353293413176,0.53125,0.10369894079220163,1.2330625220769333,1319.5999999996568,1305.8000000001325,0.7893364274646397,0.625,0.078125
IB2R,IB2R#14,"{'ib': 60, 'stop': 'opp', 'narrow': True, 'dtf': False, 'max_bars': 999}",MGC,OOS,43,0.39814814814814814,0.37209302325581395,-0.08072601278776516,0.6780815393407759,-1351.8000000002703,2031.200000000149,-1.570592229822449,0.16666666666666666,0.023255813953488372
IB2R,IB2R#15,"{'ib': 60, 'stop': 'opp', 'narrow': True, 'dtf': True, 'max_bars': 999}",MNQ,ALL,52,0.18705035971223022,0.6346153846153846,0.14015765556766152,1.7606567989554418,2773.0200000000004,1281.8999999999978,1.4381536592471882,0.6428571428571429,0.019230769230769232
IB2R,IB2R#15,"{'ib': 60, 'stop': 'opp', 'narrow': True, 'dtf': True, 'max_bars': 999}",MNQ,IS,36,0.21428571428571427,0.6666666666666666,0.2788045457615254,3.189699051195888,3544.8600000000006,413.46000000000004,2.833239854222235,0.875,0.027777777777777776
IB2R,IB2R#15,"{'ib': 60, 'stop': 'opp', 'narrow': True, 'dtf': True, 'max_bars': 999}",MNQ,OOS,16,0.14545454545454545,0.5625,-0.17179784736853226,0.6191604002605245,-771.8400000000001,1281.9,-1.1799513334150338,0.3333333333333333,0.0
IB2R,IB2R#15,"{'ib': 60, 'stop': 'opp', 'narrow': True, 'dtf': True, 'max_bars': 999}",MES,ALL,58,0.20863309352517986,0.46551724137931033,-0.013517627842677418,1.2626125339784042,631.8299999999997,758.5400000000002,0.6443450371490482,0.5714285714285714,0.034482758620689655
IB2R,IB2R#15,"{'ib': 60, 'stop': 'opp', 'narrow': True, 'dtf': True, 'max_bars': 999}",MES,IS,38,0.2261904761904762,0.5526315789473685,0.11629251534062247,1.9446398429541285,1270.3799999999997,348.68,1.847131260400679,0.75,0.05263157894736842
IB2R,IB2R#15,"{'ib': 60, 'stop': 'opp', 'narrow': True, 'dtf': True, 'max_bars': 999}",MES,OOS,20,0.18181818181818182,0.3,-0.26015689989094715,0.39822450075863947,-638.5500000000001,683.64,-2.4734303097382075,0.3333333333333333,0.0
IB2R,IB2R#15,"{'ib': 60, 'stop': 'opp', 'narrow': True, 'dtf': True, 'max_bars': 999}",MGC,ALL,64,0.23272727272727273,0.453125,0.039898373792253354,1.0485186365083798,304.59999999962474,1817.600000000115,0.14677591244718682,0.6153846153846154,0.0625
IB2R,IB2R#15,"{'ib': 60, 'stop': 'opp', 'narrow': True, 'dtf': True, 'max_bars': 999}",MGC,IS,44,0.2634730538922156,0.45454545454545453,0.00477748697448771,0.9712420606915488,-130.40000000024583,1817.600000000115,-0.09464949097916411,0.5,0.06818181818181818
IB2R,IB2R#15,"{'ib': 60, 'stop': 'opp', 'narrow': True, 'dtf': True, 'max_bars': 999}",MGC,OOS,20,0.18518518518518517,0.45,0.11716432479133773,1.2494838265656412,434.9999999998706,663.0000000000365,0.6353525874354188,0.8,0.05
ORRetest,ORRetest#0,"{'orm': 15, 'tol': 0.1, 'dtf': False, 'max_bars': 999}",MNQ,ALL,177,0.6366906474820144,0.3446327683615819,-0.030895477818928842,0.9468732404875677,-744.6246638225987,2349.5872172225318,-0.30132672599668253,0.5,0.2994350282485876
ORRetest,ORRetest#0,"{'orm': 15, 'tol': 0.1, 'dtf': False, 'max_bars': 999}",MNQ,IS,103,0.6130952380952381,0.34951456310679613,0.0067421965577324355,1.0058364077453175,42.45287220594801,1448.9756941517153,0.031244600101224783,0.5,0.3300970873786408
ORRetest,ORRetest#0,"{'orm': 15, 'tol': 0.1, 'dtf': False, 'max_bars': 999}",MNQ,OOS,74,0.6727272727272727,0.33783783783783783,-0.08328305161347091,0.8832609947017163,-787.0775360285465,2349.5872172225318,-0.7139159233808667,0.5,0.25675675675675674
ORRetest,ORRetest#0,"{'orm': 15, 'tol': 0.1, 'dtf': False, 'max_bars': 999}",MES,ALL,166,0.5971223021582733,0.3253012048192771,-0.09028595857866718,0.9265790068482869,-434.8400950228388,1416.3280298519069,-0.40534793926674856,0.35714285714285715,0.3132530120481928
ORRetest,ORRetest#0,"{'orm': 15, 'tol': 0.1, 'dtf': False, 'max_bars': 999}",MES,IS,101,0.6011904761904762,0.37623762376237624,0.05401502372287579,1.072530072084345,258.5736796591377,570.3811841316412,0.37265771014943716,0.375,0.3564356435643564
ORRetest,ORRetest#0,"{'orm': 15, 'tol': 0.1, 'dtf': False, 'max_bars': 999}",MES,OOS,65,0.5909090909090909,0.24615384615384617,-0.3145074849241416,0.7058694350829089,-693.4137746819767,845.9468457202657,-1.8542340245645024,0.3333333333333333,0.24615384615384617
ORRetest,ORRetest#0,"{'orm': 15, 'tol': 0.1, 'dtf': False, 'max_bars': 999}",MGC,ALL,179,0.6509090909090909,0.2737430167597765,-0.23562360051180692,0.5865647212871573,-5673.6504765703885,6229.7806941627305,-2.9260423293413993,0.14285714285714285,0.25139664804469275
ORRetest,ORRetest#0,"{'orm': 15, 'tol': 0.1, 'dtf': False, 'max_bars': 999}",MGC,IS,103,0.6167664670658682,0.2912621359223301,-0.19183627632348657,0.6087827369751523,-3300.8148345636387,4676.363775915252,-2.5865634960944384,0.25,0.2621359223300971
ORRetest,ORRetest#0,"{'orm': 15, 'tol': 0.1, 'dtf': False, 'max_bars': 999}",MGC,OOS,76,0.7037037037037037,0.25,-0.29496694776703064,0.5511005481084182,-2372.83564200675,2595.8640627062045,-3.626322707736088,0.0,0.23684210526315788
ORRetest,ORRetest#1,"{'orm': 15, 'tol': 0.1, 'dtf': True, 'max_bars': 999}",MNQ,ALL,90,0.3237410071942446,0.34444444444444444,-0.07445927153691681,0.8396812753790711,-1192.5075551022915,2506.728237630817,-0.687951633425507,0.5,0.26666666666666666
ORRetest,ORRetest#1,"{'orm': 15, 'tol': 0.1, 'dtf': True, 'max_bars': 999}",MNQ,IS,46,0.27380952380952384,0.3695652173913043,0.02562625422143527,1.0190393089043261,59.76533769119898,1151.496759269552,0.06719861543896959,0.5,0.32608695652173914
ORRetest,ORRetest#1,"{'orm': 15, 'tol': 0.1, 'dtf': True, 'max_bars': 999}",MNQ,OOS,44,0.4,0.3181818181818182,-0.17909413937519403,0.7087266720597316,-1252.2728927934904,2506.728237630817,-1.5277059848288312,0.5,0.20454545454545456
ORRetest,ORRetest#1,"{'orm': 15, 'tol': 0.1, 'dtf': True, 'max_bars': 999}",MES,ALL,83,0.29856115107913667,0.3253012048192771,-0.08592055771906199,0.9056556659906669,-277.549167805474,903.0080274104683,-0.3723318892524911,0.5,0.3132530120481928
ORRetest,ORRetest#1,"{'orm': 15, 'tol': 0.1, 'dtf': True, 'max_bars': 999}",MES,IS,45,0.26785714285714285,0.4,0.1294332207062812,1.1379358025717317,201.6934489454518,371.4405585311524,0.4613928738279256,0.625,0.37777777777777777
ORRetest,ORRetest#1,"{'orm': 15, 'tol': 0.1, 'dtf': True, 'max_bars': 999}",MES,OOS,38,0.34545454545454546,0.23684210526315788,-0.3409447690122315,0.6761102352113485,-479.2426167509259,715.5670243586845,-1.5575805901066762,0.3333333333333333,0.23684210526315788
ORRetest,ORRetest#1,"{'orm': 15, 'tol': 0.1, 'dtf': True, 'max_bars': 999}",MGC,ALL,94,0.3418181818181818,0.26595744680851063,-0.2620495188699655,0.5882956714119043,-2641.7725856047173,2855.9841018755656,-2.170636620701891,0.21428571428571427,0.24468085106382978
ORRetest,ORRetest#1,"{'orm': 15, 'tol': 0.1, 'dtf': True, 'max_bars': 999}",MGC,IS,55,0.32934131736526945,0.2545454545454545,-0.31727452161569103,0.4948097811728199,-1990.1357068520404,2158.7782170580836,-2.7562183623577328,0.125,0.21818181818181817
ORRetest,ORRetest#1,"{'orm': 15, 'tol': 0.1, 'dtf': True, 'max_bars': 999}",MGC,OOS,39,0.3611111111111111,0.28205128205128205,-0.18416810474137832,0.7369563244041493,-651.6368787526766,1021.0478266452482,-1.3144936548077581,0.3333333333333333,0.28205128205128205
ORRetest,ORRetest#2,"{'orm': 15, 'tol': 0.3, 'dtf': False, 'max_bars': 999}",MNQ,ALL,193,0.6942446043165468,0.35233160621761656,0.002249356640191062,1.027782230630123,415.82196061168906,2058.767394531342,0.15664792836359,0.5,0.3160621761658031
ORRetest,ORRetest#2,"{'orm': 15, 'tol': 0.3, 'dtf': False, 'max_bars': 999}",MNQ,IS,114,0.6785714285714286,0.35964912280701755,0.0392884990570713,1.1225974608595228,950.5594028043558,1153.9120206617097,0.6445170759938132,0.5,0.34210526315789475
ORRetest,ORRetest#2,"{'orm': 15, 'tol': 0.3, 'dtf': False, 'max_bars': 999}",MNQ,OOS,79,0.7181818181818181,0.34177215189873417,-0.05119953241707919,0.9258718714391717,-534.7374421926668,2058.767394531342,-0.45658509459806335,0.5,0.27848101265822783
ORRetest,ORRetest#2,"{'orm': 15, 'tol': 0.3, 'dtf': False, 'max_bars': 999}",MES,ALL,185,0.6654676258992805,0.34054054054054056,-0.0588638351966119,0.8982541591176475,-697.7133235300967,1484.5659565659707,-0.6011913456255313,0.42857142857142855,0.31891891891891894
ORRetest,ORRetest#2,"{'orm': 15, 'tol': 0.3, 'dtf': False, 'max_bars': 999}",MES,IS,111,0.6607142857142857,0.36036036036036034,-0.007125859326324638,0.933597409850661,-275.9825999099564,776.2591014827141,-0.3852707535082374,0.375,0.3333333333333333
ORRetest,ORRetest#2,"{'orm': 15, 'tol': 0.3, 'dtf': False, 'max_bars': 999}",MES,OOS,74,0.6727272727272727,0.3108108108108108,-0.13647079900204276,0.8438734829102966,-421.73072362014045,893.4911032896733,-0.946082452595121,0.5,0.2972972972972973
ORRetest,ORRetest#2,"{'orm': 15, 'tol': 0.3, 'dtf': False, 'max_bars': 999}",MGC,ALL,192,0.6981818181818182,0.3072916666666667,-0.1415270824337482,0.7260866183811817,-3823.871525132711,4726.448382426973,-1.8070734276013645,0.42857142857142855,0.2760416666666667
ORRetest,ORRetest#2,"{'orm': 15, 'tol': 0.3, 'dtf': False, 'max_bars': 999}",MGC,IS,110,0.6586826347305389,0.3181818181818182,-0.11774329223739959,0.7306697324094688,-2342.4431964434198,4238.615128997326,-1.6808943846944069,0.625,0.2818181818181818
ORRetest,ORRetest#2,"{'orm': 15, 'tol': 0.3, 'dtf': False, 'max_bars': 999}",MGC,OOS,82,0.7592592592592593,0.2926829268292683,-0.1734321668434842,0.7185126622265137,-1481.4283286892905,1859.7795228950865,-2.0776390826495557,0.16666666666666666,0.2682926829268293
ORRetest,ORRetest#3,"{'orm': 15, 'tol': 0.3, 'dtf': True, 'max_bars': 999}",MNQ,ALL,101,0.36330935251798563,0.3564356435643564,-0.01734418554212837,0.9801055878650625,-156.9673229906502,1536.7486865049418,-0.08213744787041165,0.42857142857142855,0.297029702970297
ORRetest,ORRetest#3,"{'orm': 15, 'tol': 0.3, 'dtf': True, 'max_bars': 999}",MNQ,IS,52,0.30952380952380953,0.36538461538461536,0.01958511371730171,1.0772306110863392,262.55587645050696,856.1255131166561,0.2744311790221059,0.5,0.3269230769230769
ORRetest,ORRetest#3,"{'orm': 15, 'tol': 0.3, 'dtf': True, 'max_bars': 999}",MNQ,OOS,49,0.44545454545454544,0.3469387755102041,-0.05653446230723779,0.9065730172112161,-419.5231994411572,1536.748686504942,-0.4547696637687987,0.3333333333333333,0.2653061224489796
ORRetest,ORRetest#3,"{'orm': 15, 'tol': 0.3, 'dtf': True, 'max_bars': 999}",MES,ALL,93,0.3345323741007194,0.34408602150537637,-0.046089372597883184,0.9448163633114577,-191.64069848866217,952.17532318037,-0.22132378299038155,0.5,0.3225806451612903
ORRetest,ORRetest#3,"{'orm': 15, 'tol': 0.3, 'dtf': True, 'max_bars': 999}",MES,IS,51,0.30357142857142855,0.37254901960784315,0.01471816025023233,0.9959725576265187,-7.369551503033314,436.984799906528,-0.015047115559547604,0.5,0.3333333333333333
ORRetest,ORRetest#3,"{'orm': 15, 'tol': 0.3, 'dtf': True, 'max_bars': 999}",MES,OOS,42,0.38181818181818183,0.30952380952380953,-0.11992709105630915,0.8878410965672164,-184.27114698562866,730.156484506474,-0.49129822689759933,0.5,0.30952380952380953
ORRetest,ORRetest#3,"{'orm': 15, 'tol': 0.3, 'dtf': True, 'max_bars': 999}",MGC,ALL,100,0.36363636363636365,0.3,-0.15294144095313697,0.6933334916287865,-1988.406629343735,2367.8487039954007,-1.5619507187438204,0.2857142857142857,0.28
ORRetest,ORRetest#3,"{'orm': 15, 'tol': 0.3, 'dtf': True, 'max_bars': 999}",MGC,IS,58,0.3473053892215569,0.27586206896551724,-0.2419555820611849,0.56058362817487,-1771.2252307278845,1907.7646052824145,-2.3527479982275668,0.125,0.2413793103448276
ORRetest,ORRetest#3,"{'orm': 15, 'tol': 0.3, 'dtf': True, 'max_bars': 999}",MGC,OOS,42,0.3888888888888889,0.3333333333333333,-0.030017150851546787,0.9114658124167785,-217.18139861585047,662.2464588069719,-0.41778454084970745,0.5,0.3333333333333333
ORRetest,ORRetest#4,"{'orm': 30, 'tol': 0.1, 'dtf': False, 'max_bars': 999}",MNQ,ALL,147,0.5287769784172662,0.3333333333333333,-0.02681672287697239,0.9839988657106395,-160.76071032415564,2472.6046655076193,-0.0768017838030915,0.35714285714285715,0.3197278911564626
ORRetest,ORRetest#4,"{'orm': 30, 'tol': 0.1, 'dtf': False, 'max_bars': 999}",MNQ,IS,85,0.5059523809523809,0.3764705882352941,0.08831423656832076,1.1808508728190175,831.8055765715192,913.5914282140005,0.7976393602628373,0.5,0.36470588235294116
ORRetest,ORRetest#4,"{'orm': 30, 'tol': 0.1, 'dtf': False, 'max_bars': 999}",MNQ,OOS,62,0.5636363636363636,0.27419354838709675,-0.18465755437455164,0.8177918818874942,-992.5662868956747,2472.6046655076193,-0.9812265543916698,0.16666666666666666,0.25806451612903225
ORRetest,ORRetest#4,"{'orm': 30, 'tol': 0.1, 'dtf': False, 'max_bars': 999}",MES,ALL,167,0.6007194244604317,0.30538922155688625,-0.1619342140956583,0.8138640037742415,-990.6439473858194,1289.6295107219248,-1.1118049217652557,0.35714285714285715,0.2874251497005988
ORRetest,ORRetest#4,"{'orm': 30, 'tol': 0.1, 'dtf': False, 'max_bars': 999}",MES,IS,98,0.5833333333333334,0.3469387755102041,-0.03535451251067806,0.936297525344521,-193.01162245713363,501.066799995879,-0.34708305496510256,0.5,0.32653061224489793
ORRetest,ORRetest#4,"{'orm': 30, 'tol': 0.1, 'dtf': False, 'max_bars': 999}",MES,OOS,69,0.6272727272727273,0.2463768115942029,-0.3417140801149056,0.6520322448065959,-797.6323249286859,1137.980266065597,-2.3868890015811344,0.16666666666666666,0.2318840579710145
ORRetest,ORRetest#4,"{'orm': 30, 'tol': 0.1, 'dtf': False, 'max_bars': 999}",MGC,ALL,155,0.5636363636363636,0.2967741935483871,-0.1761869369831556,0.6710696404456883,-3419.206839758134,4023.1247271905736,-2.076252079820532,0.42857142857142855,0.2645161290322581
ORRetest,ORRetest#4,"{'orm': 30, 'tol': 0.1, 'dtf': False, 'max_bars': 999}",MGC,IS,94,0.562874251497006,0.30851063829787234,-0.14998894573557373,0.6358841351009845,-2412.3801577914032,3308.2033087702853,-2.3265481402658827,0.5,0.2765957446808511
ORRetest,ORRetest#4,"{'orm': 30, 'tol': 0.1, 'dtf': False, 'max_bars': 999}",MGC,OOS,61,0.5648148148148148,0.2786885245901639,-0.21655761202041288,0.7329100976253982,-1006.8266819667296,1369.7698985769625,-1.6490314634747925,0.3333333333333333,0.2459016393442623
ORRetest,ORRetest#5,"{'orm': 30, 'tol': 0.1, 'dtf': True, 'max_bars': 999}",MNQ,ALL,78,0.2805755395683453,0.3333333333333333,-0.04544479675721055,0.8898028655416981,-610.9797922185239,1902.1485578248657,-0.4066966207842961,0.35714285714285715,0.3076923076923077
ORRetest,ORRetest#5,"{'orm': 30, 'tol': 0.1, 'dtf': True, 'max_bars': 999}",MNQ,IS,42,0.25,0.35714285714285715,0.010822601088558682,0.910229062428734,-221.9546267434983,891.293042809869,-0.3246666915429011,0.25,0.3333333333333333
ORRetest,ORRetest#5,"{'orm': 30, 'tol': 0.1, 'dtf': True, 'max_bars': 999}",MNQ,OOS,36,0.32727272727272727,0.3055555555555556,-0.11109009424394121,0.8733629733956833,-389.02516547502546,1902.1485578248657,-0.50610486454138,0.5,0.2777777777777778
ORRetest,ORRetest#5,"{'orm': 30, 'tol': 0.1, 'dtf': True, 'max_bars': 999}",MES,ALL,83,0.29856115107913667,0.2891566265060241,-0.21085058764646636,0.8426926664645426,-398.41392841346635,919.7846926615953,-0.6421167108386969,0.5,0.26506024096385544
ORRetest,ORRetest#5,"{'orm': 30, 'tol': 0.1, 'dtf': True, 'max_bars': 999}",MES,IS,46,0.27380952380952384,0.3695652173913043,0.05105001802386246,1.1674728849279918,217.1044383970701,318.73585635808945,0.5566984957084402,0.75,0.34782608695652173
ORRetest,ORRetest#5,"{'orm': 30, 'tol': 0.1, 'dtf': True, 'max_bars': 999}",MES,OOS,37,0.33636363636363636,0.1891891891891892,-0.5364567460474158,0.5021506635050361,-615.5183668105365,919.7846926615952,-2.702108720633136,0.16666666666666666,0.16216216216216217
ORRetest,ORRetest#5,"{'orm': 30, 'tol': 0.1, 'dtf': True, 'max_bars': 999}",MGC,ALL,87,0.31636363636363635,0.2988505747126437,-0.1552350256841541,0.7206775579900764,-1487.7978446339225,1998.7319441101504,-1.2823920268670284,0.2857142857142857,0.28735632183908044
ORRetest,ORRetest#5,"{'orm': 30, 'tol': 0.1, 'dtf': True, 'max_bars': 999}",MGC,IS,50,0.2994011976047904,0.34,-0.04701237567138818,0.7694844800276024,-672.7908272099194,1073.9132871927047,-0.9883738277706334,0.375,0.32
ORRetest,ORRetest#5,"{'orm': 30, 'tol': 0.1, 'dtf': True, 'max_bars': 999}",MGC,OOS,37,0.3425925925925926,0.24324324324324326,-0.30148185002572964,0.661516246738542,-815.0070174240037,924.818656917447,-1.6971409976663767,0.16666666666666666,0.24324324324324326
ORRetest,ORRetest#6,"{'orm': 30, 'tol': 0.3, 'dtf': False, 'max_bars': 999}",MNQ,ALL,163,0.5863309352517986,0.34355828220858897,0.01606312857703121,1.026946070685856,293.04459489737354,2273.534395290383,0.13360513381876946,0.5,0.3374233128834356
ORRetest,ORRetest#6,"{'orm': 30, 'tol': 0.3, 'dtf': False, 'max_bars': 999}",MNQ,IS,97,0.5773809523809523,0.38144329896907214,0.12503132385088597,1.2142110683443255,1093.9943014130097,1021.0397053783405,1.0028590180820556,0.625,0.38144329896907214
ORRetest,ORRetest#6,"{'orm': 30, 'tol': 0.3, 'dtf': False, 'max_bars': 999}",MNQ,OOS,66,0.6,0.2878787878787879,-0.1440870978103008,0.8611424572914522,-800.9497065156361,2273.534395290383,-0.7545015040631657,0.3333333333333333,0.2727272727272727
ORRetest,ORRetest#6,"{'orm': 30, 'tol': 0.3, 'dtf': False, 'max_bars': 999}",MES,ALL,179,0.6438848920863309,0.3128491620111732,-0.14491728047636074,0.8061238728571489,-1138.291949066567,1381.3387718440424,-1.197196171293385,0.35714285714285715,0.2905027932960894
ORRetest,ORRetest#6,"{'orm': 30, 'tol': 0.3, 'dtf': False, 'max_bars': 999}",MES,IS,106,0.6309523809523809,0.3490566037735849,-0.026801025295492296,0.9396417520082794,-202.23768039023787,469.7984260701433,-0.3402412271244226,0.5,0.330188679245283
ORRetest,ORRetest#6,"{'orm': 30, 'tol': 0.3, 'dtf': False, 'max_bars': 999}",MES,OOS,73,0.6636363636363637,0.2602739726027397,-0.3164285551225533,0.6286399423306157,-936.054268676329,1276.4022098132405,-2.636393532496344,0.16666666666666666,0.2328767123287671
ORRetest,ORRetest#6,"{'orm': 30, 'tol': 0.3, 'dtf': False, 'max_bars': 999}",MGC,ALL,164,0.5963636363636363,0.2804878048780488,-0.22279704542011194,0.6323869279591127,-4181.423763746282,4785.341651178722,-2.437846840858502,0.42857142857142855,0.25
ORRetest,ORRetest#6,"{'orm': 30, 'tol': 0.3, 'dtf': False, 'max_bars': 999}",MGC,IS,98,0.5868263473053892,0.30612244897959184,-0.15475045031051748,0.6600520185770795,-2380.8835598098326,3701.750634048979,-2.158256504391823,0.625,0.2755102040816326
ORRetest,ORRetest#6,"{'orm': 30, 'tol': 0.3, 'dtf': False, 'max_bars': 999}",MGC,OOS,66,0.6111111111111112,0.24242424242424243,-0.3238359290676915,0.5880575644279474,-1800.5402039364485,2040.7693926681409,-2.951415730655556,0.16666666666666666,0.21212121212121213
ORRetest,ORRetest#7,"{'orm': 30, 'tol': 0.3, 'dtf': True, 'max_bars': 999}",MNQ,ALL,88,0.31654676258992803,0.3522727272727273,0.03541795916017785,1.0154461368502201,90.20015212844214,1447.3388786099254,0.05651841491103272,0.42857142857142855,0.3409090909090909
ORRetest,ORRetest#7,"{'orm': 30, 'tol': 0.3, 'dtf': True, 'max_bars': 999}",MNQ,IS,49,0.2916666666666667,0.3469387755102041,0.023713479374223932,0.9684486681059955,-85.79135115015914,906.1789855015409,-0.11961291708745911,0.25,0.3469387755102041
ORRetest,ORRetest#7,"{'orm': 30, 'tol': 0.3, 'dtf': True, 'max_bars': 999}",MNQ,OOS,39,0.35454545454545455,0.358974358974359,0.05012358760919679,1.056397523269093,175.9915032786015,1447.3388786099254,0.21415033725264657,0.6666666666666666,0.3333333333333333
ORRetest,ORRetest#7,"{'orm': 30, 'tol': 0.3, 'dtf': True, 'max_bars': 999}",MES,ALL,89,0.32014388489208634,0.2808988764044944,-0.23436350431159325,0.7278843183694007,-793.3983075715557,1036.5495723257802,-1.2242303152926044,0.42857142857142855,0.25842696629213485
ORRetest,ORRetest#7,"{'orm': 30, 'tol': 0.3, 'dtf': True, 'max_bars': 999}",MES,IS,51,0.30357142857142855,0.35294117647058826,0.0006133562641189952,0.9730031987011132,-41.658476457300225,305.8162680028678,-0.10414393337750742,0.625,0.3333333333333333
ORRetest,ORRetest#7,"{'orm': 30, 'tol': 0.3, 'dtf': True, 'max_bars': 999}",MES,OOS,38,0.34545454545454546,0.18421052631578946,-0.5497271856105757,0.4523146686157064,-751.7398311142554,1036.54957232578,-3.0501461554453853,0.16666666666666666,0.15789473684210525
ORRetest,ORRetest#7,"{'orm': 30, 'tol': 0.3, 'dtf': True, 'max_bars': 999}",MGC,ALL,91,0.33090909090909093,0.2967032967032967,-0.16070820113831466,0.6987581366285753,-1680.0275496628506,2190.961649139078,-1.4475224172512362,0.35714285714285715,0.2857142857142857
ORRetest,ORRetest#7,"{'orm': 30, 'tol': 0.3, 'dtf': True, 'max_bars': 999}",MGC,IS,52,0.31137724550898205,0.34615384615384615,-0.026848822627579476,0.8097585364158644,-572.654550352657,1068.7983882987169,-0.8148530034728051,0.5,0.3269230769230769
ORRetest,ORRetest#7,"{'orm': 30, 'tol': 0.3, 'dtf': True, 'max_bars': 999}",MGC,OOS,39,0.3611111111111111,0.23076923076923078,-0.3391873724859617,0.5685884245629382,-1107.372999310193,1305.140885480594,-2.415057343466678,0.16666666666666666,0.23076923076923078
OpenDrive,OpenDrive#0,"{'k': 0.25, 'pb': 'ema9', 'dtf': False, 'max_bars': 999}",MNQ,ALL,93,0.3345323741007194,0.34408602150537637,-0.03645112923645017,0.9575575748800932,-328.4084977227041,1699.5473864587207,-0.17362783869807166,0.5384615384615384,0.27956989247311825
OpenDrive,OpenDrive#0,"{'k': 0.25, 'pb': 'ema9', 'dtf': False, 'max_bars': 999}",MNQ,IS,59,0.35119047619047616,0.3389830508474576,-0.06716314972418495,0.882431345066227,-559.7262358325795,1699.5473864587207,-0.5267240274680944,0.5,0.2542372881355932
OpenDrive,OpenDrive#0,"{'k': 0.25, 'pb': 'ema9', 'dtf': False, 'max_bars': 999}",MNQ,OOS,34,0.3090909090909091,0.35294117647058826,0.016843259256971943,1.0777043574251428,231.31773810987534,938.4808787979018,0.2803384426637579,0.6,0.3235294117647059
OpenDrive,OpenDrive#0,"{'k': 0.25, 'pb': 'ema9', 'dtf': False, 'max_bars': 999}",MES,ALL,88,0.31654676258992803,0.23863636363636365,-0.3721771308143069,0.41875504016694176,-2735.7384697352945,2892.0913807957563,-3.359872085624644,0.21428571428571427,0.19318181818181818
OpenDrive,OpenDrive#0,"{'k': 0.25, 'pb': 'ema9', 'dtf': False, 'max_bars': 999}",MES,IS,51,0.30357142857142855,0.21568627450980393,-0.4418090729026735,0.31884998026026407,-2028.7312416137404,2116.98955194893,-4.274322985361752,0.125,0.1568627450980392
OpenDrive,OpenDrive#0,"{'k': 0.25, 'pb': 'ema9', 'dtf': False, 'max_bars': 999}",MES,OOS,37,0.33636363636363636,0.2702702702702703,-0.27619796739520713,0.5909224708832251,-707.0072281215544,864.5942316784797,-2.085910272579286,0.3333333333333333,0.24324324324324326
OpenDrive,OpenDrive#0,"{'k': 0.25, 'pb': 'ema9', 'dtf': False, 'max_bars': 999}",MGC,ALL,60,0.21818181818181817,0.35,-0.06935580864073125,1.4842784878167508,2210.5655951292183,1707.6916830355372,0.9864142674572466,0.42857142857142855,0.2833333333333333
OpenDrive,OpenDrive#0,"{'k': 0.25, 'pb': 'ema9', 'dtf': False, 'max_bars': 999}",MGC,IS,35,0.20958083832335328,0.45714285714285713,0.2682705783475797,2.1622928670171992,3250.10519304957,1278.1580197798294,1.9345002252833634,0.75,0.4
OpenDrive,OpenDrive#0,"{'k': 0.25, 'pb': 'ema9', 'dtf': False, 'max_bars': 999}",MGC,OOS,25,0.23148148148148148,0.2,-0.5420327504243665,0.4121481991001196,-1039.539597920352,1394.9116434191883,-2.90487309006734,0.0,0.12
OpenDrive,OpenDrive#1,"{'k': 0.25, 'pb': 'ema9', 'dtf': True, 'max_bars': 999}",MNQ,ALL,45,0.1618705035971223,0.3333333333333333,-0.07472268784456723,0.8178639680733157,-760.279038417849,968.2363553540529,-0.5497157934806783,0.3333333333333333,0.26666666666666666
OpenDrive,OpenDrive#1,"{'k': 0.25, 'pb': 'ema9', 'dtf': True, 'max_bars': 999}",MNQ,IS,24,0.14285714285714285,0.3333333333333333,-0.053497752134139986,0.7780391903766097,-452.3297779995318,897.2043452954092,-0.6618545264423491,0.2857142857142857,0.25
OpenDrive,OpenDrive#1,"{'k': 0.25, 'pb': 'ema9', 'dtf': True, 'max_bars': 999}",MNQ,OOS,21,0.19090909090909092,0.3333333333333333,-0.09897975722791263,0.8558530315393716,-307.9492604183171,968.2363553540529,-0.4569017155842169,0.4,0.2857142857142857
OpenDrive,OpenDrive#1,"{'k': 0.25, 'pb': 'ema9', 'dtf': True, 'max_bars': 999}",MES,ALL,49,0.17625899280575538,0.20408163265306123,-0.46554137534622986,0.2686646546860406,-2028.5533077555558,2222.2885731200067,-3.543884908419694,0.23076923076923078,0.16326530612244897
OpenDrive,OpenDrive#1,"{'k': 0.25, 'pb': 'ema9', 'dtf': True, 'max_bars': 999}",MES,IS,22,0.13095238095238096,0.18181818181818182,-0.49708811117656443,0.19924700531194828,-1169.1247496486078,1294.7654142877807,-3.5560033445555677,0.2857142857142857,0.13636363636363635
OpenDrive,OpenDrive#1,"{'k': 0.25, 'pb': 'ema9', 'dtf': True, 'max_bars': 999}",MES,OOS,27,0.24545454545454545,0.2222222222222222,-0.4398366276326239,0.3458126344213058,-859.4285581069475,927.5231588322262,-3.5279167108806515,0.16666666666666666,0.18518518518518517
OpenDrive,OpenDrive#1,"{'k': 0.25, 'pb': 'ema9', 'dtf': True, 'max_bars': 999}",MGC,ALL,25,0.09090909090909091,0.32,-0.18541809486441763,0.9104185899224975,-165.83966174555368,1199.5765429293979,-0.1876123009871999,0.5,0.24
OpenDrive,OpenDrive#1,"{'k': 0.25, 'pb': 'ema9', 'dtf': True, 'max_bars': 999}",MGC,IS,14,0.08383233532934131,0.42857142857142855,0.049955627893154345,1.2097114538825617,218.81892715214914,727.0780660609094,0.36506485000532296,0.7142857142857143,0.2857142857142857
OpenDrive,OpenDrive#1,"{'k': 0.25, 'pb': 'ema9', 'dtf': True, 'max_bars': 999}",MGC,OOS,11,0.10185185185185185,0.18181818181818182,-0.48498465110132744,0.523845804405294,-384.658588897703,756.5777101458732,-1.4062860576845941,0.2,0.18181818181818182
OpenDrive,OpenDrive#2,"{'k': 0.25, 'pb': 'vwap', 'dtf': False, 'max_bars': 999}",MNQ,ALL,75,0.2697841726618705,0.3333333333333333,-0.0542784796656863,0.8916160680925337,-704.1890984119389,1742.5647661356702,-0.421263995295683,0.38461538461538464,0.26666666666666666
OpenDrive,OpenDrive#2,"{'k': 0.25, 'pb': 'vwap', 'dtf': False, 'max_bars': 999}",MNQ,IS,44,0.2619047619047619,0.4090909090909091,0.1257877316979079,1.0753093092517503,263.86477631364414,944.7408153983754,0.26872527526951673,0.375,0.29545454545454547
OpenDrive,OpenDrive#2,"{'k': 0.25, 'pb': 'vwap', 'dtf': False, 'max_bars': 999}",MNQ,OOS,31,0.2818181818181818,0.22580645161290322,-0.30985632805272323,0.6766066409008604,-968.053874725583,1453.3478977654972,-1.4040968029087169,0.4,0.22580645161290322
OpenDrive,OpenDrive#2,"{'k': 0.25, 'pb': 'vwap', 'dtf': False, 'max_bars': 999}",MES,ALL,72,0.2589928057553957,0.2777777777777778,-0.24967575480022802,0.5547110129538056,-1710.5876227520564,1831.9033648049176,-2.05253826127243,0.2857142857142857,0.2361111111111111
OpenDrive,OpenDrive#2,"{'k': 0.25, 'pb': 'vwap', 'dtf': False, 'max_bars': 999}",MES,IS,38,0.2261904761904762,0.2631578947368421,-0.28671738252853823,0.4755633589544016,-1220.9475814726966,1312.3945570485037,-2.4166425543995,0.125,0.21052631578947367
OpenDrive,OpenDrive#2,"{'k': 0.25, 'pb': 'vwap', 'dtf': False, 'max_bars': 999}",MES,OOS,34,0.3090909090909091,0.29411764705882354,-0.20827628851564597,0.6764656498115859,-489.64004127935925,810.8352212647001,-1.486780543757312,0.5,0.2647058823529412
OpenDrive,OpenDrive#2,"{'k': 0.25, 'pb': 'vwap', 'dtf': False, 'max_bars': 999}",MGC,ALL,53,0.19272727272727272,0.3018867924528302,-0.20629911871561873,0.7377813474249942,-1237.089094893458,2825.0864939234566,-0.8705593873020293,0.3076923076923077,0.24528301886792453
OpenDrive,OpenDrive#2,"{'k': 0.25, 'pb': 'vwap', 'dtf': False, 'max_bars': 999}",MGC,IS,31,0.18562874251497005,0.3870967741935484,0.04501222182891004,0.9975578626487918,-7.193404438803157,1659.8815997315457,-0.007097677678632785,0.5714285714285714,0.3225806451612903
OpenDrive,OpenDrive#2,"{'k': 0.25, 'pb': 'vwap', 'dtf': False, 'max_bars': 999}",MGC,OOS,22,0.2037037037037037,0.18181818181818182,-0.5604196440283638,0.3060221215001139,-1229.8956904546546,1418.2546158385553,-3.445348259206343,0.0,0.13636363636363635
OpenDrive,OpenDrive#3,"{'k': 0.25, 'pb': 'vwap', 'dtf': True, 'max_bars': 999}",MNQ,ALL,37,0.13309352517985612,0.32432432432432434,-0.09634010053173783,0.7559027327328071,-873.6200458576088,1606.2309035505514,-0.7233385193464495,0.4166666666666667,0.24324324324324326
OpenDrive,OpenDrive#3,"{'k': 0.25, 'pb': 'vwap', 'dtf': True, 'max_bars': 999}",MNQ,IS,19,0.1130952380952381,0.47368421052631576,0.2990890659658108,1.1420022709113724,216.05328326950735,516.5575744234352,0.3268634633917048,0.5714285714285714,0.3157894736842105
OpenDrive,OpenDrive#3,"{'k': 0.25, 'pb': 'vwap', 'dtf': True, 'max_bars': 999}",MNQ,OOS,18,0.16363636363636364,0.16666666666666666,-0.513737554056928,0.4703910873741476,-1089.6733291271162,1273.6952480064372,-2.0244015621259615,0.2,0.16666666666666666
OpenDrive,OpenDrive#3,"{'k': 0.25, 'pb': 'vwap', 'dtf': True, 'max_bars': 999}",MES,ALL,40,0.14388489208633093,0.175,-0.5336626915552533,0.32048509257480745,-1659.8319416507775,1727.926542376056,-2.710106550789751,0.3076923076923077,0.15
OpenDrive,OpenDrive#3,"{'k': 0.25, 'pb': 'vwap', 'dtf': True, 'max_bars': 999}",MES,IS,17,0.10119047619047619,0.17647058823529413,-0.45059785709897787,0.371585379438358,-794.0109426795,975.7743123924565,-2.0470483678924385,0.2857142857142857,0.17647058823529413
OpenDrive,OpenDrive#3,"{'k': 0.25, 'pb': 'vwap', 'dtf': True, 'max_bars': 999}",MES,OOS,23,0.20909090909090908,0.17391304347826086,-0.5950584387620653,0.26572908752727076,-865.8209989712775,1033.1731928976797,-3.866850650846238,0.3333333333333333,0.13043478260869565
OpenDrive,OpenDrive#3,"{'k': 0.25, 'pb': 'vwap', 'dtf': True, 'max_bars': 999}",MGC,ALL,21,0.07636363636363637,0.42857142857142855,0.11953322451614676,1.1754370256700586,255.62775948988613,876.5944917219072,0.3014272562255031,0.5,0.3333333333333333
OpenDrive,OpenDrive#3,"{'k': 0.25, 'pb': 'vwap', 'dtf': True, 'max_bars': 999}",MGC,IS,12,0.0718562874251497,0.5833333333333334,0.48005184794395245,1.8925305278798126,611.1248752357649,439.55965850231667,1.1094993546742877,0.6666666666666666,0.4166666666666667
OpenDrive,OpenDrive#3,"{'k': 0.25, 'pb': 'vwap', 'dtf': True, 'max_bars': 999}",MGC,OOS,9,0.08333333333333333,0.2222222222222222,-0.3611582733875942,0.5397386233086024,-355.4971157458789,721.1140664969748,-1.2134468102659195,0.25,0.2222222222222222
OpenDrive,OpenDrive#4,"{'k': 0.4, 'pb': 'ema9', 'dtf': False, 'max_bars': 999}",MNQ,ALL,54,0.19424460431654678,0.2777777777777778,-0.19941988086956897,0.7220496250203984,-1453.7663754859327,1731.8203357801115,-0.984354468489282,0.38461538461538464,0.24074074074074073
OpenDrive,OpenDrive#4,"{'k': 0.4, 'pb': 'ema9', 'dtf': False, 'max_bars': 999}",MNQ,IS,33,0.19642857142857142,0.24242424242424243,-0.34316529597518736,0.5246599615025014,-1550.497996749664,1605.0398840780463,-2.0042630137903594,0.25,0.18181818181818182
OpenDrive,OpenDrive#4,"{'k': 0.4, 'pb': 'ema9', 'dtf': False, 'max_bars': 999}",MNQ,OOS,21,0.19090909090909092,0.3333333333333333,0.026465771439259662,1.0491413129324705,96.73162126373133,596.6203589243437,0.14083547259424098,0.6,0.3333333333333333
OpenDrive,OpenDrive#4,"{'k': 0.4, 'pb': 'ema9', 'dtf': False, 'max_bars': 999}",MES,ALL,35,0.12589928057553956,0.3142857142857143,-0.1910208435747888,0.612315754181098,-716.8623613994789,956.2477928908305,-1.2309874144798238,0.3333333333333333,0.22857142857142856
OpenDrive,OpenDrive#4,"{'k': 0.4, 'pb': 'ema9', 'dtf': False, 'max_bars': 999}",MES,IS,22,0.13095238095238096,0.2727272727272727,-0.37223464687422836,0.4074767965113891,-729.0284511902421,765.1819336171121,-2.3009449434654377,0.14285714285714285,0.13636363636363635
OpenDrive,OpenDrive#4,"{'k': 0.4, 'pb': 'ema9', 'dtf': False, 'max_bars': 999}",MES,OOS,13,0.11818181818181818,0.38461538461538464,0.11564866970118597,1.0196636826679255,12.166089790763046,300.0222614520696,0.046513448063570745,0.6,0.38461538461538464
OpenDrive,OpenDrive#4,"{'k': 0.4, 'pb': 'ema9', 'dtf': False, 'max_bars': 999}",MGC,ALL,30,0.10909090909090909,0.3,-0.1597700447293276,1.259550508787414,676.1730679996821,1205.4203302746305,0.391848586884534,0.45454545454545453,0.26666666666666666
OpenDrive,OpenDrive#4,"{'k': 0.4, 'pb': 'ema9', 'dtf': False, 'max_bars': 999}",MGC,IS,15,0.08982035928143713,0.4,0.18318332790407527,1.823993886641744,1250.178348675405,961.7993149889081,0.9660184222481595,0.6666666666666666,0.4
OpenDrive,OpenDrive#4,"{'k': 0.4, 'pb': 'ema9', 'dtf': False, 'max_bars': 999}",MGC,OOS,15,0.1388888888888889,0.2,-0.5027234173627304,0.4723981004845147,-574.005280675723,787.159839122741,-1.9722893994769364,0.2,0.13333333333333333
OpenDrive,OpenDrive#5,"{'k': 0.4, 'pb': 'ema9', 'dtf': True, 'max_bars': 999}",MNQ,ALL,27,0.09712230215827339,0.25925925925925924,-0.23630869122175172,0.642538026878335,-1028.4019895542485,1336.8773163793796,-0.9279386609314755,0.3333333333333333,0.25925925925925924
OpenDrive,OpenDrive#5,"{'k': 0.4, 'pb': 'ema9', 'dtf': True, 'max_bars': 999}",MNQ,IS,13,0.07738095238095238,0.15384615384615385,-0.5541729185524071,0.33073798418511674,-939.078543954017,939.078543954017,-1.9528095590930734,0.2857142857142857,0.15384615384615385
OpenDrive,OpenDrive#5,"{'k': 0.4, 'pb': 'ema9', 'dtf': True, 'max_bars': 999}",MNQ,OOS,14,0.12727272727272726,0.35714285714285715,0.058850948442428296,0.9393924091857536,-89.32344560023144,578.7838756532415,-0.1540676146151765,0.4,0.35714285714285715
OpenDrive,OpenDrive#5,"{'k': 0.4, 'pb': 'ema9', 'dtf': True, 'max_bars': 999}",MES,ALL,18,0.06474820143884892,0.2222222222222222,-0.42859086885223174,0.3227801286222972,-744.8202054652214,787.8239441475871,-1.8907084774725016,0.2222222222222222,0.16666666666666666
OpenDrive,OpenDrive#5,"{'k': 0.4, 'pb': 'ema9', 'dtf': True, 'max_bars': 999}",MES,IS,8,0.047619047619047616,0.125,-0.7860968455261391,0.15654212864404393,-458.03870347905826,458.0387034790583,-2.3215388155783745,0.0,0.0
OpenDrive,OpenDrive#5,"{'k': 0.4, 'pb': 'ema9', 'dtf': True, 'max_bars': 999}",MES,OOS,10,0.09090909090909091,0.3,-0.1425860875131057,0.4849207991230767,-286.78150198616316,329.78524066852873,-1.5077901740367305,0.5,0.3
OpenDrive,OpenDrive#5,"{'k': 0.4, 'pb': 'ema9', 'dtf': True, 'max_bars': 999}",MGC,ALL,9,0.03272727272727273,0.2222222222222222,-0.35808087021899004,0.6079733569046454,-316.82370202812706,578.4671665937119,-0.6229490174131831,0.2857142857142857,0.2222222222222222
OpenDrive,OpenDrive#5,"{'k': 0.4, 'pb': 'ema9', 'dtf': True, 'max_bars': 999}",MGC,IS,5,0.029940119760479042,0.2,-0.42356523800949264,0.4922316800663852,-269.90189336484764,531.5453579304325,-0.8347801785396252,0.25,0.2
OpenDrive,OpenDrive#5,"{'k': 0.4, 'pb': 'ema9', 'dtf': True, 'max_bars': 999}",MGC,OOS,4,0.037037037037037035,0.25,-0.27622541048086185,0.8303766008469168,-46.92180866327942,276.6234428596315,-0.2533820764736834,0.3333333333333333,0.25
OpenDrive,OpenDrive#6,"{'k': 0.4, 'pb': 'vwap', 'dtf': False, 'max_bars': 999}",MNQ,ALL,42,0.1510791366906475,0.2619047619047619,-0.2394491948823793,0.6096243108726246,-1683.6623323820736,1929.9512487008976,-1.3377408655060878,0.3076923076923077,0.21428571428571427
OpenDrive,OpenDrive#6,"{'k': 0.4, 'pb': 'vwap', 'dtf': False, 'max_bars': 999}",MNQ,IS,25,0.1488095238095238,0.32,-0.10640084448711754,0.7120581391603877,-694.9985092644057,1008.1983612266088,-0.9402799781602931,0.375,0.24
OpenDrive,OpenDrive#6,"{'k': 0.4, 'pb': 'vwap', 'dtf': False, 'max_bars': 999}",MNQ,OOS,17,0.15454545454545454,0.17647058823529413,-0.43510853369894076,0.47944560702503836,-988.6638231176678,1194.5696221173198,-1.900165114038025,0.2,0.17647058823529413
OpenDrive,OpenDrive#6,"{'k': 0.4, 'pb': 'vwap', 'dtf': False, 'max_bars': 999}",MES,ALL,26,0.09352517985611511,0.3076923076923077,-0.20304353350269297,0.6238168484533366,-566.1817703355048,1023.414528513881,-1.0267094976983617,0.08333333333333333,0.23076923076923078
OpenDrive,OpenDrive#6,"{'k': 0.4, 'pb': 'vwap', 'dtf': False, 'max_bars': 999}",MES,IS,16,0.09523809523809523,0.3125,-0.24288823028233686,0.517527218470665,-461.2046720567977,612.9829862946889,-1.4852384140156927,0.0,0.1875
OpenDrive,OpenDrive#6,"{'k': 0.4, 'pb': 'vwap', 'dtf': False, 'max_bars': 999}",MES,OOS,10,0.09090909090909091,0.3,-0.1392920186552628,0.8088374365505111,-104.9770982787072,519.3879443975434,-0.43753977344400063,0.2,0.3
OpenDrive,OpenDrive#6,"{'k': 0.4, 'pb': 'vwap', 'dtf': False, 'max_bars': 999}",MGC,ALL,23,0.08363636363636363,0.21739130434782608,-0.37417383857482417,0.5136291978384327,-996.8080690566394,1465.08383695953,-1.2155205669669964,0.3,0.21739130434782608
OpenDrive,OpenDrive#6,"{'k': 0.4, 'pb': 'vwap', 'dtf': False, 'max_bars': 999}",MGC,IS,11,0.0658682634730539,0.2727272727272727,-0.20462407417790318,0.6230060414987004,-435.0280823397659,903.3038502426564,-0.7780495585161602,0.4,0.2727272727272727
OpenDrive,OpenDrive#6,"{'k': 0.4, 'pb': 'vwap', 'dtf': False, 'max_bars': 999}",MGC,OOS,12,0.1111111111111111,0.16666666666666666,-0.5295944559386684,0.3726931639771628,-561.7799867168735,753.5955111585322,-2.24571886848475,0.2,0.16666666666666666
OpenDrive,OpenDrive#7,"{'k': 0.4, 'pb': 'vwap', 'dtf': True, 'max_bars': 999}",MNQ,ALL,22,0.07913669064748201,0.2727272727272727,-0.2327890577537741,0.5629131980285718,-1070.400612674895,1371.1531013200527,-1.133202219682681,0.3333333333333333,0.22727272727272727
OpenDrive,OpenDrive#7,"{'k': 0.4, 'pb': 'vwap', 'dtf': True, 'max_bars': 999}",MNQ,IS,11,0.06547619047619048,0.36363636363636365,0.0016395453287578138,0.7874191771433413,-223.09930886442515,523.8517975095829,-0.43574216979192937,0.5714285714285714,0.2727272727272727
OpenDrive,OpenDrive#7,"{'k': 0.4, 'pb': 'vwap', 'dtf': True, 'max_bars': 999}",MNQ,OOS,11,0.1,0.18181818181818182,-0.467217660836306,0.39455252644311906,-847.3013038104698,847.3013038104698,-1.9881578230322263,0.0,0.18181818181818182
OpenDrive,OpenDrive#7,"{'k': 0.4, 'pb': 'vwap', 'dtf': True, 'max_bars': 999}",MES,ALL,13,0.046762589928057555,0.0,-1.0412890538188198,0.0,-1072.917126183874,1072.917126183874,-3.172988348610814,0.0,0.0
OpenDrive,OpenDrive#7,"{'k': 0.4, 'pb': 'vwap', 'dtf': True, 'max_bars': 999}",MES,IS,6,0.03571428571428571,0.0,-1.0336661320542786,0.0,-523.7662025698714,523.7662025698714,-2.844853669196439,0.0,0.0
OpenDrive,OpenDrive#7,"{'k': 0.4, 'pb': 'vwap', 'dtf': True, 'max_bars': 999}",MES,OOS,7,0.06363636363636363,0.0,-1.0478229867598547,0.0,-549.1509236140025,549.1509236140025,-3.6111445941810096,0.0,0.0
OpenDrive,OpenDrive#7,"{'k': 0.4, 'pb': 'vwap', 'dtf': True, 'max_bars': 999}",MGC,ALL,6,0.02181818181818182,0.3333333333333333,-0.027680685719248383,0.8848609355246987,-42.0063833562013,185.37851110859555,-0.13022234308363195,0.3333333333333333,0.3333333333333333
OpenDrive,OpenDrive#7,"{'k': 0.4, 'pb': 'vwap', 'dtf': True, 'max_bars': 999}",MGC,IS,3,0.017964071856287425,0.3333333333333333,-0.0308252028498374,0.5023435865207737,-92.25480497442257,185.37851110859555,-0.6997361585869565,0.3333333333333333,0.3333333333333333
OpenDrive,OpenDrive#7,"{'k': 0.4, 'pb': 'vwap', 'dtf': True, 'max_bars': 999}",MGC,OOS,3,0.027777777777777776,0.3333333333333333,-0.02453616858865937,1.2800084818562052,50.24842161822127,179.45321257813083,0.29113482203789093,0.3333333333333333,0.3333333333333333
H2L2,H2L2#0,"{'maxr': 1.5, 'dtf': False, 'max_bars': 24, 'last_entry': 900}",MNQ,ALL,225,0.8093525179856115,0.32,-0.1481659074551387,0.9002318092223979,-1150.000000000001,2441.040000000001,-0.5776356098985074,0.35714285714285715,0.24
H2L2,H2L2#0,"{'maxr': 1.5, 'dtf': False, 'max_bars': 24, 'last_entry': 900}",MNQ,IS,140,0.8333333333333334,0.35,-0.08478392292875879,0.9305397783210194,-458.60000000000036,1396.2200000000003,-0.44264649370968373,0.375,0.24285714285714285
H2L2,H2L2#0,"{'maxr': 1.5, 'dtf': False, 'max_bars': 24, 'last_entry': 900}",MNQ,OOS,85,0.7727272727272727,0.27058823529411763,-0.25255976432211735,0.8595965380413376,-691.4000000000008,1346.94,-0.7405723506087476,0.3333333333333333,0.23529411764705882
H2L2,H2L2#0,"{'maxr': 1.5, 'dtf': False, 'max_bars': 24, 'last_entry': 900}",MES,ALL,213,0.7661870503597122,0.3615023474178404,-0.05227367258137434,0.9954618063591156,-24.120000000000402,846.8000000000001,-0.02557370873452226,0.35714285714285715,0.2863849765258216
H2L2,H2L2#0,"{'maxr': 1.5, 'dtf': False, 'max_bars': 24, 'last_entry': 900}",MES,IS,132,0.7857142857142857,0.3484848484848485,-0.09680688139521622,0.9027142587303318,-339.9300000000003,846.8000000000001,-0.6104496180819009,0.25,0.26515151515151514
H2L2,H2L2#0,"{'maxr': 1.5, 'dtf': False, 'max_bars': 24, 'last_entry': 900}",MES,OOS,81,0.7363636363636363,0.38271604938271603,0.02029896400414579,1.1734505011671017,315.80999999999983,324.94000000000005,0.8166346750381264,0.5,0.32098765432098764
H2L2,H2L2#0,"{'maxr': 1.5, 'dtf': False, 'max_bars': 24, 'last_entry': 900}",MGC,ALL,190,0.6909090909090909,0.3105263157894737,-0.19718855119098094,0.70339945300694,-3004.000000000654,3250.5000000006444,-1.6320337519706327,0.35714285714285715,0.24210526315789474
H2L2,H2L2#0,"{'maxr': 1.5, 'dtf': False, 'max_bars': 24, 'last_entry': 900}",MGC,IS,104,0.6227544910179641,0.34615384615384615,-0.12470276986494508,0.78186434058061,-1340.4000000003646,1590.800000000351,-1.0278479933459612,0.5,0.25
H2L2,H2L2#0,"{'maxr': 1.5, 'dtf': False, 'max_bars': 24, 'last_entry': 900}",MGC,OOS,86,0.7962962962962963,0.26744186046511625,-0.28484577512014064,0.582356337709905,-1663.6000000002898,1663.6000000002903,-3.445563823075056,0.16666666666666666,0.23255813953488372
H2L2,H2L2#1,"{'maxr': 1.5, 'dtf': False, 'max_bars': 999, 'last_entry': 900}",MNQ,ALL,225,0.8093525179856115,0.3022222222222222,-0.14767563390618682,0.897627414300844,-1216.000000000001,2571.0400000000004,-0.5946490125756283,0.35714285714285715,0.27555555555555555
H2L2,H2L2#1,"{'maxr': 1.5, 'dtf': False, 'max_bars': 999, 'last_entry': 900}",MNQ,IS,140,0.8333333333333334,0.32857142857142857,-0.08124302430945168,0.9358312263785887,-441.10000000000036,1456.0000000000002,-0.40415266218978885,0.375,0.29285714285714287
H2L2,H2L2#1,"{'maxr': 1.5, 'dtf': False, 'max_bars': 999, 'last_entry': 900}",MNQ,OOS,85,0.7727272727272727,0.25882352941176473,-0.25709404971257416,0.8451475983789362,-774.9000000000008,1346.94,-0.825678529583366,0.3333333333333333,0.24705882352941178
H2L2,H2L2#1,"{'maxr': 1.5, 'dtf': False, 'max_bars': 999, 'last_entry': 900}",MES,ALL,211,0.7589928057553957,0.35071090047393366,-0.05472595878338033,1.0104336610256812,57.10999999999956,875.5700000000002,0.05730136834070737,0.42857142857142855,0.3222748815165877
H2L2,H2L2#1,"{'maxr': 1.5, 'dtf': False, 'max_bars': 999, 'last_entry': 900}",MES,IS,130,0.7738095238095238,0.33076923076923076,-0.11481479946627295,0.9030939839354553,-351.20000000000016,875.5700000000002,-0.5824490376337573,0.25,0.3
H2L2,H2L2#1,"{'maxr': 1.5, 'dtf': False, 'max_bars': 999, 'last_entry': 900}",MES,OOS,81,0.7363636363636363,0.38271604938271603,0.041712921324965804,1.2207677750743449,408.30999999999995,357.2600000000002,1.035674201692304,0.6666666666666666,0.35802469135802467
H2L2,H2L2#1,"{'maxr': 1.5, 'dtf': False, 'max_bars': 999, 'last_entry': 900}",MGC,ALL,190,0.6909090909090909,0.30526315789473685,-0.1600116148341672,0.7794139172692002,-2260.500000000596,2729.1000000004956,-1.180342439854011,0.35714285714285715,0.2736842105263158
H2L2,H2L2#1,"{'maxr': 1.5, 'dtf': False, 'max_bars': 999, 'last_entry': 900}",MGC,IS,104,0.6227544910179641,0.34615384615384615,-0.05852665504457186,0.906441218591281,-574.9000000003355,1194.700000000191,-0.4231063585887464,0.5,0.2980769230769231
H2L2,H2L2#1,"{'maxr': 1.5, 'dtf': False, 'max_bars': 999, 'last_entry': 900}",MGC,OOS,86,0.7962962962962963,0.2558139534883721,-0.2827376127192593,0.5891686368178332,-1685.6000000002607,1685.6000000002612,-3.3952625275609556,0.16666666666666666,0.2441860465116279
H2L2,H2L2#2,"{'maxr': 1.5, 'dtf': True, 'max_bars': 24, 'last_entry': 900}",MNQ,ALL,113,0.4064748201438849,0.3805309734513274,0.015880470393289825,1.2471361386646953,1203.3799999999997,999.7800000000002,0.7634238420708468,0.6428571428571429,0.2831858407079646
H2L2,H2L2#2,"{'maxr': 1.5, 'dtf': True, 'max_bars': 24, 'last_entry': 900}",MNQ,IS,73,0.43452380952380953,0.4383561643835616,0.15434208325619977,1.336699813548788,953.4799999999997,406.94000000000005,1.2249817596439165,0.75,0.3013698630136986
H2L2,H2L2#2,"{'maxr': 1.5, 'dtf': True, 'max_bars': 24, 'last_entry': 900}",MNQ,OOS,40,0.36363636363636365,0.275,-0.23681197308152066,1.1226527146545213,249.90000000000003,643.6,0.32525285289224026,0.5,0.25
H2L2,H2L2#2,"{'maxr': 1.5, 'dtf': True, 'max_bars': 24, 'last_entry': 900}",MES,ALL,116,0.4172661870503597,0.31896551724137934,-0.18141748459429421,0.8336849952636787,-486.34000000000015,677.9900000000004,-0.7088545943477088,0.2857142857142857,0.25
H2L2,H2L2#2,"{'maxr': 1.5, 'dtf': True, 'max_bars': 24, 'last_entry': 900}",MES,IS,72,0.42857142857142855,0.3055555555555556,-0.23952549069530826,0.6896128447494496,-599.2800000000001,643.1200000000002,-1.616039170838926,0.125,0.2222222222222222
H2L2,H2L2#2,"{'maxr': 1.5, 'dtf': True, 'max_bars': 24, 'last_entry': 900}",MES,OOS,44,0.4,0.3409090909090909,-0.08633165642899848,1.1136834900247619,112.93999999999993,337.42,0.36385695152456277,0.5,0.29545454545454547
H2L2,H2L2#2,"{'maxr': 1.5, 'dtf': True, 'max_bars': 24, 'last_entry': 900}",MGC,ALL,98,0.3563636363636364,0.30612244897959184,-0.18279057238372856,0.6431710956086651,-1769.8000000002926,2324.900000000258,-1.8969465760502782,0.35714285714285715,0.24489795918367346
H2L2,H2L2#2,"{'maxr': 1.5, 'dtf': True, 'max_bars': 24, 'last_entry': 900}",MGC,IS,59,0.3532934131736527,0.3559322033898305,-0.06147411194223648,0.7627008989375897,-696.9000000001499,1252.0000000001166,-1.1509756936410345,0.5,0.2711864406779661
H2L2,H2L2#2,"{'maxr': 1.5, 'dtf': True, 'max_bars': 24, 'last_entry': 900}",MGC,OOS,39,0.3611111111111111,0.23076923076923078,-0.366320602282396,0.4696490360849935,-1072.9000000001427,1072.900000000143,-3.3115273987123675,0.16666666666666666,0.20512820512820512
H2L2,H2L2#3,"{'maxr': 1.5, 'dtf': True, 'max_bars': 999, 'last_entry': 900}",MNQ,ALL,113,0.4064748201438849,0.37168141592920356,0.03400894763081278,1.2606858926904634,1295.8799999999992,999.7800000000002,0.8053020382048818,0.6428571428571429,0.3274336283185841
H2L2,H2L2#3,"{'maxr': 1.5, 'dtf': True, 'max_bars': 999, 'last_entry': 900}",MNQ,IS,73,0.43452380952380953,0.4246575342465753,0.1780489168547694,1.3471798962359989,1018.4799999999996,419.28000000000003,1.2469794133051058,0.75,0.3698630136986301
H2L2,H2L2#3,"{'maxr': 1.5, 'dtf': True, 'max_bars': 999, 'last_entry': 900}",MNQ,OOS,40,0.36363636363636365,0.275,-0.22886399620290793,1.136149912145515,277.40000000000003,643.6,0.3606078068418526,0.5,0.25
H2L2,H2L2#3,"{'maxr': 1.5, 'dtf': True, 'max_bars': 999, 'last_entry': 900}",MES,ALL,116,0.4172661870503597,0.31896551724137934,-0.16592936014714102,0.8770931101580233,-365.09000000000015,658.1900000000003,-0.49113227026951783,0.2857142857142857,0.28448275862068967
H2L2,H2L2#3,"{'maxr': 1.5, 'dtf': True, 'max_bars': 999, 'last_entry': 900}",MES,IS,72,0.42857142857142855,0.3055555555555556,-0.21683484474714212,0.7525139099645927,-489.2800000000001,629.6500000000001,-1.1313773794903934,0.125,0.2638888888888889
H2L2,H2L2#3,"{'maxr': 1.5, 'dtf': True, 'max_bars': 999, 'last_entry': 900}",MES,OOS,44,0.4,0.3409090909090909,-0.08262947625623006,1.1250075493728986,124.1899999999999,337.42,0.3996992174920086,0.5,0.3181818181818182
H2L2,H2L2#3,"{'maxr': 1.5, 'dtf': True, 'max_bars': 999, 'last_entry': 900}",MGC,ALL,98,0.3563636363636364,0.30612244897959184,-0.1399120504761445,0.7320036956696142,-1334.3000000002362,1980.5000000001849,-1.3283271697267682,0.35714285714285715,0.2755102040816326
H2L2,H2L2#3,"{'maxr': 1.5, 'dtf': True, 'max_bars': 999, 'last_entry': 900}",MGC,IS,59,0.3532934131736527,0.3559322033898305,-0.015030367271567709,0.87574911468262,-364.90000000011537,1108.6000000000654,-0.5536427146083062,0.5,0.3050847457627119
H2L2,H2L2#3,"{'maxr': 1.5, 'dtf': True, 'max_bars': 999, 'last_entry': 900}",MGC,OOS,39,0.3611111111111111,0.23076923076923078,-0.3288356225035812,0.5252693437805843,-969.4000000001209,969.4000000001212,-2.8542451953431187,0.16666666666666666,0.23076923076923078
H2L2,H2L2#4,"{'maxr': 3.0, 'dtf': False, 'max_bars': 24, 'last_entry': 900}",MNQ,ALL,230,0.8273381294964028,0.32608695652173914,-0.13411377196682542,0.9420096983206767,-697.2000000000012,2302.3200000000006,-0.32300189104216054,0.42857142857142855,0.24347826086956523
H2L2,H2L2#4,"{'maxr': 3.0, 'dtf': False, 'max_bars': 24, 'last_entry': 900}",MNQ,IS,142,0.8452380952380952,0.352112676056338,-0.07315697024879807,0.9289173752059033,-491.0800000000005,1702.4600000000003,-0.45352675898798517,0.5,0.24647887323943662
H2L2,H2L2#4,"{'maxr': 3.0, 'dtf': False, 'max_bars': 24, 'last_entry': 900}",MNQ,OOS,88,0.8,0.2840909090909091,-0.2324758838300059,0.9596959007610304,-206.12000000000046,1534.42,-0.19800806665006157,0.3333333333333333,0.23863636363636365
H2L2,H2L2#4,"{'maxr': 3.0, 'dtf': False, 'max_bars': 24, 'last_entry': 900}",MES,ALL,227,0.8165467625899281,0.36123348017621143,-0.07318983130183129,0.9461038090128755,-321.48000000000025,1285.38,-0.3207836136326658,0.2857142857142857,0.2687224669603524
H2L2,H2L2#4,"{'maxr': 3.0, 'dtf': False, 'max_bars': 24, 'last_entry': 900}",MES,IS,143,0.8511904761904762,0.34265734265734266,-0.1354852487450172,0.8220214556986808,-727.3200000000002,1285.38,-1.2148854189656868,0.125,0.24475524475524477
H2L2,H2L2#4,"{'maxr': 3.0, 'dtf': False, 'max_bars': 24, 'last_entry': 900}",MES,OOS,84,0.7636363636363637,0.39285714285714285,0.03286070077406846,1.2160746230513673,405.83999999999975,324.94,1.0073635236141758,0.5,0.30952380952380953
H2L2,H2L2#4,"{'maxr': 3.0, 'dtf': False, 'max_bars': 24, 'last_entry': 900}",MGC,ALL,202,0.7345454545454545,0.3217821782178218,-0.1892629499924908,0.7175018760943453,-3049.200000000704,3545.100000000585,-1.6106030607366693,0.2857142857142857,0.23267326732673269
H2L2,H2L2#4,"{'maxr': 3.0, 'dtf': False, 'max_bars': 24, 'last_entry': 900}",MGC,IS,113,0.6766467065868264,0.36283185840707965,-0.10552101675135954,0.8146043643836801,-1226.8000000003995,1726.6000000002778,-0.9122070204664143,0.375,0.23893805309734514
H2L2,H2L2#4,"{'maxr': 3.0, 'dtf': False, 'max_bars': 24, 'last_entry': 900}",MGC,OOS,89,0.8240740740740741,0.2696629213483146,-0.29558697759078106,0.5636537770860433,-1822.4000000003045,1822.4000000003048,-3.723916536233959,0.16666666666666666,0.2247191011235955
H2L2,H2L2#5,"{'maxr': 3.0, 'dtf': False, 'max_bars': 999, 'last_entry': 900}",MNQ,ALL,230,0.8273381294964028,0.3130434782608696,-0.12561275128549804,0.9755992183894502,-298.2000000000012,2129.8200000000006,-0.1346018527269823,0.5,0.2782608695652174
H2L2,H2L2#5,"{'maxr': 3.0, 'dtf': False, 'max_bars': 999, 'last_entry': 900}",MNQ,IS,142,0.8452380952380952,0.3380281690140845,-0.06239535746785355,0.975654114238387,-171.08000000000038,1443.4600000000003,-0.15061283493725086,0.625,0.29577464788732394
H2L2,H2L2#5,"{'maxr': 3.0, 'dtf': False, 'max_bars': 999, 'last_entry': 900}",MNQ,OOS,88,0.8,0.2727272727272727,-0.2276226367639698,0.9755249467640635,-127.12000000000057,1371.92,-0.1209112527301475,0.3333333333333333,0.25
H2L2,H2L2#5,"{'maxr': 3.0, 'dtf': False, 'max_bars': 999, 'last_entry': 900}",MES,ALL,223,0.802158273381295,0.3452914798206278,-0.07611095778928736,0.9638543777648345,-225.27000000000035,1256.4700000000007,-0.20931449865840243,0.35714285714285715,0.30493273542600896
H2L2,H2L2#5,"{'maxr': 3.0, 'dtf': False, 'max_bars': 999, 'last_entry': 900}",MES,IS,140,0.8333333333333334,0.32857142857142857,-0.13243684687651477,0.8495023003321139,-639.8499999999997,1195.5300000000002,-0.9692524145635929,0.125,0.2857142857142857
H2L2,H2L2#5,"{'maxr': 3.0, 'dtf': False, 'max_bars': 999, 'last_entry': 900}",MES,OOS,83,0.7545454545454545,0.37349397590361444,0.018896565972301126,1.2093066697631687,414.5799999999998,357.2600000000002,0.9969782134709984,0.6666666666666666,0.3373493975903614
H2L2,H2L2#5,"{'maxr': 3.0, 'dtf': False, 'max_bars': 999, 'last_entry': 900}",MGC,ALL,202,0.7345454545454545,0.3118811881188119,-0.14801525722574077,0.7992449084495407,-2265.2000000006215,3216.1000000005097,-1.098570327400319,0.2857142857142857,0.2722772277227723
H2L2,H2L2#5,"{'maxr': 3.0, 'dtf': False, 'max_bars': 999, 'last_entry': 900}",MGC,IS,113,0.6766467065868264,0.35398230088495575,-0.04882225807512251,0.9047128361455341,-665.8000000003547,1767.9000000002002,-0.45547251591791227,0.375,0.2920353982300885
H2L2,H2L2#5,"{'maxr': 3.0, 'dtf': False, 'max_bars': 999, 'last_entry': 900}",MGC,OOS,89,0.8240740740740741,0.25842696629213485,-0.27395693030461565,0.6277088522147695,-1599.4000000002666,1599.4000000002668,-2.972838245944786,0.16666666666666666,0.24719101123595505
H2L2,H2L2#6,"{'maxr': 3.0, 'dtf': True, 'max_bars': 24, 'last_entry': 900}",MNQ,ALL,116,0.4172661870503597,0.3879310344827586,0.04135653614178788,1.3467279606449685,1807.1599999999992,914.8200000000002,1.0445348365596652,0.5714285714285714,0.29310344827586204
H2L2,H2L2#6,"{'maxr': 3.0, 'dtf': True, 'max_bars': 24, 'last_entry': 900}",MNQ,IS,74,0.44047619047619047,0.44594594594594594,0.17934371520768608,1.3598986880368795,1074.2399999999998,412.46000000000004,1.2948049934136536,0.625,0.3108108108108108
H2L2,H2L2#6,"{'maxr': 3.0, 'dtf': True, 'max_bars': 24, 'last_entry': 900}",MNQ,OOS,42,0.38181818181818183,0.2857142857142857,-0.20176373173622322,1.3290768678160927,732.9199999999998,686.8800000000001,0.8526713870803073,0.5,0.2619047619047619
H2L2,H2L2#6,"{'maxr': 3.0, 'dtf': True, 'max_bars': 24, 'last_entry': 900}",MES,ALL,125,0.44964028776978415,0.328,-0.1760585072333456,0.8466475143026239,-497.50000000000034,915.6400000000004,-0.6802503450247922,0.35714285714285715,0.24
H2L2,H2L2#6,"{'maxr': 3.0, 'dtf': True, 'max_bars': 24, 'last_entry': 900}",MES,IS,79,0.47023809523809523,0.3037974683544304,-0.2577107358172712,0.6581165682038624,-775.4600000000002,880.7700000000003,-1.9423438764881098,0.125,0.21518987341772153
H2L2,H2L2#6,"{'maxr': 3.0, 'dtf': True, 'max_bars': 24, 'last_entry': 900}",MES,OOS,46,0.41818181818181815,0.3695652173913043,-0.03582967988269091,1.284806754375179,277.95999999999987,337.4200000000001,0.8512438344366429,0.6666666666666666,0.2826086956521739
H2L2,H2L2#6,"{'maxr': 3.0, 'dtf': True, 'max_bars': 24, 'last_entry': 900}",MGC,ALL,108,0.3927272727272727,0.3333333333333333,-0.16131330549716,0.7008663343572017,-1626.300000000331,2563.7000000002736,-1.522716786333268,0.21428571428571427,0.23148148148148148
H2L2,H2L2#6,"{'maxr': 3.0, 'dtf': True, 'max_bars': 24, 'last_entry': 900}",MGC,IS,67,0.40119760479041916,0.3880597014925373,-0.03510317153381756,0.851405501491326,-493.20000000018103,1430.600000000124,-0.6812376216175778,0.25,0.2537313432835821
H2L2,H2L2#6,"{'maxr': 3.0, 'dtf': True, 'max_bars': 24, 'last_entry': 900}",MGC,OOS,41,0.37962962962962965,0.24390243902439024,-0.3675591341689634,0.4649131091801739,-1133.10000000015,1133.1000000001502,-3.4348926777229725,0.16666666666666666,0.1951219512195122
H2L2,H2L2#7,"{'maxr': 3.0, 'dtf': True, 'max_bars': 999, 'last_entry': 900}",MNQ,ALL,116,0.4172661870503597,0.3793103448275862,0.0590161734507542,1.3574969230942944,1899.6599999999994,914.8200000000002,1.07935040848567,0.5714285714285714,0.33620689655172414
H2L2,H2L2#7,"{'maxr': 3.0, 'dtf': True, 'max_bars': 999, 'last_entry': 900}",MNQ,IS,74,0.44047619047619047,0.43243243243243246,0.20273018619005886,1.369094596608544,1139.2399999999998,451.94000000000005,1.3159130422193122,0.625,0.3783783783783784
H2L2,H2L2#7,"{'maxr': 3.0, 'dtf': True, 'max_bars': 999, 'last_entry': 900}",MNQ,OOS,42,0.38181818181818183,0.2857142857142857,-0.19419422994706825,1.3414242097701157,760.4199999999998,686.8800000000001,0.8838719153982549,0.5,0.2619047619047619
H2L2,H2L2#7,"{'maxr': 3.0, 'dtf': True, 'max_bars': 999, 'last_entry': 900}",MES,ALL,123,0.44244604316546765,0.3170731707317073,-0.17849969547530697,0.8698191916592357,-435.02000000000055,921.9000000000003,-0.5482737829362138,0.35714285714285715,0.2682926829268293
H2L2,H2L2#7,"{'maxr': 3.0, 'dtf': True, 'max_bars': 999, 'last_entry': 900}",MES,IS,78,0.4642857142857143,0.3076923076923077,-0.2249202405660718,0.7205579504005308,-640.4700000000001,887.0300000000002,-1.3969470269029343,0.125,0.2564102564102564
H2L2,H2L2#7,"{'maxr': 3.0, 'dtf': True, 'max_bars': 999, 'last_entry': 900}",MES,OOS,45,0.4090909090909091,0.3333333333333333,-0.09803741731798123,1.1957225874059254,205.44999999999987,337.4200000000001,0.6153667045311695,0.6666666666666666,0.28888888888888886
H2L2,H2L2#7,"{'maxr': 3.0, 'dtf': True, 'max_bars': 999, 'last_entry': 900}",MGC,ALL,108,0.3927272727272727,0.32407407407407407,-0.10346796390162437,0.8468114393349053,-845.8000000002521,1974.3000000001905,-0.6890741382130775,0.21428571428571427,0.2777777777777778
H2L2,H2L2#7,"{'maxr': 3.0, 'dtf': True, 'max_bars': 999, 'last_entry': 900}",MGC,IS,67,0.40119760479041916,0.373134328358209,0.010293999196796522,0.9819186338522979,-61.20000000013287,1287.2000000000728,-0.0743680873578867,0.25,0.29850746268656714
H2L2,H2L2#7,"{'maxr': 3.0, 'dtf': True, 'max_bars': 999, 'last_entry': 900}",MGC,OOS,41,0.37962962962962965,0.24390243902439024,-0.2893716596966048,0.632781054011017,-784.6000000001192,784.6000000001194,-1.9974668913413174,0.16666666666666666,0.24390243902439024
SilverBullet,SilverBullet#0,"{'liq': 'open30', 'minfvg': 0.0, 'dtf': False, 'max_bars': 999}",MNQ,ALL,85,0.3057553956834532,0.29411764705882354,-0.2804499397125272,0.6288095014061831,-3550.3999999999996,4614.359999999996,-1.594406532222647,0.21428571428571427,0.12941176470588237
SilverBullet,SilverBullet#0,"{'liq': 'open30', 'minfvg': 0.0, 'dtf': False, 'max_bars': 999}",MNQ,IS,48,0.2857142857142857,0.25,-0.40954022937461865,0.46424227086071634,-2625.0200000000004,2625.0199999999995,-2.747958090361249,0.125,0.08333333333333333
SilverBullet,SilverBullet#0,"{'liq': 'open30', 'minfvg': 0.0, 'dtf': False, 'max_bars': 999}",MNQ,OOS,37,0.33636363636363636,0.35135135135135137,-0.11298145582657074,0.8016444956979891,-925.3800000000003,2121.1800000000003,-0.7900292755969669,0.3333333333333333,0.1891891891891892
SilverBullet,SilverBullet#0,"{'liq': 'open30', 'minfvg': 0.0, 'dtf': False, 'max_bars': 999}",MES,ALL,88,0.31654676258992803,0.3522727272727273,-0.12062955144721675,0.7816611832558228,-940.3700000000001,1476.9600000000005,-0.9343585258738033,0.21428571428571427,0.19318181818181818
SilverBullet,SilverBullet#0,"{'liq': 'open30', 'minfvg': 0.0, 'dtf': False, 'max_bars': 999}",MES,IS,52,0.30952380952380953,0.3076923076923077,-0.25359990773741975,0.5090999195587221,-1366.9800000000002,1428.2400000000005,-2.5381382578210205,0.0,0.15384615384615385
SilverBullet,SilverBullet#0,"{'liq': 'open30', 'minfvg': 0.0, 'dtf': False, 'max_bars': 999}",MES,OOS,36,0.32727272727272727,0.4166666666666667,0.07143874097196538,1.2802422665852102,426.6099999999999,367.43000000000006,0.9348164722901913,0.5,0.25
SilverBullet,SilverBullet#0,"{'liq': 'open30', 'minfvg': 0.0, 'dtf': False, 'max_bars': 999}",MGC,ALL,106,0.38545454545454544,0.41509433962264153,0.0529394798633792,1.1625377178989007,1691.399999999612,3938.800000000108,0.5588804042103637,0.5714285714285714,0.2358490566037736
SilverBullet,SilverBullet#0,"{'liq': 'open30', 'minfvg': 0.0, 'dtf': False, 'max_bars': 999}",MGC,IS,63,0.3772455089820359,0.4603174603174603,0.12448179051005039,1.0263412276461696,196.19999999973803,3938.800000000108,0.10167486819541532,0.625,0.2222222222222222
SilverBullet,SilverBullet#0,"{'liq': 'open30', 'minfvg': 0.0, 'dtf': False, 'max_bars': 999}",MGC,OOS,43,0.39814814814814814,0.3488372093023256,-0.051878324107325124,1.5055108526606913,1495.1999999998739,702.60000000002,1.366727777707259,0.5,0.2558139534883721
SilverBullet,SilverBullet#1,"{'liq': 'open30', 'minfvg': 0.0, 'dtf': True, 'max_bars': 999}",MNQ,ALL,48,0.17266187050359713,0.3125,-0.2517375251779097,0.6702974288529878,-1766.5200000000004,2306.5600000000004,-1.1400857252688221,0.2857142857142857,0.10416666666666667
SilverBullet,SilverBullet#1,"{'liq': 'open30', 'minfvg': 0.0, 'dtf': True, 'max_bars': 999}",MNQ,IS,32,0.19047619047619047,0.3125,-0.3070306141850121,0.6258857171778522,-1182.6800000000003,1722.7200000000003,-1.4334282381984287,0.25,0.0625
SilverBullet,SilverBullet#1,"{'liq': 'open30', 'minfvg': 0.0, 'dtf': True, 'max_bars': 999}",MNQ,OOS,16,0.14545454545454545,0.3125,-0.1411513471637048,0.7342122514385606,-583.8400000000001,1535.88,-0.8191364310836654,0.3333333333333333,0.1875
SilverBullet,SilverBullet#1,"{'liq': 'open30', 'minfvg': 0.0, 'dtf': True, 'max_bars': 999}",MES,ALL,48,0.17266187050359713,0.375,-0.08317494943305138,0.7191079637222018,-678.27,900.7900000000002,-0.9437052208294486,0.38461538461538464,0.1875
SilverBullet,SilverBullet#1,"{'liq': 'open30', 'minfvg': 0.0, 'dtf': True, 'max_bars': 999}",MES,IS,35,0.20833333333333334,0.37142857142857144,-0.05159821253762668,0.7162772020880653,-473.4,695.9200000000001,-1.0576570745873437,0.375,0.2
SilverBullet,SilverBullet#1,"{'liq': 'open30', 'minfvg': 0.0, 'dtf': True, 'max_bars': 999}",MES,OOS,13,0.11818181818181818,0.38461538461538464,-0.16818924107457944,0.725437902890762,-204.8700000000001,522.4000000000001,-0.7535445446471082,0.4,0.15384615384615385
SilverBullet,SilverBullet#1,"{'liq': 'open30', 'minfvg': 0.0, 'dtf': True, 'max_bars': 999}",MGC,ALL,62,0.22545454545454546,0.43548387096774194,0.03951103762015508,1.0954936561177953,654.7999999997506,2442.6000000001695,0.2700887511290052,0.6153846153846154,0.1935483870967742
SilverBullet,SilverBullet#1,"{'liq': 'open30', 'minfvg': 0.0, 'dtf': True, 'max_bars': 999}",MGC,IS,39,0.23353293413173654,0.5384615384615384,0.23358908051246802,1.2598922770261194,1225.5999999998203,1860.4000000000824,0.7093683732015859,0.75,0.20512820512820512
SilverBullet,SilverBullet#1,"{'liq': 'open30', 'minfvg': 0.0, 'dtf': True, 'max_bars': 999}",MGC,OOS,23,0.21296296296296297,0.2608695652173913,-0.28957781771898433,0.7334205118624867,-570.8000000000691,1214.4000000000456,-0.9258860393966916,0.4,0.17391304347826086
SilverBullet,SilverBullet#2,"{'liq': 'open30', 'minfvg': 0.25, 'dtf': False, 'max_bars': 999}",MNQ,ALL,40,0.14388489208633093,0.35,-0.19455594830852072,0.8464620097705997,-677.6000000000004,2469.6800000000003,-0.38947914397175387,0.23076923076923078,0.075
SilverBullet,SilverBullet#2,"{'liq': 'open30', 'minfvg': 0.25, 'dtf': False, 'max_bars': 999}",MNQ,IS,23,0.13690476190476192,0.2608695652173913,-0.4370885464286055,0.4329260555758738,-1519.5200000000002,1519.5200000000002,-2.0544087700842484,0.0,0.0
SilverBullet,SilverBullet#2,"{'liq': 'open30', 'minfvg': 0.25, 'dtf': False, 'max_bars': 999}",MNQ,OOS,17,0.15454545454545454,0.47058823529411764,0.13357639032453522,1.4856315540532745,841.9199999999998,950.1600000000001,0.920374387243971,0.6,0.17647058823529413
SilverBullet,SilverBullet#2,"{'liq': 'open30', 'minfvg': 0.25, 'dtf': False, 'max_bars': 999}",MES,ALL,51,0.18345323741007194,0.3137254901960784,-0.1972491562139896,0.7522565994890719,-698.2400000000002,1362.1300000000003,-0.8049752941215033,0.3076923076923077,0.13725490196078433
SilverBullet,SilverBullet#2,"{'liq': 'open30', 'minfvg': 0.25, 'dtf': False, 'max_bars': 999}",MES,IS,30,0.17857142857142858,0.26666666666666666,-0.35283484725414704,0.565242561074447,-713.4500000000002,755.9700000000001,-1.5983923596630736,0.125,0.1
SilverBullet,SilverBullet#2,"{'liq': 'open30', 'minfvg': 0.25, 'dtf': False, 'max_bars': 999}",MES,OOS,21,0.19090909090909092,0.38095238095238093,0.02501611670052094,1.012918623712172,15.209999999999923,787.4300000000001,0.0371159334701236,0.6,0.19047619047619047
SilverBullet,SilverBullet#2,"{'liq': 'open30', 'minfvg': 0.25, 'dtf': False, 'max_bars': 999}",MGC,ALL,60,0.21818181818181817,0.45,0.1227388205226015,1.07293275074736,443.99999999979514,3012.2000000001863,0.2183290463678347,0.5714285714285714,0.23333333333333334
SilverBullet,SilverBullet#2,"{'liq': 'open30', 'minfvg': 0.25, 'dtf': False, 'max_bars': 999}",MGC,IS,33,0.19760479041916168,0.5757575757575758,0.4301720277115242,1.4360606411294592,1507.1999999999089,2208.8000000000575,1.088225856747665,0.75,0.2727272727272727
SilverBullet,SilverBullet#2,"{'liq': 'open30', 'minfvg': 0.25, 'dtf': False, 'max_bars': 999}",MGC,OOS,27,0.25,0.2962962962962963,-0.25301287715274856,0.5959565250436762,-1063.2000000001135,1471.000000000101,-1.7277897352460267,0.3333333333333333,0.18518518518518517
SilverBullet,SilverBullet#3,"{'liq': 'open30', 'minfvg': 0.25, 'dtf': True, 'max_bars': 999}",MNQ,ALL,25,0.08992805755395683,0.44,0.000803732739605243,1.022228022807175,54.49999999999983,1143.92,0.046080823088291506,0.3333333333333333,0.08
SilverBullet,SilverBullet#3,"{'liq': 'open30', 'minfvg': 0.25, 'dtf': True, 'max_bars': 999}",MNQ,IS,17,0.10119047619047619,0.4117647058823529,-0.16411237793904057,0.8037534121929025,-345.0800000000001,986.2,-0.4893150679278473,0.25,0.0
SilverBullet,SilverBullet#3,"{'liq': 'open30', 'minfvg': 0.25, 'dtf': True, 'max_bars': 999}",MNQ,OOS,8,0.07272727272727272,0.5,0.3512504679317276,1.5762120381853313,399.5799999999999,342.24,0.8351408163378659,0.5,0.25
SilverBullet,SilverBullet#3,"{'liq': 'open30', 'minfvg': 0.25, 'dtf': True, 'max_bars': 999}",MES,ALL,28,0.10071942446043165,0.35714285714285715,-0.06251935187804004,0.709218097289379,-468.47,678.6,-0.7501132401071892,0.5,0.17857142857142858
SilverBullet,SilverBullet#3,"{'liq': 'open30', 'minfvg': 0.25, 'dtf': True, 'max_bars': 999}",MES,IS,22,0.13095238095238096,0.36363636363636365,-0.05500471380024416,0.7481730848181294,-276.03,486.15999999999997,-0.7146753721413472,0.5,0.18181818181818182
SilverBullet,SilverBullet#3,"{'liq': 'open30', 'minfvg': 0.25, 'dtf': True, 'max_bars': 999}",MES,OOS,6,0.05454545454545454,0.3333333333333333,-0.09007302482995827,0.6263010719279166,-192.44000000000003,423.70000000000005,-0.8045987312021169,0.5,0.16666666666666666
SilverBullet,SilverBullet#3,"{'liq': 'open30', 'minfvg': 0.25, 'dtf': True, 'max_bars': 999}",MGC,ALL,32,0.11636363636363636,0.4375,0.016347751051987935,1.2405063291138805,782.7999999998868,2229.200000000088,0.4788485235559307,0.5833333333333334,0.15625
SilverBullet,SilverBullet#3,"{'liq': 'open30', 'minfvg': 0.25, 'dtf': True, 'max_bars': 999}",MGC,IS,17,0.10179640718562874,0.6470588235294118,0.46675595942173576,2.1209313970955717,1790.7999999999379,1001.400000000036,1.5727984703764533,0.7142857142857143,0.17647058823529413
SilverBullet,SilverBullet#3,"{'liq': 'open30', 'minfvg': 0.25, 'dtf': True, 'max_bars': 999}",MGC,OOS,15,0.1388888888888889,0.2,-0.4941148851003928,0.39174511223750574,-1008.0000000000512,1464.200000000064,-2.237782556834739,0.4,0.13333333333333333
SilverBullet,SilverBullet#4,"{'liq': 'pd', 'minfvg': 0.0, 'dtf': False, 'max_bars': 999}",MNQ,ALL,107,0.38489208633093525,0.29906542056074764,-0.19963599954054723,0.7270332782629219,-3469.6800000000003,5066.479999999996,-1.1726503208437318,0.35714285714285715,0.17757009345794392
SilverBullet,SilverBullet#4,"{'liq': 'pd', 'minfvg': 0.0, 'dtf': False, 'max_bars': 999}",MNQ,IS,60,0.35714285714285715,0.3333333333333333,-0.14529747649185026,1.0476363901230972,261.59999999999945,998.9200000000001,0.1685828265038483,0.5,0.16666666666666666
SilverBullet,SilverBullet#4,"{'liq': 'pd', 'minfvg': 0.0, 'dtf': False, 'max_bars': 999}",MNQ,OOS,47,0.42727272727272725,0.2553191489361702,-0.26900432683675607,0.48315926531290704,-3731.279999999999,4308.939999999995,-2.732377087339568,0.16666666666666666,0.19148936170212766
SilverBullet,SilverBullet#4,"{'liq': 'pd', 'minfvg': 0.0, 'dtf': False, 'max_bars': 999}",MES,ALL,98,0.35251798561151076,0.2755102040816326,-0.3057727781920426,0.5668767090714543,-2331.52,2512.8299999999995,-2.0451566027845063,0.2857142857142857,0.16326530612244897
SilverBullet,SilverBullet#4,"{'liq': 'pd', 'minfvg': 0.0, 'dtf': False, 'max_bars': 999}",MES,IS,58,0.34523809523809523,0.3275862068965517,-0.19900976195372705,0.6131228969716394,-1110.6699999999998,1307.1100000000001,-1.9497265502044032,0.25,0.1896551724137931
SilverBullet,SilverBullet#4,"{'liq': 'pd', 'minfvg': 0.0, 'dtf': False, 'max_bars': 999}",MES,OOS,40,0.36363636363636365,0.2,-0.46057915173760017,0.5140276572538591,-1220.8500000000004,1259.7000000000003,-2.2165684501676117,0.3333333333333333,0.125
SilverBullet,SilverBullet#4,"{'liq': 'pd', 'minfvg': 0.0, 'dtf': False, 'max_bars': 999}",MGC,ALL,130,0.4727272727272727,0.43846153846153846,0.09238598337331141,1.2632890661159515,2957.999999999617,2436.6000000001272,0.9410658949392,0.6428571428571429,0.24615384615384617
SilverBullet,SilverBullet#4,"{'liq': 'pd', 'minfvg': 0.0, 'dtf': False, 'max_bars': 999}",MGC,IS,74,0.4431137724550898,0.4594594594594595,0.13555914622840504,1.0703743603554785,522.5999999998029,2436.6000000001272,0.2801064901748609,0.625,0.24324324324324326
SilverBullet,SilverBullet#4,"{'liq': 'pd', 'minfvg': 0.0, 'dtf': False, 'max_bars': 999}",MGC,OOS,56,0.5185185185185185,0.4107142857142857,0.03533573245765202,1.63941398865776,2435.399999999814,592.8000000000757,1.9058566481518933,0.6666666666666666,0.25
SilverBullet,SilverBullet#5,"{'liq': 'pd', 'minfvg': 0.0, 'dtf': True, 'max_bars': 999}",MNQ,ALL,51,0.18345323741007194,0.35294117647058826,-0.1107734276462806,0.906413140064423,-539.2400000000005,2276.5600000000004,-0.24826031349872213,0.35714285714285715,0.1568627450980392
SilverBullet,SilverBullet#5,"{'liq': 'pd', 'minfvg': 0.0, 'dtf': True, 'max_bars': 999}",MNQ,IS,26,0.15476190476190477,0.38461538461538464,-0.14870824751112235,1.044524388384006,99.25999999999978,910.6200000000001,0.1186295858538716,0.375,0.07692307692307693
SilverBullet,SilverBullet#5,"{'liq': 'pd', 'minfvg': 0.0, 'dtf': True, 'max_bars': 999}",MNQ,OOS,25,0.22727272727272727,0.32,-0.07132121498684524,0.819253916401044,-638.5000000000002,2276.5600000000004,-0.5365550762851865,0.3333333333333333,0.24
SilverBullet,SilverBullet#5,"{'liq': 'pd', 'minfvg': 0.0, 'dtf': True, 'max_bars': 999}",MES,ALL,43,0.15467625899280577,0.3023255813953488,-0.24717380169377795,0.6728852381328492,-828.32,828.3200000000003,-0.9535407189438355,0.38461538461538464,0.16279069767441862
SilverBullet,SilverBullet#5,"{'liq': 'pd', 'minfvg': 0.0, 'dtf': True, 'max_bars': 999}",MES,IS,22,0.13095238095238096,0.3181818181818182,-0.25536796584772486,0.6736163630113441,-379.78,683.61,-0.9592827104597097,0.2857142857142857,0.13636363636363635
SilverBullet,SilverBullet#5,"{'liq': 'pd', 'minfvg': 0.0, 'dtf': True, 'max_bars': 999}",MES,OOS,21,0.19090909090909092,0.2857142857142857,-0.23858943924678577,0.672263627064153,-448.5400000000002,667.3600000000001,-1.0100822267736418,0.5,0.19047619047619047
SilverBullet,SilverBullet#5,"{'liq': 'pd', 'minfvg': 0.0, 'dtf': True, 'max_bars': 999}",MGC,ALL,63,0.2290909090909091,0.47619047619047616,0.07588721246356574,1.337654137572369,1818.199999999783,1120.800000000022,0.8280173854741981,0.7142857142857143,0.2222222222222222
SilverBullet,SilverBullet#5,"{'liq': 'pd', 'minfvg': 0.0, 'dtf': True, 'max_bars': 999}",MGC,IS,31,0.18562874251497005,0.5483870967741935,0.13669300930348324,1.131711112682997,372.3999999999205,1120.800000000022,0.3059699384612239,0.75,0.1935483870967742
SilverBullet,SilverBullet#5,"{'liq': 'pd', 'minfvg': 0.0, 'dtf': True, 'max_bars': 999}",MGC,OOS,32,0.2962962962962963,0.40625,0.016981596774895663,1.5653397982324941,1445.7999999998617,961.8000000000686,1.4914859546348704,0.6666666666666666,0.25
SilverBullet,SilverBullet#6,"{'liq': 'pd', 'minfvg': 0.25, 'dtf': False, 'max_bars': 999}",MNQ,ALL,61,0.21942446043165467,0.2786885245901639,-0.28117926072535976,0.6471302841267319,-2753.6399999999994,3275.1399999999985,-1.2141151631066134,0.35714285714285715,0.08196721311475409
SilverBullet,SilverBullet#6,"{'liq': 'pd', 'minfvg': 0.25, 'dtf': False, 'max_bars': 999}",MNQ,IS,34,0.20238095238095238,0.3235294117647059,-0.26758693128393124,0.7338989492784721,-868.1600000000003,1074.9,-0.9607800472997821,0.375,0.029411764705882353
SilverBullet,SilverBullet#6,"{'liq': 'pd', 'minfvg': 0.25, 'dtf': False, 'max_bars': 999}",MNQ,OOS,27,0.24545454545454545,0.2222222222222222,-0.2982955274293807,0.5847911491640684,-1885.4800000000002,3023.58,-1.5363409078762889,0.3333333333333333,0.14814814814814814
SilverBullet,SilverBullet#6,"{'liq': 'pd', 'minfvg': 0.25, 'dtf': False, 'max_bars': 999}",MES,ALL,64,0.2302158273381295,0.21875,-0.5166338007249657,0.40955930935610546,-2368.1100000000006,2378.1299999999997,-2.4970208500968556,0.14285714285714285,0.046875
SilverBullet,SilverBullet#6,"{'liq': 'pd', 'minfvg': 0.25, 'dtf': False, 'max_bars': 999}",MES,IS,33,0.19642857142857142,0.24242424242424243,-0.5464509953223081,0.4420731542718316,-1033.4199999999998,1166.01,-2.364984753294158,0.125,0.0
SilverBullet,SilverBullet#6,"{'liq': 'pd', 'minfvg': 0.25, 'dtf': False, 'max_bars': 999}",MES,OOS,31,0.2818181818181818,0.1935483870967742,-0.48489291615360114,0.38165855918461894,-1334.69,1489.7700000000002,-2.7746378852303075,0.16666666666666666,0.0967741935483871
SilverBullet,SilverBullet#6,"{'liq': 'pd', 'minfvg': 0.25, 'dtf': False, 'max_bars': 999}",MGC,ALL,82,0.29818181818181816,0.45121951219512196,0.15185231357698944,1.1862041145622872,1384.799999999781,1452.8000000002194,0.5926092648039057,0.7857142857142857,0.24390243902439024
SilverBullet,SilverBullet#6,"{'liq': 'pd', 'minfvg': 0.25, 'dtf': False, 'max_bars': 999}",MGC,IS,43,0.25748502994011974,0.5348837209302325,0.3437460413740983,1.361561561561539,1565.1999999999466,1157.6000000000377,1.0037306945587456,0.875,0.27906976744186046
SilverBullet,SilverBullet#6,"{'liq': 'pd', 'minfvg': 0.25, 'dtf': False, 'max_bars': 999}",MGC,OOS,39,0.3611111111111111,0.358974358974359,-0.059722822199309994,0.9419562419561917,-180.40000000016548,907.4000000001167,-0.2378112575627506,0.6666666666666666,0.20512820512820512
SilverBullet,SilverBullet#7,"{'liq': 'pd', 'minfvg': 0.25, 'dtf': True, 'max_bars': 999}",MNQ,ALL,31,0.11151079136690648,0.3548387096774194,-0.09942538162474465,1.085381657838841,317.5599999999997,1723.68,0.15904369755513725,0.2857142857142857,0.0967741935483871
SilverBullet,SilverBullet#7,"{'liq': 'pd', 'minfvg': 0.25, 'dtf': True, 'max_bars': 999}",MNQ,IS,17,0.10119047619047619,0.4117647058823529,-0.1611515057107817,1.106914105290289,165.91999999999985,545.46,0.22423979470964078,0.25,0.0
SilverBullet,SilverBullet#7,"{'liq': 'pd', 'minfvg': 0.25, 'dtf': True, 'max_bars': 999}",MNQ,OOS,14,0.12727272727272726,0.2857142857142857,-0.024472230948842513,1.0699640121804928,151.63999999999987,1723.68,0.13691723624635174,0.3333333333333333,0.21428571428571427
SilverBullet,SilverBullet#7,"{'liq': 'pd', 'minfvg': 0.25, 'dtf': True, 'max_bars': 999}",MES,ALL,31,0.11151079136690648,0.3225806451612903,-0.2749543199961298,0.7096186029214271,-562.1899999999999,748.6300000000001,-0.693506099567985,0.3076923076923077,0.0967741935483871
SilverBullet,SilverBullet#7,"{'liq': 'pd', 'minfvg': 0.25, 'dtf': True, 'max_bars': 999}",MES,IS,14,0.08333333333333333,0.35714285714285715,-0.3347177826023361,0.7872928176795582,-148.60999999999996,473.68,-0.4617859657694277,0.2857142857142857,0.0
SilverBullet,SilverBullet#7,"{'liq': 'pd', 'minfvg': 0.25, 'dtf': True, 'max_bars': 999}",MES,OOS,17,0.15454545454545454,0.29411764705882354,-0.22573735079101884,0.6657615283906317,-413.58000000000015,748.6300000000001,-0.9409315462057245,0.3333333333333333,0.17647058823529413
SilverBullet,SilverBullet#7,"{'liq': 'pd', 'minfvg': 0.25, 'dtf': True, 'max_bars': 999}",MGC,ALL,32,0.11636363636363636,0.4375,-0.023017564938669834,1.1918127774850846,509.7999999998807,962.8000000000638,0.39296766271184363,0.6428571428571429,0.1875
SilverBullet,SilverBullet#7,"{'liq': 'pd', 'minfvg': 0.25, 'dtf': True, 'max_bars': 999}",MGC,IS,12,0.0718562874251497,0.6666666666666666,0.3912693838328762,1.7439979782663382,588.7999999999971,633.8000000000101,0.9376649222310963,0.625,0.25
SilverBullet,SilverBullet#7,"{'liq': 'pd', 'minfvg': 0.25, 'dtf': True, 'max_bars': 999}",MGC,OOS,20,0.18518518518518517,0.3,-0.2715897342015975,0.9576725246463181,-79.00000000011661,962.8000000000637,-0.12362572480211972,0.6666666666666666,0.15
InsideBar,InsideBar#0,"{'nr': 0.6, 'dtf': False, 'max_bars': 24, 'last_entry': 900}",MNQ,ALL,368,1.3237410071942446,0.2554347826086957,-0.2812029388178324,0.6387511873031464,-4236.820000000001,4247.11999999998,-3.538089910476224,0.21428571428571427,0.2554347826086957
InsideBar,InsideBar#0,"{'nr': 0.6, 'dtf': False, 'max_bars': 24, 'last_entry': 900}",MNQ,IS,212,1.2619047619047619,0.22641509433962265,-0.3731224432289098,0.4576914125431095,-3588.379999999999,3671.7599999999957,-5.7368837244757405,0.125,0.22641509433962265
InsideBar,InsideBar#0,"{'nr': 0.6, 'dtf': False, 'max_bars': 24, 'last_entry': 900}",MNQ,OOS,156,1.4181818181818182,0.2948717948717949,-0.1562866892335479,0.8731384747818606,-648.4400000000003,1298.8400000000004,-1.1711438863388868,0.3333333333333333,0.2948717948717949
InsideBar,InsideBar#0,"{'nr': 0.6, 'dtf': False, 'max_bars': 24, 'last_entry': 900}",MES,ALL,307,1.10431654676259,0.26058631921824105,-0.327155509526606,0.5764128369954402,-2439.43,2486.9699999999903,-4.12729160724008,0.14285714285714285,0.25732899022801303
InsideBar,InsideBar#0,"{'nr': 0.6, 'dtf': False, 'max_bars': 24, 'last_entry': 900}",MES,IS,187,1.1130952380952381,0.2192513368983957,-0.4475502633392578,0.44109382718048795,-2070.6300000000006,2137.000000000001,-5.841492621514949,0.0,0.2192513368983957
InsideBar,InsideBar#0,"{'nr': 0.6, 'dtf': False, 'max_bars': 24, 'last_entry': 900}",MES,OOS,120,1.0909090909090908,0.325,-0.13954035150189015,0.8204645139933502,-368.80000000000007,434.62,-1.5855077933152313,0.3333333333333333,0.31666666666666665
InsideBar,InsideBar#0,"{'nr': 0.6, 'dtf': False, 'max_bars': 24, 'last_entry': 900}",MGC,ALL,418,1.52,0.27751196172248804,-0.24107224006195685,0.681120562130142,-4138.800000001737,4322.600000001767,-2.947200553018441,0.2857142857142857,0.2751196172248804
InsideBar,InsideBar#0,"{'nr': 0.6, 'dtf': False, 'max_bars': 24, 'last_entry': 900}",MGC,IS,242,1.4491017964071857,0.26859504132231404,-0.26329919372013266,0.6000784114757088,-3468.200000001346,3593.8000000013485,-3.6506717875628625,0.25,0.2644628099173554
InsideBar,InsideBar#0,"{'nr': 0.6, 'dtf': False, 'max_bars': 24, 'last_entry': 900}",MGC,OOS,176,1.6296296296296295,0.2897727272727273,-0.21051017878196518,0.8442999767819469,-670.6000000003919,1297.000000000578,-1.5495924050937826,0.3333333333333333,0.2897727272727273
InsideBar,InsideBar#1,"{'nr': 0.6, 'dtf': False, 'max_bars': 999, 'last_entry': 900}",MNQ,ALL,368,1.3237410071942446,0.2554347826086957,-0.2812029388178324,0.6387511873031464,-4236.820000000001,4247.11999999998,-3.538089910476224,0.21428571428571427,0.2554347826086957
InsideBar,InsideBar#1,"{'nr': 0.6, 'dtf': False, 'max_bars': 999, 'last_entry': 900}",MNQ,IS,212,1.2619047619047619,0.22641509433962265,-0.3731224432289098,0.4576914125431095,-3588.379999999999,3671.7599999999957,-5.7368837244757405,0.125,0.22641509433962265
InsideBar,InsideBar#1,"{'nr': 0.6, 'dtf': False, 'max_bars': 999, 'last_entry': 900}",MNQ,OOS,156,1.4181818181818182,0.2948717948717949,-0.1562866892335479,0.8731384747818606,-648.4400000000003,1298.8400000000004,-1.1711438863388868,0.3333333333333333,0.2948717948717949
InsideBar,InsideBar#1,"{'nr': 0.6, 'dtf': False, 'max_bars': 999, 'last_entry': 900}",MES,ALL,307,1.10431654676259,0.25732899022801303,-0.33334443460803925,0.5702163840821782,-2486.93,2534.4699999999903,-4.195912415116486,0.14285714285714285,0.25732899022801303
InsideBar,InsideBar#1,"{'nr': 0.6, 'dtf': False, 'max_bars': 999, 'last_entry': 900}",MES,IS,187,1.1130952380952381,0.2192513368983957,-0.4475502633392578,0.44109382718048795,-2070.6300000000006,2137.000000000001,-5.841492621514949,0.0,0.2192513368983957
InsideBar,InsideBar#1,"{'nr': 0.6, 'dtf': False, 'max_bars': 999, 'last_entry': 900}",MES,OOS,120,1.0909090909090908,0.31666666666666665,-0.15537368483522349,0.8000172937242997,-416.3,460.0900000000001,-1.773391195786262,0.3333333333333333,0.31666666666666665
InsideBar,InsideBar#1,"{'nr': 0.6, 'dtf': False, 'max_bars': 999, 'last_entry': 900}",MGC,ALL,418,1.52,0.27751196172248804,-0.24107224006195685,0.681120562130142,-4138.800000001737,4322.600000001767,-2.947200553018441,0.2857142857142857,0.2751196172248804
InsideBar,InsideBar#1,"{'nr': 0.6, 'dtf': False, 'max_bars': 999, 'last_entry': 900}",MGC,IS,242,1.4491017964071857,0.26859504132231404,-0.26329919372013266,0.6000784114757088,-3468.200000001346,3593.8000000013485,-3.6506717875628625,0.25,0.2644628099173554
InsideBar,InsideBar#1,"{'nr': 0.6, 'dtf': False, 'max_bars': 999, 'last_entry': 900}",MGC,OOS,176,1.6296296296296295,0.2897727272727273,-0.21051017878196518,0.8442999767819469,-670.6000000003919,1297.000000000578,-1.5495924050937826,0.3333333333333333,0.2897727272727273
InsideBar,InsideBar#2,"{'nr': 0.6, 'dtf': True, 'max_bars': 24, 'last_entry': 900}",MNQ,ALL,192,0.6906474820143885,0.24479166666666666,-0.31598312460187006,0.6296788633049615,-2184.08,2184.080000000001,-2.5602923506459128,0.21428571428571427,0.24479166666666666
InsideBar,InsideBar#2,"{'nr': 0.6, 'dtf': True, 'max_bars': 24, 'last_entry': 900}",MNQ,IS,120,0.7142857142857143,0.24166666666666667,-0.3310908433271886,0.534422598277977,-1563.8000000000002,1714.3600000000006,-3.332216504346197,0.125,0.24166666666666667
InsideBar,InsideBar#2,"{'nr': 0.6, 'dtf': True, 'max_bars': 24, 'last_entry': 900}",MNQ,OOS,72,0.6545454545454545,0.25,-0.2908035933930058,0.7556952452972874,-620.2800000000001,944.7,-1.631845510319888,0.3333333333333333,0.25
InsideBar,InsideBar#2,"{'nr': 0.6, 'dtf': True, 'max_bars': 24, 'last_entry': 900}",MES,ALL,177,0.6366906474820144,0.2824858757062147,-0.2697391251774306,0.6488119169466234,-1030.73,1068.2500000000011,-2.3152908660692657,0.2857142857142857,0.2768361581920904
InsideBar,InsideBar#2,"{'nr': 0.6, 'dtf': True, 'max_bars': 24, 'last_entry': 900}",MES,IS,105,0.625,0.24761904761904763,-0.36682325771432034,0.5404347753992073,-831.45,955.2700000000006,-3.100014769477121,0.125,0.24761904761904763
InsideBar,InsideBar#2,"{'nr': 0.6, 'dtf': True, 'max_bars': 24, 'last_entry': 900}",MES,OOS,72,0.6545454545454545,0.3333333333333333,-0.12815809856113297,0.8229833802641747,-199.27999999999997,369.74,-1.1261001973138325,0.5,0.3194444444444444
InsideBar,InsideBar#2,"{'nr': 0.6, 'dtf': True, 'max_bars': 24, 'last_entry': 900}",MGC,ALL,240,0.8727272727272727,0.29583333333333334,-0.18318496139153229,0.8172358591247901,-1233.0000000009377,1331.0000000009475,-1.3522698420538506,0.21428571428571427,0.2916666666666667
InsideBar,InsideBar#2,"{'nr': 0.6, 'dtf': True, 'max_bars': 24, 'last_entry': 900}",MGC,IS,151,0.9041916167664671,0.304635761589404,-0.15023612264990727,0.7864233251724175,-959.6000000006384,1057.6000000006484,-1.5301777242837153,0.25,0.2980132450331126
InsideBar,InsideBar#2,"{'nr': 0.6, 'dtf': True, 'max_bars': 24, 'last_entry': 900}",MGC,OOS,89,0.8240740740740741,0.2808988764044944,-0.23908692375091845,0.8786722286322031,-273.4000000002991,603.2000000003375,-1.0126491590248614,0.16666666666666666,0.2808988764044944
InsideBar,InsideBar#3,"{'nr': 0.6, 'dtf': True, 'max_bars': 999, 'last_entry': 900}",MNQ,ALL,192,0.6906474820143885,0.24479166666666666,-0.31598312460187006,0.6296788633049615,-2184.08,2184.080000000001,-2.5602923506459128,0.21428571428571427,0.24479166666666666
InsideBar,InsideBar#3,"{'nr': 0.6, 'dtf': True, 'max_bars': 999, 'last_entry': 900}",MNQ,IS,120,0.7142857142857143,0.24166666666666667,-0.3310908433271886,0.534422598277977,-1563.8000000000002,1714.3600000000006,-3.332216504346197,0.125,0.24166666666666667
InsideBar,InsideBar#3,"{'nr': 0.6, 'dtf': True, 'max_bars': 999, 'last_entry': 900}",MNQ,OOS,72,0.6545454545454545,0.25,-0.2908035933930058,0.7556952452972874,-620.2800000000001,944.7,-1.631845510319888,0.3333333333333333,0.25
InsideBar,InsideBar#3,"{'nr': 0.6, 'dtf': True, 'max_bars': 999, 'last_entry': 900}",MES,ALL,177,0.6366906474820144,0.2768361581920904,-0.28047358845426673,0.6360368206260316,-1078.23,1115.7500000000011,-2.406907254424162,0.21428571428571427,0.2768361581920904
InsideBar,InsideBar#3,"{'nr': 0.6, 'dtf': True, 'max_bars': 999, 'last_entry': 900}",MES,IS,105,0.625,0.24761904761904763,-0.36682325771432034,0.5404347753992073,-831.45,955.2700000000006,-3.100014769477121,0.125,0.24761904761904763
InsideBar,InsideBar#3,"{'nr': 0.6, 'dtf': True, 'max_bars': 999, 'last_entry': 900}",MES,OOS,72,0.6545454545454545,0.3194444444444444,-0.15454698745002185,0.7860152957702513,-246.77999999999992,369.74,-1.3713881439296398,0.3333333333333333,0.3194444444444444
InsideBar,InsideBar#3,"{'nr': 0.6, 'dtf': True, 'max_bars': 999, 'last_entry': 900}",MGC,ALL,240,0.8727272727272727,0.29583333333333334,-0.18318496139153229,0.8172358591247901,-1233.0000000009377,1331.0000000009475,-1.3522698420538506,0.21428571428571427,0.2916666666666667
InsideBar,InsideBar#3,"{'nr': 0.6, 'dtf': True, 'max_bars': 999, 'last_entry': 900}",MGC,IS,151,0.9041916167664671,0.304635761589404,-0.15023612264990727,0.7864233251724175,-959.6000000006384,1057.6000000006484,-1.5301777242837153,0.25,0.2980132450331126
InsideBar,InsideBar#3,"{'nr': 0.6, 'dtf': True, 'max_bars': 999, 'last_entry': 900}",MGC,OOS,89,0.8240740740740741,0.2808988764044944,-0.23908692375091845,0.8786722286322031,-273.4000000002991,603.2000000003375,-1.0126491590248614,0.16666666666666666,0.2808988764044944
InsideBar,InsideBar#4,"{'nr': 1.0, 'dtf': False, 'max_bars': 24, 'last_entry': 900}",MNQ,ALL,617,2.2194244604316546,0.2884927066450567,-0.18200608761770612,0.7362288183886246,-6943.080000000002,6949.5199999999995,-2.894812333623149,0.21428571428571427,0.2787682333873582
InsideBar,InsideBar#4,"{'nr': 1.0, 'dtf': False, 'max_bars': 24, 'last_entry': 900}",MNQ,IS,369,2.1964285714285716,0.2682926829268293,-0.25033194554182614,0.6387009257359899,-5460.06,5706.679999999998,-4.125337859411221,0.125,0.25474254742547425
InsideBar,InsideBar#4,"{'nr': 1.0, 'dtf': False, 'max_bars': 24, 'last_entry': 900}",MNQ,OOS,248,2.2545454545454544,0.3185483870967742,-0.08034382320641456,0.8677063280660406,-1483.020000000001,2894.5200000000004,-1.396584612767603,0.3333333333333333,0.31451612903225806
InsideBar,InsideBar#4,"{'nr': 1.0, 'dtf': False, 'max_bars': 24, 'last_entry': 900}",MES,ALL,548,1.9712230215827338,0.2937956204379562,-0.2108440034700624,0.7136046272625668,-3567.0200000000004,3797.6199999999817,-3.0625506179155466,0.07142857142857142,0.2846715328467153
InsideBar,InsideBar#4,"{'nr': 1.0, 'dtf': False, 'max_bars': 24, 'last_entry': 900}",MES,IS,329,1.9583333333333333,0.2826747720364742,-0.2479846061166296,0.6752041334981199,-2472.9600000000005,2642.2699999999973,-3.6186948160821064,0.0,0.270516717325228
InsideBar,InsideBar#4,"{'nr': 1.0, 'dtf': False, 'max_bars': 24, 'last_entry': 900}",MES,OOS,219,1.990909090909091,0.3105022831050228,-0.15504830360375832,0.7740007725692475,-1094.0600000000002,1457.170000000001,-2.2697948265297554,0.16666666666666666,0.3059360730593607
InsideBar,InsideBar#4,"{'nr': 1.0, 'dtf': False, 'max_bars': 24, 'last_entry': 900}",MGC,ALL,606,2.2036363636363636,0.2887788778877888,-0.21111390251425852,0.7301787836725416,-6492.600000002644,6778.6000000026415,-2.8821369825858403,0.14285714285714285,0.2706270627062706
InsideBar,InsideBar#4,"{'nr': 1.0, 'dtf': False, 'max_bars': 24, 'last_entry': 900}",MGC,IS,369,2.2095808383233533,0.2764227642276423,-0.24150593120920627,0.6815325000590234,-5391.4000000019605,5628.600000001971,-3.5060037162288906,0.125,0.25745257452574527
InsideBar,InsideBar#4,"{'nr': 1.0, 'dtf': False, 'max_bars': 24, 'last_entry': 900}",MGC,OOS,237,2.1944444444444446,0.3080168776371308,-0.16379466796389686,0.8456276109568546,-1101.2000000006847,2237.200000000652,-1.6305435484821995,0.16666666666666666,0.2911392405063291
InsideBar,InsideBar#5,"{'nr': 1.0, 'dtf': False, 'max_bars': 999, 'last_entry': 900}",MNQ,ALL,614,2.20863309352518,0.28664495114006516,-0.17829177746151517,0.7380593544712764,-6917.360000000001,7026.039999999997,-2.87657967807672,0.21428571428571427,0.28501628664495116
InsideBar,InsideBar#5,"{'nr': 1.0, 'dtf': False, 'max_bars': 999, 'last_entry': 900}",MNQ,IS,367,2.1845238095238093,0.26430517711171664,-0.2498059872196728,0.636666819789609,-5536.58,5863.939999999995,-4.184517270748018,0.125,0.2615803814713896
InsideBar,InsideBar#5,"{'nr': 1.0, 'dtf': False, 'max_bars': 999, 'last_entry': 900}",MNQ,OOS,247,2.2454545454545456,0.31983805668016196,-0.07203382207186391,0.8763829676753967,-1380.780000000001,2894.5200000000004,-1.293940772860273,0.3333333333333333,0.31983805668016196
InsideBar,InsideBar#5,"{'nr': 1.0, 'dtf': False, 'max_bars': 999, 'last_entry': 900}",MES,ALL,548,1.9712230215827338,0.29014598540145986,-0.21667489702905818,0.7109227332151792,-3630.7700000000004,3850.1199999999817,-3.0894572829568943,0.07142857142857142,0.28832116788321166
InsideBar,InsideBar#5,"{'nr': 1.0, 'dtf': False, 'max_bars': 999, 'last_entry': 900}",MES,IS,329,1.9583333333333333,0.2796352583586626,-0.24953358904859124,0.6775749808209044,-2475.4600000000005,2633.5199999999973,-3.5757112350282876,0.0,0.2765957446808511
InsideBar,InsideBar#5,"{'nr': 1.0, 'dtf': False, 'max_bars': 999, 'last_entry': 900}",MES,OOS,219,1.990909090909091,0.3059360730593607,-0.1673118391549651,0.7633642823054219,-1155.3100000000002,1470.920000000001,-2.38735435357962,0.16666666666666666,0.3059360730593607
InsideBar,InsideBar#5,"{'nr': 1.0, 'dtf': False, 'max_bars': 999, 'last_entry': 900}",MGC,ALL,602,2.189090909090909,0.287375415282392,-0.20620703438823754,0.7290228359001206,-6531.200000002471,6817.200000002468,-2.89003724260359,0.14285714285714285,0.27906976744186046
InsideBar,InsideBar#5,"{'nr': 1.0, 'dtf': False, 'max_bars': 999, 'last_entry': 900}",MGC,IS,368,2.2035928143712575,0.27445652173913043,-0.2426167223471288,0.6756992491837267,-5502.80000000189,5740.0000000019,-3.575357090766038,0.125,0.26358695652173914
InsideBar,InsideBar#5,"{'nr': 1.0, 'dtf': False, 'max_bars': 999, 'last_entry': 900}",MGC,OOS,234,2.1666666666666665,0.3076923076923077,-0.14894735417938298,0.8558492893386369,-1028.4000000005828,2237.200000000652,-1.5088452614134047,0.16666666666666666,0.3034188034188034
InsideBar,InsideBar#6,"{'nr': 1.0, 'dtf': True, 'max_bars': 24, 'last_entry': 900}",MNQ,ALL,331,1.1906474820143884,0.28700906344410876,-0.18691007293787243,0.7711605486240796,-3043.9400000000005,3043.9399999999905,-1.7965711745790587,0.07142857142857142,0.27794561933534745
InsideBar,InsideBar#6,"{'nr': 1.0, 'dtf': True, 'max_bars': 24, 'last_entry': 900}",MNQ,IS,204,1.2142857142857142,0.27450980392156865,-0.22898216174487324,0.6686588894847423,-2557.96,2880.1999999999975,-2.771984261387995,0.0,0.2647058823529412
InsideBar,InsideBar#6,"{'nr': 1.0, 'dtf': True, 'max_bars': 24, 'last_entry': 900}",MNQ,OOS,127,1.1545454545454545,0.30708661417322836,-0.11932970981481598,0.9129320878167988,-485.9800000000006,1935.4800000000005,-0.6384364845912962,0.16666666666666666,0.2992125984251969
InsideBar,InsideBar#6,"{'nr': 1.0, 'dtf': True, 'max_bars': 24, 'last_entry': 900}",MES,ALL,292,1.0503597122302157,0.2876712328767123,-0.23087470503957094,0.7036874630016505,-1892.08,2044.6500000000021,-2.4063037630478523,0.14285714285714285,0.2808219178082192
InsideBar,InsideBar#6,"{'nr': 1.0, 'dtf': True, 'max_bars': 24, 'last_entry': 900}",MES,IS,172,1.0238095238095237,0.28488372093023256,-0.240961587536874,0.694702238702003,-1139.5300000000002,1301.2000000000007,-2.4568507070078858,0.0,0.27906976744186046
InsideBar,InsideBar#6,"{'nr': 1.0, 'dtf': True, 'max_bars': 24, 'last_entry': 900}",MES,OOS,120,1.0909090909090908,0.2916666666666667,-0.21641684012676998,0.7163293000113085,-752.5500000000002,993.0100000000002,-2.3258269474882143,0.3333333333333333,0.2833333333333333
InsideBar,InsideBar#6,"{'nr': 1.0, 'dtf': True, 'max_bars': 24, 'last_entry': 900}",MGC,ALL,347,1.2618181818181817,0.29971181556195964,-0.18674425724919533,0.793443790045882,-2553.200000001534,2653.8000000015495,-1.7502098968517612,0.2857142857142857,0.2737752161383285
InsideBar,InsideBar#6,"{'nr': 1.0, 'dtf': True, 'max_bars': 24, 'last_entry': 900}",MGC,IS,226,1.3532934131736527,0.2920353982300885,-0.20349514998630602,0.7359260511779312,-2342.6000000011454,2381.8000000011684,-2.46483876889537,0.25,0.26548672566371684
InsideBar,InsideBar#6,"{'nr': 1.0, 'dtf': True, 'max_bars': 24, 'last_entry': 900}",MGC,OOS,121,1.1203703703703705,0.3140495867768595,-0.15545746585591422,0.9396527021604895,-210.60000000038914,1008.4000000003894,-0.4209633701685728,0.3333333333333333,0.2892561983471074
InsideBar,InsideBar#7,"{'nr': 1.0, 'dtf': True, 'max_bars': 999, 'last_entry': 900}",MNQ,ALL,329,1.183453237410072,0.2887537993920973,-0.1756494694518862,0.7875245080241087,-2808.960000000001,2852.699999999996,-1.6385395537704182,0.07142857142857142,0.2857142857142857
InsideBar,InsideBar#7,"{'nr': 1.0, 'dtf': True, 'max_bars': 999, 'last_entry': 900}",MNQ,IS,203,1.2083333333333333,0.27586206896551724,-0.220525696584381,0.6841659742823729,-2425.2200000000003,2747.4599999999987,-2.589676236392794,0.0,0.270935960591133
InsideBar,InsideBar#7,"{'nr': 1.0, 'dtf': True, 'max_bars': 999, 'last_entry': 900}",MNQ,OOS,126,1.1454545454545455,0.30952380952380953,-0.10334888129397786,0.930750101960162,-383.7400000000006,1876.9800000000002,-0.4997008340375947,0.16666666666666666,0.30952380952380953
InsideBar,InsideBar#7,"{'nr': 1.0, 'dtf': True, 'max_bars': 999, 'last_entry': 900}",MES,ALL,292,1.0503597122302157,0.2842465753424658,-0.23640308077342614,0.6989758288131004,-1934.58,2092.400000000002,-2.4476901420731596,0.14285714285714285,0.2842465753424658
InsideBar,InsideBar#7,"{'nr': 1.0, 'dtf': True, 'max_bars': 999, 'last_entry': 900}",MES,IS,172,1.0238095238095237,0.28488372093023256,-0.23473235165647532,0.6997256545175914,-1120.7800000000002,1287.7000000000007,-2.4120427405535576,0.0,0.28488372093023256
InsideBar,InsideBar#7,"{'nr': 1.0, 'dtf': True, 'max_bars': 999, 'last_entry': 900}",MES,OOS,120,1.0909090909090908,0.2833333333333333,-0.23879779250772235,0.697937004016124,-813.8000000000002,1006.7600000000003,-2.491174769673617,0.3333333333333333,0.2833333333333333
InsideBar,InsideBar#7,"{'nr': 1.0, 'dtf': True, 'max_bars': 999, 'last_entry': 900}",MGC,ALL,343,1.2472727272727273,0.29737609329446063,-0.17465489489303532,0.802122477944557,-2453.80000000136,2554.4000000013752,-1.66361234245224,0.2857142857142857,0.2886297376093295
InsideBar,InsideBar#7,"{'nr': 1.0, 'dtf': True, 'max_bars': 999, 'last_entry': 900}",MGC,IS,225,1.347305389221557,0.28888888888888886,-0.2002752489298375,0.7400673400672829,-2316.0000000010723,2355.2000000010958,-2.412689736318529,0.25,0.27555555555555555
InsideBar,InsideBar#7,"{'nr': 1.0, 'dtf': True, 'max_bars': 999, 'last_entry': 900}",MGC,OOS,118,1.0925925925925926,0.3135593220338983,-0.12580252490760743,0.960522546267047,-137.80000000028738,1008.4000000003895,-0.2718845409205368,0.3333333333333333,0.3135593220338983
FirstBar2R,FirstBar2R#0,"{'stop': 'bar', 'dtf': False, 'max_bars': 999, 'last_entry': 575}",MNQ,ALL,273,0.9820143884892086,0.3443223443223443,-0.06135537130243295,0.8907130425953038,-2927.5200000000023,5959.35999999999,-0.764462772614741,0.42857142857142855,0.2783882783882784
FirstBar2R,FirstBar2R#0,"{'stop': 'bar', 'dtf': False, 'max_bars': 999, 'last_entry': 575}",MNQ,IS,163,0.9702380952380952,0.3496932515337423,-0.054257118139193684,0.9805516884561724,-260.1200000000013,2296.5800000000004,-0.12831766798822888,0.375,0.2822085889570552
FirstBar2R,FirstBar2R#0,"{'stop': 'bar', 'dtf': False, 'max_bars': 999, 'last_entry': 575}",MNQ,OOS,110,1.0,0.33636363636363636,-0.07187369189886926,0.801126112020709,-2667.3999999999996,5352.8999999999905,-1.5099560092712463,0.5,0.2727272727272727
FirstBar2R,FirstBar2R#0,"{'stop': 'bar', 'dtf': False, 'max_bars': 999, 'last_entry': 575}",MES,ALL,273,0.9820143884892086,0.3333333333333333,-0.07147243375026287,0.9093729734347635,-933.5200000000009,1978.770000000001,-0.6259607807693036,0.5,0.315018315018315
FirstBar2R,FirstBar2R#0,"{'stop': 'bar', 'dtf': False, 'max_bars': 999, 'last_entry': 575}",MES,IS,163,0.9702380952380952,0.34355828220858897,-0.03848216518722392,1.0657086199285113,369.12999999999954,716.0100000000001,0.40411233867955093,0.5,0.3312883435582822
FirstBar2R,FirstBar2R#0,"{'stop': 'bar', 'dtf': False, 'max_bars': 999, 'last_entry': 575}",MES,OOS,110,1.0,0.3181818181818182,-0.12035801353003879,0.721834294255819,-1302.6500000000003,1961.5300000000007,-2.26383411591065,0.5,0.2909090909090909
FirstBar2R,FirstBar2R#0,"{'stop': 'bar', 'dtf': False, 'max_bars': 999, 'last_entry': 575}",MGC,ALL,268,0.9745454545454545,0.31343283582089554,-0.10125826936101105,0.8969273362682915,-1816.800000000717,2957.8000000003235,-0.6785568393176842,0.35714285714285715,0.30597014925373134
FirstBar2R,FirstBar2R#0,"{'stop': 'bar', 'dtf': False, 'max_bars': 999, 'last_entry': 575}",MGC,IS,161,0.9640718562874252,0.32919254658385094,-0.05080721232270959,1.0034705094778036,39.39999999961128,2957.8000000003235,0.021292678168814895,0.5,0.32298136645962733
FirstBar2R,FirstBar2R#0,"{'stop': 'bar', 'dtf': False, 'max_bars': 999, 'last_entry': 575}",MGC,OOS,107,0.9907407407407407,0.2897196261682243,-0.17717060752144592,0.7041252231573302,-1856.2000000003275,2582.6000000003173,-2.3941619758893617,0.16666666666666666,0.2803738317757009
FirstBar2R,FirstBar2R#1,"{'stop': 'bar', 'dtf': True, 'max_bars': 999, 'last_entry': 575}",MNQ,ALL,133,0.4784172661870504,0.3458646616541353,-0.048971256971453596,0.9662306564944909,-430.4200000000012,2492.12,-0.15764807726844532,0.42857142857142855,0.2857142857142857
FirstBar2R,FirstBar2R#1,"{'stop': 'bar', 'dtf': True, 'max_bars': 999, 'last_entry': 575}",MNQ,IS,74,0.44047619047619047,0.32432432432432434,-0.12184792569445105,0.9180360581130754,-468.26000000000056,1389.6600000000005,-0.3813116521562201,0.25,0.2702702702702703
FirstBar2R,FirstBar2R#1,"{'stop': 'bar', 'dtf': True, 'max_bars': 999, 'last_entry': 575}",MNQ,OOS,59,0.5363636363636364,0.3728813559322034,0.04243337837603471,1.0053804415829648,37.83999999999948,2492.12,0.026925215586280908,0.6666666666666666,0.3050847457627119
FirstBar2R,FirstBar2R#1,"{'stop': 'bar', 'dtf': True, 'max_bars': 999, 'last_entry': 575}",MES,ALL,137,0.49280575539568344,0.31386861313868614,-0.13635467374876734,0.9227231331501318,-388.6300000000004,875.8000000000003,-0.37805901639654393,0.5,0.291970802919708
FirstBar2R,FirstBar2R#1,"{'stop': 'bar', 'dtf': True, 'max_bars': 999, 'last_entry': 575}",MES,IS,77,0.4583333333333333,0.2987012987012987,-0.1897305093194439,0.9245011152861576,-201.73000000000025,483.0700000000004,-0.3472296278500524,0.5,0.2857142857142857
FirstBar2R,FirstBar2R#1,"{'stop': 'bar', 'dtf': True, 'max_bars': 999, 'last_entry': 575}",MES,OOS,60,0.5454545454545454,0.3333333333333333,-0.06785568476639904,0.9207076492299862,-186.90000000000015,875.8000000000002,-0.4192522446875904,0.5,0.3
FirstBar2R,FirstBar2R#1,"{'stop': 'bar', 'dtf': True, 'max_bars': 999, 'last_entry': 575}",MGC,ALL,136,0.49454545454545457,0.29411764705882354,-0.1515361460660134,0.7278617267750465,-2654.600000000299,3539.600000000359,-1.4108727075301608,0.35714285714285715,0.29411764705882354
FirstBar2R,FirstBar2R#1,"{'stop': 'bar', 'dtf': True, 'max_bars': 999, 'last_entry': 575}",MGC,IS,85,0.5089820359281437,0.2823529411764706,-0.18361775859402385,0.72945076032912,-1861.0000000002178,3315.800000000231,-1.4103229346126591,0.375,0.2823529411764706
FirstBar2R,FirstBar2R#1,"{'stop': 'bar', 'dtf': True, 'max_bars': 999, 'last_entry': 575}",MGC,OOS,51,0.4722222222222222,0.3137254901960784,-0.09806679185266265,0.7240611961056965,-793.6000000000801,1678.6000000001482,-1.5329248080394913,0.3333333333333333,0.3137254901960784
FirstBar2R,FirstBar2R#2,"{'stop': 0.08, 'dtf': False, 'max_bars': 999, 'last_entry': 575}",MNQ,ALL,273,0.9820143884892086,0.31868131868131866,-0.07182755660878107,0.8582369419481252,-1676.8507291596864,3388.4314285714163,-1.1050477946308868,0.42857142857142855,0.31868131868131866
FirstBar2R,FirstBar2R#2,"{'stop': 0.08, 'dtf': False, 'max_bars': 999, 'last_entry': 575}",MNQ,IS,163,0.9702380952380952,0.3006134969325153,-0.12820703074415468,0.7725361306862999,-1520.7050148739995,2856.742857142862,-1.880114629217144,0.5,0.3006134969325153
FirstBar2R,FirstBar2R#2,"{'stop': 0.08, 'dtf': False, 'max_bars': 999, 'last_entry': 575}",MNQ,OOS,110,1.0,0.34545454545454546,0.011716573246363571,0.9696395646176625,-156.14571428568763,1252.345714285699,-0.22426977778400553,0.3333333333333333,0.34545454545454546
FirstBar2R,FirstBar2R#2,"{'stop': 0.08, 'dtf': False, 'max_bars': 999, 'last_entry': 575}",MES,ALL,273,0.9820143884892086,0.31868131868131866,-0.12070332214860707,0.8157708397502749,-1081.197277722305,1499.4685714285906,-1.5005820777349166,0.2857142857142857,0.31868131868131866
FirstBar2R,FirstBar2R#2,"{'stop': 0.08, 'dtf': False, 'max_bars': 999, 'last_entry': 575}",MES,IS,163,0.9702380952380952,0.3374233128834356,-0.06175460212396076,0.852122031959121,-521.1758491508592,888.1000000000058,-1.1779023864184934,0.25,0.3374233128834356
FirstBar2R,FirstBar2R#2,"{'stop': 0.08, 'dtf': False, 'max_bars': 999, 'last_entry': 575}",MES,OOS,110,1.0,0.2909090909090909,-0.20805460727603747,0.7611236265895742,-560.021428571446,710.6885714285875,-2.0071154483079328,0.3333333333333333,0.2909090909090909
FirstBar2R,FirstBar2R#2,"{'stop': 0.08, 'dtf': False, 'max_bars': 999, 'last_entry': 575}",MGC,ALL,268,0.9745454545454545,0.30597014925373134,-0.1282275361808165,0.8906158629207901,-1170.1920919088743,2214.757806194232,-0.783877514197876,0.2857142857142857,0.30597014925373134
FirstBar2R,FirstBar2R#2,"{'stop': 0.08, 'dtf': False, 'max_bars': 999, 'last_entry': 575}",MGC,IS,161,0.9640718562874252,0.2732919254658385,-0.22556880995587145,0.8308403668478125,-1210.706377622913,2214.757806194232,-1.2097574266188815,0.25,0.2732919254658385
FirstBar2R,FirstBar2R#2,"{'stop': 0.08, 'dtf': False, 'max_bars': 999, 'last_entry': 575}",MGC,OOS,107,0.9907407407407407,0.35514018691588783,0.018239240247069806,1.0114420538243827,40.514285714038145,676.5142857144122,0.08472513460751385,0.3333333333333333,0.35514018691588783
FirstBar2R,FirstBar2R#3,"{'stop': 0.08, 'dtf': True, 'max_bars': 999, 'last_entry': 575}",MNQ,ALL,133,0.4784172661870504,0.3233082706766917,-0.05842248372114632,0.954760832534955,-249.5533968253751,1386.5428571428727,-0.22941903026654967,0.35714285714285715,0.3233082706766917
FirstBar2R,FirstBar2R#3,"{'stop': 0.08, 'dtf': True, 'max_bars': 999, 'last_entry': 575}",MNQ,IS,74,0.44047619047619047,0.25675675675675674,-0.2609928671045612,0.6755161801651371,-1006.3619682539629,1259.0400000000104,-1.8847403407902084,0.125,0.25675675675675674
FirstBar2R,FirstBar2R#3,"{'stop': 0.08, 'dtf': True, 'max_bars': 999, 'last_entry': 575}",MNQ,OOS,59,0.5363636363636364,0.4067796610169492,0.19564884459025536,1.3133927504493044,756.8085714285878,514.8714285714291,1.4336656586192191,0.6666666666666666,0.4067796610169492
FirstBar2R,FirstBar2R#3,"{'stop': 0.08, 'dtf': True, 'max_bars': 999, 'last_entry': 575}",MES,ALL,137,0.49280575539568344,0.30656934306569344,-0.15845328575086026,0.799222781705026,-592.3426623377118,811.4600000000039,-1.1587918738509257,0.2857142857142857,0.30656934306569344
FirstBar2R,FirstBar2R#3,"{'stop': 0.08, 'dtf': True, 'max_bars': 999, 'last_entry': 575}",MES,IS,77,0.4583333333333333,0.33766233766233766,-0.0627721668660069,0.8436800710176278,-255.60694805196135,397.45142857142844,-0.8589155401536757,0.375,0.33766233766233766
FirstBar2R,FirstBar2R#3,"{'stop': 0.08, 'dtf': True, 'max_bars': 999, 'last_entry': 575}",MES,OOS,60,0.5454545454545454,0.26666666666666666,-0.2812440549864221,0.7439458507636915,-336.73571428575036,490.3885714285731,-1.5747597559233035,0.16666666666666666,0.26666666666666666
FirstBar2R,FirstBar2R#3,"{'stop': 0.08, 'dtf': True, 'max_bars': 999, 'last_entry': 575}",MGC,ALL,136,0.49454545454545457,0.27941176470588236,-0.20851899281525463,0.69761643360488,-1750.401615718058,2365.487330003799,-1.7833310508888456,0.2857142857142857,0.27941176470588236
FirstBar2R,FirstBar2R#3,"{'stop': 0.08, 'dtf': True, 'max_bars': 999, 'last_entry': 575}",MGC,IS,85,0.5089820359281437,0.2235294117647059,-0.37639897066883427,0.5655075319726535,-1783.2587585750666,2017.47018714651,-2.7629387561255876,0.125,0.2235294117647059
FirstBar2R,FirstBar2R#3,"{'stop': 0.08, 'dtf': True, 'max_bars': 999, 'last_entry': 575}",MGC,OOS,51,0.4722222222222222,0.37254901960784315,0.07128097027404454,1.0195062046691945,32.857142857009016,897.6971428573246,0.10054303860742227,0.5,0.37254901960784315
FirstBar2R,FirstBar2R#4,"{'stop': 0.12, 'dtf': False, 'max_bars': 999, 'last_entry': 575}",MNQ,ALL,273,0.9820143884892086,0.3333333333333333,-0.021585132707000992,0.9011354193180361,-1711.5818080252689,3891.167142857157,-0.7528041616540572,0.5714285714285714,0.32967032967032966
FirstBar2R,FirstBar2R#4,"{'stop': 0.12, 'dtf': False, 'max_bars': 999, 'last_entry': 575}",MNQ,IS,163,0.9702380952380952,0.3374233128834356,-0.012686853875786072,0.8890484705634184,-1054.7046651681644,2733.9385714285954,-0.8576320098395838,0.625,0.3312883435582822
FirstBar2R,FirstBar2R#4,"{'stop': 0.12, 'dtf': False, 'max_bars': 999, 'last_entry': 575}",MNQ,OOS,110,1.0,0.32727272727272727,-0.03477076406598309,0.9158539321442519,-656.8771428571048,2230.6057142857335,-0.6370069320427745,0.5,0.32727272727272727
FirstBar2R,FirstBar2R#4,"{'stop': 0.12, 'dtf': False, 'max_bars': 999, 'last_entry': 575}",MES,ALL,273,0.9820143884892086,0.3626373626373626,0.024614973327390682,1.0390113023456886,304.2440834166138,1098.6628571428405,0.2782851479994611,0.6428571428571429,0.3516483516483517
FirstBar2R,FirstBar2R#4,"{'stop': 0.12, 'dtf': False, 'max_bars': 999, 'last_entry': 575}",MES,IS,163,0.9702380952380952,0.38650306748466257,0.09883400859829455,1.16101250015783,733.6297977023012,512.984999999999,1.0774093932942463,0.75,0.37423312883435583
FirstBar2R,FirstBar2R#4,"{'stop': 0.12, 'dtf': False, 'max_bars': 999, 'last_entry': 575}",MES,OOS,110,1.0,0.32727272727272727,-0.08536414257403958,0.8675764243123372,-429.38571428568736,1098.6628571428403,-1.0444206882099203,0.5,0.3181818181818182
FirstBar2R,FirstBar2R#4,"{'stop': 0.12, 'dtf': False, 'max_bars': 999, 'last_entry': 575}",MGC,ALL,268,0.9745454545454545,0.31343283582089554,-0.09059128065597295,0.9596019555634712,-623.6076983023754,2323.302857143196,-0.2771564901156945,0.35714285714285715,0.31343283582089554
FirstBar2R,FirstBar2R#4,"{'stop': 0.12, 'dtf': False, 'max_bars': 999, 'last_entry': 575}",MGC,IS,161,0.9640718562874252,0.32919254658385094,-0.042195615012115856,1.0796454717433028,773.2723016979094,2323.302857143196,0.5016385853878929,0.5,0.32919254658385094
FirstBar2R,FirstBar2R#4,"{'stop': 0.12, 'dtf': False, 'max_bars': 999, 'last_entry': 575}",MGC,OOS,107,0.9907407407407407,0.2897196261682243,-0.16341092709205698,0.756116443638301,-1396.8800000002839,1921.562857143144,-2.08473158506224,0.16666666666666666,0.2897196261682243
FirstBar2R,FirstBar2R#5,"{'stop': 0.12, 'dtf': True, 'max_bars': 999, 'last_entry': 575}",MNQ,ALL,133,0.4784172661870504,0.3458646616541353,0.012522479017109388,1.0241999564777924,193.45847619051835,1393.1485714285752,0.11858313071048822,0.5,0.3383458646616541
FirstBar2R,FirstBar2R#5,"{'stop': 0.12, 'dtf': True, 'max_bars': 999, 'last_entry': 575}",MNQ,IS,74,0.44047619047619047,0.3108108108108108,-0.09935997554415361,0.8124345004234571,-816.6072380952445,934.1614285714481,-1.008396701481533,0.375,0.2972972972972973
FirstBar2R,FirstBar2R#5,"{'stop': 0.12, 'dtf': True, 'max_bars': 999, 'last_entry': 575}",MNQ,OOS,59,0.5363636363636364,0.3898305084745763,0.15284962541598165,1.2774563888123813,1010.0657142857629,1046.3600000000065,1.2802700683912727,0.6666666666666666,0.3898305084745763
FirstBar2R,FirstBar2R#5,"{'stop': 0.12, 'dtf': True, 'max_bars': 999, 'last_entry': 575}",MES,ALL,137,0.49280575539568344,0.35766423357664234,0.0077122327244122935,1.0402261734526692,155.80457792209745,708.8407142856927,0.2020910830061272,0.5714285714285714,0.34306569343065696
FirstBar2R,FirstBar2R#5,"{'stop': 0.12, 'dtf': True, 'max_bars': 999, 'last_entry': 575}",MES,IS,77,0.4583333333333333,0.38961038961038963,0.09407614393470978,1.1775012018958522,366.2260064934911,416.0221428571581,0.8036936919273819,0.625,0.36363636363636365
FirstBar2R,FirstBar2R#5,"{'stop': 0.12, 'dtf': True, 'max_bars': 999, 'last_entry': 575}",MES,OOS,60,0.5454545454545454,0.31666666666666665,-0.10312145332880279,0.8837439660044317,-210.4214285713938,708.8407142856925,-0.6667008102106142,0.5,0.31666666666666665
FirstBar2R,FirstBar2R#5,"{'stop': 0.12, 'dtf': True, 'max_bars': 999, 'last_entry': 575}",MGC,ALL,136,0.49454545454545457,0.3088235294117647,-0.10464785966853973,0.8842003146158983,-924.8819840163077,1973.7276983019428,-0.5995250818618607,0.42857142857142855,0.3088235294117647
FirstBar2R,FirstBar2R#5,"{'stop': 0.12, 'dtf': True, 'max_bars': 999, 'last_entry': 575}",MGC,IS,85,0.5089820359281437,0.2823529411764706,-0.1838945808667432,0.8523239337392645,-803.4676983019481,1973.7276983019428,-0.7678147626513205,0.375,0.2823529411764706
FirstBar2R,FirstBar2R#5,"{'stop': 0.12, 'dtf': True, 'max_bars': 999, 'last_entry': 575}",MGC,OOS,51,0.4722222222222222,0.35294117647058826,0.027430008995132732,0.952314906767454,-121.41428571436009,1045.7657142858159,-0.25367916687580316,0.5,0.35294117647058826
