strategy,window,mode,sym,part,n,tpd,win,avgR,pf,net,dd,sharpe,posm,tgt,stop
IB Trend Breakout (first break),09:30-11:30,flat,MNQ,ALL,69,0.24820143884892087,0.5362318840579711,0.014093355658687095,1.190526365803691,681.6899999999996,882.1800000000001,0.49498359859912483,0.5714285714285714,0.014492753623188406,0.15942028985507245
IB Trend Breakout (first break),09:30-11:30,flat,MNQ,IS,41,0.24404761904761904,0.5365853658536586,-0.0160433717717994,1.0653311747853524,148.90999999999985,882.1800000000001,0.1684488604226213,0.5,0.024390243902439025,0.24390243902439024
IB Trend Breakout (first break),09:30-11:30,flat,MNQ,OOS,28,0.2545454545454545,0.5357142857142857,0.05822213511047084,1.4102662826692949,532.7799999999997,329.98,1.0855275032021314,0.6666666666666666,0.0,0.03571428571428571
IB Trend Breakout (first break),09:30-11:30,hold,MNQ,ALL,72,0.2589928057553957,0.5138888888888888,0.20236285587953753,1.5175938160676534,3133.7199999999993,1246.3699999999972,1.3649098693542092,0.6428571428571429,0.16666666666666666,0.375
IB Trend Breakout (first break),09:30-11:30,hold,MNQ,IS,43,0.25595238095238093,0.5116279069767442,0.25750810068050706,1.7610473998723635,2361.1800000000003,660.47,1.7479507965788992,0.625,0.20930232558139536,0.37209302325581395
IB Trend Breakout (first break),09:30-11:30,hold,MNQ,OOS,29,0.2636363636363636,0.5172413793103449,0.1205957687608586,1.2617129538663767,772.5399999999997,1246.3700000000001,0.815550410127558,0.6666666666666666,0.10344827586206896,0.3793103448275862
IB Trend Breakout (first break),11:30-13:30,flat,MNQ,ALL,19,0.0683453237410072,0.5263157894736842,-0.03929642920031123,0.8658613540070313,-178.56000000000012,868.2,-0.24771306617664018,0.625,0.0,0.2631578947368421
IB Trend Breakout (first break),11:30-13:30,flat,MNQ,IS,11,0.06547619047619048,0.6363636363636364,0.2016693322449811,2.563881923865967,548.8599999999999,164.74,1.5064793889077186,1.0,0.0,0.09090909090909091
IB Trend Breakout (first break),11:30-13:30,flat,MNQ,OOS,8,0.07272727272727272,0.375,-0.3706243511875882,0.25788614568455415,-727.4200000000001,868.2,-2.129437596994688,0.25,0.0,0.5
IB Trend Breakout (first break),11:30-13:30,hold,MNQ,ALL,20,0.07194244604316546,0.35,-0.06120099993772603,0.7903305124684957,-409.3000000000001,825.7,-0.43937704391155324,0.5,0.05,0.35
IB Trend Breakout (first break),11:30-13:30,hold,MNQ,IS,12,0.07142857142857142,0.4166666666666667,0.12379051493003838,1.258380064932327,245.1199999999999,489.44,0.4318680787950054,0.75,0.08333333333333333,0.25
IB Trend Breakout (first break),11:30-13:30,hold,MNQ,OOS,8,0.07272727272727272,0.25,-0.3386882722393727,0.3478234872040181,-654.4200000000001,825.7,-1.8007967109482275,0.25,0.0,0.5
IB Trend Breakout (first break),13:30-16:00,flat,MNQ,ALL,6,0.02158273381294964,0.6666666666666666,-0.1953767524910237,0.4680092523820639,-250.69,459.47,-0.6607216615763868,0.6,0.0,0.3333333333333333
IB Trend Breakout (first break),13:30-16:00,flat,MNQ,IS,4,0.023809523809523808,0.75,-0.08384699040646382,0.8471190523991166,-30.46,199.24,-0.16067372854369932,0.6666666666666666,0.0,0.25
IB Trend Breakout (first break),13:30-16:00,flat,MNQ,OOS,2,0.01818181818181818,0.5,-0.4184362766601435,0.19030111401154454,-220.23000000000002,271.99,-1.2019105200868971,0.5,0.0,0.5
IB Trend Breakout (first break),13:30-16:00,hold,MNQ,ALL,5,0.017985611510791366,0.6,-0.28288251234595363,0.3581690469622053,-302.45000000000005,459.47,-0.8058083098225926,0.6,0.0,0.4
IB Trend Breakout (first break),13:30-16:00,hold,MNQ,IS,3,0.017857142857142856,0.6666666666666666,-0.19251333613649368,0.5873318610720739,-82.22,199.24,-0.44512035691151947,0.6666666666666666,0.0,0.3333333333333333
IB Trend Breakout (first break),13:30-16:00,hold,MNQ,OOS,2,0.01818181818181818,0.5,-0.4184362766601435,0.19030111401154454,-220.23000000000002,271.99,-1.2019105200868971,0.5,0.0,0.5
IB Trend Breakout (first break),09:30-10:30,flat,MNQ,ALL,0,0.0,,,,0.0,0.0,,,,
IB Trend Breakout (first break),09:30-10:30,flat,MNQ,IS,0,0.0,,,,0.0,0.0,,,,
IB Trend Breakout (first break),09:30-10:30,flat,MNQ,OOS,0,0.0,,,,0.0,0.0,,,,
IB Trend Breakout (first break),09:30-10:30,hold,MNQ,ALL,0,0.0,,,,0.0,0.0,,,,
IB Trend Breakout (first break),09:30-10:30,hold,MNQ,IS,0,0.0,,,,0.0,0.0,,,,
IB Trend Breakout (first break),09:30-10:30,hold,MNQ,OOS,0,0.0,,,,0.0,0.0,,,,
IB Trend Breakout (first break),10:30-11:30,flat,MNQ,ALL,69,0.24820143884892087,0.5362318840579711,0.014093355658687095,1.190526365803691,681.6899999999996,882.1800000000001,0.49498359859912483,0.5714285714285714,0.014492753623188406,0.15942028985507245
IB Trend Breakout (first break),10:30-11:30,flat,MNQ,IS,41,0.24404761904761904,0.5365853658536586,-0.0160433717717994,1.0653311747853524,148.90999999999985,882.1800000000001,0.1684488604226213,0.5,0.024390243902439025,0.24390243902439024
IB Trend Breakout (first break),10:30-11:30,flat,MNQ,OOS,28,0.2545454545454545,0.5357142857142857,0.05822213511047084,1.4102662826692949,532.7799999999997,329.98,1.0855275032021314,0.6666666666666666,0.0,0.03571428571428571
IB Trend Breakout (first break),10:30-11:30,hold,MNQ,ALL,72,0.2589928057553957,0.5138888888888888,0.20236285587953753,1.5175938160676534,3133.7199999999993,1246.3699999999972,1.3649098693542092,0.6428571428571429,0.16666666666666666,0.375
IB Trend Breakout (first break),10:30-11:30,hold,MNQ,IS,43,0.25595238095238093,0.5116279069767442,0.25750810068050706,1.7610473998723635,2361.1800000000003,660.47,1.7479507965788992,0.625,0.20930232558139536,0.37209302325581395
IB Trend Breakout (first break),10:30-11:30,hold,MNQ,OOS,29,0.2636363636363636,0.5172413793103449,0.1205957687608586,1.2617129538663767,772.5399999999997,1246.3700000000001,0.815550410127558,0.6666666666666666,0.10344827586206896,0.3793103448275862
IB Trend Breakout (first break),11:30-12:30,flat,MNQ,ALL,13,0.046762589928057555,0.6153846153846154,-0.011481511909552036,0.7515034182346179,-205.3700000000001,751.95,-0.3984707868759101,0.625,0.0,0.15384615384615385
IB Trend Breakout (first break),11:30-12:30,flat,MNQ,IS,6,0.03571428571428571,1.0,0.4907044316228391,inf,544.06,0.0,2.55148421969182,1.0,0.0,0.0
IB Trend Breakout (first break),11:30-12:30,flat,MNQ,OOS,7,0.06363636363636363,0.2857142857142857,-0.4419266063658873,0.09319378062798717,-749.4300000000001,751.95,-2.776325269761322,0.25,0.0,0.2857142857142857
IB Trend Breakout (first break),11:30-12:30,hold,MNQ,ALL,13,0.046762589928057555,0.38461538461538464,0.0620561751388275,0.9380674841320626,-71.62000000000012,856.6800000000001,-0.09340420869810276,0.5,0.07692307692307693,0.38461538461538464
IB Trend Breakout (first break),11:30-12:30,hold,MNQ,IS,6,0.03571428571428571,0.6666666666666666,0.7334055293385356,6.131781932278729,785.06,114.74,1.8635873814172899,1.0,0.16666666666666666,0.16666666666666666
IB Trend Breakout (first break),11:30-12:30,hold,MNQ,OOS,7,0.06363636363636363,0.14285714285714285,-0.5133861284609224,0.1462568763453719,-856.6800000000001,856.6800000000001,-2.550514526435878,0.0,0.0,0.5714285714285714
IB Trend Breakout (first break),12:30-13:30,flat,MNQ,ALL,6,0.02158273381294964,0.5,0.10976962011941115,1.9442892219117769,223.05999999999995,164.74,0.6494804688274495,0.75,0.0,0.0
IB Trend Breakout (first break),12:30-13:30,flat,MNQ,IS,5,0.02976190476190476,0.4,0.0143377517935666,1.3759207518415035,88.79999999999995,164.74,0.364198684492759,0.6666666666666666,0.0,0.0
IB Trend Breakout (first break),12:30-13:30,flat,MNQ,OOS,1,0.00909090909090909,1.0,0.5869289617486338,inf,134.26,0.0,1.513574937328538,1.0,0.0,0.0
IB Trend Breakout (first break),12:30-13:30,hold,MNQ,ALL,7,0.025179856115107913,0.2857142857142857,-0.290107182222754,0.5756189518662812,-337.68000000000006,543.96,-0.6381242343879797,0.5,0.0,0.2857142857142857
IB Trend Breakout (first break),12:30-13:30,hold,MNQ,IS,6,0.03571428571428571,0.16666666666666666,-0.4858244994784589,0.3214276737463868,-539.94,543.96,-1.4363904542466364,0.3333333333333333,0.0,0.3333333333333333
IB Trend Breakout (first break),12:30-13:30,hold,MNQ,OOS,1,0.00909090909090909,1.0,0.8841967213114754,inf,202.26,0.0,1.513574937328539,1.0,0.0,0.0
IB Trend Breakout (first break),13:30-14:30,flat,MNQ,ALL,4,0.014388489208633094,0.25,-0.16600582332917288,0.30040478856256997,-162.46,232.22000000000003,-0.8520653339720266,0.25,0.0,0.0
IB Trend Breakout (first break),13:30-14:30,flat,MNQ,IS,2,0.011904761904761904,0.5,0.04693038005426374,3.28436911487759,48.52000000000001,21.239999999999995,0.8135520913248321,0.5,0.0,0.0
IB Trend Breakout (first break),13:30-14:30,flat,MNQ,OOS,2,0.01818181818181818,0.0,-0.3789420267126095,0.0,-210.98000000000002,210.98000000000002,-1.9271514381050263,0.0,0.0,0.0
IB Trend Breakout (first break),13:30-14:30,hold,MNQ,ALL,4,0.014388489208633094,0.75,-0.1014006087868724,0.620537519761756,-103.21000000000001,271.99,-0.33096162116007233,0.75,0.0,0.25
IB Trend Breakout (first break),13:30-14:30,hold,MNQ,IS,2,0.011904761904761904,1.0,0.21563505908639868,inf,117.02000000000001,0.0,1.35405352122501,1.0,0.0,0.0
IB Trend Breakout (first break),13:30-14:30,hold,MNQ,OOS,2,0.01818181818181818,0.5,-0.4184362766601435,0.19030111401154454,-220.23000000000002,271.99,-1.2019105200868971,0.5,0.0,0.5
IB Trend Breakout (first break),14:30-15:30,flat,MNQ,ALL,1,0.0035971223021582736,0.0,-0.2999493670886076,0.0,-59.24,59.24,-0.9520897122350841,0.0,0.0,0.0
IB Trend Breakout (first break),14:30-15:30,flat,MNQ,IS,1,0.005952380952380952,0.0,-0.2999493670886076,0.0,-59.24,59.24,-1.2247448713915892,0.0,0.0,0.0
IB Trend Breakout (first break),14:30-15:30,flat,MNQ,OOS,0,0.0,,,,0.0,0.0,,,,
IB Trend Breakout (first break),14:30-15:30,hold,MNQ,ALL,1,0.0035971223021582736,0.0,-1.0088101265822784,0.0,-199.24,199.24,-0.9520897122350841,0.0,0.0,1.0
IB Trend Breakout (first break),14:30-15:30,hold,MNQ,IS,1,0.005952380952380952,0.0,-1.0088101265822784,0.0,-199.24,199.24,-1.224744871391589,0.0,0.0,1.0
IB Trend Breakout (first break),14:30-15:30,hold,MNQ,OOS,0,0.0,,,,0.0,0.0,,,,
IB Trend Breakout (first break),15:30-16:00,flat,MNQ,ALL,1,0.0035971223021582736,1.0,0.24215204678362573,inf,51.76,0.0,0.952089712235084,1.0,0.0,0.0
IB Trend Breakout (first break),15:30-16:00,flat,MNQ,IS,1,0.005952380952380952,1.0,0.24215204678362573,inf,51.76,0.0,1.2247448713915892,1.0,0.0,0.0
IB Trend Breakout (first break),15:30-16:00,flat,MNQ,OOS,0,0.0,,,,0.0,0.0,,,,
IB Trend Breakout (first break),15:30-16:00,hold,MNQ,ALL,0,0.0,,,,0.0,0.0,,,,
IB Trend Breakout (first break),15:30-16:00,hold,MNQ,IS,0,0.0,,,,0.0,0.0,,,,
IB Trend Breakout (first break),15:30-16:00,hold,MNQ,OOS,0,0.0,,,,0.0,0.0,,,,
IB Trend Breakout (first break),Full RTH,hold,MNQ,ALL,97,0.3489208633093525,0.4845360824742268,0.12300714497775682,1.285685470791189,2421.9699999999993,1939.5799999999963,0.9651909327939022,0.5714285714285714,0.13402061855670103,0.3711340206185567
IB Trend Breakout (first break),Full RTH,hold,MNQ,IS,58,0.34523809523809523,0.5,0.20656542241401343,1.5938369023588042,2524.08,577.69,1.7102712644847289,0.625,0.1724137931034483,0.3448275862068966
IB Trend Breakout (first break),Full RTH,hold,MNQ,OOS,39,0.35454545454545455,0.46153846153846156,-0.001259011209496643,0.9758450449342253,-102.11000000000035,1939.5800000000002,-0.09884281415972276,0.5,0.07692307692307693,0.41025641025641024
IB Trend Breakout (11:00 confirm),09:30-11:30,flat,MNQ,ALL,43,0.15467625899280577,0.4883720930232558,-0.006003704330837163,1.2666274219760207,529.9299999999997,524.3400000000001,0.43387545412856793,0.42857142857142855,0.0,0.06976744186046512
IB Trend Breakout (11:00 confirm),09:30-11:30,flat,MNQ,IS,26,0.15476190476190477,0.46153846153846156,-0.028901359955247615,0.9377332089552236,-58.74000000000003,524.3400000000001,-0.12619013868014956,0.375,0.0,0.07692307692307693
IB Trend Breakout (11:00 confirm),09:30-11:30,flat,MNQ,OOS,17,0.15454545454545454,0.5294117647058824,0.02901623956532004,1.5637683518967216,588.6699999999998,459.71000000000004,0.8772706917078772,0.5,0.0,0.058823529411764705
IB Trend Breakout (11:00 confirm),09:30-11:30,hold,MNQ,ALL,43,0.15467625899280577,0.4418604651162791,0.06454809552007494,1.3814198542290526,1620.1799999999996,2191.909999999999,0.6988482749249192,0.5714285714285714,0.046511627906976744,0.32558139534883723
IB Trend Breakout (11:00 confirm),09:30-11:30,hold,MNQ,IS,26,0.15476190476190477,0.5,0.14280605063526775,1.6438671884378075,1072.7599999999998,852.1500000000001,1.1568302444120544,0.75,0.038461538461538464,0.23076923076923078
IB Trend Breakout (11:00 confirm),09:30-11:30,hold,MNQ,OOS,17,0.15454545454545454,0.35294117647058826,-0.05514054171492592,1.212043507227964,547.4199999999998,2191.91,0.4363875636410184,0.3333333333333333,0.058823529411764705,0.47058823529411764
IB Trend Breakout (11:00 confirm),11:30-13:30,flat,MNQ,ALL,0,0.0,,,,0.0,0.0,,,,
IB Trend Breakout (11:00 confirm),11:30-13:30,flat,MNQ,IS,0,0.0,,,,0.0,0.0,,,,
IB Trend Breakout (11:00 confirm),11:30-13:30,flat,MNQ,OOS,0,0.0,,,,0.0,0.0,,,,
IB Trend Breakout (11:00 confirm),11:30-13:30,hold,MNQ,ALL,0,0.0,,,,0.0,0.0,,,,
IB Trend Breakout (11:00 confirm),11:30-13:30,hold,MNQ,IS,0,0.0,,,,0.0,0.0,,,,
IB Trend Breakout (11:00 confirm),11:30-13:30,hold,MNQ,OOS,0,0.0,,,,0.0,0.0,,,,
IB Trend Breakout (11:00 confirm),13:30-16:00,flat,MNQ,ALL,0,0.0,,,,0.0,0.0,,,,
IB Trend Breakout (11:00 confirm),13:30-16:00,flat,MNQ,IS,0,0.0,,,,0.0,0.0,,,,
IB Trend Breakout (11:00 confirm),13:30-16:00,flat,MNQ,OOS,0,0.0,,,,0.0,0.0,,,,
IB Trend Breakout (11:00 confirm),13:30-16:00,hold,MNQ,ALL,0,0.0,,,,0.0,0.0,,,,
IB Trend Breakout (11:00 confirm),13:30-16:00,hold,MNQ,IS,0,0.0,,,,0.0,0.0,,,,
IB Trend Breakout (11:00 confirm),13:30-16:00,hold,MNQ,OOS,0,0.0,,,,0.0,0.0,,,,
IB Trend Breakout (11:00 confirm),09:30-10:30,flat,MNQ,ALL,0,0.0,,,,0.0,0.0,,,,
IB Trend Breakout (11:00 confirm),09:30-10:30,flat,MNQ,IS,0,0.0,,,,0.0,0.0,,,,
IB Trend Breakout (11:00 confirm),09:30-10:30,flat,MNQ,OOS,0,0.0,,,,0.0,0.0,,,,
IB Trend Breakout (11:00 confirm),09:30-10:30,hold,MNQ,ALL,0,0.0,,,,0.0,0.0,,,,
IB Trend Breakout (11:00 confirm),09:30-10:30,hold,MNQ,IS,0,0.0,,,,0.0,0.0,,,,
IB Trend Breakout (11:00 confirm),09:30-10:30,hold,MNQ,OOS,0,0.0,,,,0.0,0.0,,,,
IB Trend Breakout (11:00 confirm),10:30-11:30,flat,MNQ,ALL,43,0.15467625899280577,0.4883720930232558,-0.006003704330837163,1.2666274219760207,529.9299999999997,524.3400000000001,0.43387545412856793,0.42857142857142855,0.0,0.06976744186046512
IB Trend Breakout (11:00 confirm),10:30-11:30,flat,MNQ,IS,26,0.15476190476190477,0.46153846153846156,-0.028901359955247615,0.9377332089552236,-58.74000000000003,524.3400000000001,-0.12619013868014956,0.375,0.0,0.07692307692307693
IB Trend Breakout (11:00 confirm),10:30-11:30,flat,MNQ,OOS,17,0.15454545454545454,0.5294117647058824,0.02901623956532004,1.5637683518967216,588.6699999999998,459.71000000000004,0.8772706917078772,0.5,0.0,0.058823529411764705
IB Trend Breakout (11:00 confirm),10:30-11:30,hold,MNQ,ALL,43,0.15467625899280577,0.4418604651162791,0.06454809552007494,1.3814198542290526,1620.1799999999996,2191.909999999999,0.6988482749249192,0.5714285714285714,0.046511627906976744,0.32558139534883723
IB Trend Breakout (11:00 confirm),10:30-11:30,hold,MNQ,IS,26,0.15476190476190477,0.5,0.14280605063526775,1.6438671884378075,1072.7599999999998,852.1500000000001,1.1568302444120544,0.75,0.038461538461538464,0.23076923076923078
IB Trend Breakout (11:00 confirm),10:30-11:30,hold,MNQ,OOS,17,0.15454545454545454,0.35294117647058826,-0.05514054171492592,1.212043507227964,547.4199999999998,2191.91,0.4363875636410184,0.3333333333333333,0.058823529411764705,0.47058823529411764
IB Trend Breakout (11:00 confirm),11:30-12:30,flat,MNQ,ALL,0,0.0,,,,0.0,0.0,,,,
IB Trend Breakout (11:00 confirm),11:30-12:30,flat,MNQ,IS,0,0.0,,,,0.0,0.0,,,,
IB Trend Breakout (11:00 confirm),11:30-12:30,flat,MNQ,OOS,0,0.0,,,,0.0,0.0,,,,
IB Trend Breakout (11:00 confirm),11:30-12:30,hold,MNQ,ALL,0,0.0,,,,0.0,0.0,,,,
IB Trend Breakout (11:00 confirm),11:30-12:30,hold,MNQ,IS,0,0.0,,,,0.0,0.0,,,,
IB Trend Breakout (11:00 confirm),11:30-12:30,hold,MNQ,OOS,0,0.0,,,,0.0,0.0,,,,
IB Trend Breakout (11:00 confirm),12:30-13:30,flat,MNQ,ALL,0,0.0,,,,0.0,0.0,,,,
IB Trend Breakout (11:00 confirm),12:30-13:30,flat,MNQ,IS,0,0.0,,,,0.0,0.0,,,,
IB Trend Breakout (11:00 confirm),12:30-13:30,flat,MNQ,OOS,0,0.0,,,,0.0,0.0,,,,
IB Trend Breakout (11:00 confirm),12:30-13:30,hold,MNQ,ALL,0,0.0,,,,0.0,0.0,,,,
IB Trend Breakout (11:00 confirm),12:30-13:30,hold,MNQ,IS,0,0.0,,,,0.0,0.0,,,,
IB Trend Breakout (11:00 confirm),12:30-13:30,hold,MNQ,OOS,0,0.0,,,,0.0,0.0,,,,
IB Trend Breakout (11:00 confirm),13:30-14:30,flat,MNQ,ALL,0,0.0,,,,0.0,0.0,,,,
IB Trend Breakout (11:00 confirm),13:30-14:30,flat,MNQ,IS,0,0.0,,,,0.0,0.0,,,,
IB Trend Breakout (11:00 confirm),13:30-14:30,flat,MNQ,OOS,0,0.0,,,,0.0,0.0,,,,
IB Trend Breakout (11:00 confirm),13:30-14:30,hold,MNQ,ALL,0,0.0,,,,0.0,0.0,,,,
IB Trend Breakout (11:00 confirm),13:30-14:30,hold,MNQ,IS,0,0.0,,,,0.0,0.0,,,,
IB Trend Breakout (11:00 confirm),13:30-14:30,hold,MNQ,OOS,0,0.0,,,,0.0,0.0,,,,
IB Trend Breakout (11:00 confirm),14:30-15:30,flat,MNQ,ALL,0,0.0,,,,0.0,0.0,,,,
IB Trend Breakout (11:00 confirm),14:30-15:30,flat,MNQ,IS,0,0.0,,,,0.0,0.0,,,,
IB Trend Breakout (11:00 confirm),14:30-15:30,flat,MNQ,OOS,0,0.0,,,,0.0,0.0,,,,
IB Trend Breakout (11:00 confirm),14:30-15:30,hold,MNQ,ALL,0,0.0,,,,0.0,0.0,,,,
IB Trend Breakout (11:00 confirm),14:30-15:30,hold,MNQ,IS,0,0.0,,,,0.0,0.0,,,,
IB Trend Breakout (11:00 confirm),14:30-15:30,hold,MNQ,OOS,0,0.0,,,,0.0,0.0,,,,
IB Trend Breakout (11:00 confirm),15:30-16:00,flat,MNQ,ALL,0,0.0,,,,0.0,0.0,,,,
IB Trend Breakout (11:00 confirm),15:30-16:00,flat,MNQ,IS,0,0.0,,,,0.0,0.0,,,,
IB Trend Breakout (11:00 confirm),15:30-16:00,flat,MNQ,OOS,0,0.0,,,,0.0,0.0,,,,
IB Trend Breakout (11:00 confirm),15:30-16:00,hold,MNQ,ALL,0,0.0,,,,0.0,0.0,,,,
IB Trend Breakout (11:00 confirm),15:30-16:00,hold,MNQ,IS,0,0.0,,,,0.0,0.0,,,,
IB Trend Breakout (11:00 confirm),15:30-16:00,hold,MNQ,OOS,0,0.0,,,,0.0,0.0,,,,
IB Trend Breakout (11:00 confirm),Full RTH,hold,MNQ,ALL,43,0.15467625899280577,0.4418604651162791,0.06454809552007494,1.3814198542290526,1620.1799999999996,2191.909999999999,0.6988482749249192,0.5714285714285714,0.046511627906976744,0.32558139534883723
IB Trend Breakout (11:00 confirm),Full RTH,hold,MNQ,IS,26,0.15476190476190477,0.5,0.14280605063526775,1.6438671884378075,1072.7599999999998,852.1500000000001,1.1568302444120544,0.75,0.038461538461538464,0.23076923076923078
IB Trend Breakout (11:00 confirm),Full RTH,hold,MNQ,OOS,17,0.15454545454545454,0.35294117647058826,-0.05514054171492592,1.212043507227964,547.4199999999998,2191.91,0.4363875636410184,0.3333333333333333,0.058823529411764705,0.47058823529411764
ORB 15-min breakout 2R,09:30-11:30,flat,MNQ,ALL,243,0.8741007194244604,0.4279835390946502,-0.02252422359976202,0.989806182390877,-212.82000000000141,3298.0300000000007,-0.06272502878644416,0.42857142857142855,0.1522633744855967,0.4691358024691358
ORB 15-min breakout 2R,09:30-11:30,flat,MNQ,IS,142,0.8452380952380952,0.4507042253521127,0.018179820789770988,1.1112085928542657,1148.419999999999,1533.98,0.6284841892382413,0.5,0.1619718309859155,0.4647887323943662
ORB 15-min breakout 2R,09:30-11:30,flat,MNQ,OOS,101,0.9181818181818182,0.39603960396039606,-0.07975169194940256,0.8709803386334858,-1361.240000000001,2764.73,-0.883044060877608,0.3333333333333333,0.13861386138613863,0.4752475247524752
ORB 15-min breakout 2R,09:30-11:30,hold,MNQ,ALL,243,0.8741007194244604,0.3786008230452675,0.019636451753411586,1.0402555034063645,1003.6799999999989,3996.0599999999968,0.24994430087252223,0.5,0.2716049382716049,0.5720164609053497
ORB 15-min breakout 2R,09:30-11:30,hold,MNQ,IS,142,0.8452380952380952,0.39436619718309857,0.08831971593231074,1.1626339458402062,1988.6699999999987,1630.5799999999983,0.9433123491492736,0.625,0.30985915492957744,0.5633802816901409
ORB 15-min breakout 2R,09:30-11:30,hold,MNQ,OOS,101,0.9181818181818182,0.3564356435643564,-0.07692813748820908,0.9224713396852383,-984.9900000000005,3412.2599999999998,-0.5277125021771237,0.3333333333333333,0.21782178217821782,0.5841584158415841
ORB 15-min breakout 2R,11:30-13:30,flat,MNQ,ALL,4,0.014388489208633094,0.0,-0.3087934917456276,0.0,-230.95999999999998,230.95999999999998,-1.5739533503725198,0.0,0.0,0.0
ORB 15-min breakout 2R,11:30-13:30,flat,MNQ,IS,1,0.005952380952380952,0.0,-0.5364912280701755,0.0,-91.74,91.74,-1.2247448713915896,0.0,0.0,0.0
ORB 15-min breakout 2R,11:30-13:30,flat,MNQ,OOS,3,0.02727272727272727,0.0,-0.2328942463041116,0.0,-139.22,139.22,-1.9956598022272816,0.0,0.0,0.0
ORB 15-min breakout 2R,11:30-13:30,hold,MNQ,ALL,5,0.017985611510791366,0.2,-0.5772640400299858,0.011045909561615464,-515.7,515.7,-1.6104725801675777,0.0,0.0,0.4
ORB 15-min breakout 2R,11:30-13:30,hold,MNQ,IS,2,0.011904761904761904,0.0,-0.8824640633842671,0.0,-260.48,260.48,-1.6505944822241745,0.0,0.0,0.5
ORB 15-min breakout 2R,11:30-13:30,hold,MNQ,OOS,3,0.02727272727272727,0.3333333333333333,-0.37379735779379814,0.02207065675530692,-255.22,255.22,-1.633120921449979,0.0,0.0,0.3333333333333333
ORB 15-min breakout 2R,13:30-16:00,flat,MNQ,ALL,0,0.0,,,,0.0,0.0,,,,
ORB 15-min breakout 2R,13:30-16:00,flat,MNQ,IS,0,0.0,,,,0.0,0.0,,,,
ORB 15-min breakout 2R,13:30-16:00,flat,MNQ,OOS,0,0.0,,,,0.0,0.0,,,,
ORB 15-min breakout 2R,13:30-16:00,hold,MNQ,ALL,0,0.0,,,,0.0,0.0,,,,
ORB 15-min breakout 2R,13:30-16:00,hold,MNQ,IS,0,0.0,,,,0.0,0.0,,,,
ORB 15-min breakout 2R,13:30-16:00,hold,MNQ,OOS,0,0.0,,,,0.0,0.0,,,,
ORB 15-min breakout 2R,09:30-10:30,flat,MNQ,ALL,204,0.7338129496402878,0.45588235294117646,-0.04614719790652261,0.9399804240187594,-878.7100000000011,2918.3700000000003,-0.33673220004715004,0.42857142857142855,0.0784313725490196,0.36764705882352944
ORB 15-min breakout 2R,09:30-10:30,flat,MNQ,IS,119,0.7083333333333334,0.5042016806722689,0.028026821578818348,1.121810004600373,804.9399999999994,1401.79,0.6058877279561149,0.5,0.08403361344537816,0.31092436974789917
ORB 15-min breakout 2R,09:30-10:30,flat,MNQ,OOS,85,0.7727272727272727,0.38823529411764707,-0.14999082518599993,0.7903882234447968,-1683.6500000000008,2597.21,-1.357495814255902,0.3333333333333333,0.07058823529411765,0.4470588235294118
ORB 15-min breakout 2R,09:30-10:30,hold,MNQ,ALL,213,0.7661870503597122,0.38497652582159625,0.03386160192412794,1.0677928874375224,1493.879999999998,3427.129999999991,0.3906824769103004,0.5714285714285714,0.28169014084507044,0.5774647887323944
ORB 15-min breakout 2R,09:30-10:30,hold,MNQ,IS,122,0.7261904761904762,0.4180327868852459,0.1459372864209123,1.2799405174939102,2876.4699999999993,1415.0899999999967,1.4490425951370929,0.75,0.3360655737704918,0.5573770491803278
ORB 15-min breakout 2R,09:30-10:30,hold,MNQ,OOS,91,0.8272727272727273,0.34065934065934067,-0.11639371135727529,0.8824393209558997,-1382.5900000000008,3282.5499999999997,-0.7724885531607599,0.3333333333333333,0.2087912087912088,0.6043956043956044
ORB 15-min breakout 2R,10:30-11:30,flat,MNQ,ALL,30,0.1079136690647482,0.4666666666666667,0.03643498693391514,1.3041893384064813,457.29999999999995,951.5600000000001,0.4707456991767992,0.6153846153846154,0.1,0.26666666666666666
ORB 15-min breakout 2R,10:30-11:30,flat,MNQ,IS,20,0.11904761904761904,0.5,-0.026457326333854208,1.143760206500553,136.44999999999996,775.8700000000001,0.23750491486328845,0.5714285714285714,0.1,0.3
ORB 15-min breakout 2R,10:30-11:30,flat,MNQ,OOS,10,0.09090909090909091,0.4,0.16221961346945385,1.5789530666377956,320.8499999999999,288.47,0.8058007369511616,0.6666666666666666,0.1,0.2
ORB 15-min breakout 2R,10:30-11:30,hold,MNQ,ALL,30,0.1079136690647482,0.3333333333333333,-0.08136211445867463,0.8307787903893955,-490.2000000000003,2035.5800000000002,-0.4004990231477593,0.38461538461538464,0.2,0.5333333333333333
ORB 15-min breakout 2R,10:30-11:30,hold,MNQ,IS,20,0.11904761904761904,0.25,-0.26314746404815875,0.5453241831404281,-887.8,1767.3400000000001,-1.2768235253970237,0.14285714285714285,0.15,0.6
ORB 15-min breakout 2R,10:30-11:30,hold,MNQ,OOS,10,0.09090909090909091,0.5,0.2822085847202937,1.42109722516416,397.5999999999999,268.24,0.7565649787434314,0.6666666666666666,0.3,0.4
ORB 15-min breakout 2R,11:30-12:30,flat,MNQ,ALL,2,0.007194244604316547,1.0,0.1825458352874453,inf,58.519999999999996,0.0,1.1212180047442273,1.0,0.0,0.0
ORB 15-min breakout 2R,11:30-12:30,flat,MNQ,IS,0,0.0,,,,0.0,0.0,,,,
ORB 15-min breakout 2R,11:30-12:30,flat,MNQ,OOS,2,0.01818181818181818,1.0,0.1825458352874453,inf,58.519999999999996,0.0,1.7843593862790739,1.0,0.0,0.0
ORB 15-min breakout 2R,11:30-12:30,hold,MNQ,ALL,2,0.007194244604316547,0.5,-0.0569701266264574,0.22377622377622378,-19.979999999999997,25.74,-0.7206437584362625,0.5,0.0,0.0
ORB 15-min breakout 2R,11:30-12:30,hold,MNQ,IS,0,0.0,,,,0.0,0.0,,,,
ORB 15-min breakout 2R,11:30-12:30,hold,MNQ,OOS,2,0.01818181818181818,0.5,-0.0569701266264574,0.22377622377622378,-19.979999999999997,25.74,-1.144282129162568,0.5,0.0,0.0
ORB 15-min breakout 2R,12:30-13:30,flat,MNQ,ALL,2,0.007194244604316547,0.0,-0.4850336226003982,0.0,-192.98,192.98,-1.3472519310317213,0.0,0.0,0.0
ORB 15-min breakout 2R,12:30-13:30,flat,MNQ,IS,1,0.005952380952380952,0.0,-0.5364912280701755,0.0,-91.74,91.74,-1.2247448713915896,0.0,0.0,0.0
ORB 15-min breakout 2R,12:30-13:30,flat,MNQ,OOS,1,0.00909090909090909,0.0,-0.43357601713062094,0.0,-101.24,101.24,-1.5135749373285392,0.0,0.0,0.0
ORB 15-min breakout 2R,12:30-13:30,hold,MNQ,ALL,3,0.01079136690647482,0.0,-0.9241266489656713,0.0,-495.72,495.72,-1.5533108288964537,0.0,0.0,0.6666666666666666
ORB 15-min breakout 2R,12:30-13:30,hold,MNQ,IS,2,0.011904761904761904,0.0,-0.8824640633842671,0.0,-260.48,260.48,-1.6505944822241745,0.0,0.0,0.5
ORB 15-min breakout 2R,12:30-13:30,hold,MNQ,OOS,1,0.00909090909090909,0.0,-1.0074518201284797,0.0,-235.24,235.24,-1.5135749373285392,0.0,0.0,1.0
ORB 15-min breakout 2R,13:30-14:30,flat,MNQ,ALL,0,0.0,,,,0.0,0.0,,,,
ORB 15-min breakout 2R,13:30-14:30,flat,MNQ,IS,0,0.0,,,,0.0,0.0,,,,
ORB 15-min breakout 2R,13:30-14:30,flat,MNQ,OOS,0,0.0,,,,0.0,0.0,,,,
ORB 15-min breakout 2R,13:30-14:30,hold,MNQ,ALL,0,0.0,,,,0.0,0.0,,,,
ORB 15-min breakout 2R,13:30-14:30,hold,MNQ,IS,0,0.0,,,,0.0,0.0,,,,
ORB 15-min breakout 2R,13:30-14:30,hold,MNQ,OOS,0,0.0,,,,0.0,0.0,,,,
ORB 15-min breakout 2R,14:30-15:30,flat,MNQ,ALL,0,0.0,,,,0.0,0.0,,,,
ORB 15-min breakout 2R,14:30-15:30,flat,MNQ,IS,0,0.0,,,,0.0,0.0,,,,
ORB 15-min breakout 2R,14:30-15:30,flat,MNQ,OOS,0,0.0,,,,0.0,0.0,,,,
ORB 15-min breakout 2R,14:30-15:30,hold,MNQ,ALL,0,0.0,,,,0.0,0.0,,,,
ORB 15-min breakout 2R,14:30-15:30,hold,MNQ,IS,0,0.0,,,,0.0,0.0,,,,
ORB 15-min breakout 2R,14:30-15:30,hold,MNQ,OOS,0,0.0,,,,0.0,0.0,,,,
ORB 15-min breakout 2R,15:30-16:00,flat,MNQ,ALL,0,0.0,,,,0.0,0.0,,,,
ORB 15-min breakout 2R,15:30-16:00,flat,MNQ,IS,0,0.0,,,,0.0,0.0,,,,
ORB 15-min breakout 2R,15:30-16:00,flat,MNQ,OOS,0,0.0,,,,0.0,0.0,,,,
ORB 15-min breakout 2R,15:30-16:00,hold,MNQ,ALL,0,0.0,,,,0.0,0.0,,,,
ORB 15-min breakout 2R,15:30-16:00,hold,MNQ,IS,0,0.0,,,,0.0,0.0,,,,
ORB 15-min breakout 2R,15:30-16:00,hold,MNQ,OOS,0,0.0,,,,0.0,0.0,,,,
ORB 15-min breakout 2R,Full RTH,hold,MNQ,ALL,248,0.8920863309352518,0.375,0.007602167644875352,1.019170903033684,487.97999999999774,4021.7999999999975,0.12112070213293938,0.5,0.2661290322580645,0.5685483870967742
ORB 15-min breakout 2R,Full RTH,hold,MNQ,IS,144,0.8571428571428571,0.3888888888888889,0.07483660788624719,1.13838395242934,1728.1899999999987,1695.9700000000003,0.8170903164303023,0.625,0.3055555555555556,0.5625
ORB 15-min breakout 2R,Full RTH,hold,MNQ,OOS,104,0.9454545454545454,0.3557692307692308,-0.08549167268933183,0.9043478126737742,-1240.2100000000005,3437.9999999999995,-0.6623210167271965,0.3333333333333333,0.21153846153846154,0.5769230769230769
ORB second break 2R,09:30-11:30,flat,MNQ,ALL,45,0.1618705035971223,0.7111111111111111,0.302302184233507,2.895010178587952,3276.7000000000007,361.97999999999956,2.3154736316436346,0.6923076923076923,0.08888888888888889,0.08888888888888889
ORB second break 2R,09:30-11:30,flat,MNQ,IS,20,0.11904761904761904,0.8,0.4681218374652268,8.062115663649553,2044.1999999999998,132.74,3.299666093534046,0.8571428571428571,0.1,0.0
ORB second break 2R,09:30-11:30,flat,MNQ,OOS,25,0.22727272727272727,0.64,0.16964646164813124,1.8561049136601695,1232.4999999999998,361.98,1.6700202869677228,0.5,0.08,0.16
ORB second break 2R,09:30-11:30,hold,MNQ,ALL,47,0.16906474820143885,0.48936170212765956,0.16558334609469552,1.4023606260757564,2099.220000000001,866.659999999998,0.9354128317606527,0.5384615384615384,0.2127659574468085,0.40425531914893614
ORB second break 2R,09:30-11:30,hold,MNQ,IS,22,0.13095238095238096,0.5454545454545454,0.23605299261146942,1.6208962006907839,1366.2199999999998,552.22,1.1863451021039906,0.5714285714285714,0.22727272727272727,0.45454545454545453
ORB second break 2R,09:30-11:30,hold,MNQ,OOS,25,0.22727272727272727,0.44,0.10357005715993456,1.2429678539938884,732.9999999999998,866.6600000000001,0.6887446005691794,0.5,0.2,0.36
ORB second break 2R,11:30-13:30,flat,MNQ,ALL,23,0.08273381294964029,0.6086956521739131,0.21904112358896316,2.3419851948414725,1152.9799999999998,284.98,1.4265047945575882,0.6,0.043478260869565216,0.08695652173913043
ORB second break 2R,11:30-13:30,flat,MNQ,IS,17,0.10119047619047619,0.6470588235294118,0.33002607079843616,3.286638123271786,1025.4199999999998,164.74,2.1569149187934746,0.8333333333333334,0.058823529411764705,0.0
ORB second break 2R,11:30-13:30,flat,MNQ,OOS,6,0.05454545454545454,0.5,-0.09541622683787689,1.3105765485001946,127.55999999999996,284.98,0.38329777247579916,0.25,0.0,0.3333333333333333
ORB second break 2R,11:30-13:30,hold,MNQ,ALL,24,0.08633093525179857,0.5833333333333334,0.4140090486392472,1.6165085565476196,1325.7399999999998,438.98,0.9642267593078268,0.7,0.25,0.25
ORB second break 2R,11:30-13:30,hold,MNQ,IS,17,0.10119047619047619,0.6470588235294118,0.652727694990572,2.1803972191548597,1517.9199999999998,435.72,1.6516382948898907,1.0,0.35294117647058826,0.23529411764705882
ORB second break 2R,11:30-13:30,hold,MNQ,OOS,7,0.06363636363636363,0.42857142857142855,-0.1657362353568275,0.7776878051037641,-192.18000000000006,438.98,-0.43636070739833843,0.25,0.0,0.2857142857142857
ORB second break 2R,13:30-16:00,flat,MNQ,ALL,17,0.06115107913669065,0.5882352941176471,-0.08579047332434846,0.6405098193686342,-511.08000000000015,1247.66,-0.6959291594994128,0.5454545454545454,0.0,0.23529411764705882
ORB second break 2R,13:30-16:00,flat,MNQ,IS,11,0.06547619047619048,0.8181818181818182,0.13563908080994347,2.584209143457698,482.3599999999999,304.48,1.499797833370276,0.8571428571428571,0.0,0.0
ORB second break 2R,13:30-16:00,flat,MNQ,OOS,6,0.05454545454545454,0.16666666666666666,-0.49174465590388367,0.11077694235588972,-993.44,1117.2,-2.631742980773802,0.0,0.0,0.6666666666666666
ORB second break 2R,13:30-16:00,hold,MNQ,ALL,16,0.05755395683453238,0.5625,-0.17432442091787292,0.5534578808170614,-634.8400000000001,1247.66,-0.8788458917541623,0.5454545454545454,0.0,0.25
ORB second break 2R,13:30-16:00,hold,MNQ,IS,11,0.06547619047619048,0.8181818181818182,0.13563908080994347,2.584209143457698,482.3599999999999,304.48,1.499797833370276,0.8571428571428571,0.0,0.0
ORB second break 2R,13:30-16:00,hold,MNQ,OOS,5,0.045454545454545456,0.0,-0.8562441247190691,0.0,-1117.2,1117.2,-3.0440091956021686,0.0,0.0,0.8
ORB second break 2R,09:30-10:30,flat,MNQ,ALL,11,0.039568345323741004,0.8181818181818182,0.5627258077361428,27.193801490780697,1335.36,50.98000000000002,2.2993865225861105,0.8571428571428571,0.0,0.0
ORB second break 2R,09:30-10:30,flat,MNQ,IS,4,0.023809523809523808,1.0,0.8073800914229198,inf,662.04,0.0,2.279948750201314,1.0,0.0,0.0
ORB second break 2R,09:30-10:30,flat,MNQ,OOS,7,0.06363636363636363,0.7142857142857143,0.4229233599151274,14.207532365633583,673.3199999999999,50.98,2.400607376776184,0.75,0.0,0.0
ORB second break 2R,09:30-10:30,hold,MNQ,ALL,15,0.0539568345323741,0.5333333333333333,0.3219853852287622,1.8823574121366897,1160.8999999999999,437.48,0.9926249044616309,0.5,0.2,0.3333333333333333
ORB second break 2R,09:30-10:30,hold,MNQ,IS,6,0.03571428571428571,0.6666666666666666,0.479002045724031,2.404772789613239,614.56,437.48,1.143488635503362,0.75,0.16666666666666666,0.3333333333333333
ORB second break 2R,09:30-10:30,hold,MNQ,OOS,9,0.08181818181818182,0.4444444444444444,0.21730761156524958,1.6221134138009563,546.3399999999999,410.46000000000004,0.9176828445656501,0.25,0.2222222222222222,0.3333333333333333
ORB second break 2R,10:30-11:30,flat,MNQ,ALL,30,0.1079136690647482,0.7333333333333333,0.23662782073299693,3.0032476794452623,1825.7999999999997,361.98,1.866971266043516,0.6666666666666666,0.03333333333333333,0.03333333333333333
ORB second break 2R,10:30-11:30,flat,MNQ,IS,14,0.08333333333333333,0.7857142857142857,0.3854346459695472,6.877175214068685,1276.6399999999999,132.74,2.559724710232162,0.8333333333333334,0.07142857142857142,0.0
ORB second break 2R,10:30-11:30,flat,MNQ,OOS,16,0.14545454545454545,0.6875,0.1064218486510154,1.7910688562373953,549.1599999999999,361.98,1.179040690395514,0.5,0.0,0.0625
ORB second break 2R,10:30-11:30,hold,MNQ,ALL,32,0.11510791366906475,0.46875,0.09226989025060187,1.2404974394988701,938.3199999999997,721.94,0.489321973275963,0.5,0.21875,0.4375
ORB second break 2R,10:30-11:30,hold,MNQ,IS,16,0.09523809523809523,0.5,0.1449470976942589,1.426372155287818,751.6599999999999,443.22,0.7366829182531093,0.6666666666666666,0.25,0.5
ORB second break 2R,10:30-11:30,hold,MNQ,OOS,16,0.14545454545454545,0.4375,0.03959268280694486,1.0872789503707931,186.65999999999985,721.94,0.21148407463478186,0.3333333333333333,0.1875,0.375
ORB second break 2R,11:30-12:30,flat,MNQ,ALL,14,0.050359712230215826,0.6428571428571429,0.20254051263573195,2.1398026978055165,566.1399999999999,287.48,1.035703022337398,0.5555555555555556,0.0,0.07142857142857142
ORB second break 2R,11:30-12:30,flat,MNQ,IS,10,0.05952380952380952,0.8,0.4363700442624944,7.755928375544443,837.5999999999999,116.74000000000001,2.4160211060350165,0.8,0.0,0.0
ORB second break 2R,11:30-12:30,flat,MNQ,OOS,4,0.03636363636363636,0.25,-0.38203331643117433,0.271678471775059,-271.46,287.48,-1.386874566644602,0.25,0.0,0.25
ORB second break 2R,11:30-12:30,hold,MNQ,ALL,14,0.050359712230215826,0.6428571428571429,0.49397164339959304,2.5153959442619236,1337.6399999999999,438.98,1.3411438316918094,0.6666666666666666,0.21428571428571427,0.21428571428571427
ORB second break 2R,11:30-12:30,hold,MNQ,IS,10,0.05952380952380952,0.8,0.831313214643058,5.5430530222026535,1444.6,279.24,2.342860399879107,1.0,0.3,0.1
ORB second break 2R,11:30-12:30,hold,MNQ,OOS,4,0.03636363636363636,0.25,-0.34938228470906935,0.8105964017566227,-106.96000000000004,438.98,-0.28245828617265073,0.25,0.0,0.5
ORB second break 2R,12:30-13:30,flat,MNQ,ALL,9,0.03237410071942446,0.4444444444444444,0.01418327841405974,0.9085020242914977,-36.16000000000007,395.20000000000005,-0.11124338243916577,0.6666666666666666,0.0,0.0
ORB second break 2R,12:30-13:30,flat,MNQ,IS,7,0.041666666666666664,0.2857142857142857,-0.0798663592961618,0.522570850202429,-188.68000000000006,395.20000000000005,-0.8234196577324868,0.5,0.0,0.0
ORB second break 2R,12:30-13:30,flat,MNQ,OOS,2,0.01818181818181818,1.0,0.3433570103998352,inf,152.52,0.0,1.7769490018442509,1.0,0.0,0.0
ORB second break 2R,12:30-13:30,hold,MNQ,ALL,10,0.03597122302158273,0.5,0.3020614159747631,0.9906129210381004,-11.900000000000091,566.2,-0.012575096073271631,0.7142857142857143,0.3,0.3
ORB second break 2R,12:30-13:30,hold,MNQ,IS,7,0.041666666666666664,0.42857142857142855,0.3976055240584495,1.0757469316913921,73.31999999999994,566.2,0.10748851784369885,0.75,0.42857142857142855,0.42857142857142855
ORB second break 2R,12:30-13:30,hold,MNQ,OOS,3,0.02727272727272727,0.6666666666666666,0.07912516377949491,0.7156869286715152,-85.22000000000003,299.74,-0.37868549669813206,0.6666666666666666,0.0,0.0
ORB second break 2R,13:30-14:30,flat,MNQ,ALL,7,0.025179856115107913,0.7142857142857143,0.1126972848581014,2.34367996414164,239.81999999999994,157.24,0.873244679352993,0.8333333333333334,0.0,0.0
ORB second break 2R,13:30-14:30,flat,MNQ,IS,6,0.03571428571428571,0.8333333333333334,0.20017391839823495,19.6939736346516,397.05999999999995,21.24000000000001,2.347266754660719,1.0,0.0,0.0
ORB second break 2R,13:30-14:30,flat,MNQ,OOS,1,0.00909090909090909,0.0,-0.4121625163826999,0.0,-157.24,157.24,-1.5135749373285388,0.0,0.0,0.0
ORB second break 2R,13:30-14:30,hold,MNQ,ALL,8,0.02877697841726619,0.75,0.06370667624537871,1.0075292336165558,3.5799999999999272,383.24,0.007205197554714535,0.7142857142857143,0.0,0.125
ORB second break 2R,13:30-14:30,hold,MNQ,IS,7,0.041666666666666664,0.8571428571428571,0.21631633622950602,5.193625325238508,386.81999999999994,92.24000000000001,1.722276872546567,0.8333333333333334,0.0,0.0
ORB second break 2R,13:30-14:30,hold,MNQ,OOS,1,0.00909090909090909,0.0,-1.0045609436435126,0.0,-383.24,383.24,-1.5135749373285385,0.0,0.0,1.0
ORB second break 2R,14:30-15:30,flat,MNQ,ALL,8,0.02877697841726619,0.125,-0.5123264756253726,0.024156529722285977,-1020.4200000000001,1045.68,-2.051970317020593,0.16666666666666666,0.0,0.375
ORB second break 2R,14:30-15:30,flat,MNQ,IS,4,0.023809523809523808,0.25,-0.1265063080251892,0.13244546979865773,-165.45999999999998,190.71999999999997,-1.4565797587064313,0.3333333333333333,0.0,0.0
ORB second break 2R,14:30-15:30,flat,MNQ,OOS,4,0.03636363636363636,0.0,-0.898146643225556,0.0,-854.96,854.96,-2.8728066266904295,0.0,0.0,0.75
ORB second break 2R,14:30-15:30,hold,MNQ,ALL,8,0.02877697841726619,0.375,-0.4123555180811246,0.32528006763897693,-638.4200000000001,946.2,-1.2176245117291629,0.3333333333333333,0.0,0.375
ORB second break 2R,14:30-15:30,hold,MNQ,IS,4,0.023809523809523808,0.75,-0.005546116174291044,1.4501507727101393,95.53999999999996,212.24,0.4138759747865164,0.6666666666666666,0.0,0.0
ORB second break 2R,14:30-15:30,hold,MNQ,OOS,4,0.03636363636363636,0.0,-0.8191649199879582,0.0,-733.96,733.96,-2.719444484352547,0.0,0.0,0.75
ORB second break 2R,15:30-16:00,flat,MNQ,ALL,1,0.0035971223021582736,1.0,1.330752688172043,inf,123.76,0.0,0.9520897122350839,1.0,0.0,0.0
ORB second break 2R,15:30-16:00,flat,MNQ,IS,0,0.0,,,,0.0,0.0,,,,
ORB second break 2R,15:30-16:00,flat,MNQ,OOS,1,0.00909090909090909,1.0,1.330752688172043,inf,123.76,0.0,1.5135749373285394,1.0,0.0,0.0
ORB second break 2R,15:30-16:00,hold,MNQ,ALL,0,0.0,,,,0.0,0.0,,,,
ORB second break 2R,15:30-16:00,hold,MNQ,IS,0,0.0,,,,0.0,0.0,,,,
ORB second break 2R,15:30-16:00,hold,MNQ,OOS,0,0.0,,,,0.0,0.0,,,,
ORB second break 2R,Full RTH,hold,MNQ,ALL,87,0.3129496402877698,0.5287356321839081,0.17160280113915694,1.3174436305797705,2790.120000000001,1805.0999999999967,1.0226572412389734,0.5714285714285714,0.1839080459770115,0.3333333333333333
ORB second break 2R,Full RTH,hold,MNQ,IS,50,0.2976190476190476,0.64,0.3556313308240286,1.8880664341751918,3366.5,638.46,2.24601283050731,0.75,0.22,0.28
ORB second break 2R,Full RTH,hold,MNQ,OOS,37,0.33636363636363636,0.3783783783783784,-0.07708440113769659,0.8846898682009879,-576.3800000000003,1805.1000000000001,-0.4758317617398866,0.3333333333333333,0.13513513513513514,0.40540540540540543
Opening candle 2R (trend),09:30-11:30,flat,MNQ,ALL,133,0.4784172661870504,0.3458646616541353,0.011707690228722433,1.0234392751134807,186.46276190480182,1390.3257142856985,0.11472686902703073,0.5,0.3308270676691729,0.6466165413533834
Opening candle 2R (trend),09:30-11:30,flat,MNQ,IS,74,0.44047619047619047,0.3108108108108108,-0.10082439323138963,0.8091166925262516,-823.602952380961,931.3385714285713,-1.0266033751071553,0.375,0.28378378378378377,0.6756756756756757
Opening candle 2R (trend),09:30-11:30,flat,MNQ,OOS,59,0.5363636363636364,0.3898305084745763,0.15284962541598165,1.2774563888123813,1010.0657142857629,1046.3600000000065,1.2802700683912727,0.6666666666666666,0.3898305084745763,0.6101694915254238
Opening candle 2R (trend),09:30-11:30,hold,MNQ,ALL,133,0.4784172661870504,0.3458646616541353,0.012522479017109388,1.0241999564777924,193.45847619051835,1393.1485714285752,0.11858313071048822,0.5,0.3383458646616541,0.6541353383458647
Opening candle 2R (trend),09:30-11:30,hold,MNQ,IS,74,0.44047619047619047,0.3108108108108108,-0.09935997554415361,0.8124345004234571,-816.6072380952445,934.1614285714481,-1.008396701481533,0.375,0.2972972972972973,0.6891891891891891
Opening candle 2R (trend),09:30-11:30,hold,MNQ,OOS,59,0.5363636363636364,0.3898305084745763,0.15284962541598165,1.2774563888123813,1010.0657142857629,1046.3600000000065,1.2802700683912727,0.6666666666666666,0.3898305084745763,0.6101694915254238
Opening candle 2R (trend),11:30-13:30,flat,MNQ,ALL,0,0.0,,,,0.0,0.0,,,,
Opening candle 2R (trend),11:30-13:30,flat,MNQ,IS,0,0.0,,,,0.0,0.0,,,,
Opening candle 2R (trend),11:30-13:30,flat,MNQ,OOS,0,0.0,,,,0.0,0.0,,,,
Opening candle 2R (trend),11:30-13:30,hold,MNQ,ALL,0,0.0,,,,0.0,0.0,,,,
Opening candle 2R (trend),11:30-13:30,hold,MNQ,IS,0,0.0,,,,0.0,0.0,,,,
Opening candle 2R (trend),11:30-13:30,hold,MNQ,OOS,0,0.0,,,,0.0,0.0,,,,
Opening candle 2R (trend),13:30-16:00,flat,MNQ,ALL,0,0.0,,,,0.0,0.0,,,,
Opening candle 2R (trend),13:30-16:00,flat,MNQ,IS,0,0.0,,,,0.0,0.0,,,,
Opening candle 2R (trend),13:30-16:00,flat,MNQ,OOS,0,0.0,,,,0.0,0.0,,,,
Opening candle 2R (trend),13:30-16:00,hold,MNQ,ALL,0,0.0,,,,0.0,0.0,,,,
Opening candle 2R (trend),13:30-16:00,hold,MNQ,IS,0,0.0,,,,0.0,0.0,,,,
Opening candle 2R (trend),13:30-16:00,hold,MNQ,OOS,0,0.0,,,,0.0,0.0,,,,
Opening candle 2R (trend),09:30-10:30,flat,MNQ,ALL,133,0.4784172661870504,0.3533834586466165,0.00946504579513686,1.020685637187794,160.88276190480008,1492.3871428571463,0.10086005620196821,0.42857142857142855,0.3082706766917293,0.631578947368421
Opening candle 2R (trend),09:30-10:30,flat,MNQ,IS,74,0.44047619047619047,0.32432432432432434,-0.09679132585584695,0.8153976121678779,-763.7115238095339,1024.2900000000175,-0.9754902264391883,0.25,0.25675675675675674,0.6486486486486487
Opening candle 2R (trend),09:30-10:30,flat,MNQ,OOS,59,0.5363636363636364,0.3898305084745763,0.14273574922179455,1.2539781204357212,924.5942857143339,1046.3600000000065,1.1888610037938714,0.6666666666666666,0.3728813559322034,0.6101694915254238
Opening candle 2R (trend),09:30-10:30,hold,MNQ,ALL,133,0.4784172661870504,0.3458646616541353,0.012522479017109388,1.0241999564777924,193.45847619051835,1393.1485714285752,0.11858313071048822,0.5,0.3383458646616541,0.6541353383458647
Opening candle 2R (trend),09:30-10:30,hold,MNQ,IS,74,0.44047619047619047,0.3108108108108108,-0.09935997554415361,0.8124345004234571,-816.6072380952445,934.1614285714481,-1.008396701481533,0.375,0.2972972972972973,0.6891891891891891
Opening candle 2R (trend),09:30-10:30,hold,MNQ,OOS,59,0.5363636363636364,0.3898305084745763,0.15284962541598165,1.2774563888123813,1010.0657142857629,1046.3600000000065,1.2802700683912727,0.6666666666666666,0.3898305084745763,0.6101694915254238
Opening candle 2R (trend),10:30-11:30,flat,MNQ,ALL,0,0.0,,,,0.0,0.0,,,,
Opening candle 2R (trend),10:30-11:30,flat,MNQ,IS,0,0.0,,,,0.0,0.0,,,,
Opening candle 2R (trend),10:30-11:30,flat,MNQ,OOS,0,0.0,,,,0.0,0.0,,,,
Opening candle 2R (trend),10:30-11:30,hold,MNQ,ALL,0,0.0,,,,0.0,0.0,,,,
Opening candle 2R (trend),10:30-11:30,hold,MNQ,IS,0,0.0,,,,0.0,0.0,,,,
Opening candle 2R (trend),10:30-11:30,hold,MNQ,OOS,0,0.0,,,,0.0,0.0,,,,
Opening candle 2R (trend),11:30-12:30,flat,MNQ,ALL,0,0.0,,,,0.0,0.0,,,,
Opening candle 2R (trend),11:30-12:30,flat,MNQ,IS,0,0.0,,,,0.0,0.0,,,,
Opening candle 2R (trend),11:30-12:30,flat,MNQ,OOS,0,0.0,,,,0.0,0.0,,,,
Opening candle 2R (trend),11:30-12:30,hold,MNQ,ALL,0,0.0,,,,0.0,0.0,,,,
Opening candle 2R (trend),11:30-12:30,hold,MNQ,IS,0,0.0,,,,0.0,0.0,,,,
Opening candle 2R (trend),11:30-12:30,hold,MNQ,OOS,0,0.0,,,,0.0,0.0,,,,
Opening candle 2R (trend),12:30-13:30,flat,MNQ,ALL,0,0.0,,,,0.0,0.0,,,,
Opening candle 2R (trend),12:30-13:30,flat,MNQ,IS,0,0.0,,,,0.0,0.0,,,,
Opening candle 2R (trend),12:30-13:30,flat,MNQ,OOS,0,0.0,,,,0.0,0.0,,,,
Opening candle 2R (trend),12:30-13:30,hold,MNQ,ALL,0,0.0,,,,0.0,0.0,,,,
Opening candle 2R (trend),12:30-13:30,hold,MNQ,IS,0,0.0,,,,0.0,0.0,,,,
Opening candle 2R (trend),12:30-13:30,hold,MNQ,OOS,0,0.0,,,,0.0,0.0,,,,
Opening candle 2R (trend),13:30-14:30,flat,MNQ,ALL,0,0.0,,,,0.0,0.0,,,,
Opening candle 2R (trend),13:30-14:30,flat,MNQ,IS,0,0.0,,,,0.0,0.0,,,,
Opening candle 2R (trend),13:30-14:30,flat,MNQ,OOS,0,0.0,,,,0.0,0.0,,,,
Opening candle 2R (trend),13:30-14:30,hold,MNQ,ALL,0,0.0,,,,0.0,0.0,,,,
Opening candle 2R (trend),13:30-14:30,hold,MNQ,IS,0,0.0,,,,0.0,0.0,,,,
Opening candle 2R (trend),13:30-14:30,hold,MNQ,OOS,0,0.0,,,,0.0,0.0,,,,
Opening candle 2R (trend),14:30-15:30,flat,MNQ,ALL,0,0.0,,,,0.0,0.0,,,,
Opening candle 2R (trend),14:30-15:30,flat,MNQ,IS,0,0.0,,,,0.0,0.0,,,,
Opening candle 2R (trend),14:30-15:30,flat,MNQ,OOS,0,0.0,,,,0.0,0.0,,,,
Opening candle 2R (trend),14:30-15:30,hold,MNQ,ALL,0,0.0,,,,0.0,0.0,,,,
Opening candle 2R (trend),14:30-15:30,hold,MNQ,IS,0,0.0,,,,0.0,0.0,,,,
Opening candle 2R (trend),14:30-15:30,hold,MNQ,OOS,0,0.0,,,,0.0,0.0,,,,
Opening candle 2R (trend),15:30-16:00,flat,MNQ,ALL,0,0.0,,,,0.0,0.0,,,,
Opening candle 2R (trend),15:30-16:00,flat,MNQ,IS,0,0.0,,,,0.0,0.0,,,,
Opening candle 2R (trend),15:30-16:00,flat,MNQ,OOS,0,0.0,,,,0.0,0.0,,,,
Opening candle 2R (trend),15:30-16:00,hold,MNQ,ALL,0,0.0,,,,0.0,0.0,,,,
Opening candle 2R (trend),15:30-16:00,hold,MNQ,IS,0,0.0,,,,0.0,0.0,,,,
Opening candle 2R (trend),15:30-16:00,hold,MNQ,OOS,0,0.0,,,,0.0,0.0,,,,
Opening candle 2R (trend),Full RTH,hold,MNQ,ALL,133,0.4784172661870504,0.3458646616541353,0.012522479017109388,1.0241999564777924,193.45847619051835,1393.1485714285752,0.11858313071048822,0.5,0.3383458646616541,0.6541353383458647
Opening candle 2R (trend),Full RTH,hold,MNQ,IS,74,0.44047619047619047,0.3108108108108108,-0.09935997554415361,0.8124345004234571,-816.6072380952445,934.1614285714481,-1.008396701481533,0.375,0.2972972972972973,0.6891891891891891
Opening candle 2R (trend),Full RTH,hold,MNQ,OOS,59,0.5363636363636364,0.3898305084745763,0.15284962541598165,1.2774563888123813,1010.0657142857629,1046.3600000000065,1.2802700683912727,0.6666666666666666,0.3898305084745763,0.6101694915254238
Trend-Confluence Pullback 2R,09:30-11:30,flat,MNQ,ALL,132,0.4748201438848921,0.42424242424242425,0.013666682732046822,1.0603283281659974,440.3043386989009,1337.4511423799531,0.2669996545083418,0.5714285714285714,0.20454545454545456,0.5151515151515151
Trend-Confluence Pullback 2R,09:30-11:30,flat,MNQ,IS,77,0.4583333333333333,0.44155844155844154,0.07289725759040075,1.0586911748134225,225.9614049142068,1328.3788237252375,0.2731728794011898,0.625,0.2077922077922078,0.4935064935064935
Trend-Confluence Pullback 2R,09:30-11:30,flat,MNQ,OOS,55,0.5,0.4,-0.06925612206964865,1.062156114875937,214.34293378469397,1337.4511423799531,0.26949387691155957,0.5,0.2,0.5454545454545454
Trend-Confluence Pullback 2R,09:30-11:30,hold,MNQ,ALL,137,0.49280575539568344,0.36496350364963503,0.05599937149128816,1.116196407694772,1025.0588043147984,1521.093360622605,0.5370447221401252,0.5,0.34306569343065696,0.6204379562043796
Trend-Confluence Pullback 2R,09:30-11:30,hold,MNQ,IS,80,0.47619047619047616,0.3875,0.12889736125126156,1.1132688250984866,531.1210313052472,1521.093360622605,0.5716376426276183,0.5,0.375,0.6
Trend-Confluence Pullback 2R,09:30-11:30,hold,MNQ,OOS,57,0.5181818181818182,0.3333333333333333,-0.046313596592885,1.1195180551626165,493.93777300955094,1499.073730147914,0.5258084850362458,0.5,0.2982456140350877,0.6491228070175439
Trend-Confluence Pullback 2R,11:30-13:30,flat,MNQ,ALL,130,0.4676258992805755,0.46153846153846156,0.09281893832907336,1.0922551169803452,484.10259587329017,973.0451681373529,0.4020936131790768,0.5714285714285714,0.17692307692307693,0.43846153846153846
Trend-Confluence Pullback 2R,11:30-13:30,flat,MNQ,IS,85,0.5059523809523809,0.4823529411764706,0.12401995036870071,1.0767921222748735,243.84214012793495,973.0451681373529,0.3456089890387203,0.625,0.18823529411764706,0.4235294117647059
Trend-Confluence Pullback 2R,11:30-13:30,flat,MNQ,OOS,45,0.4090909090909091,0.4222222222222222,0.033883693365332875,1.1159513430962456,240.2604557453551,555.1216357677191,0.4807680654709029,0.5,0.15555555555555556,0.4666666666666667
Trend-Confluence Pullback 2R,11:30-13:30,hold,MNQ,ALL,132,0.4748201438848921,0.4015151515151515,0.1568123529552099,1.188082151462276,1223.6098885480749,1392.688846744456,0.8028308423924064,0.5,0.3787878787878788,0.5909090909090909
Trend-Confluence Pullback 2R,11:30-13:30,hold,MNQ,IS,87,0.5178571428571429,0.39080459770114945,0.14126476121564685,1.0462988539909286,196.41591367892858,1392.688846744456,0.23442030107715325,0.5,0.3793103448275862,0.5977011494252874
Trend-Confluence Pullback 2R,11:30-13:30,hold,MNQ,OOS,45,0.4090909090909091,0.4222222222222222,0.186871030318365,1.4538336667571918,1027.1939748691464,417.6988632935195,1.512601719336927,0.5,0.37777777777777777,0.5777777777777777
Trend-Confluence Pullback 2R,13:30-16:00,flat,MNQ,ALL,192,0.6906474820143885,0.4114583333333333,0.14173786907020017,1.2241846822200444,1437.7290995275991,654.8722599083255,1.2069705691152346,0.5714285714285714,0.3541666666666667,0.578125
Trend-Confluence Pullback 2R,13:30-16:00,flat,MNQ,IS,124,0.7380952380952381,0.4112903225806452,0.09811268002721116,1.2056545325671737,786.9977461748948,654.8722599083255,1.1465696600776123,0.5,0.3225806451612903,0.5806451612903226
Trend-Confluence Pullback 2R,13:30-16:00,flat,MNQ,OOS,68,0.6181818181818182,0.4117647058823529,0.2212896843838859,1.2516021077430488,650.7313533527044,433.3211804096695,1.2884975866656723,0.6666666666666666,0.4117647058823529,0.5735294117647058
Trend-Confluence Pullback 2R,13:30-16:00,hold,MNQ,ALL,161,0.579136690647482,0.391304347826087,0.12078160614114143,1.252815002020789,1373.9545721353052,615.8357507811776,1.2028455891085723,0.5,0.36024844720496896,0.5962732919254659
Trend-Confluence Pullback 2R,13:30-16:00,hold,MNQ,IS,104,0.6190476190476191,0.38461538461538464,0.07800586855018955,1.2107497340174658,702.6254922393043,615.8357507811776,1.0716980100224216,0.5,0.33653846153846156,0.6057692307692307
Trend-Confluence Pullback 2R,13:30-16:00,hold,MNQ,OOS,57,0.5181818181818182,0.40350877192982454,0.19882856595621162,1.3195753012688005,671.3290798960008,433.3211804096695,1.379899961833132,0.5,0.40350877192982454,0.5789473684210527
Trend-Confluence Pullback 2R,09:30-10:30,flat,MNQ,ALL,45,0.1618705035971223,0.3333333333333333,-0.29881551532127365,0.45565873084628844,-1550.03605235928,1808.2401960510238,-2.0404684172321748,0.21428571428571427,0.06666666666666667,0.5777777777777777
Trend-Confluence Pullback 2R,09:30-10:30,flat,MNQ,IS,25,0.1488095238095238,0.36,-0.24555106677295388,0.4634255386242194,-743.5922979826938,1087.1542499599154,-2.0821337953182093,0.125,0.08,0.56
Trend-Confluence Pullback 2R,09:30-10:30,flat,MNQ,OOS,20,0.18181818181818182,0.3,-0.3653960760066731,0.44829530292496733,-806.4437543765862,1064.64789806833,-2.1136065564125714,0.3333333333333333,0.05,0.6
Trend-Confluence Pullback 2R,09:30-10:30,hold,MNQ,ALL,64,0.2302158273381295,0.375,0.0847324895117022,1.1893060953024364,761.6922957692444,744.4687555238231,0.6015866779924252,0.5714285714285714,0.359375,0.625
Trend-Confluence Pullback 2R,09:30-10:30,hold,MNQ,IS,39,0.23214285714285715,0.4358974358974359,0.28843058881373945,1.510640514852166,1047.064486374111,543.0700658938304,1.4527631912528884,0.75,0.4358974358974359,0.5641025641025641
Trend-Confluence Pullback 2R,09:30-10:30,hold,MNQ,OOS,25,0.22727272727272727,0.28,-0.23303654539947588,0.8553692834065368,-285.372190604867,715.7939943623805,-0.5259884937748625,0.3333333333333333,0.24,0.72
Trend-Confluence Pullback 2R,10:30-11:30,flat,MNQ,ALL,90,0.3237410071942446,0.45555555555555555,0.041634481198732684,1.1244857453402792,556.6076256075229,1177.6605341700117,0.41997785537830984,0.5,0.14444444444444443,0.43333333333333335
Trend-Confluence Pullback 2R,10:30-11:30,flat,MNQ,IS,52,0.30952380952380953,0.4423076923076923,0.021347683930595496,0.9416739894500997,-140.063125148449,815.650093020669,-0.2172018594830538,0.625,0.11538461538461539,0.4230769230769231
Trend-Confluence Pullback 2R,10:30-11:30,flat,MNQ,OOS,38,0.34545454545454546,0.47368421052631576,0.0693953616709204,1.3365766788315354,696.6707507559718,1177.6605341700117,1.0696161846386893,0.3333333333333333,0.18421052631578946,0.4473684210526316
Trend-Confluence Pullback 2R,10:30-11:30,hold,MNQ,ALL,96,0.34532374100719426,0.3854166666666667,0.12382892305025696,1.214515648636424,1308.199007414267,1388.9943419270444,0.8255827491731692,0.5,0.3645833333333333,0.59375
Trend-Confluence Pullback 2R,10:30-11:30,hold,MNQ,IS,56,0.3333333333333333,0.39285714285714285,0.139456846386693,1.085531247619922,286.03595124041203,1112.1840551454166,0.36838343072444035,0.625,0.375,0.5892857142857143
Trend-Confluence Pullback 2R,10:30-11:30,hold,MNQ,OOS,40,0.36363636363636365,0.375,0.10194983037924651,1.3711345742060381,1022.1630561738548,1388.9943419270453,1.3181426765488413,0.3333333333333333,0.35,0.6
Trend-Confluence Pullback 2R,11:30-12:30,flat,MNQ,ALL,77,0.27697841726618705,0.45454545454545453,0.055093917294954664,1.18896783218431,491.3535802739091,672.4403809276305,0.562330673516727,0.5,0.09090909090909091,0.33766233766233766
Trend-Confluence Pullback 2R,11:30-12:30,flat,MNQ,IS,47,0.27976190476190477,0.48936170212765956,0.10543470040403878,1.1926447131373643,252.1290393436999,468.9977860368722,0.5677219688853729,0.5,0.10638297872340426,0.2765957446808511
Trend-Confluence Pullback 2R,11:30-12:30,flat,MNQ,OOS,30,0.2727272727272727,0.4,-0.023773309575943716,1.1852415308284414,239.22454093020917,527.3694129692548,0.573143312838637,0.5,0.06666666666666667,0.43333333333333335
Trend-Confluence Pullback 2R,11:30-12:30,hold,MNQ,ALL,79,0.2841726618705036,0.3924050632911392,0.10803331527547501,1.258411816313782,1015.2896866456349,824.0836734456946,0.8058969430550195,0.6428571428571429,0.35443037974683544,0.6075949367088608
Trend-Confluence Pullback 2R,11:30-12:30,hold,MNQ,IS,49,0.2916666666666667,0.40816326530612246,0.17938099970512378,1.2476183636440294,540.9535945660048,412.0505006242943,0.8455541487043522,0.625,0.3877551020408163,0.5918367346938775
Trend-Confluence Pullback 2R,11:30-12:30,hold,MNQ,OOS,30,0.2727272727272727,0.36666666666666664,-0.00850123595961793,1.2719296777332902,474.3360920796299,756.8842732578368,0.7876988657077006,0.6666666666666666,0.3,0.6333333333333333
Trend-Confluence Pullback 2R,12:30-13:30,flat,MNQ,ALL,87,0.3129496402877698,0.5057471264367817,0.09088196779567845,0.9889760324586429,-31.50646268965209,956.0401598447644,-0.0432204737502893,0.5714285714285714,0.13793103448275862,0.367816091954023
Trend-Confluence Pullback 2R,12:30-13:30,flat,MNQ,IS,58,0.34523809523809523,0.5172413793103449,0.06134857548460009,0.9148163405339006,-167.49473132865566,956.0401598447644,-0.34546524320341937,0.375,0.13793103448275862,0.39655172413793105
Trend-Confluence Pullback 2R,12:30-13:30,flat,MNQ,OOS,29,0.2636363636363636,0.4827586206896552,0.14994875241783512,1.1525012624718347,135.9882686390037,292.0191268444952,0.570171785199895,0.8333333333333334,0.13793103448275862,0.3103448275862069
Trend-Confluence Pullback 2R,12:30-13:30,hold,MNQ,ALL,89,0.32014388489208634,0.4157303370786517,0.2180854599050487,1.06411213817231,263.73914909594936,1104.1168063331684,0.2667074265452261,0.5714285714285714,0.4044943820224719,0.5617977528089888
Trend-Confluence Pullback 2R,12:30-13:30,hold,MNQ,IS,60,0.35714285714285715,0.4,0.18151945043172724,0.98153890441496,-52.28895049328855,1104.1168063331684,-0.08509970635951193,0.5,0.4,0.5833333333333334
Trend-Confluence Pullback 2R,12:30-13:30,hold,MNQ,OOS,29,0.2636363636363636,0.4482758620689655,0.2937392726084724,1.2466406350789,316.028099589238,519.3475170578924,0.8422441854723841,0.6666666666666666,0.41379310344827586,0.5172413793103449
Trend-Confluence Pullback 2R,13:30-14:30,flat,MNQ,ALL,90,0.3237410071942446,0.4,-0.10823569170594731,0.7598445008733798,-650.9560126124358,777.3911582137207,-1.0329690599995227,0.35714285714285715,0.1,0.4666666666666667
Trend-Confluence Pullback 2R,13:30-14:30,flat,MNQ,IS,56,0.3333333333333333,0.39285714285714285,-0.10669947314501786,0.8746712038339441,-189.42494199321436,426.2372611040849,-0.49726414759700277,0.375,0.08928571428571429,0.44642857142857145
Trend-Confluence Pullback 2R,13:30-14:30,flat,MNQ,OOS,34,0.3090909090909091,0.4117647058823529,-0.1107659340415958,0.6151138421451451,-461.5310706192214,529.3557448029006,-1.847339342408577,0.3333333333333333,0.11764705882352941,0.5
Trend-Confluence Pullback 2R,13:30-14:30,hold,MNQ,ALL,94,0.3381294964028777,0.3617021276595745,0.03355256641977419,1.1136618750148284,393.9415120871902,410.75523852109615,0.4539731733482614,0.42857142857142855,0.3404255319148936,0.6276595744680851
Trend-Confluence Pullback 2R,13:30-14:30,hold,MNQ,IS,59,0.35119047619047616,0.3389830508474576,-0.04874973794491529,0.9802483282521608,-41.13134665734488,410.75523852109615,-0.08077266245334462,0.375,0.3050847457627119,0.6440677966101694
Trend-Confluence Pullback 2R,13:30-14:30,hold,MNQ,OOS,35,0.3181818181818182,0.4,0.17229073663453645,1.3144763292169526,435.0728587445351,244.55704186948307,1.2124367124601894,0.5,0.4,0.6
Trend-Confluence Pullback 2R,14:30-15:30,flat,MNQ,ALL,92,0.33093525179856115,0.5434782608695652,0.24500008907257365,1.739862683662117,1438.9285355920017,348.9725726903559,2.0709342592027205,0.6428571428571429,0.22826086956521738,0.3804347826086957
Trend-Confluence Pullback 2R,14:30-15:30,flat,MNQ,IS,62,0.36904761904761907,0.532258064516129,0.13084705427396698,1.3420691318664688,468.52725135362294,348.9725726903559,1.2864486174179826,0.375,0.1774193548387097,0.41935483870967744
Trend-Confluence Pullback 2R,14:30-15:30,flat,MNQ,OOS,30,0.2727272727272727,0.5666666666666667,0.48091636098969415,2.6871466226801433,970.4012842383788,120.97219693540364,3.010605937488219,1.0,0.3333333333333333,0.3
Trend-Confluence Pullback 2R,14:30-15:30,hold,MNQ,ALL,94,0.3381294964028777,0.44680851063829785,0.24879334491575772,1.6238218653781427,1626.8403365014724,808.9964777561354,2.072064714059451,0.5714285714285714,0.3829787234042553,0.5425531914893617
Trend-Confluence Pullback 2R,14:30-15:30,hold,MNQ,IS,63,0.375,0.4126984126984127,0.10053333052923948,1.3092562057666002,557.5804561385764,808.9964777561354,1.3455415884066102,0.375,0.31746031746031744,0.5873015873015873
Trend-Confluence Pullback 2R,14:30-15:30,hold,MNQ,OOS,31,0.2818181818181818,0.5161290322580645,0.5500959547980366,2.328458260634502,1069.2598803628957,234.74269067360615,2.9511984261915694,0.8333333333333334,0.5161290322580645,0.45161290322580644
Trend-Confluence Pullback 2R,15:30-16:00,flat,MNQ,ALL,55,0.19784172661870503,0.4909090909090909,0.24477121388644812,1.2698837042290203,401.7213298523536,325.5062265415886,0.7530207402535377,0.46153846153846156,0.32727272727272727,0.4909090909090909
Trend-Confluence Pullback 2R,15:30-16:00,flat,MNQ,IS,36,0.21428571428571427,0.5277777777777778,0.24979984382695586,1.52834043458875,386.827712733247,191.20074468831007,1.3529542812449267,0.5714285714285714,0.2777777777777778,0.4444444444444444
Trend-Confluence Pullback 2R,15:30-16:00,flat,MNQ,OOS,19,0.17272727272727273,0.42105263157894735,0.2352432834728547,1.0196916505554605,14.893617119106707,325.50622654158855,0.06110688884134241,0.3333333333333333,0.42105263157894735,0.5789473684210527
Trend-Confluence Pullback 2R,15:30-16:00,hold,MNQ,ALL,0,0.0,,,,0.0,0.0,,,,
Trend-Confluence Pullback 2R,15:30-16:00,hold,MNQ,IS,0,0.0,,,,0.0,0.0,,,,
Trend-Confluence Pullback 2R,15:30-16:00,hold,MNQ,OOS,0,0.0,,,,0.0,0.0,,,,
Trend-Confluence Pullback 2R,Full RTH,hold,MNQ,ALL,304,1.0935251798561152,0.3881578947368421,0.10660923084225861,1.1420045286883653,2270.054090823954,2195.232757129471,0.9059771597314402,0.5,0.35855263157894735,0.6019736842105263
Trend-Confluence Pullback 2R,Full RTH,hold,MNQ,IS,192,1.1428571428571428,0.3854166666666667,0.09914398196825226,1.0535709124679093,511.30753220810703,2195.232757129471,0.4233868036550606,0.5,0.359375,0.6041666666666666
Trend-Confluence Pullback 2R,Full RTH,hold,MNQ,OOS,112,1.018181818181818,0.39285714285714285,0.11940680034055517,1.273042709715652,1758.7465586158473,1459.6081511515615,1.4194969389857495,0.5,0.35714285714285715,0.5982142857142857
Al Brooks H2/L2 (trend) 2R,09:30-11:30,flat,MNQ,ALL,41,0.1474820143884892,0.4634146341463415,0.17775026799796032,2.2461156141858467,2146.16,454.1999999999989,1.4937050697730045,0.5384615384615384,0.24390243902439024,0.43902439024390244
Al Brooks H2/L2 (trend) 2R,09:30-11:30,flat,MNQ,IS,26,0.15476190476190477,0.46153846153846156,0.12415005934279649,1.78012386217216,750.76,356.72,1.2541215298861337,0.5,0.19230769230769232,0.4230769230769231
Al Brooks H2/L2 (trend) 2R,09:30-11:30,flat,MNQ,OOS,15,0.13636363636363635,0.4666666666666667,0.27065729633357755,2.836245920623224,1395.3999999999999,454.20000000000005,1.8259387971392376,0.6,0.3333333333333333,0.4666666666666667
Al Brooks H2/L2 (trend) 2R,09:30-11:30,hold,MNQ,ALL,43,0.15467625899280577,0.3953488372093023,0.17495634260573556,1.8981711447279297,2227.6800000000003,613.9399999999987,1.402920841395086,0.6153846153846154,0.3953488372093023,0.5813953488372093
Al Brooks H2/L2 (trend) 2R,09:30-11:30,hold,MNQ,IS,27,0.16071428571428573,0.37037037037037035,0.10196171902781943,1.4331850978482357,676.0199999999998,575.72,0.9317063860493539,0.625,0.37037037037037035,0.5925925925925926
Al Brooks H2/L2 (trend) 2R,09:30-11:30,hold,MNQ,OOS,16,0.14545454545454545,0.4375,0.29813476989346904,2.687210490833569,1551.6599999999999,613.9399999999998,1.9180706826947902,0.6,0.4375,0.5625
Al Brooks H2/L2 (trend) 2R,11:30-13:30,flat,MNQ,ALL,42,0.1510791366906475,0.30952380952380953,-0.3090581941388454,0.7242245891820099,-423.58,548.14,-0.7924342764660424,0.35714285714285715,0.14285714285714285,0.6428571428571429
Al Brooks H2/L2 (trend) 2R,11:30-13:30,flat,MNQ,IS,29,0.17261904761904762,0.3103448275862069,-0.27391896898879736,0.7789537589800667,-218.45999999999998,290.67999999999995,-0.6602366777340557,0.5,0.13793103448275862,0.6206896551724138
Al Brooks H2/L2 (trend) 2R,11:30-13:30,flat,MNQ,OOS,13,0.11818181818181818,0.3076923076923077,-0.38744569639664483,0.6254610524778147,-205.12,257.46,-1.003741517601217,0.16666666666666666,0.15384615384615385,0.6923076923076923
Al Brooks H2/L2 (trend) 2R,11:30-13:30,hold,MNQ,ALL,45,0.1618705035971223,0.35555555555555557,-0.005357195014255554,1.0731611167795194,126.19999999999996,430.94,0.1990271023023749,0.42857142857142855,0.3111111111111111,0.6444444444444445
Al Brooks H2/L2 (trend) 2R,11:30-13:30,hold,MNQ,IS,32,0.19047619047619047,0.375,0.07016009296906459,1.1650556357767772,194.32,253.39999999999998,0.4682465130632081,0.5,0.34375,0.625
Al Brooks H2/L2 (trend) 2R,11:30-13:30,hold,MNQ,OOS,13,0.11818181818181818,0.3076923076923077,-0.19124590389627433,0.8756162582624256,-68.11999999999999,257.46,-0.3150243614771276,0.3333333333333333,0.23076923076923078,0.6923076923076923
Al Brooks H2/L2 (trend) 2R,13:30-16:00,flat,MNQ,ALL,44,0.15827338129496402,0.38636363636363635,0.01229170257558246,0.7391855410081242,-411.56000000000006,880.62,-0.7923572412660802,0.5384615384615384,0.29545454545454547,0.5909090909090909
Al Brooks H2/L2 (trend) 2R,13:30-16:00,flat,MNQ,IS,24,0.14285714285714285,0.5,0.2454925096661578,1.284219564940847,178.73999999999998,241.48000000000002,0.5891995675296055,0.75,0.3333333333333333,0.5
Al Brooks H2/L2 (trend) 2R,13:30-16:00,flat,MNQ,OOS,20,0.18181818181818182,0.25,-0.2675492659331079,0.37804235591613106,-590.3,880.62,-2.761760650029637,0.2,0.25,0.7
Al Brooks H2/L2 (trend) 2R,13:30-16:00,hold,MNQ,ALL,38,0.1366906474820144,0.39473684210526316,0.014989126217606192,0.7395276798908718,-366.6200000000001,821.8200000000002,-0.7515823681268566,0.5384615384615384,0.2894736842105263,0.6052631578947368
Al Brooks H2/L2 (trend) 2R,13:30-16:00,hold,MNQ,IS,21,0.125,0.5714285714285714,0.4357892156903017,1.484159070861511,263.4599999999999,216.74,0.8786535677603544,0.75,0.38095238095238093,0.42857142857142855
Al Brooks H2/L2 (trend) 2R,13:30-16:00,hold,MNQ,OOS,17,0.15454545454545454,0.17647058823529413,-0.5048227490133707,0.2702001482579689,-630.0799999999999,794.88,-3.414058798519375,0.2,0.17647058823529413,0.8235294117647058
Al Brooks H2/L2 (trend) 2R,09:30-10:30,flat,MNQ,ALL,2,0.007194244604316547,1.0,0.13173121077605998,inf,18.52,0.0,1.1586565964345712,1.0,0.0,0.0
Al Brooks H2/L2 (trend) 2R,09:30-10:30,flat,MNQ,IS,2,0.011904761904761904,1.0,0.13173121077605998,inf,18.52,0.0,1.4913174825825977,1.0,0.0,0.0
Al Brooks H2/L2 (trend) 2R,09:30-10:30,flat,MNQ,OOS,0,0.0,,,,0.0,0.0,,,,
Al Brooks H2/L2 (trend) 2R,09:30-10:30,hold,MNQ,ALL,5,0.017985611510791366,0.2,-0.4190685224580169,0.3051794916586601,-318.2,318.2,-1.0134188382303546,0.25,0.2,0.8
Al Brooks H2/L2 (trend) 2R,09:30-10:30,hold,MNQ,IS,4,0.023809523809523808,0.25,-0.2681493785627172,0.36806067628779093,-239.96,239.96,-1.0173985620271333,0.3333333333333333,0.25,0.75
Al Brooks H2/L2 (trend) 2R,09:30-10:30,hold,MNQ,OOS,1,0.00909090909090909,0.0,-1.0227450980392156,0.0,-78.24,78.24,-1.5135749373285396,0.0,0.0,1.0
Al Brooks H2/L2 (trend) 2R,10:30-11:30,flat,MNQ,ALL,36,0.12949640287769784,0.5,0.28290338999785464,2.99384649455834,2520.8600000000006,375.9599999999991,1.7949460091976719,0.5,0.2777777777777778,0.3888888888888889
Al Brooks H2/L2 (trend) 2R,10:30-11:30,flat,MNQ,IS,22,0.13095238095238096,0.5,0.23190534076726774,2.7973705890429765,1047.2199999999998,200.72000000000003,1.8844293931882024,0.42857142857142855,0.22727272727272727,0.36363636363636365
Al Brooks H2/L2 (trend) 2R,10:30-11:30,flat,MNQ,OOS,14,0.12727272727272726,0.5,0.36304318164591987,3.1617767867621174,1473.6399999999999,375.96000000000004,1.9342825493010505,0.6,0.35714285714285715,0.42857142857142855
Al Brooks H2/L2 (trend) 2R,10:30-11:30,hold,MNQ,ALL,38,0.1366906474820144,0.42105263157894735,0.2531175090614925,2.2589156793322385,2545.880000000001,535.6999999999989,1.6377907612084364,0.5833333333333334,0.42105263157894735,0.5526315789473685
Al Brooks H2/L2 (trend) 2R,10:30-11:30,hold,MNQ,IS,23,0.13690476190476192,0.391304347826087,0.16632886643486927,1.775688904696577,915.9799999999998,394.68,1.3374158748703724,0.5714285714285714,0.391304347826087,0.5652173913043478
Al Brooks H2/L2 (trend) 2R,10:30-11:30,hold,MNQ,OOS,15,0.13636363636363635,0.4666666666666667,0.38619342775564813,2.9370825509258163,1629.8999999999999,535.7,2.020496035351894,0.6,0.4666666666666667,0.5333333333333333
Al Brooks H2/L2 (trend) 2R,11:30-12:30,flat,MNQ,ALL,31,0.11151079136690648,0.3225806451612903,-0.3273037657188736,0.6759834167039727,-332.94000000000005,465.32000000000005,-0.7844769483802202,0.35714285714285715,0.0967741935483871,0.5161290322580645
Al Brooks H2/L2 (trend) 2R,11:30-12:30,flat,MNQ,IS,19,0.1130952380952381,0.3684210526315789,-0.2962511982979104,0.7038903655631882,-171.56,298.36,-0.7075577715435825,0.375,0.10526315789473684,0.5263157894736842
Al Brooks H2/L2 (trend) 2R,11:30-12:30,flat,MNQ,OOS,12,0.10909090909090909,0.25,-0.3764703308020652,0.6399053909318101,-161.38,281.20000000000005,-0.887754403566833,0.3333333333333333,0.08333333333333333,0.5
Al Brooks H2/L2 (trend) 2R,11:30-12:30,hold,MNQ,ALL,33,0.11870503597122302,0.24242424242424243,-0.3572696347890953,0.7194880431121591,-416.42,665.3,-0.7766812782857948,0.35714285714285715,0.18181818181818182,0.7575757575757576
Al Brooks H2/L2 (trend) 2R,11:30-12:30,hold,MNQ,IS,21,0.125,0.23809523809523808,-0.349369898288345,0.7069510268562401,-274.54,407.84000000000003,-0.8405559303118173,0.375,0.19047619047619047,0.7619047619047619
Al Brooks H2/L2 (trend) 2R,11:30-12:30,hold,MNQ,OOS,12,0.10909090909090909,0.25,-0.37109417366540826,0.7409341562283168,-141.88,257.46,-0.6740930587038084,0.3333333333333333,0.16666666666666666,0.75
Al Brooks H2/L2 (trend) 2R,12:30-13:30,flat,MNQ,ALL,14,0.050359712230215826,0.42857142857142855,-0.2562109233232381,0.6388888888888888,-93.86,136.72,-0.6479379420539999,0.375,0.07142857142857142,0.5
Al Brooks H2/L2 (trend) 2R,12:30-13:30,flat,MNQ,IS,11,0.06547619047619048,0.45454545454545453,-0.16163185736196917,1.0023085802231628,0.3599999999999923,77.42000000000002,0.003785850019068115,0.4,0.09090909090909091,0.45454545454545453
Al Brooks H2/L2 (trend) 2R,12:30-13:30,flat,MNQ,OOS,3,0.02727272727272727,0.3333333333333333,-0.6030008318478907,0.0938642046547413,-94.22,103.98,-1.9279698336404576,0.3333333333333333,0.0,0.6666666666666666
Al Brooks H2/L2 (trend) 2R,12:30-13:30,hold,MNQ,ALL,17,0.06115107913669065,0.47058823529411764,0.3715354481027131,1.7492740025912519,335.41999999999996,202.72,0.9199270084232803,0.6,0.47058823529411764,0.5294117647058824
Al Brooks H2/L2 (trend) 2R,12:30-13:30,hold,MNQ,IS,14,0.08333333333333333,0.5,0.45845988904450913,2.0638966480446927,365.64,202.72,1.3533522784902248,0.7142857142857143,0.5,0.5
Al Brooks H2/L2 (trend) 2R,12:30-13:30,hold,MNQ,OOS,3,0.02727272727272727,0.3333333333333333,-0.03411194295900177,0.7093671859973072,-30.22,103.98,-0.4373358362051358,0.3333333333333333,0.3333333333333333,0.6666666666666666
Al Brooks H2/L2 (trend) 2R,13:30-14:30,flat,MNQ,ALL,23,0.08273381294964029,0.391304347826087,-0.1623705761599849,0.5284925316932346,-300.52,519.38,-1.1408265659651582,0.4,0.08695652173913043,0.391304347826087
Al Brooks H2/L2 (trend) 2R,13:30-14:30,flat,MNQ,IS,14,0.08333333333333333,0.5,0.07459102489757681,1.7935740688086435,111.63999999999996,107.22000000000003,1.044507983233387,0.5714285714285714,0.07142857142857142,0.21428571428571427
Al Brooks H2/L2 (trend) 2R,13:30-14:30,flat,MNQ,OOS,9,0.08181818181818182,0.2222222222222222,-0.5309775111384143,0.17016992832407185,-412.15999999999997,496.68000000000006,-2.9488297105899743,0.0,0.1111111111111111,0.6666666666666666
Al Brooks H2/L2 (trend) 2R,13:30-14:30,hold,MNQ,ALL,24,0.08633093525179857,0.375,-0.0531498726651578,0.7200322915465344,-242.76,656.6000000000001,-0.6724714068691873,0.45454545454545453,0.25,0.625
Al Brooks H2/L2 (trend) 2R,13:30-14:30,hold,MNQ,IS,14,0.08333333333333333,0.5714285714285714,0.43359696727057767,2.0025276233119085,277.63999999999993,136.20000000000005,1.3211979845982196,0.7142857142857143,0.35714285714285715,0.42857142857142855
Al Brooks H2/L2 (trend) 2R,13:30-14:30,hold,MNQ,OOS,10,0.09090909090909091,0.1,-0.7345954485751875,0.11820523247932765,-520.4,590.16,-3.5366398365880944,0.0,0.1,0.9
Al Brooks H2/L2 (trend) 2R,14:30-15:30,flat,MNQ,ALL,16,0.05755395683453238,0.5,0.13739445122107158,0.8533906205666573,-72.34000000000003,314.64000000000004,-0.23238520750868616,0.4444444444444444,0.1875,0.4375
Al Brooks H2/L2 (trend) 2R,14:30-15:30,flat,MNQ,IS,9,0.05357142857142857,0.5555555555555556,0.3604358739641159,0.9416802100262532,-18.660000000000004,275.72,-0.0843338765252079,0.5,0.3333333333333333,0.4444444444444444
Al Brooks H2/L2 (trend) 2R,14:30-15:30,flat,MNQ,OOS,7,0.06363636363636363,0.42857142857142855,-0.14937309230569973,0.690533840654906,-53.680000000000014,173.46,-0.6712856416990672,0.3333333333333333,0.0,0.42857142857142855
Al Brooks H2/L2 (trend) 2R,14:30-15:30,hold,MNQ,ALL,16,0.05755395683453238,0.375,-0.015096681870123585,0.6671364509929533,-207.83999999999997,441.8800000000001,-0.6219530077695223,0.4444444444444444,0.3125,0.625
Al Brooks H2/L2 (trend) 2R,14:30-15:30,hold,MNQ,IS,9,0.05357142857142857,0.4444444444444444,0.11049837083927219,0.7205011389521639,-98.16000000000003,300.20000000000005,-0.44780462292502266,0.5,0.3333333333333333,0.5555555555555556
Al Brooks H2/L2 (trend) 2R,14:30-15:30,hold,MNQ,OOS,7,0.06363636363636363,0.2857142857142857,-0.17657603535363234,0.5985358711566618,-109.67999999999999,273.2,-0.9669619688743224,0.3333333333333333,0.2857142857142857,0.7142857142857143
Al Brooks H2/L2 (trend) 2R,15:30-16:00,flat,MNQ,ALL,6,0.02158273381294964,0.3333333333333333,-0.004791980490567689,0.7363604364660332,-44.93999999999999,95.69999999999999,-0.31444552258191155,0.4,0.3333333333333333,0.5
Al Brooks H2/L2 (trend) 2R,15:30-16:00,flat,MNQ,IS,3,0.017857142857142856,0.0,-1.0865844325028498,0.0,-84.72,84.72,-1.9222756730626769,0.0,0.0,1.0
Al Brooks H2/L2 (trend) 2R,15:30-16:00,flat,MNQ,OOS,3,0.02727272727272727,0.6666666666666666,1.0770004715217143,1.4639608117564733,39.78000000000001,85.74,0.4813748381474143,0.6666666666666666,0.6666666666666666,0.0
Al Brooks H2/L2 (trend) 2R,15:30-16:00,hold,MNQ,ALL,0,0.0,,,,0.0,0.0,,,,
Al Brooks H2/L2 (trend) 2R,15:30-16:00,hold,MNQ,IS,0,0.0,,,,0.0,0.0,,,,
Al Brooks H2/L2 (trend) 2R,15:30-16:00,hold,MNQ,OOS,0,0.0,,,,0.0,0.0,,,,
Al Brooks H2/L2 (trend) 2R,Full RTH,hold,MNQ,ALL,118,0.4244604316546763,0.3813559322033898,0.06601690558213509,1.3526021428756991,1900.1799999999992,914.8200000000002,1.0753173311866915,0.6428571428571429,0.3389830508474576,0.6101694915254238
Al Brooks H2/L2 (trend) 2R,Full RTH,hold,MNQ,IS,74,0.44047619047619047,0.43243243243243246,0.20273018619005886,1.369094596608544,1139.2399999999998,451.94000000000005,1.3159130422193122,0.625,0.3783783783783784,0.5540540540540541
Al Brooks H2/L2 (trend) 2R,Full RTH,hold,MNQ,OOS,44,0.4,0.29545454545454547,-0.16390997544028216,1.3304928684352262,760.9399999999998,627.1800000000001,0.8785952065609322,0.6666666666666666,0.2727272727272727,0.7045454545454546
VWAP/EMA Pullback 2R,09:30-11:30,flat,MNQ,ALL,155,0.5575539568345323,0.5032258064516129,0.08363706573201696,1.2099077115016466,1992.145465691366,1509.5958765609494,0.839985820703991,0.7142857142857143,0.09032258064516129,0.25161290322580643
VWAP/EMA Pullback 2R,09:30-11:30,flat,MNQ,IS,93,0.5535714285714286,0.4946236559139785,0.1618422008867909,1.4618633490899096,1911.4287775572,769.0288730763596,1.5842220629274313,0.75,0.11827956989247312,0.1827956989247312
VWAP/EMA Pullback 2R,09:30-11:30,flat,MNQ,OOS,62,0.5636363636363636,0.5161290322580645,-0.03367063700014399,1.015081418813764,80.71668813416596,1509.5958765609503,0.07138784138489249,0.6666666666666666,0.04838709677419355,0.3548387096774194
VWAP/EMA Pullback 2R,09:30-11:30,hold,MNQ,ALL,164,0.5899280575539568,0.4024390243902439,0.03459493205535166,1.0531869404419858,878.2664484757033,3350.0081414142333,0.2636975356795768,0.5714285714285714,0.24390243902439024,0.5304878048780488
VWAP/EMA Pullback 2R,09:30-11:30,hold,MNQ,IS,97,0.5773809523809523,0.4639175257731959,0.2362699710861238,1.3804242234136797,2861.905540107442,1140.4557592603908,1.6251601540428886,0.75,0.31958762886597936,0.4742268041237113
VWAP/EMA Pullback 2R,09:30-11:30,hold,MNQ,OOS,67,0.6090909090909091,0.31343283582089554,-0.2573823632578558,0.7793477773781419,-1983.6390916317382,3350.008141414237,-1.2965714786925422,0.3333333333333333,0.13432835820895522,0.6119402985074627
VWAP/EMA Pullback 2R,11:30-13:30,flat,MNQ,ALL,278,1.0,0.43884892086330934,-0.09629222987115432,0.8837736039554965,-1849.3237251549144,3421.9655244829946,-0.805974470597626,0.42857142857142855,0.07553956834532374,0.4172661870503597
VWAP/EMA Pullback 2R,11:30-13:30,flat,MNQ,IS,163,0.9702380952380952,0.4662576687116564,-0.0598973572886867,0.9737479419684757,-221.3021306217545,2247.8206659532393,-0.1682895525503131,0.5,0.09202453987730061,0.4049079754601227
VWAP/EMA Pullback 2R,11:30-13:30,flat,MNQ,OOS,115,1.0454545454545454,0.4,-0.14787800579239105,0.7823935568362742,-1628.0215945331609,2711.0337479939867,-1.6671620422132714,0.3333333333333333,0.05217391304347826,0.43478260869565216
VWAP/EMA Pullback 2R,11:30-13:30,hold,MNQ,ALL,283,1.0179856115107915,0.31802120141342755,-0.17696738336423515,0.7712878523648372,-5033.083560346491,6514.620060064452,-1.7893527240381988,0.2857142857142857,0.18374558303886926,0.6042402826855123
VWAP/EMA Pullback 2R,11:30-13:30,hold,MNQ,IS,166,0.9880952380952381,0.3313253012048193,-0.13630373773677884,0.8267345109822679,-2066.0750501562993,4768.465137876055,-1.336208249982018,0.375,0.20481927710843373,0.6144578313253012
VWAP/EMA Pullback 2R,11:30-13:30,hold,MNQ,OOS,117,1.0636363636363637,0.29914529914529914,-0.2346611028014808,0.7057082654608535,-2967.0085101901914,4786.403812113162,-2.3669800127223013,0.16666666666666666,0.15384615384615385,0.5897435897435898
VWAP/EMA Pullback 2R,13:30-16:00,flat,MNQ,ALL,327,1.1762589928057554,0.3669724770642202,-0.09326064695806738,0.8214176182076866,-3505.243488268925,4784.286977717273,-1.3307089037252313,0.35714285714285715,0.18654434250764526,0.5259938837920489
VWAP/EMA Pullback 2R,13:30-16:00,flat,MNQ,IS,198,1.1785714285714286,0.3787878787878788,-0.0895547052274758,0.8363039729624298,-1811.09537481314,3303.84204594223,-1.1480494840730546,0.375,0.17676767676767677,0.51010101010101
VWAP/EMA Pullback 2R,13:30-16:00,flat,MNQ,OOS,129,1.1727272727272726,0.3488372093023256,-0.09894883659106833,0.8021869139691603,-1694.1481134557853,2043.5192523664828,-1.5969387958522538,0.3333333333333333,0.20155038759689922,0.5503875968992248
VWAP/EMA Pullback 2R,13:30-16:00,hold,MNQ,ALL,292,1.0503597122302157,0.3493150684931507,-0.11843302945315222,0.8005009942672576,-3721.8030103398924,4822.772846943927,-1.454192928402838,0.35714285714285715,0.1917808219178082,0.5547945205479452
VWAP/EMA Pullback 2R,13:30-16:00,hold,MNQ,IS,179,1.0654761904761905,0.3687150837988827,-0.10332057124486048,0.8281801931408316,-1825.906744274604,3255.559762559382,-1.1816300308438283,0.5,0.18435754189944134,0.5363128491620112
VWAP/EMA Pullback 2R,13:30-16:00,hold,MNQ,OOS,113,1.0272727272727273,0.3185840707964602,-0.14237223316363218,0.7638653303190568,-1895.896266065289,2336.7201108742274,-1.8620731581561267,0.16666666666666666,0.20353982300884957,0.584070796460177
VWAP/EMA Pullback 2R,09:30-10:30,flat,MNQ,ALL,48,0.17266187050359713,0.5833333333333334,0.0908583855948246,1.2163639108338167,460.7528273100726,712.4040417768895,0.4731793620397796,0.7142857142857143,0.0,0.08333333333333333
VWAP/EMA Pullback 2R,09:30-10:30,flat,MNQ,IS,24,0.14285714285714285,0.625,0.16460860258242327,1.797397698736007,577.7968690869621,236.81266563270447,1.2885609935458595,0.75,0.0,0.08333333333333333
VWAP/EMA Pullback 2R,09:30-10:30,flat,MNQ,OOS,24,0.21818181818181817,0.5416666666666666,0.017108168607225877,0.916690128222977,-117.04404177688946,712.4040417768895,-0.2366618374199536,0.6666666666666666,0.0,0.08333333333333333
VWAP/EMA Pullback 2R,09:30-10:30,hold,MNQ,ALL,57,0.20503597122302158,0.5087719298245614,0.33335614094933486,1.1360762428875661,858.0951932368841,1674.5467520925995,0.39306167701563643,0.7142857142857143,0.3508771929824561,0.43859649122807015
VWAP/EMA Pullback 2R,09:30-10:30,hold,MNQ,IS,31,0.18452380952380953,0.6129032258064516,0.662006121716504,1.8194445340744103,1779.6729579834011,589.4197095771044,1.8171831132280918,0.875,0.45161290322580644,0.3225806451612903
VWAP/EMA Pullback 2R,09:30-10:30,hold,MNQ,OOS,26,0.23636363636363636,0.38461538461538464,-0.058495759196135935,0.7770835277642469,-921.577764746517,1674.5467520925993,-0.8224030854264123,0.5,0.23076923076923078,0.5769230769230769
VWAP/EMA Pullback 2R,10:30-11:30,flat,MNQ,ALL,122,0.43884892086330934,0.47540983606557374,-0.0039197496236309855,1.1493723236766429,984.4035538941442,1138.7955576799427,0.5274739374543695,0.7142857142857143,0.04918032786885246,0.22950819672131148
VWAP/EMA Pullback 2R,10:30-11:30,flat,MNQ,IS,77,0.4583333333333333,0.42857142857142855,0.018913154112145513,1.1004709104328796,386.1609486174667,790.1889192071756,0.34934679575031957,0.75,0.07792207792207792,0.18181818181818182
VWAP/EMA Pullback 2R,10:30-11:30,flat,MNQ,OOS,45,0.4090909090909091,0.5555555555555556,-0.04298938490484848,1.2177995793971237,598.2426052766775,1138.7955576799427,0.7835584864003092,0.6666666666666666,0.0,0.3111111111111111
VWAP/EMA Pullback 2R,10:30-11:30,hold,MNQ,ALL,132,0.4748201438848921,0.3560606060606061,-0.0750669823034287,1.0073242133702789,94.6997577199354,3307.3076048511434,0.03131056184721531,0.35714285714285715,0.2196969696969697,0.5833333333333334
VWAP/EMA Pullback 2R,10:30-11:30,hold,MNQ,IS,81,0.48214285714285715,0.4074074074074074,0.10163497204055248,1.1878061894061849,1309.9917028861835,1209.3981228246398,0.7926906805386915,0.5,0.2962962962962963,0.5432098765432098
VWAP/EMA Pullback 2R,10:30-11:30,hold,MNQ,OOS,51,0.4636363636363636,0.27450980392156865,-0.3557112627321047,0.7959019420455279,-1215.291945166248,3307.307604851145,-0.8970362516071773,0.16666666666666666,0.09803921568627451,0.6470588235294118
VWAP/EMA Pullback 2R,11:30-12:30,flat,MNQ,ALL,159,0.5719424460431655,0.4088050314465409,-0.1495921453606265,0.6251703561196661,-3069.1729798758784,3729.1758587708373,-2.1241625074658144,0.2857142857142857,0.025157232704402517,0.29559748427672955
VWAP/EMA Pullback 2R,11:30-12:30,flat,MNQ,IS,96,0.5714285714285714,0.4270833333333333,-0.0879724786471671,0.8232437114491883,-708.9657549155595,1379.2286338105223,-0.8812466621325136,0.375,0.020833333333333332,0.2708333333333333
VWAP/EMA Pullback 2R,11:30-12:30,flat,MNQ,OOS,63,0.5727272727272728,0.38095238095238093,-0.24348878035256463,0.43497891976152714,-2360.2072249603193,2506.0652042860156,-3.7467096452214914,0.16666666666666666,0.031746031746031744,0.3333333333333333
VWAP/EMA Pullback 2R,11:30-12:30,hold,MNQ,ALL,174,0.6258992805755396,0.2988505747126437,-0.1975176297222287,0.78764962445469,-3070.7159615541964,4312.227063338336,-1.3187756944070628,0.2857142857142857,0.1839080459770115,0.6206896551724138
VWAP/EMA Pullback 2R,11:30-12:30,hold,MNQ,IS,102,0.6071428571428571,0.3235294117647059,-0.1440553430066876,0.8967986452364299,-758.4516893198211,3339.6326537181285,-0.5807506609692024,0.375,0.19607843137254902,0.6274509803921569
VWAP/EMA Pullback 2R,11:30-12:30,hold,MNQ,OOS,72,0.6545454545454545,0.2638888888888889,-0.273255869235912,0.6748496006399388,-2312.2642722343753,4040.45793154941,-2.279553398481082,0.16666666666666666,0.16666666666666666,0.6111111111111112
VWAP/EMA Pullback 2R,12:30-13:30,flat,MNQ,ALL,168,0.60431654676259,0.4583333333333333,-0.04487828874645691,1.0271478172991153,184.41769282259258,1298.140578074267,0.1279199151288541,0.5,0.05357142857142857,0.30357142857142855
VWAP/EMA Pullback 2R,12:30-13:30,flat,MNQ,IS,97,0.5773809523809523,0.4845360824742268,-0.02807894834509242,1.0096183001941708,34.675991728245734,1298.140578074267,0.046076278157702634,0.5,0.061855670103092786,0.29896907216494845
VWAP/EMA Pullback 2R,12:30-13:30,flat,MNQ,OOS,71,0.6454545454545455,0.4225352112676056,-0.06782950028071545,1.0469721195586492,149.74170109434687,913.4631611705724,0.2220177463292834,0.5,0.04225352112676056,0.30985915492957744
VWAP/EMA Pullback 2R,12:30-13:30,hold,MNQ,ALL,174,0.6258992805755396,0.3333333333333333,-0.12904354515967378,0.8036827250715567,-2363.1253742441468,3244.033438222797,-1.1317663856675053,0.21428571428571427,0.20114942528735633,0.5977011494252874
VWAP/EMA Pullback 2R,12:30-13:30,hold,MNQ,IS,101,0.6011904761904762,0.33663366336633666,-0.12309541913283767,0.7797428341894395,-1492.2764601855845,2777.81453989455,-1.341148946763968,0.25,0.21782178217821782,0.6237623762376238
VWAP/EMA Pullback 2R,12:30-13:30,hold,MNQ,OOS,73,0.6636363636363637,0.3287671232876712,-0.13727314418310455,0.8345061236492116,-870.8489140585627,1692.6485092613618,-0.9072308495319074,0.16666666666666666,0.1780821917808219,0.5616438356164384
VWAP/EMA Pullback 2R,13:30-14:30,flat,MNQ,ALL,159,0.5719424460431655,0.389937106918239,-0.09664092436354925,0.8065793992518848,-1270.5477411588772,2650.959657725338,-0.9051268160690698,0.42857142857142855,0.06918238993710692,0.3081761006289308
VWAP/EMA Pullback 2R,13:30-14:30,flat,MNQ,IS,103,0.6130952380952381,0.4077669902912621,-0.1427822858585733,0.7470113894053476,-1115.7662280165744,2461.4181445830345,-1.2385142775603817,0.25,0.04854368932038835,0.34951456310679613
VWAP/EMA Pullback 2R,13:30-14:30,flat,MNQ,OOS,56,0.509090909090909,0.35714285714285715,-0.011773777328058621,0.9282918246273637,-154.78151314230286,578.1181664325874,-0.30950121201824143,0.6666666666666666,0.10714285714285714,0.23214285714285715
VWAP/EMA Pullback 2R,13:30-14:30,hold,MNQ,ALL,169,0.6079136690647482,0.31952662721893493,-0.14524503896042862,0.7987028904036904,-2172.8404887658726,4277.9495557742475,-1.0201478196539169,0.2857142857142857,0.21893491124260356,0.591715976331361
VWAP/EMA Pullback 2R,13:30-14:30,hold,MNQ,IS,109,0.6488095238095238,0.3211009174311927,-0.17804151682257396,0.7793212887617704,-1495.425297492123,3610.023065500951,-1.2065045976798812,0.375,0.21100917431192662,0.6146788990825688
VWAP/EMA Pullback 2R,13:30-14:30,hold,MNQ,OOS,60,0.5454545454545454,0.31666666666666665,-0.08566477084419798,0.8313928890443704,-677.4151912737498,959.7410901215228,-0.7594173807381185,0.16666666666666666,0.23333333333333334,0.55
VWAP/EMA Pullback 2R,14:30-15:30,flat,MNQ,ALL,163,0.5863309352517986,0.4110429447852761,-0.09199646909418517,0.7977966410936788,-1405.7883868421832,1520.085217293761,-1.0521624876555224,0.35714285714285715,0.09202453987730061,0.294478527607362
VWAP/EMA Pullback 2R,14:30-15:30,flat,MNQ,IS,93,0.5535714285714286,0.44086021505376344,-0.0869191598272146,0.7312215549272723,-1000.3109254838714,1222.9281135851895,-1.4097753289528523,0.375,0.07526881720430108,0.2903225806451613
VWAP/EMA Pullback 2R,14:30-15:30,flat,MNQ,OOS,70,0.6363636363636364,0.37142857142857144,-0.09874203712030329,0.8744906756914114,-405.47746135831164,1182.9367205701124,-0.6582698622474047,0.3333333333333333,0.11428571428571428,0.3
VWAP/EMA Pullback 2R,14:30-15:30,hold,MNQ,ALL,176,0.6330935251798561,0.36363636363636365,-0.1331340485443718,0.7878344613711816,-2228.0609199296914,2533.218590753535,-1.2138060944476539,0.35714285714285715,0.1590909090909091,0.5340909090909091
VWAP/EMA Pullback 2R,14:30-15:30,hold,MNQ,IS,100,0.5952380952380952,0.38,-0.11600360777146157,0.8116209877850772,-1001.8763511119257,1856.6893260718975,-0.9884990904406168,0.375,0.15,0.51
VWAP/EMA Pullback 2R,14:30-15:30,hold,MNQ,OOS,76,0.6909090909090909,0.34210526315789475,-0.1556741021929379,0.7634270403416323,-1226.1845688177664,2006.1776996877895,-1.5035356913084343,0.3333333333333333,0.17105263157894737,0.5657894736842105
VWAP/EMA Pullback 2R,15:30-16:00,flat,MNQ,ALL,78,0.2805755395683453,0.46153846153846156,0.0194564588437041,1.0484720784893895,121.34506188187619,630.3871880767683,0.16638304306128024,0.5714285714285714,0.1282051282051282,0.358974358974359
VWAP/EMA Pullback 2R,15:30-16:00,flat,MNQ,IS,47,0.27976190476190477,0.46808510638297873,0.018092963810482032,1.059588789854704,78.39747311093262,392.8275043785444,0.20052779298370646,0.625,0.1276595744680851,0.3404255319148936
VWAP/EMA Pullback 2R,15:30-16:00,flat,MNQ,OOS,31,0.2818181818181818,0.45161290322580644,0.021523693248911797,1.0361584753447874,42.94758877094368,484.649235298026,0.12877164231681568,0.5,0.12903225806451613,0.3870967741935484
VWAP/EMA Pullback 2R,15:30-16:00,hold,MNQ,ALL,0,0.0,,,,0.0,0.0,,,,
VWAP/EMA Pullback 2R,15:30-16:00,hold,MNQ,IS,0,0.0,,,,0.0,0.0,,,,
VWAP/EMA Pullback 2R,15:30-16:00,hold,MNQ,OOS,0,0.0,,,,0.0,0.0,,,,
VWAP/EMA Pullback 2R,Full RTH,hold,MNQ,ALL,510,1.8345323741007193,0.36666666666666664,-0.06203097708569422,0.9522932916416397,-1957.9524349269864,5592.160047709629,-0.4361731564441464,0.42857142857142855,0.20784313725490197,0.5411764705882353
VWAP/EMA Pullback 2R,Full RTH,hold,MNQ,IS,312,1.8571428571428572,0.38782051282051283,-0.0006177853264352709,1.073247558960528,1603.606768632317,2745.1651316823854,0.6297362179076932,0.625,0.23717948717948717,0.5352564102564102
VWAP/EMA Pullback 2R,Full RTH,hold,MNQ,OOS,198,1.8,0.3333333333333333,-0.15880327925179927,0.8140030016867632,-3561.5592035593027,5592.160047709625,-1.849892645597514,0.16666666666666666,0.16161616161616163,0.5505050505050505
Inside-bar breakout (trend) 2R,09:30-11:30,flat,MNQ,ALL,34,0.1223021582733813,0.3235294117647059,-0.21984016914761254,0.7204733974247735,-322.16,759.0200000000001,-0.7456501104038079,0.2,0.20588235294117646,0.6470588235294118
Inside-bar breakout (trend) 2R,09:30-11:30,flat,MNQ,IS,21,0.125,0.19047619047619047,-0.6687925814540068,0.12824325710183573,-680.04,680.0400000000001,-4.048884751916911,0.0,0.047619047619047616,0.7619047619047619
Inside-bar breakout (trend) 2R,09:30-11:30,flat,MNQ,OOS,13,0.11818181818181818,0.5384615384615384,0.5053906507319476,1.9609064547309631,357.8799999999999,112.98000000000002,1.5374913305425508,0.6666666666666666,0.46153846153846156,0.46153846153846156
Inside-bar breakout (trend) 2R,09:30-11:30,hold,MNQ,ALL,37,0.13309352517985612,0.24324324324324326,-0.30703830007260907,0.6794950256899275,-450.3800000000001,1060.0,-0.8767311008221895,0.3,0.24324324324324326,0.7567567567567568
Inside-bar breakout (trend) 2R,09:30-11:30,hold,MNQ,IS,22,0.13095238095238096,0.045454545454545456,-0.9060908776577122,0.05201800932625824,-943.28,943.2800000000001,-4.460029260497882,0.0,0.045454545454545456,0.9545454545454546
Inside-bar breakout (trend) 2R,09:30-11:30,hold,MNQ,OOS,15,0.13636363636363635,0.5333333333333333,0.5715721470522089,2.2016675605831586,492.9,116.72,1.8289321437587047,1.0,0.5333333333333333,0.4666666666666667
Inside-bar breakout (trend) 2R,11:30-13:30,flat,MNQ,ALL,99,0.35611510791366907,0.26262626262626265,-0.2560860521597764,0.6799010137408558,-884.7600000000002,1009.6800000000003,-1.526012370632658,0.2857142857142857,0.24242424242424243,0.696969696969697
Inside-bar breakout (trend) 2R,11:30-13:30,flat,MNQ,IS,57,0.3392857142857143,0.3333333333333333,-0.06119567913549308,0.9493952947635272,-62.680000000000014,421.12000000000006,-0.21798878157956347,0.375,0.2982456140350877,0.6140350877192983
Inside-bar breakout (trend) 2R,11:30-13:30,flat,MNQ,OOS,42,0.38181818181818183,0.16666666666666666,-0.5205801298355895,0.4610725055723089,-822.08,822.0800000000003,-2.9441826496887504,0.16666666666666666,0.16666666666666666,0.8095238095238095
Inside-bar breakout (trend) 2R,11:30-13:30,hold,MNQ,ALL,104,0.37410071942446044,0.25,-0.30118149422285767,0.6509782051864007,-1076.46,1179.6400000000006,-1.7109757504582788,0.42857142857142855,0.25,0.75
Inside-bar breakout (trend) 2R,11:30-13:30,hold,MNQ,IS,60,0.35714285714285715,0.31666666666666665,-0.10592710432867489,0.9239290571169538,-107.40000000000003,440.12000000000006,-0.33044934806044357,0.625,0.31666666666666665,0.6833333333333333
Inside-bar breakout (trend) 2R,11:30-13:30,hold,MNQ,OOS,44,0.4,0.1590909090909091,-0.5674374804421979,0.42055035338858393,-969.06,969.0600000000003,-3.3015252280494636,0.16666666666666666,0.1590909090909091,0.8409090909090909
Inside-bar breakout (trend) 2R,13:30-16:00,flat,MNQ,ALL,103,0.37050359712230213,0.18446601941747573,-0.5116837660852254,0.37743882304174026,-1772.2200000000005,1772.2200000000005,-3.733725051741202,0.14285714285714285,0.17475728155339806,0.8155339805825242
Inside-bar breakout (trend) 2R,13:30-16:00,flat,MNQ,IS,67,0.39880952380952384,0.22388059701492538,-0.39903248173516975,0.43312924519276763,-948.0800000000002,948.0800000000003,-3.240093361736986,0.25,0.208955223880597,0.7761194029850746
Inside-bar breakout (trend) 2R,13:30-16:00,flat,MNQ,OOS,36,0.32727272727272727,0.1111111111111111,-0.7213403230700509,0.2981144287928597,-824.1400000000001,824.1400000000002,-4.516177174372477,0.0,0.1111111111111111,0.8888888888888888
Inside-bar breakout (trend) 2R,13:30-16:00,hold,MNQ,ALL,86,0.30935251798561153,0.19767441860465115,-0.4673804068594658,0.4321195755000948,-1320.6400000000003,1320.6400000000006,-2.954540935530818,0.07142857142857142,0.19767441860465115,0.8023255813953488
Inside-bar breakout (trend) 2R,13:30-16:00,hold,MNQ,IS,58,0.34523809523809523,0.2413793103448276,-0.3387326866572273,0.48895916869034844,-723.9200000000001,723.9200000000003,-2.6766415318713785,0.125,0.2413793103448276,0.7586206896551724
Inside-bar breakout (trend) 2R,13:30-16:00,hold,MNQ,OOS,28,0.2545454545454545,0.10714285714285714,-0.7338649701355314,0.3435423542354235,-596.72,596.7200000000001,-3.3668331651894357,0.0,0.10714285714285714,0.8928571428571429
Inside-bar breakout (trend) 2R,09:30-10:30,flat,MNQ,ALL,3,0.01079136690647482,0.3333333333333333,-0.03949642857142862,1.9013428336530553,65.77999999999999,72.98,0.4222788093942906,0.5,0.3333333333333333,0.6666666666666666
Inside-bar breakout (trend) 2R,09:30-10:30,flat,MNQ,IS,1,0.005952380952380952,0.0,-1.0464,0.0,-39.24,39.24,-1.2247448713915892,0.0,0.0,1.0
Inside-bar breakout (trend) 2R,09:30-10:30,flat,MNQ,OOS,2,0.01818181818181818,0.5,0.46395535714285707,4.1126259632483695,105.01999999999998,33.74,1.110773478264555,1.0,0.5,0.5
Inside-bar breakout (trend) 2R,09:30-10:30,hold,MNQ,ALL,3,0.01079136690647482,0.3333333333333333,-0.03949642857142862,1.9013428336530553,65.77999999999999,72.98,0.4222788093942906,0.5,0.3333333333333333,0.6666666666666666
Inside-bar breakout (trend) 2R,09:30-10:30,hold,MNQ,IS,1,0.005952380952380952,0.0,-1.0464,0.0,-39.24,39.24,-1.2247448713915892,0.0,0.0,1.0
Inside-bar breakout (trend) 2R,09:30-10:30,hold,MNQ,OOS,2,0.01818181818181818,0.5,0.46395535714285707,4.1126259632483695,105.01999999999998,33.74,1.110773478264555,1.0,0.5,0.5
Inside-bar breakout (trend) 2R,10:30-11:30,flat,MNQ,ALL,31,0.11151079136690648,0.3225806451612903,-0.2372927892033723,0.6406432369342497,-387.94000000000005,686.0400000000001,-0.9682246567417042,0.2,0.1935483870967742,0.6451612903225806
Inside-bar breakout (trend) 2R,10:30-11:30,flat,MNQ,IS,20,0.11904761904761904,0.2,-0.6499122105267072,0.13503590518870473,-640.8,640.8000000000001,-3.8008461796961353,0.0,0.05,0.75
Inside-bar breakout (trend) 2R,10:30-11:30,flat,MNQ,OOS,11,0.1,0.5454545454545454,0.5129243404754185,1.7465603779155594,252.8599999999999,112.98000000000002,1.2039570763093916,0.6666666666666666,0.45454545454545453,0.45454545454545453
Inside-bar breakout (trend) 2R,10:30-11:30,hold,MNQ,ALL,34,0.1223021582733813,0.23529411764705882,-0.33064493579330145,0.6125623010868911,-516.1600000000001,987.0200000000001,-1.0754390551670046,0.3,0.23529411764705882,0.7647058823529411
Inside-bar breakout (trend) 2R,10:30-11:30,hold,MNQ,IS,21,0.125,0.047619047619047616,-0.8994094908795082,0.05415358861686545,-904.04,904.0400000000001,-4.39608508640372,0.0,0.047619047619047616,0.9523809523809523
Inside-bar breakout (trend) 2R,10:30-11:30,hold,MNQ,OOS,13,0.11818181818181818,0.5384615384615384,0.5881285762690324,2.0303899691849963,387.8799999999999,112.98000000000002,1.5634273533970549,1.0,0.5384615384615384,0.46153846153846156
Inside-bar breakout (trend) 2R,11:30-12:30,flat,MNQ,ALL,41,0.1474820143884892,0.4146341463414634,-0.015465906718543242,0.9147491194398162,-80.84,301.78000000000003,-0.24606848515878488,0.4166666666666667,0.24390243902439024,0.5853658536585366
Inside-bar breakout (trend) 2R,11:30-12:30,flat,MNQ,IS,25,0.1488095238095238,0.48,0.2193857045350498,1.5045527081573264,215.00000000000006,174.44000000000003,1.1222651703477236,0.6666666666666666,0.36,0.52
Inside-bar breakout (trend) 2R,11:30-12:30,flat,MNQ,OOS,16,0.14545454545454545,0.3125,-0.3824215493022822,0.4334086643428966,-295.84,297.62,-2.1824794892830033,0.16666666666666666,0.0625,0.6875
Inside-bar breakout (trend) 2R,11:30-12:30,hold,MNQ,ALL,45,0.1618705035971223,0.3111111111111111,-0.11480280859724239,0.7544746002895782,-318.8,566.94,-0.7744150291158807,0.3076923076923077,0.3111111111111111,0.6888888888888889
Inside-bar breakout (trend) 2R,11:30-12:30,hold,MNQ,IS,28,0.16666666666666666,0.39285714285714285,0.1267712369829534,1.1719010383284196,107.28000000000002,296.68,0.4288486873159529,0.42857142857142855,0.39285714285714285,0.6071428571428571
Inside-bar breakout (trend) 2R,11:30-12:30,hold,MNQ,OOS,17,0.15454545454545454,0.17647058823529413,-0.5126894719058002,0.36817130316151614,-426.0799999999999,466.4200000000001,-2.6564025793965937,0.16666666666666666,0.17647058823529413,0.8235294117647058
Inside-bar breakout (trend) 2R,12:30-13:30,flat,MNQ,ALL,58,0.20863309352517986,0.2413793103448276,-0.32962361173771226,0.675984145223555,-501.9200000000001,501.92000000000024,-1.1113769830856126,0.42857142857142855,0.20689655172413793,0.7068965517241379
Inside-bar breakout (trend) 2R,12:30-13:30,flat,MNQ,IS,31,0.18452380952380953,0.2903225806451613,-0.22121003432506992,0.8031568896580533,-131.94000000000005,264.84,-0.6502985011987481,0.5,0.22580645161290322,0.6451612903225806
Inside-bar breakout (trend) 2R,12:30-13:30,flat,MNQ,OOS,27,0.24545454545454545,0.18518518518518517,-0.45409845987815345,0.5789845012403559,-369.98,427.32000000000005,-1.5933502931874033,0.3333333333333333,0.18518518518518517,0.7777777777777778
Inside-bar breakout (trend) 2R,12:30-13:30,hold,MNQ,ALL,63,0.22661870503597123,0.20634920634920634,-0.43448787686448315,0.5742462845010616,-802.1200000000001,802.1200000000005,-1.6577066619545242,0.2857142857142857,0.20634920634920634,0.7936507936507936
Inside-bar breakout (trend) 2R,12:30-13:30,hold,MNQ,IS,34,0.20238095238095238,0.23529411764705882,-0.3532115923350101,0.6677386278896347,-285.16,401.0000000000001,-1.273205232865104,0.375,0.23529411764705882,0.7647058823529411
Inside-bar breakout (trend) 2R,12:30-13:30,hold,MNQ,OOS,29,0.2636363636363636,0.1724137931034483,-0.5297773138990375,0.4960224613944782,-516.96,574.3000000000002,-2.1114699500742717,0.16666666666666666,0.1724137931034483,0.8275862068965517
Inside-bar breakout (trend) 2R,13:30-14:30,flat,MNQ,ALL,44,0.15827338129496402,0.1590909090909091,-0.5635807034176895,0.3250673681509047,-841.5600000000001,892.1800000000002,-2.654946661953677,0.07692307692307693,0.13636363636363635,0.7954545454545454
Inside-bar breakout (trend) 2R,13:30-14:30,flat,MNQ,IS,28,0.16666666666666666,0.21428571428571427,-0.39051966068388355,0.46611034399951967,-355.72,406.34000000000003,-1.8670196585615257,0.14285714285714285,0.17857142857142858,0.7142857142857143
Inside-bar breakout (trend) 2R,13:30-14:30,flat,MNQ,OOS,16,0.14545454545454545,0.0625,-0.8664375282018503,0.1632104719255942,-485.84,520.6200000000001,-3.8435291812434382,0.0,0.0625,0.9375
Inside-bar breakout (trend) 2R,13:30-14:30,hold,MNQ,ALL,47,0.16906474820143885,0.1702127659574468,-0.548240720481909,0.3219289296337276,-943.78,943.7800000000002,-2.8636580131848914,0.07142857142857142,0.1702127659574468,0.8297872340425532
Inside-bar breakout (trend) 2R,13:30-14:30,hold,MNQ,IS,31,0.18452380952380953,0.22580645161290322,-0.38401011004581015,0.43552005522273995,-457.94000000000005,457.9400000000001,-2.252246904504799,0.125,0.22580645161290322,0.7741935483870968
Inside-bar breakout (trend) 2R,13:30-14:30,hold,MNQ,OOS,16,0.14545454545454545,0.0625,-0.8664375282018503,0.1632104719255942,-485.84,520.6200000000001,-3.8435291812434382,0.0,0.0625,0.9375
Inside-bar breakout (trend) 2R,14:30-15:30,flat,MNQ,ALL,34,0.1223021582733813,0.29411764705882354,-0.2153799951792681,0.7805318218988806,-155.66000000000005,280.46000000000004,-0.5308294198313126,0.5454545454545454,0.23529411764705882,0.6764705882352942
Inside-bar breakout (trend) 2R,14:30-15:30,flat,MNQ,IS,25,0.1488095238095238,0.32,-0.15325037351103954,0.6906983435406305,-150.5,231.79999999999998,-0.9159652061232398,0.5,0.24,0.64
Inside-bar breakout (trend) 2R,14:30-15:30,flat,MNQ,OOS,9,0.08181818181818182,0.2222222222222222,-0.38796227759101437,0.9768277348661755,-5.160000000000014,129.96,-0.04021996560055611,0.6666666666666666,0.2222222222222222,0.7777777777777778
Inside-bar breakout (trend) 2R,14:30-15:30,hold,MNQ,ALL,39,0.14028776978417265,0.23076923076923078,-0.3699333622375472,0.5963799935739531,-376.86,411.88000000000017,-1.1745202815018847,0.25,0.23076923076923078,0.7692307692307693
Inside-bar breakout (trend) 2R,14:30-15:30,hold,MNQ,IS,27,0.16071428571428573,0.25925925925925924,-0.28674749684070605,0.5605815298199239,-265.98,356.28000000000003,-1.5014273224001113,0.25,0.25925925925925924,0.7407407407407407
Inside-bar breakout (trend) 2R,14:30-15:30,hold,MNQ,OOS,12,0.10909090909090909,0.16666666666666666,-0.5571015593804399,0.6623629719853835,-110.88000000000002,166.7,-0.7774645487486039,0.25,0.16666666666666666,0.8333333333333334
Inside-bar breakout (trend) 2R,15:30-16:00,flat,MNQ,ALL,17,0.06115107913669065,0.11764705882352941,-0.7358066421684791,0.13341009403185566,-451.58000000000004,483.3400000000001,-2.910151007893428,0.1,0.058823529411764705,0.8823529411764706
Inside-bar breakout (trend) 2R,15:30-16:00,flat,MNQ,IS,9,0.05357142857142857,0.1111111111111111,-0.7876311611263549,0.12410128165051579,-224.16000000000003,255.92000000000004,-2.7192513904321416,0.2,0.0,0.8888888888888888
Inside-bar breakout (trend) 2R,15:30-16:00,flat,MNQ,OOS,8,0.07272727272727272,0.125,-0.677504058340869,0.1423938456897202,-227.42000000000002,227.42000000000004,-3.1841252401044584,0.0,0.125,0.875
Inside-bar breakout (trend) 2R,15:30-16:00,hold,MNQ,ALL,0,0.0,,,,0.0,0.0,,,,
Inside-bar breakout (trend) 2R,15:30-16:00,hold,MNQ,IS,0,0.0,,,,0.0,0.0,,,,
Inside-bar breakout (trend) 2R,15:30-16:00,hold,MNQ,OOS,0,0.0,,,,0.0,0.0,,,,
Inside-bar breakout (trend) 2R,Full RTH,hold,MNQ,ALL,206,0.7410071942446043,0.23786407766990292,-0.3379045739839909,0.6141472706632377,-2406.4400000000005,2406.439999999999,-2.788840733764087,0.14285714285714285,0.23786407766990292,0.7621359223300971
Inside-bar breakout (trend) 2R,Full RTH,hold,MNQ,IS,130,0.7738095238095238,0.23846153846153847,-0.3413398195903435,0.5329489567185984,-1675.2000000000003,1825.7600000000007,-3.4963843674612294,0.0,0.23846153846153847,0.7615384615384615
Inside-bar breakout (trend) 2R,Full RTH,hold,MNQ,OOS,76,0.6909090909090909,0.23684210526315788,-0.3320284959731246,0.7240520468542447,-731.2400000000001,1019.4200000000001,-1.9194094725929016,0.3333333333333333,0.23684210526315788,0.7631578947368421
Donchian 48-bar breakout 2R,09:30-11:30,flat,MNQ,ALL,235,0.8453237410071942,0.5361702127659574,0.02393497410831822,1.0353564272219413,801.4168253314635,3782.1520787332743,0.19017207586189094,0.5,0.029787234042553193,0.17446808510638298
Donchian 48-bar breakout 2R,09:30-11:30,flat,MNQ,IS,139,0.8273809523809523,0.5467625899280576,0.053028727614997356,1.2145615141067683,2170.5403946472943,2388.9991912381047,1.1182558059556096,0.5,0.04316546762589928,0.1223021582733813
Donchian 48-bar breakout 2R,09:30-11:30,flat,MNQ,OOS,96,0.8727272727272727,0.5208333333333334,-0.01819035648989428,0.8909119203066999,-1369.1235693158305,3782.1520787332765,-0.640273251069861,0.5,0.010416666666666666,0.25
Donchian 48-bar breakout 2R,09:30-11:30,hold,MNQ,ALL,241,0.8669064748201439,0.5103734439834025,0.06241932111127993,1.0789087347040376,2692.55744908385,4719.957103094115,0.4402801458720291,0.5,0.11203319502074689,0.3360995850622407
Donchian 48-bar breakout 2R,09:30-11:30,hold,MNQ,IS,142,0.8452380952380952,0.5492957746478874,0.1385625849843428,1.2492122862135209,4161.952675299619,4016.818040322918,1.31740287348788,0.625,0.1267605633802817,0.3028169014084507
Donchian 48-bar breakout 2R,09:30-11:30,hold,MNQ,OOS,99,0.9,0.45454545454545453,-0.04679626949452743,0.9156586104287741,-1469.3952262157675,4719.957103094126,-0.5105757464650327,0.3333333333333333,0.09090909090909091,0.3838383838383838
Donchian 48-bar breakout 2R,11:30-13:30,flat,MNQ,ALL,153,0.5503597122302158,0.5098039215686274,0.009929690484041636,0.998833017028639,-10.674339954544962,2163.544804266296,-0.005088460775008779,0.5714285714285714,0.0,0.06535947712418301
Donchian 48-bar breakout 2R,11:30-13:30,flat,MNQ,IS,92,0.5476190476190477,0.5217391304347826,0.021260713517034024,1.019266319261022,94.86003418140274,2163.544804266296,0.08413828258276965,0.625,0.0,0.06521739130434782
Donchian 48-bar breakout 2R,11:30-13:30,flat,MNQ,OOS,61,0.5545454545454546,0.4918032786885246,-0.007159721303422292,0.9750115987068781,-105.53437413594759,2101.8277349148284,-0.11027219213633702,0.5,0.0,0.06557377049180328
Donchian 48-bar breakout 2R,11:30-13:30,hold,MNQ,ALL,154,0.5539568345323741,0.487012987012987,-0.004472265900486558,0.927751611746183,-1134.588101421165,3708.6689250738536,-0.34055767628976524,0.5,0.03896103896103896,0.22727272727272727
Donchian 48-bar breakout 2R,11:30-13:30,hold,MNQ,IS,92,0.5476190476190477,0.5,0.017894830074747226,1.0032012857717894,28.324109934031185,3708.6689250738536,0.014545917017137066,0.5,0.03260869565217391,0.2608695652173913
Donchian 48-bar breakout 2R,11:30-13:30,hold,MNQ,OOS,62,0.5636363636363636,0.46774193548387094,-0.03766215025083348,0.8303868615037618,-1162.9122113551962,2171.4583676485363,-0.8387634520087284,0.5,0.04838709677419355,0.1774193548387097
Donchian 48-bar breakout 2R,13:30-16:00,flat,MNQ,ALL,218,0.7841726618705036,0.46788990825688076,-0.0566137946546576,0.7802744306605486,-3525.694617973963,4430.077289421025,-1.247186194435924,0.21428571428571427,0.022935779816513763,0.1834862385321101
Donchian 48-bar breakout 2R,13:30-16:00,flat,MNQ,IS,137,0.8154761904761905,0.4744525547445255,-0.08558960544506199,0.7020348486840139,-2942.5266260558747,4010.7157775232035,-1.9481170254674989,0.125,0.0072992700729927005,0.19708029197080293
Donchian 48-bar breakout 2R,13:30-16:00,flat,MNQ,OOS,81,0.7363636363636363,0.4567901234567901,-0.007605324552368723,0.9054908929572902,-583.1679919180881,2579.4181040277103,-0.45036381819990506,0.3333333333333333,0.04938271604938271,0.16049382716049382
Donchian 48-bar breakout 2R,13:30-16:00,hold,MNQ,ALL,183,0.658273381294964,0.46994535519125685,-0.060677892304672326,0.7688252401632024,-3392.0492343889164,4213.151905835981,-1.2011404225160414,0.21428571428571427,0.0273224043715847,0.20765027322404372
Donchian 48-bar breakout 2R,13:30-16:00,hold,MNQ,IS,120,0.7142857142857143,0.48333333333333334,-0.0797029553626267,0.7184818270086138,-2545.701242470828,3691.2355865279624,-1.6850772393076718,0.125,0.008333333333333333,0.20833333333333334
Donchian 48-bar breakout 2R,13:30-16:00,hold,MNQ,OOS,63,0.5727272727272728,0.4444444444444444,-0.02443967695618773,0.8496807097673816,-846.3479919180879,2751.2781040277105,-0.6544574209778733,0.3333333333333333,0.06349206349206349,0.20634920634920634
Donchian 48-bar breakout 2R,09:30-10:30,flat,MNQ,ALL,171,0.6151079136690647,0.52046783625731,-0.00014745591226919752,0.9948305314531919,-63.11067725990938,3966.1866711514344,-0.02258662615624034,0.5714285714285714,0.011695906432748537,0.09941520467836257
Donchian 48-bar breakout 2R,09:30-10:30,flat,MNQ,IS,98,0.5833333333333334,0.5612244897959183,0.059037292231010174,1.5932318406525878,2637.839569806627,1484.8229287526651,2.1139899678074507,0.625,0.01020408163265306,0.061224489795918366
Donchian 48-bar breakout 2R,09:30-10:30,flat,MNQ,OOS,73,0.6636363636363637,0.4657534246575342,-0.07960095341968532,0.6520197405541552,-2700.9502470665357,3966.1866711514344,-1.8928026911460656,0.5,0.0136986301369863,0.1506849315068493
Donchian 48-bar breakout 2R,09:30-10:30,hold,MNQ,ALL,182,0.6546762589928058,0.521978021978022,0.07018675647967292,1.054996858068304,1515.2623914485744,5029.847876338326,0.27598589221550734,0.5714285714285714,0.13186813186813187,0.36813186813186816
Donchian 48-bar breakout 2R,09:30-10:30,hold,MNQ,IS,105,0.625,0.5619047619047619,0.16612768535881903,1.257571692789376,3252.000788779729,3969.7238250790233,1.1988719171520084,0.75,0.1523809523809524,0.3142857142857143
Donchian 48-bar breakout 2R,09:30-10:30,hold,MNQ,OOS,77,0.7,0.4675324675324675,-0.06064178290098088,0.8836448577093,-1736.7383973311562,5029.847876338332,-0.6506639159639274,0.3333333333333333,0.1038961038961039,0.44155844155844154
Donchian 48-bar breakout 2R,10:30-11:30,flat,MNQ,ALL,155,0.5575539568345323,0.5419354838709678,0.02073011915194016,1.0425532139204416,455.14056587928224,3113.6626368161815,0.15753092055579587,0.5,0.0064516129032258064,0.05161290322580645
Donchian 48-bar breakout 2R,10:30-11:30,flat,MNQ,IS,93,0.5535714285714286,0.5161290322580645,-0.008941625597850817,0.8022077822043843,-1303.7044108536077,3113.6626368161815,-0.8616291088787184,0.25,0.010752688172043012,0.06451612903225806
Donchian 48-bar breakout 2R,10:30-11:30,flat,MNQ,OOS,62,0.5636363636363636,0.5806451612903226,0.06523773627662662,1.4285146885229054,1758.8449767328898,1075.433253081585,1.3105868056567291,0.8333333333333334,0.0,0.03225806451612903
Donchian 48-bar breakout 2R,10:30-11:30,hold,MNQ,ALL,164,0.5899280575539568,0.47560975609756095,0.03785912672820162,1.030187008731293,639.724989090987,4779.832085572197,0.1360878059436044,0.5,0.06097560975609756,0.2621951219512195
Donchian 48-bar breakout 2R,10:30-11:30,hold,MNQ,IS,97,0.5773809523809523,0.4948453608247423,0.04173141374907725,0.9404396178528532,-735.2864203142765,4779.832085572197,-0.2817534314171852,0.5,0.05154639175257732,0.28865979381443296
Donchian 48-bar breakout 2R,10:30-11:30,hold,MNQ,OOS,67,0.6090909090909091,0.44776119402985076,0.03225297984723241,1.1554240829849618,1375.0114094052635,2377.2111796620893,0.6622798862693969,0.5,0.07462686567164178,0.22388059701492538
Donchian 48-bar breakout 2R,11:30-12:30,flat,MNQ,ALL,115,0.4136690647482014,0.4608695652173913,-0.025374352386080656,0.8205849336918177,-1028.88536709206,2365.898408236398,-0.6607933604527191,0.46153846153846156,0.0,0.02608695652173913
Donchian 48-bar breakout 2R,11:30-12:30,flat,MNQ,IS,67,0.39880952380952384,0.4925373134328358,0.012206379411261587,1.0082767959059504,18.25304114433824,938.4200000000001,0.02872061387657521,0.5,0.0,0.014925373134328358
Donchian 48-bar breakout 2R,11:30-12:30,flat,MNQ,OOS,48,0.43636363636363634,0.4166666666666667,-0.0778307905198709,0.7033046177173898,-1047.1384082363984,2365.898408236398,-1.2546260610595912,0.4,0.0,0.041666666666666664
Donchian 48-bar breakout 2R,11:30-12:30,hold,MNQ,ALL,119,0.42805755395683454,0.47058823529411764,-0.005051439013128486,0.9277393405727458,-908.1032653024411,2894.870099889884,-0.29424712103561995,0.46153846153846156,0.03361344537815126,0.226890756302521
Donchian 48-bar breakout 2R,11:30-12:30,hold,MNQ,IS,70,0.4166666666666667,0.5,0.01740167829712408,0.9995503892243192,-2.967720375481349,2260.1314340723284,-0.0017292948608646926,0.5,0.014285714285714285,0.2571428571428571
Donchian 48-bar breakout 2R,11:30-12:30,hold,MNQ,OOS,49,0.44545454545454544,0.42857142857142855,-0.03712732088491786,0.8482946750699848,-905.1355449269597,2359.7899318563177,-0.6649014545504998,0.4,0.061224489795918366,0.1836734693877551
Donchian 48-bar breakout 2R,12:30-13:30,flat,MNQ,ALL,99,0.35611510791366907,0.48484848484848486,0.00017109765381832605,0.8661701022296908,-693.5044490658097,1531.3716766937482,-0.4661597539950759,0.42857142857142855,0.0,0.030303030303030304
Donchian 48-bar breakout 2R,12:30-13:30,flat,MNQ,IS,64,0.38095238095238093,0.4375,-0.021002447702871255,0.8562317251939118,-436.1044490658094,1531.3716766937482,-0.5493541252778325,0.375,0.0,0.046875
Donchian 48-bar breakout 2R,12:30-13:30,flat,MNQ,OOS,35,0.3181818181818182,0.5714285714285714,0.03888843773462213,0.8802010611561016,-257.40000000000026,1006.9000000000001,-0.3767973622506752,0.5,0.0,0.0
Donchian 48-bar breakout 2R,12:30-13:30,hold,MNQ,ALL,100,0.3597122302158273,0.55,0.04787668487112828,1.0343431339604783,289.30195191749135,2628.6124072038183,0.11471534958390633,0.5714285714285714,0.05,0.19
Donchian 48-bar breakout 2R,12:30-13:30,hold,MNQ,IS,64,0.38095238095238093,0.53125,0.03881970344977474,1.1154112115917114,596.8500431028879,2628.6124072038183,0.4096150333426856,0.625,0.046875,0.203125
Donchian 48-bar breakout 2R,12:30-13:30,hold,MNQ,OOS,36,0.32727272727272727,0.5833333333333334,0.0639779851757568,0.9054384107384393,-307.5480911853965,1367.6257022246195,-0.2887070304199108,0.5,0.05555555555555555,0.16666666666666666
Donchian 48-bar breakout 2R,13:30-14:30,flat,MNQ,ALL,114,0.41007194244604317,0.4298245614035088,-0.08317748383830614,0.5687514628375261,-2679.034131784225,2771.314131784221,-2.1173574426471613,0.21428571428571427,0.0,0.06140350877192982
Donchian 48-bar breakout 2R,13:30-14:30,flat,MNQ,IS,73,0.43452380952380953,0.4657534246575342,-0.09463589292761315,0.5912288561249969,-1571.424325825599,1747.9443258255994,-1.9604369412973692,0.25,0.0,0.0821917808219178
Donchian 48-bar breakout 2R,13:30-14:30,flat,MNQ,OOS,41,0.37272727272727274,0.36585365853658536,-0.06277592619149124,0.5322613094035565,-1107.6098059586259,1442.5098059586257,-2.38913514014199,0.16666666666666666,0.0,0.024390243902439025
Donchian 48-bar breakout 2R,13:30-14:30,hold,MNQ,ALL,122,0.43884892086330934,0.4180327868852459,-0.14051186807554392,0.5994612830209168,-4687.819857325996,5485.162528773062,-1.9926196498397097,0.14285714285714285,0.03278688524590164,0.2459016393442623
Donchian 48-bar breakout 2R,13:30-14:30,hold,MNQ,IS,76,0.4523809523809524,0.42105263157894735,-0.20463265996487667,0.46367709889393477,-3861.3454740190955,4511.897556181084,-3.109618399863115,0.0,0.0,0.2631578947368421
Donchian 48-bar breakout 2R,13:30-14:30,hold,MNQ,OOS,46,0.41818181818181815,0.41304347826086957,-0.034573168432298414,0.8165070890160013,-826.4743833069001,2229.8644954165225,-0.7600827194269527,0.3333333333333333,0.08695652173913043,0.21739130434782608
Donchian 48-bar breakout 2R,14:30-15:30,flat,MNQ,ALL,120,0.4316546762589928,0.49166666666666664,0.008238291677084076,0.8815359310555608,-694.3787169738696,1503.1163276834498,-0.43400846639050245,0.2857142857142857,0.008333333333333333,0.075
Donchian 48-bar breakout 2R,14:30-15:30,flat,MNQ,IS,83,0.49404761904761907,0.4578313253012048,-0.016757520060105068,0.8553131112252731,-513.3032521053269,1503.1163276834498,-0.587824619982748,0.25,0.0,0.07228915662650602
Donchian 48-bar breakout 2R,14:30-15:30,flat,MNQ,OOS,37,0.33636363636363636,0.5675675675675675,0.06430997746591378,0.9217421071244466,-181.07546486854267,1323.8789782881352,-0.25169929508246475,0.3333333333333333,0.02702702702702703,0.08108108108108109
Donchian 48-bar breakout 2R,14:30-15:30,hold,MNQ,ALL,126,0.45323741007194246,0.49206349206349204,0.015810402762415653,0.9384303181310722,-489.219323209541,1954.7999279928615,-0.245602923138013,0.5,0.023809523809523808,0.14285714285714285
Donchian 48-bar breakout 2R,14:30-15:30,hold,MNQ,IS,89,0.5297619047619048,0.47191011235955055,-0.02535380337155694,0.8314539719061674,-866.7776660977181,1954.7999279928615,-0.743606968549102,0.375,0.011235955056179775,0.14606741573033707
Donchian 48-bar breakout 2R,14:30-15:30,hold,MNQ,OOS,37,0.33636363636363636,0.5405405405405406,0.11482700670629568,1.1346928258607913,377.5583428881771,1514.6754731174633,0.45650012575714083,0.6666666666666666,0.05405405405405406,0.13513513513513514
Donchian 48-bar breakout 2R,15:30-16:00,flat,MNQ,ALL,104,0.37410071942446044,0.5288461538461539,-0.00813287593393943,0.9946024510603951,-19.66849830397544,806.2347142919882,-0.019935624008909816,0.5,0.0,0.057692307692307696
Donchian 48-bar breakout 2R,15:30-16:00,flat,MNQ,IS,64,0.38095238095238093,0.546875,-0.008178608583778491,1.0010092898287133,2.086215988012924,623.5614435646766,0.0037339868964259143,0.5,0.0,0.0625
Donchian 48-bar breakout 2R,15:30-16:00,flat,MNQ,OOS,40,0.36363636363636365,0.5,-0.008059703694196918,0.9862046042953391,-21.754714291988222,806.2347142919882,-0.05095900676342915,0.5,0.0,0.05
Donchian 48-bar breakout 2R,15:30-16:00,hold,MNQ,ALL,0,0.0,,,,0.0,0.0,,,,
Donchian 48-bar breakout 2R,15:30-16:00,hold,MNQ,IS,0,0.0,,,,0.0,0.0,,,,
Donchian 48-bar breakout 2R,15:30-16:00,hold,MNQ,OOS,0,0.0,,,,0.0,0.0,,,,
Donchian 48-bar breakout 2R,Full RTH,hold,MNQ,ALL,333,1.1978417266187051,0.5015015015015015,0.041946466120260095,1.031795285291183,1357.3480677008838,5492.35066270634,0.21042669540222142,0.2857142857142857,0.09009009009009009,0.2972972972972973
Donchian 48-bar breakout 2R,Full RTH,hold,MNQ,IS,197,1.1726190476190477,0.5279187817258884,0.09815691954926296,1.178228792787373,3831.7690040002326,3726.41502575323,1.1569850789369212,0.5,0.10152284263959391,0.27411167512690354
Donchian 48-bar breakout 2R,Full RTH,hold,MNQ,OOS,136,1.2363636363636363,0.4632352941176471,-0.039476028920280785,0.8832328605151473,-2474.420936299351,5492.350662706347,-0.8118097103604931,0.0,0.07352941176470588,0.33088235294117646
Noise-band momentum 2R,09:30-11:30,flat,MNQ,ALL,141,0.5071942446043165,0.3617021276595745,-0.06454670303960916,0.751324676839121,-2580.628434292809,3094.4981065769007,-1.4012294566433543,0.35714285714285715,0.2127659574468085,0.5177304964539007
Noise-band momentum 2R,09:30-11:30,flat,MNQ,IS,80,0.47619047619047616,0.3,-0.22473080412200136,0.5888614979927834,-2555.6559039605454,2619.8588804222163,-2.4275750432595915,0.125,0.175,0.55
Noise-band momentum 2R,09:30-11:30,flat,MNQ,OOS,61,0.5545454545454546,0.4426229508196721,0.14553080657664286,0.993999086669805,-24.972530332263972,1113.4015337224437,-0.031844417116741845,0.6666666666666666,0.26229508196721313,0.47540983606557374
Noise-band momentum 2R,09:30-11:30,hold,MNQ,ALL,141,0.5071942446043165,0.3475177304964539,-0.03416446663428548,0.8224239169760135,-2266.090684795582,3499.8743644527235,-0.9952680824968103,0.42857142857142855,0.2978723404255319,0.6312056737588653
Noise-band momentum 2R,09:30-11:30,hold,MNQ,IS,80,0.47619047619047616,0.2875,-0.21470869277875262,0.6835901999341377,-2448.104060933121,2749.0062009103576,-1.8797982383946106,0.125,0.2375,0.6875
Noise-band momentum 2R,09:30-11:30,hold,MNQ,OOS,61,0.5545454545454546,0.4262295081967213,0.2026148463420648,1.0362280041867313,182.01337613753904,1780.8152683857465,0.18764195554431193,0.8333333333333334,0.3770491803278688,0.5573770491803278
Noise-band momentum 2R,11:30-13:30,flat,MNQ,ALL,108,0.38848920863309355,0.49074074074074076,0.08177673642557581,1.4681185034598052,2616.8095070619947,1204.9031921488267,1.4314419152739222,0.5714285714285714,0.12037037037037036,0.37962962962962965
Noise-band momentum 2R,11:30-13:30,flat,MNQ,IS,64,0.38095238095238093,0.5,0.09231535826551604,1.539068295744561,1534.5247022365515,1204.9031921488267,1.5839252622281952,0.625,0.125,0.34375
Noise-band momentum 2R,11:30-13:30,flat,MNQ,OOS,44,0.4,0.4772727272727273,0.06644783193111727,1.3945000451887481,1082.2848048254427,1094.2712608395561,1.2815883714998948,0.5,0.11363636363636363,0.4318181818181818
Noise-band momentum 2R,11:30-13:30,hold,MNQ,ALL,108,0.38848920863309355,0.42592592592592593,0.10722773881549987,1.3913791488033131,3159.2094695900873,1415.9377754415996,1.0897840332272184,0.5714285714285714,0.24074074074074073,0.5092592592592593
Noise-band momentum 2R,11:30-13:30,hold,MNQ,IS,64,0.38095238095238093,0.421875,0.0670193612205439,1.460744783086955,1899.1750701120836,1415.9377754415996,1.3182644824094458,0.625,0.234375,0.5
Noise-band momentum 2R,11:30-13:30,hold,MNQ,OOS,44,0.4,0.4318181818181818,0.16571265168089033,1.3189940574156156,1260.0343994780023,1328.9582803657297,0.8953742334546604,0.5,0.25,0.5227272727272727
Noise-band momentum 2R,13:30-16:00,flat,MNQ,ALL,120,0.4316546762589928,0.43333333333333335,-0.059039119630092694,0.959591095328562,-363.1430953621655,2101.626385893698,-0.1540019276221961,0.5,0.11666666666666667,0.4
Noise-band momentum 2R,13:30-16:00,flat,MNQ,IS,73,0.43452380952380953,0.410958904109589,-0.09585847825421158,0.9300815662858649,-368.0427540829224,2101.626385893698,-0.31588559410596545,0.5,0.1095890410958904,0.4246575342465753
Noise-band momentum 2R,13:30-16:00,flat,MNQ,OOS,47,0.42727272727272725,0.46808510638297873,-0.0018516051713548531,1.0013161140068176,4.899658720756904,1256.5228111978831,0.004263721437699557,0.5,0.1276595744680851,0.3617021276595745
Noise-band momentum 2R,13:30-16:00,hold,MNQ,ALL,106,0.381294964028777,0.4528301886792453,-0.00383432258415597,1.0408293823994197,328.41619055834053,1763.966801021625,0.1436537136618473,0.5714285714285714,0.12264150943396226,0.36792452830188677
Noise-band momentum 2R,13:30-16:00,hold,MNQ,IS,65,0.3869047619047619,0.4153846153846154,-0.07168082859548966,0.954749303465368,-220.8898134566498,1763.966801021625,-0.1970531967485421,0.625,0.1076923076923077,0.4
Noise-band momentum 2R,13:30-16:00,hold,MNQ,OOS,41,0.37272727272727274,0.5121951219512195,0.10372721133625107,1.1737124899918143,549.3060040149901,953.5199255701962,0.4907246658026929,0.5,0.14634146341463414,0.3170731707317073
Noise-band momentum 2R,09:30-10:30,flat,MNQ,ALL,56,0.2014388489208633,0.39285714285714285,-0.13922349620430619,0.7125944023611637,-1052.449749647201,1874.6791283305936,-0.996969578981211,0.38461538461538464,0.10714285714285714,0.5178571428571429
Noise-band momentum 2R,09:30-10:30,flat,MNQ,IS,31,0.18452380952380953,0.41935483870967744,-0.16323604163116143,0.6898394332959283,-581.5400108310475,895.7930366713383,-1.0408239475784609,0.375,0.0967741935483871,0.5161290322580645
Noise-band momentum 2R,09:30-10:30,flat,MNQ,OOS,25,0.22727272727272727,0.36,-0.10944793987500556,0.7364703733621376,-470.9097388161536,1192.0057990377657,-0.9646191887368728,0.4,0.12,0.52
Noise-band momentum 2R,09:30-10:30,hold,MNQ,ALL,56,0.2014388489208633,0.30357142857142855,-0.1557133425379172,0.8358244325400628,-878.1173307300032,1820.5577209374505,-0.5259441054584029,0.46153846153846156,0.26785714285714285,0.6964285714285714
Noise-band momentum 2R,09:30-10:30,hold,MNQ,IS,31,0.18452380952380953,0.2903225806451613,-0.14612959783010626,0.8992738590450773,-288.95410210408386,1279.8113929862798,-0.29200599010671296,0.5,0.2903225806451613,0.7096774193548387
Noise-band momentum 2R,09:30-10:30,hold,MNQ,OOS,25,0.22727272727272727,0.32,-0.16759718597560272,0.762428235069371,-589.1632286259193,1349.4649977651306,-0.863484069147715,0.4,0.24,0.68
Noise-band momentum 2R,10:30-11:30,flat,MNQ,ALL,104,0.37410071942446044,0.41346153846153844,-0.0014021163353342308,0.8492807836738786,-973.2638610462324,1802.645855536135,-0.641312926669897,0.2857142857142857,0.19230769230769232,0.4423076923076923
Noise-band momentum 2R,10:30-11:30,flat,MNQ,IS,59,0.35119047619047616,0.3559322033898305,-0.2093253224622575,0.579193379227375,-1634.9078501014924,1670.781912274413,-2.0500712133818286,0.0,0.13559322033898305,0.4915254237288136
Noise-band momentum 2R,10:30-11:30,flat,MNQ,OOS,45,0.4090909090909091,0.4888888888888889,0.27120830947552066,1.2572200777053424,661.64398905526,802.4583008009481,0.9438885493088194,0.6666666666666666,0.26666666666666666,0.37777777777777777
Noise-band momentum 2R,10:30-11:30,hold,MNQ,ALL,104,0.37410071942446044,0.375,0.042354937780561305,0.9430748324689612,-505.8701567059925,2443.5160610954918,-0.23895803519213266,0.5714285714285714,0.3173076923076923,0.5961538461538461
Noise-band momentum 2R,10:30-11:30,hold,MNQ,IS,59,0.35119047619047616,0.288135593220339,-0.23441148437964385,0.6644689560550909,-1821.1326095044467,2311.6521178337694,-1.5625821400625906,0.375,0.22033898305084745,0.6779661016949152
Noise-band momentum 2R,10:30-11:30,hold,MNQ,OOS,45,0.4090909090909091,0.4888888888888889,0.40522646905727483,1.380246970430567,1315.2624527984542,1343.815281992067,1.405487248043775,0.8333333333333334,0.4444444444444444,0.4888888888888889
Noise-band momentum 2R,11:30-12:30,flat,MNQ,ALL,81,0.29136690647482016,0.49382716049382713,0.016574143240691227,1.636011440444448,1927.7224414047835,567.2974111793887,1.3781993194297306,0.5714285714285714,0.06172839506172839,0.2839506172839506
Noise-band momentum 2R,11:30-12:30,flat,MNQ,IS,48,0.2857142857142857,0.5,0.07951117432186329,1.5123340925748727,813.3383342414566,561.7130029840808,1.1293280047785,0.5,0.08333333333333333,0.25
Noise-band momentum 2R,11:30-12:30,flat,MNQ,OOS,33,0.3,0.48484848484848486,-0.07497062924101361,1.7720335147324078,1114.3841071633267,567.2974111793892,1.6859257138311075,0.6666666666666666,0.030303030303030304,0.3333333333333333
Noise-band momentum 2R,11:30-12:30,hold,MNQ,ALL,81,0.29136690647482016,0.3950617283950617,0.0612477823214073,1.3126213725606661,2025.5126467005045,1148.6692538294067,0.8954883213628517,0.5,0.2222222222222222,0.5185185185185185
Noise-band momentum 2R,11:30-12:30,hold,MNQ,IS,48,0.2857142857142857,0.3958333333333333,0.05038128626781523,1.4396691914793285,1453.5764012927648,859.7289988197731,1.1546809481846492,0.5,0.22916666666666666,0.5
Noise-band momentum 2R,11:30-12:30,hold,MNQ,OOS,33,0.3,0.3939393939393939,0.07705359476299578,1.1802477815018937,571.9362454077398,1148.6692538294067,0.5735492206214874,0.5,0.21212121212121213,0.5454545454545454
Noise-band momentum 2R,12:30-13:30,flat,MNQ,ALL,75,0.2697841726618705,0.5466666666666666,0.04245924393851066,1.128884853406551,446.81447802435247,865.8916028786039,0.3855872135323634,0.38461538461538464,0.05333333333333334,0.24
Noise-band momentum 2R,12:30-13:30,flat,MNQ,IS,47,0.27976190476190477,0.48936170212765956,-0.01155224395190183,1.3214912571838275,546.1962700952122,732.6823382494458,0.8938366165639544,0.375,0.06382978723404255,0.2765957446808511
Noise-band momentum 2R,12:30-13:30,flat,MNQ,OOS,28,0.2545454545454545,0.6428571428571429,0.1331213843259888,0.9437830669989838,-99.3817920708597,865.8916028786039,-0.18502805984825507,0.4,0.03571428571428571,0.17857142857142858
Noise-band momentum 2R,12:30-13:30,hold,MNQ,ALL,75,0.2697841726618705,0.4666666666666667,0.03078784162389359,1.0194971131535493,130.78952683703324,1697.178695882595,0.05267241117586809,0.46153846153846156,0.17333333333333334,0.41333333333333333
Noise-band momentum 2R,12:30-13:30,hold,MNQ,IS,47,0.27976190476190477,0.3829787234042553,-0.10104270985015244,1.0985213475355586,332.0642665110848,1686.647538704964,0.28528358959209543,0.375,0.1276595744680851,0.46808510638297873
Noise-band momentum 2R,12:30-13:30,hold,MNQ,OOS,28,0.2545454545454545,0.6071428571428571,0.2520748387410423,0.939695996764909,-201.27473967405146,1619.3807306757878,-0.16100236840330223,0.6,0.25,0.32142857142857145
Noise-band momentum 2R,13:30-14:30,flat,MNQ,ALL,79,0.2841726618705036,0.5063291139240507,0.018462032661517615,0.9973016447333881,-10.303134180213775,566.4241119160952,-0.008782988650104524,0.42857142857142855,0.0759493670886076,0.21518987341772153
Noise-band momentum 2R,13:30-14:30,flat,MNQ,IS,47,0.27976190476190477,0.5319148936170213,0.03434322251289638,1.086117551755197,159.29635877767447,476.9107484580231,0.2929394185015845,0.375,0.0851063829787234,0.23404255319148937
Noise-band momentum 2R,13:30-14:30,flat,MNQ,OOS,32,0.2909090909090909,0.46875,-0.0048634649326948914,0.9138453306452664,-169.59949295788806,553.8511018373222,-0.2854086427221355,0.5,0.0625,0.1875
Noise-band momentum 2R,13:30-14:30,hold,MNQ,ALL,79,0.2841726618705036,0.5063291139240507,0.027298868076225873,1.2217826990124239,1273.736462850908,1592.738733639491,0.5767969540301602,0.5714285714285714,0.11392405063291139,0.35443037974683544
Noise-band momentum 2R,13:30-14:30,hold,MNQ,IS,47,0.27976190476190477,0.46808510638297873,-0.051334028060538675,1.0714822362747627,241.51455600075712,1592.738733639491,0.21729353914393845,0.625,0.10638297872340426,0.3829787234042553
Noise-band momentum 2R,13:30-14:30,hold,MNQ,OOS,32,0.2909090909090909,0.5625,0.14279093427709885,1.4365483053540684,1032.2219068501508,684.0481939942786,0.9723268487186416,0.5,0.125,0.3125
Noise-band momentum 2R,14:30-15:30,flat,MNQ,ALL,82,0.2949640287769784,0.5609756097560976,0.014221808988068203,1.352435941284216,1233.4594325441212,1187.0664460220444,1.1058969085721189,0.5714285714285714,0.036585365853658534,0.23170731707317074
Noise-band momentum 2R,14:30-15:30,flat,MNQ,IS,50,0.2976190476190476,0.54,-0.08869669806151645,0.9612695966289777,-94.42251561438796,1187.0664460220444,-0.1545337600123382,0.375,0.02,0.28
Noise-band momentum 2R,14:30-15:30,flat,MNQ,OOS,32,0.2909090909090909,0.59375,0.17503197625304423,2.250514245751938,1327.8819481585087,538.9779492926191,2.6823847113401107,0.8333333333333334,0.0625,0.15625
Noise-band momentum 2R,14:30-15:30,hold,MNQ,ALL,82,0.2949640287769784,0.45121951219512196,-0.033622486752932904,1.1340310715696191,689.4104880734008,1455.2591029355408,0.4274441351734774,0.6428571428571429,0.08536585365853659,0.3048780487804878
Noise-band momentum 2R,14:30-15:30,hold,MNQ,IS,50,0.2976190476190476,0.42,-0.15442547874997314,0.9234669470118567,-274.6551725278846,1455.2591029355408,-0.2894363918508657,0.5,0.04,0.36
Noise-band momentum 2R,14:30-15:30,hold,MNQ,OOS,32,0.2909090909090909,0.5,0.15513218824244246,1.6199984286921796,964.0656606012856,650.6359881523019,1.4527464854079903,0.8333333333333334,0.15625,0.21875
Noise-band momentum 2R,15:30-16:00,flat,MNQ,ALL,71,0.25539568345323743,0.3380281690140845,-0.19881142040021965,0.6279040415855486,-1461.2376600178316,1727.1506665602474,-1.4011851142114637,0.35714285714285715,0.04225352112676056,0.2676056338028169
Noise-band momentum 2R,15:30-16:00,flat,MNQ,IS,41,0.24404761904761904,0.3902439024390244,-0.18194484893689625,0.7557807139910041,-510.1921183021659,928.6451248445815,-0.8251323926456896,0.5,0.04878048780487805,0.2926829268292683
Noise-band momentum 2R,15:30-16:00,flat,MNQ,OOS,30,0.2727272727272727,0.26666666666666666,-0.22186240140009503,0.48255694410167865,-951.0455417156658,951.0455417156659,-2.2374506962074365,0.16666666666666666,0.03333333333333333,0.23333333333333334
Noise-band momentum 2R,15:30-16:00,hold,MNQ,ALL,0,0.0,,,,0.0,0.0,,,,
Noise-band momentum 2R,15:30-16:00,hold,MNQ,IS,0,0.0,,,,0.0,0.0,,,,
Noise-band momentum 2R,15:30-16:00,hold,MNQ,OOS,0,0.0,,,,0.0,0.0,,,,
Noise-band momentum 2R,Full RTH,hold,MNQ,ALL,245,0.8812949640287769,0.37142857142857144,-0.031161934027916602,0.95309808078355,-945.9918413228579,3495.3351376988744,-0.2913597492136192,0.5,0.24897959183673468,0.5755102040816327
Noise-band momentum 2R,Full RTH,hold,MNQ,IS,143,0.8511904761904762,0.34265734265734266,-0.12243858941253467,0.9238999804350783,-864.9307965624624,2104.572433054101,-0.4938787788517743,0.375,0.2097902097902098,0.5944055944055944
Noise-band momentum 2R,Full RTH,hold,MNQ,OOS,102,0.9272727272727272,0.4117647058823529,0.09680435734463615,0.9907925624241167,-81.0610447603953,2410.948386156379,-0.0549111995014585,0.6666666666666666,0.30392156862745096,0.5490196078431373
Bollinger squeeze 2R,09:30-11:30,flat,MNQ,ALL,1,0.0035971223021582736,0.0,-1.0148053605615823,0.0,-119.26500000000145,119.26500000000145,-0.9520897122350838,0.0,0.0,1.0
Bollinger squeeze 2R,09:30-11:30,flat,MNQ,IS,0,0.0,,,,0.0,0.0,,,,
Bollinger squeeze 2R,09:30-11:30,flat,MNQ,OOS,1,0.00909090909090909,0.0,-1.0148053605615823,0.0,-119.26500000000145,119.26500000000145,-1.5135749373285396,0.0,0.0,1.0
Bollinger squeeze 2R,09:30-11:30,hold,MNQ,ALL,3,0.01079136690647482,0.0,-1.0266541556034507,0.0,-265.21999999999997,265.21999999999997,-1.5293817671877559,0.0,0.0,1.0
Bollinger squeeze 2R,09:30-11:30,hold,MNQ,IS,2,0.011904761904761904,0.0,-1.032578553124385,0.0,-145.95499999999853,145.95499999999853,-1.5592603268588279,0.0,0.0,1.0
Bollinger squeeze 2R,09:30-11:30,hold,MNQ,OOS,1,0.00909090909090909,0.0,-1.0148053605615823,0.0,-119.26500000000145,119.26500000000145,-1.5135749373285396,0.0,0.0,1.0
Bollinger squeeze 2R,11:30-13:30,flat,MNQ,ALL,49,0.17625899280575538,0.5102040816326531,0.05249489180761715,1.0907179454854887,201.48999999999978,803.6699999999958,0.20750333687079814,0.5,0.10204081632653061,0.24489795918367346
Bollinger squeeze 2R,11:30-13:30,flat,MNQ,IS,31,0.18452380952380953,0.4838709677419355,0.04826925469023008,0.9395056298723834,-77.71499999999432,803.6699999999958,-0.16458933165789355,0.625,0.12903225806451613,0.25806451612903225
Bollinger squeeze 2R,11:30-13:30,flat,MNQ,OOS,18,0.16363636363636364,0.5555555555555556,0.059772377954228184,1.2981701098361187,279.204999999994,458.02000000000294,0.584159508293643,0.3333333333333333,0.05555555555555555,0.2222222222222222
Bollinger squeeze 2R,11:30-13:30,hold,MNQ,ALL,55,0.19784172661870503,0.32727272727272727,-0.14058245653636714,0.7498352177004066,-965.9249999999843,1570.0499999999915,-0.8331412160811197,0.5,0.2,0.5818181818181818
Bollinger squeeze 2R,11:30-13:30,hold,MNQ,IS,35,0.20833333333333334,0.3142857142857143,-0.17533039244944426,0.6580308760955801,-752.2499999999842,1180.139999999984,-1.2643246890305604,0.5,0.17142857142857143,0.5714285714285714
Bollinger squeeze 2R,11:30-13:30,hold,MNQ,OOS,20,0.18181818181818182,0.35,-0.07977356868848214,0.871388200879381,-213.67500000000018,723.5499999999986,-0.3887579175016092,0.5,0.25,0.6
Bollinger squeeze 2R,13:30-16:00,flat,MNQ,ALL,120,0.4316546762589928,0.4083333333333333,-0.01324203003833927,0.8555033173990775,-843.0500000000005,1516.0900000000106,-0.6362204272024521,0.35714285714285715,0.2,0.4666666666666667
Bollinger squeeze 2R,13:30-16:00,flat,MNQ,IS,71,0.4226190476190476,0.38028169014084506,-0.055433753149647144,0.6791815119948271,-1086.8400000000106,1430.835000000003,-1.501171637820918,0.25,0.19718309859154928,0.4788732394366197
Bollinger squeeze 2R,13:30-16:00,flat,MNQ,OOS,49,0.44545454545454544,0.4489795918367347,0.047892915694372144,1.0996411463697793,243.79000000001014,583.61,0.4108392255157612,0.5,0.20408163265306123,0.4489795918367347
Bollinger squeeze 2R,13:30-16:00,hold,MNQ,ALL,98,0.35251798561151076,0.3979591836734694,0.010188469294302517,0.8577702350071328,-735.8200000000036,1325.250000000003,-0.5718609730371471,0.42857142857142855,0.22448979591836735,0.4897959183673469
Bollinger squeeze 2R,13:30-16:00,hold,MNQ,IS,56,0.3333333333333333,0.375,-0.010057539420808543,0.7065266547896358,-856.5900000000163,1325.250000000003,-1.2247855770905902,0.375,0.23214285714285715,0.5
Bollinger squeeze 2R,13:30-16:00,hold,MNQ,OOS,42,0.38181818181818183,0.42857142857142855,0.03718314758111731,1.0535646172815472,120.77000000001306,825.3950000000016,0.20824512287365216,0.5,0.21428571428571427,0.47619047619047616
Bollinger squeeze 2R,09:30-10:30,flat,MNQ,ALL,1,0.0035971223021582736,0.0,-1.0148053605615823,0.0,-119.26500000000145,119.26500000000145,-0.9520897122350838,0.0,0.0,1.0
Bollinger squeeze 2R,09:30-10:30,flat,MNQ,IS,0,0.0,,,,0.0,0.0,,,,
Bollinger squeeze 2R,09:30-10:30,flat,MNQ,OOS,1,0.00909090909090909,0.0,-1.0148053605615823,0.0,-119.26500000000145,119.26500000000145,-1.5135749373285396,0.0,0.0,1.0
Bollinger squeeze 2R,09:30-10:30,hold,MNQ,ALL,1,0.0035971223021582736,0.0,-1.0148053605615823,0.0,-119.26500000000145,119.26500000000145,-0.9520897122350838,0.0,0.0,1.0
Bollinger squeeze 2R,09:30-10:30,hold,MNQ,IS,0,0.0,,,,0.0,0.0,,,,
Bollinger squeeze 2R,09:30-10:30,hold,MNQ,OOS,1,0.00909090909090909,0.0,-1.0148053605615823,0.0,-119.26500000000145,119.26500000000145,-1.5135749373285396,0.0,0.0,1.0
Bollinger squeeze 2R,10:30-11:30,flat,MNQ,ALL,0,0.0,,,,0.0,0.0,,,,
Bollinger squeeze 2R,10:30-11:30,flat,MNQ,IS,0,0.0,,,,0.0,0.0,,,,
Bollinger squeeze 2R,10:30-11:30,flat,MNQ,OOS,0,0.0,,,,0.0,0.0,,,,
Bollinger squeeze 2R,10:30-11:30,hold,MNQ,ALL,2,0.007194244604316547,0.0,-1.032578553124385,0.0,-145.95499999999853,145.95499999999853,-1.2112461982393696,0.0,0.0,1.0
Bollinger squeeze 2R,10:30-11:30,hold,MNQ,IS,2,0.011904761904761904,0.0,-1.032578553124385,0.0,-145.95499999999853,145.95499999999853,-1.5592603268588279,0.0,0.0,1.0
Bollinger squeeze 2R,10:30-11:30,hold,MNQ,OOS,0,0.0,,,,0.0,0.0,,,,
Bollinger squeeze 2R,11:30-12:30,flat,MNQ,ALL,13,0.046762589928057555,0.5384615384615384,-0.020763414976126694,0.8257063540427366,-90.09499999999852,251.0349999999971,-0.25172078994650965,0.6363636363636364,0.0,0.23076923076923078
Bollinger squeeze 2R,11:30-12:30,flat,MNQ,IS,9,0.05357142857142857,0.5555555555555556,0.07108568246252442,1.3804882949864463,75.74000000000146,84.24,0.4670774447018329,0.7142857142857143,0.0,0.1111111111111111
Bollinger squeeze 2R,11:30-12:30,flat,MNQ,OOS,4,0.03636363636363636,0.5,-0.2274238842130917,0.4782683928206258,-165.835,243.8149999999971,-0.9048936198068187,0.5,0.0,0.5
Bollinger squeeze 2R,11:30-12:30,hold,MNQ,ALL,18,0.06474820143884892,0.5,0.38257825017577674,1.5004765263137878,525.1300000000042,495.2649999999971,0.7081820884410419,0.5833333333333334,0.3888888888888889,0.4444444444444444
Bollinger squeeze 2R,11:30-12:30,hold,MNQ,IS,13,0.07738095238095238,0.46153846153846156,0.34180788178884425,1.281656537759528,206.00500000000721,495.2649999999971,0.48171865609340536,0.625,0.38461538461538464,0.46153846153846156
Bollinger squeeze 2R,11:30-12:30,hold,MNQ,OOS,5,0.045454545454545456,0.6,0.4885812079818013,2.0039955325541428,319.12499999999704,243.8149999999971,1.0164679368652405,0.5,0.4,0.4
Bollinger squeeze 2R,12:30-13:30,flat,MNQ,ALL,35,0.12589928057553956,0.5142857142857142,-0.027944522468317308,1.1299408765380052,178.89999999999554,458.02000000000294,0.23108632010353158,0.35714285714285715,0.02857142857142857,0.2
Bollinger squeeze 2R,12:30-13:30,flat,MNQ,IS,20,0.11904761904761904,0.45,-0.17225915377016204,0.578101920236338,-319.89999999999856,385.0599999999971,-1.1543168122338208,0.25,0.0,0.25
Bollinger squeeze 2R,12:30-13:30,flat,MNQ,OOS,15,0.13636363636363635,0.6,0.1644749859341423,1.8064151065411926,498.79999999999404,458.02000000000294,1.154078865884563,0.5,0.06666666666666667,0.13333333333333333
Bollinger squeeze 2R,12:30-13:30,hold,MNQ,ALL,41,0.1474820143884892,0.3170731707317073,-0.20458788409245868,0.7307811991557327,-757.0149999999885,1084.1249999999973,-0.7685468150055527,0.2857142857142857,0.14634146341463414,0.5853658536585366
Bollinger squeeze 2R,12:30-13:30,hold,MNQ,IS,24,0.14285714285714285,0.2916666666666667,-0.2751487385547012,0.6589823305672038,-500.73499999999143,641.0649999999957,-1.0049832933399563,0.25,0.125,0.5833333333333334
Bollinger squeeze 2R,12:30-13:30,hold,MNQ,OOS,17,0.15454545454545454,0.35294117647058826,-0.1049725601457634,0.8092501897971044,-256.27999999999724,723.5499999999986,-0.5427621245422981,0.3333333333333333,0.17647058823529413,0.5882352941176471
Bollinger squeeze 2R,13:30-14:30,flat,MNQ,ALL,44,0.15827338129496402,0.6818181818181818,0.041685902036705816,1.3018036587128494,281.8649999999884,456.80000000001166,0.6204160780092939,0.6428571428571429,0.0,0.18181818181818182
Bollinger squeeze 2R,13:30-14:30,flat,MNQ,IS,27,0.16071428571428573,0.6296296296296297,-0.04688926270875493,0.9051430489134842,-56.530000000010176,408.7800000000087,-0.21693392719544616,0.625,0.0,0.2222222222222222
Bollinger squeeze 2R,13:30-14:30,flat,MNQ,OOS,17,0.15454545454545454,0.7647058823529411,0.18236410486773172,2.001213071586008,338.3949999999986,132.54000000000292,1.7549809252035813,0.6666666666666666,0.0,0.11764705882352941
Bollinger squeeze 2R,13:30-14:30,hold,MNQ,ALL,44,0.15827338129496402,0.38636363636363635,-0.011565543256343402,0.9133012380457601,-219.434999999993,915.3450000000119,-0.2299040403011873,0.42857142857142855,0.22727272727272727,0.5227272727272727
Bollinger squeeze 2R,13:30-14:30,hold,MNQ,IS,27,0.16071428571428573,0.37037037037037035,-0.05991143811688763,0.6436163508801392,-508.9800000000074,603.5750000000089,-1.0890898748071438,0.375,0.18518518518518517,0.48148148148148145
Bollinger squeeze 2R,13:30-14:30,hold,MNQ,OOS,17,0.15454545454545454,0.4117647058823529,0.06521911328687387,1.2625484551039499,289.54500000001445,311.77000000000294,0.6200411227192512,0.5,0.29411764705882354,0.5882352941176471
Bollinger squeeze 2R,14:30-15:30,flat,MNQ,ALL,56,0.2014388489208633,0.42857142857142855,-0.04178558245350101,0.7508708918064393,-564.6150000000177,689.8100000000162,-0.7332503870939887,0.46153846153846156,0.07142857142857142,0.30357142857142855
Bollinger squeeze 2R,14:30-15:30,flat,MNQ,IS,29,0.17261904761904762,0.4827586206896552,0.002057077762767955,0.8135699671694173,-195.91000000001907,622.385000000016,-0.447872319672725,0.625,0.06896551724137931,0.2413793103448276
Bollinger squeeze 2R,14:30-15:30,flat,MNQ,OOS,27,0.24545454545454545,0.37037037037037035,-0.08887584713023441,0.696665172088967,-368.7049999999986,470.85999999999717,-1.111217618273549,0.2,0.07407407407407407,0.37037037037037035
Bollinger squeeze 2R,14:30-15:30,hold,MNQ,ALL,59,0.21223021582733814,0.3898305084745763,-0.02906786341642902,0.6895047945140189,-977.560000000009,1040.6600000000121,-1.0939642107866827,0.38461538461538464,0.2033898305084746,0.4915254237288136
Bollinger squeeze 2R,14:30-15:30,hold,MNQ,IS,31,0.18452380952380953,0.3870967741935484,0.028282850404282703,0.7752637745294764,-344.31500000000744,1018.8800000000103,-0.668789838429114,0.375,0.25806451612903225,0.5161290322580645
Bollinger squeeze 2R,14:30-15:30,hold,MNQ,OOS,28,0.2545454545454545,0.39285714285714285,-0.09256329657507412,0.6082144149773698,-633.2450000000015,780.2700000000044,-1.673340978685525,0.4,0.14285714285714285,0.4642857142857143
Bollinger squeeze 2R,15:30-16:00,flat,MNQ,ALL,30,0.1079136690647482,0.4,-0.1235144247938289,0.6811406287116981,-322.14999999999714,669.5049999999914,-0.8105177350096744,0.3076923076923077,0.1,0.36666666666666664
Bollinger squeeze 2R,15:30-16:00,flat,MNQ,IS,21,0.125,0.3333333333333333,-0.2604626528032128,0.3534478472705627,-520.1899999999941,534.0049999999884,-2.2462036455315513,0.125,0.09523809523809523,0.42857142857142855
Bollinger squeeze 2R,15:30-16:00,flat,MNQ,OOS,9,0.08181818181818182,0.5555555555555556,0.19603144056140023,1.9624805598755555,198.0399999999971,205.7600000000029,1.2069024112477782,0.6,0.1111111111111111,0.2222222222222222
Bollinger squeeze 2R,15:30-16:00,hold,MNQ,ALL,0,0.0,,,,0.0,0.0,,,,
Bollinger squeeze 2R,15:30-16:00,hold,MNQ,IS,0,0.0,,,,0.0,0.0,,,,
Bollinger squeeze 2R,15:30-16:00,hold,MNQ,OOS,0,0.0,,,,0.0,0.0,,,,
Bollinger squeeze 2R,Full RTH,hold,MNQ,ALL,142,0.5107913669064749,0.3591549295774648,-0.05309132317776546,0.817655606712384,-1579.8299999999717,2099.244999999989,-1.0311715008121143,0.42857142857142855,0.21830985915492956,0.5352112676056338
Bollinger squeeze 2R,Full RTH,hold,MNQ,IS,84,0.5,0.3333333333333333,-0.0868613418857972,0.6721775379793854,-1638.0599999999877,1872.15999999998,-1.9520286663992776,0.25,0.21428571428571427,0.5476190476190477
Bollinger squeeze 2R,Full RTH,hold,MNQ,OOS,58,0.5272727272727272,0.39655172413793105,-0.004183020221305751,1.0158785994764445,58.23000000001563,916.3699999999986,0.08509234541117647,0.6666666666666666,0.22413793103448276,0.5172413793103449
PDH/PDL sweep-reclaim 2R,09:30-11:30,flat,MNQ,ALL,156,0.5611510791366906,0.391025641025641,-0.08243731829397098,0.7576822862790277,-3121.1154521459302,3706.470593688649,-1.3555123767091315,0.35714285714285715,0.16025641025641027,0.44871794871794873
PDH/PDL sweep-reclaim 2R,09:30-11:30,flat,MNQ,IS,100,0.5952380952380952,0.41,-0.01408140080440191,0.8815864507050977,-833.6192320203561,1418.974373563082,-0.6492173005770326,0.5,0.2,0.45
PDH/PDL sweep-reclaim 2R,09:30-11:30,flat,MNQ,OOS,56,0.509090909090909,0.35714285714285715,-0.20450145666820146,0.6083298456103966,-2287.496220125575,2287.496220125575,-2.2659438398057783,0.16666666666666666,0.08928571428571429,0.44642857142857145
PDH/PDL sweep-reclaim 2R,09:30-11:30,hold,MNQ,ALL,160,0.5755395683453237,0.3375,-0.14099616715780278,0.7332064691839448,-4627.845249885075,6292.819182132885,-1.398368533596329,0.2857142857142857,0.19375,0.55625
PDH/PDL sweep-reclaim 2R,09:30-11:30,hold,MNQ,IS,103,0.6130952380952381,0.3883495145631068,-0.04394548836177034,1.033716869363142,296.6429009941278,1429.5546409816966,0.1428645487269031,0.375,0.23300970873786409,0.5242718446601942
PDH/PDL sweep-reclaim 2R,09:30-11:30,hold,MNQ,OOS,57,0.5181818181818182,0.24561403508771928,-0.316368446385721,0.4239092299261787,-4924.488150879202,4924.488150879196,-4.072097919487479,0.16666666666666666,0.12280701754385964,0.6140350877192983
PDH/PDL sweep-reclaim 2R,11:30-13:30,flat,MNQ,ALL,24,0.08633093525179857,0.375,0.020579845579475953,0.8763802117883974,-174.16662742991133,590.3041551995866,-0.2481949120961955,0.4,0.20833333333333334,0.3333333333333333
PDH/PDL sweep-reclaim 2R,11:30-13:30,flat,MNQ,IS,17,0.10119047619047619,0.35294117647058826,0.039737916788093325,0.6935223458027722,-314.9537479146076,590.3041551995866,-0.71057218470334,0.5,0.23529411764705882,0.35294117647058826
PDH/PDL sweep-reclaim 2R,11:30-13:30,flat,MNQ,OOS,7,0.06363636363636363,0.42857142857142855,-0.025946898784309107,1.3692940968406555,140.7871204846963,276.97306516173126,0.5455707783662633,0.25,0.14285714285714285,0.2857142857142857
PDH/PDL sweep-reclaim 2R,11:30-13:30,hold,MNQ,ALL,25,0.08992805755395683,0.32,-0.00803542922804359,0.7088761679325485,-485.7629601680966,649.4844412098751,-0.6364718311760253,0.3,0.24,0.4
PDH/PDL sweep-reclaim 2R,11:30-13:30,hold,MNQ,IS,18,0.10714285714285714,0.2777777777777778,-0.0006523080173599002,0.590283975447436,-536.050080652793,649.4844412098751,-1.059296384449189,0.3333333333333333,0.2777777777777778,0.4444444444444444
PDH/PDL sweep-reclaim 2R,11:30-13:30,hold,MNQ,OOS,7,0.06363636363636363,0.42857142857142855,-0.027020598055515873,1.1395960708440778,50.28712048469629,250.74,0.20008159022436542,0.25,0.14285714285714285,0.2857142857142857
PDH/PDL sweep-reclaim 2R,13:30-16:00,flat,MNQ,ALL,19,0.0683453237410072,0.42105263157894735,0.0643876654575172,0.6075898671518603,-523.436838183882,1001.6069109988632,-0.7258522480655911,0.45454545454545453,0.15789473684210525,0.21052631578947367
PDH/PDL sweep-reclaim 2R,13:30-16:00,flat,MNQ,IS,11,0.06547619047619048,0.5454545454545454,0.22560154683849154,1.8449449938553972,256.90956170439256,143.74,0.9828444598429237,0.5,0.18181818181818182,0.18181818181818182
PDH/PDL sweep-reclaim 2R,13:30-16:00,flat,MNQ,OOS,8,0.07272727272727272,0.25,-0.1572814214413225,0.24227007618796048,-780.3463998882744,1001.6069109988632,-1.9517636138434762,0.4,0.125,0.25
PDH/PDL sweep-reclaim 2R,13:30-16:00,hold,MNQ,ALL,17,0.06115107913669065,0.35294117647058826,-0.05379745897911843,0.48350427966934273,-688.9549075176676,1001.6069109988632,-0.9717773977469522,0.4,0.11764705882352941,0.23529411764705882
PDH/PDL sweep-reclaim 2R,13:30-16:00,hold,MNQ,IS,10,0.05952380952380952,0.5,0.05042658163857374,1.4888970790904221,148.65149237060686,143.74,0.6036459756609983,0.5,0.1,0.2
PDH/PDL sweep-reclaim 2R,13:30-16:00,hold,MNQ,OOS,7,0.06363636363636363,0.14285714285714285,-0.20268894557582162,0.18666962048817207,-837.6063998882744,1001.6069109988632,-2.106977255908346,0.25,0.14285714285714285,0.2857142857142857
PDH/PDL sweep-reclaim 2R,09:30-10:30,flat,MNQ,ALL,108,0.38848920863309355,0.4166666666666667,0.03442175971756557,1.0524242540036672,395.07129856943834,1526.5150961687866,0.20306102664581893,0.35714285714285715,0.18518518518518517,0.3611111111111111
PDH/PDL sweep-reclaim 2R,09:30-10:30,flat,MNQ,IS,71,0.4226190476190476,0.4225352112676056,0.0504745349098783,1.1201823185850177,524.661132594236,1135.908673828643,0.47094391931074925,0.375,0.22535211267605634,0.38028169014084506
PDH/PDL sweep-reclaim 2R,09:30-10:30,flat,MNQ,OOS,37,0.33636363636363636,0.40540540540540543,0.003617785699884348,0.9591263345228057,-129.58983402479788,748.5085239522448,-0.15597260923907075,0.3333333333333333,0.10810810810810811,0.32432432432432434
PDH/PDL sweep-reclaim 2R,09:30-10:30,hold,MNQ,ALL,115,0.4136690647482014,0.3130434782608696,-0.18486623527203275,0.5859044454723852,-5661.487385984963,5666.830906910488,-2.3197606057578333,0.21428571428571427,0.2,0.6086956521739131
PDH/PDL sweep-reclaim 2R,09:30-10:30,hold,MNQ,IS,76,0.4523809523809524,0.35526315789473684,-0.07559906390468007,0.789225085532882,-1500.6096269475265,1505.9531478730585,-1.0879389384243088,0.375,0.23684210526315788,0.5657894736842105
PDH/PDL sweep-reclaim 2R,09:30-10:30,hold,MNQ,OOS,39,0.35454545454545455,0.23076923076923078,-0.3977971333212327,0.36498862149801353,-4160.877759037436,4160.877759037434,-3.974866283151557,0.0,0.1282051282051282,0.6923076923076923
PDH/PDL sweep-reclaim 2R,10:30-11:30,flat,MNQ,ALL,42,0.1510791366906475,0.5,0.07627951736201133,1.5196223389792165,839.0683290342074,649.7035467914245,0.9351531742969447,0.6923076923076923,0.11904761904761904,0.23809523809523808
PDH/PDL sweep-reclaim 2R,10:30-11:30,flat,MNQ,IS,25,0.1488095238095238,0.48,0.1384184532379231,1.530656039030328,467.2741572438389,277.0569122810764,0.8791654349370103,0.625,0.16,0.24
PDH/PDL sweep-reclaim 2R,10:30-11:30,flat,MNQ,OOS,17,0.15454545454545454,0.5294117647058824,-0.01510127069080012,1.5063892353661799,371.79417179036847,397.73376768278195,1.0128113084153654,0.8,0.058823529411764705,0.23529411764705882
PDH/PDL sweep-reclaim 2R,10:30-11:30,hold,MNQ,ALL,46,0.16546762589928057,0.41304347826086957,0.014834072980325292,1.318770489536956,1171.2369563810212,1718.3497821335786,0.5226457013172904,0.46153846153846156,0.1956521739130435,0.41304347826086957
PDH/PDL sweep-reclaim 2R,10:30-11:30,hold,MNQ,IS,28,0.16666666666666666,0.5,0.11433145005546365,2.1526779454018077,1934.847348222787,821.0885680030383,1.2617135249177773,0.5,0.25,0.39285714285714285
PDH/PDL sweep-reclaim 2R,10:30-11:30,hold,MNQ,OOS,18,0.16363636363636364,0.2777777777777778,-0.13993962469211205,0.6173655466699879,-763.6103918417652,1454.4308569402572,-1.1466244484176165,0.4,0.1111111111111111,0.4444444444444444
PDH/PDL sweep-reclaim 2R,11:30-12:30,flat,MNQ,ALL,15,0.0539568345323741,0.3333333333333333,-0.03126919695339944,0.8514360902772475,-100.93432874604478,237.2330651617312,-0.2194729019794279,0.4444444444444444,0.06666666666666667,0.26666666666666666
PDH/PDL sweep-reclaim 2R,11:30-12:30,flat,MNQ,IS,9,0.05357142857142857,0.3333333333333333,0.13053797135311432,1.0289002495644783,12.778736415686407,233.37613099425334,0.03850985489952099,0.4,0.1111111111111111,0.2222222222222222
PDH/PDL sweep-reclaim 2R,11:30-12:30,flat,MNQ,OOS,6,0.05454545454545454,0.3333333333333333,-0.2739799494131701,0.5206694097038772,-113.7130651617312,237.2330651617312,-1.0472138965694948,0.5,0.0,0.3333333333333333
PDH/PDL sweep-reclaim 2R,11:30-12:30,hold,MNQ,ALL,16,0.05755395683453238,0.4375,0.25475856368680216,1.232823546653067,196.54081513521314,299.87613099425334,0.318908007534534,0.4444444444444444,0.3125,0.3125
PDH/PDL sweep-reclaim 2R,11:30-12:30,hold,MNQ,IS,10,0.05952380952380952,0.4,0.38961658741201427,0.8577777206533908,-104.48630534948325,299.87613099425334,-0.2489873873547426,0.4,0.4,0.3
PDH/PDL sweep-reclaim 2R,11:30-12:30,hold,MNQ,OOS,6,0.05454545454545454,0.5,0.029995190811448705,3.749280240169109,301.0271204846963,109.49306516173124,1.6062999332971677,0.5,0.16666666666666666,0.3333333333333333
PDH/PDL sweep-reclaim 2R,12:30-13:30,flat,MNQ,ALL,8,0.02877697841726619,0.125,-0.5287415781997447,0.03761663734005261,-556.7074425651244,556.7074425651244,-2.0383655621647803,0.16666666666666666,0.0,0.375
PDH/PDL sweep-reclaim 2R,12:30-13:30,flat,MNQ,IS,7,0.041666666666666664,0.14285714285714285,-0.5714187303791011,0.05153620491317008,-400.4674425651244,400.4674425651244,-2.3548847698748747,0.2,0.0,0.42857142857142855
PDH/PDL sweep-reclaim 2R,12:30-13:30,flat,MNQ,OOS,1,0.00909090909090909,0.0,-0.2300015129442493,0.0,-156.24,156.24,-1.513574937328539,0.0,0.0,0.0
PDH/PDL sweep-reclaim 2R,12:30-13:30,hold,MNQ,ALL,9,0.03237410071942446,0.1111111111111111,-0.4752247499655471,0.1723796390070444,-682.3037753033097,683.2788993259974,-1.5195839660876034,0.16666666666666666,0.1111111111111111,0.5555555555555556
PDH/PDL sweep-reclaim 2R,12:30-13:30,hold,MNQ,IS,8,0.047619047619047616,0.125,-0.4884884273040776,0.24772258984713003,-431.5637753033097,432.53889932599736,-1.5225936550555224,0.2,0.125,0.625
PDH/PDL sweep-reclaim 2R,12:30-13:30,hold,MNQ,OOS,1,0.00909090909090909,0.0,-0.36911533125730334,0.0,-250.74,250.74,-1.513574937328539,0.0,0.0,0.0
PDH/PDL sweep-reclaim 2R,13:30-14:30,flat,MNQ,ALL,10,0.03597122302158273,0.6,0.10845778549787637,1.495292653432639,193.09859495893897,185.36767443583904,0.5130487700675974,0.5714285714285714,0.1,0.2
PDH/PDL sweep-reclaim 2R,13:30-14:30,flat,MNQ,IS,6,0.03571428571428571,0.8333333333333334,0.529772943183131,7.282640594202822,378.466269394778,60.24,1.8866660073173884,0.75,0.16666666666666666,0.0
PDH/PDL sweep-reclaim 2R,13:30-14:30,flat,MNQ,OOS,4,0.03636363636363636,0.25,-0.5235149510300057,0.43764529251648054,-185.36767443583904,185.36767443583904,-1.0796749997499662,0.3333333333333333,0.0,0.5
PDH/PDL sweep-reclaim 2R,13:30-14:30,hold,MNQ,ALL,10,0.03597122302158273,0.3,-0.15005054528583936,0.30808111360910595,-589.9666774784114,702.867674435839,-1.0287272264858176,0.2857142857142857,0.1,0.3
PDH/PDL sweep-reclaim 2R,13:30-14:30,hold,MNQ,IS,6,0.03571428571428571,0.5,0.21258023930337014,1.7537523223763538,112.90099695742771,105.80527243735034,0.609003683562155,0.5,0.16666666666666666,0.16666666666666666
PDH/PDL sweep-reclaim 2R,13:30-14:30,hold,MNQ,OOS,4,0.03636363636363636,0.0,-0.6939967221696537,0.0,-702.867674435839,702.867674435839,-2.150493604728436,0.0,0.0,0.5
PDH/PDL sweep-reclaim 2R,14:30-15:30,flat,MNQ,ALL,7,0.025179856115107913,0.5714285714285714,0.1106704230896197,1.1556160987101072,55.011769960743834,342.98,0.14819290366739823,0.4,0.14285714285714285,0.14285714285714285
PDH/PDL sweep-reclaim 2R,14:30-15:30,flat,MNQ,IS,4,0.023809523809523808,0.5,-0.20792641644539167,1.4848356277919543,52.250495413179166,97.24,0.4122786486442961,0.3333333333333333,0.0,0.25
PDH/PDL sweep-reclaim 2R,14:30-15:30,flat,MNQ,OOS,3,0.02727272727272727,0.6666666666666666,0.5354662091363015,1.0112365693316703,2.7612745475646534,245.74,0.013122779897278511,0.5,0.3333333333333333,0.0
PDH/PDL sweep-reclaim 2R,14:30-15:30,hold,MNQ,ALL,7,0.025179856115107913,0.42857142857142855,0.08370695003048291,0.7943099596035054,-98.98823003925617,470.72,-0.2371686244227014,0.4,0.14285714285714285,0.14285714285714285
PDH/PDL sweep-reclaim 2R,14:30-15:30,hold,MNQ,IS,4,0.023809523809523808,0.5,-0.19280390485862084,1.2317405212969958,35.75049541317918,143.74,0.22042115285646155,0.3333333333333333,0.0,0.25
PDH/PDL sweep-reclaim 2R,14:30-15:30,hold,MNQ,OOS,3,0.02727272727272727,0.3333333333333333,0.4523880898826212,0.5879297649628866,-134.73872545243535,326.98,-0.5910300060107512,0.5,0.3333333333333333,0.0
PDH/PDL sweep-reclaim 2R,15:30-16:00,flat,MNQ,ALL,2,0.007194244604316547,1.0,1.0689612231689203,inf,165.5180693337857,0.0,1.2886888769721832,1.0,0.5,0.0
PDH/PDL sweep-reclaim 2R,15:30-16:00,flat,MNQ,IS,1,0.005952380952380952,1.0,1.9773511988376695,inf,108.25806933378568,0.0,1.2247448713915892,1.0,1.0,0.0
PDH/PDL sweep-reclaim 2R,15:30-16:00,flat,MNQ,OOS,1,0.00909090909090909,1.0,0.1605712475001712,inf,57.26,0.0,1.5135749373285388,1.0,0.0,0.0
PDH/PDL sweep-reclaim 2R,15:30-16:00,hold,MNQ,ALL,0,0.0,,,,0.0,0.0,,,,
PDH/PDL sweep-reclaim 2R,15:30-16:00,hold,MNQ,IS,0,0.0,,,,0.0,0.0,,,,
PDH/PDL sweep-reclaim 2R,15:30-16:00,hold,MNQ,OOS,0,0.0,,,,0.0,0.0,,,,
PDH/PDL sweep-reclaim 2R,Full RTH,hold,MNQ,ALL,199,0.7158273381294964,0.3417085427135678,-0.10340347664570497,0.7237554184780913,-5551.982233699249,7471.452612724485,-1.6128200642126862,0.21428571428571427,0.19597989949748743,0.5025125628140703
PDH/PDL sweep-reclaim 2R,Full RTH,hold,MNQ,IS,128,0.7619047619047619,0.390625,-0.007315028149139306,1.015731019679953,159.82519658352987,1759.6451824417124,0.0745394493551536,0.375,0.234375,0.4765625
PDH/PDL sweep-reclaim 2R,Full RTH,hold,MNQ,OOS,71,0.6454545454545455,0.2535211267605634,-0.276633355625429,0.4252669621955164,-5711.807430282779,5935.233417237409,-4.496987214958991,0.0,0.1267605633802817,0.5492957746478874
IB Trend Breakout (first break),09:30-11:30,flat,MES,ALL,75,0.2697841726618705,0.5333333333333333,-0.031908708929403076,0.9315818995317044,-131.1250000000001,453.35999999999996,-0.22387842616348277,0.5,0.0,0.17333333333333334
IB Trend Breakout (first break),09:30-11:30,flat,MES,IS,44,0.2619047619047619,0.5227272727272727,-0.01696751516087297,0.9152340114790524,-95.18500000000003,354.33500000000004,-0.2578864416257403,0.5,0.0,0.13636363636363635
IB Trend Breakout (first break),09:30-11:30,flat,MES,OOS,31,0.2818181818181818,0.5483870967741935,-0.053115564600865174,0.9547132722621944,-35.93999999999993,377.4,-0.16577104508231907,0.5,0.0,0.22580645161290322
IB Trend Breakout (first break),09:30-11:30,hold,MES,ALL,78,0.2805755395683453,0.3974358974358974,-0.02569709466297609,0.9655739097615569,-123.59500000000035,879.1450000000001,-0.12072675126689088,0.35714285714285715,0.1794871794871795,0.47435897435897434
IB Trend Breakout (first break),09:30-11:30,hold,MES,IS,46,0.27380952380952384,0.45652173913043476,0.0993722842742021,1.1694456370753883,335.4599999999998,562.41,0.532053817699706,0.375,0.21739130434782608,0.45652173913043476
IB Trend Breakout (first break),09:30-11:30,hold,MES,OOS,32,0.2909090909090909,0.3125,-0.2054843268851697,0.7149443773460712,-459.05499999999995,879.1450000000001,-1.1668273457511111,0.3333333333333333,0.125,0.5
IB Trend Breakout (first break),11:30-13:30,flat,MES,ALL,25,0.08992805755395683,0.48,0.060031527420207544,1.4376985998985303,245.87499999999997,361.785,0.6050841859486967,0.5,0.04,0.12
IB Trend Breakout (first break),11:30-13:30,flat,MES,IS,19,0.1130952380952381,0.47368421052631576,0.07893222276472654,1.6699701036829717,263.315,361.785,0.8970504461139954,0.5,0.05263157894736842,0.10526315789473684
IB Trend Breakout (first break),11:30-13:30,flat,MES,OOS,6,0.05454545454545454,0.5,0.00017932549589744218,0.8966334755808442,-17.439999999999976,168.71999999999997,-0.18367696582161078,0.5,0.0,0.16666666666666666
IB Trend Breakout (first break),11:30-13:30,hold,MES,ALL,26,0.09352517985611511,0.5384615384615384,0.32400820590549695,2.018429043196879,919.01,513.065,1.3552110418760384,0.5833333333333334,0.2692307692307692,0.3076923076923077
IB Trend Breakout (first break),11:30-13:30,hold,MES,IS,19,0.1130952380952381,0.5789473684210527,0.38844648294220735,2.3972358557370645,858.3149999999999,513.065,1.7981645649370306,0.6666666666666666,0.2631578947368421,0.2631578947368421
IB Trend Breakout (first break),11:30-13:30,hold,MES,OOS,7,0.06363636363636363,0.42857142857142855,0.14910431109156877,1.210684346633806,60.69499999999998,274.34499999999997,0.3356183209524762,0.5,0.2857142857142857,0.42857142857142855
IB Trend Breakout (first break),13:30-16:00,flat,MES,ALL,3,0.01079136690647482,0.3333333333333333,-0.2302509302056515,0.1954523463957426,-108.095,134.355,-0.7786271024744019,0.5,0.0,0.3333333333333333
IB Trend Breakout (first break),13:30-16:00,flat,MES,IS,1,0.005952380952380952,1.0,0.4079223300970874,inf,26.26,0.0,1.2247448713915892,1.0,0.0,0.0
IB Trend Breakout (first break),13:30-16:00,flat,MES,OOS,2,0.01818181818181818,0.0,-0.549337560357021,0.0,-134.35500000000002,134.35500000000002,-1.5713453116882952,0.0,0.0,0.5
IB Trend Breakout (first break),13:30-16:00,hold,MES,ALL,3,0.01079136690647482,0.3333333333333333,-0.2302509302056515,0.1954523463957426,-108.095,134.355,-0.7786271024744019,0.5,0.0,0.3333333333333333
IB Trend Breakout (first break),13:30-16:00,hold,MES,IS,1,0.005952380952380952,1.0,0.4079223300970874,inf,26.26,0.0,1.2247448713915892,1.0,0.0,0.0
IB Trend Breakout (first break),13:30-16:00,hold,MES,OOS,2,0.01818181818181818,0.0,-0.549337560357021,0.0,-134.35500000000002,134.35500000000002,-1.5713453116882952,0.0,0.0,0.5
IB Trend Breakout (first break),09:30-10:30,flat,MES,ALL,0,0.0,,,,0.0,0.0,,,,
IB Trend Breakout (first break),09:30-10:30,flat,MES,IS,0,0.0,,,,0.0,0.0,,,,
IB Trend Breakout (first break),09:30-10:30,flat,MES,OOS,0,0.0,,,,0.0,0.0,,,,
IB Trend Breakout (first break),09:30-10:30,hold,MES,ALL,0,0.0,,,,0.0,0.0,,,,
IB Trend Breakout (first break),09:30-10:30,hold,MES,IS,0,0.0,,,,0.0,0.0,,,,
IB Trend Breakout (first break),09:30-10:30,hold,MES,OOS,0,0.0,,,,0.0,0.0,,,,
IB Trend Breakout (first break),10:30-11:30,flat,MES,ALL,75,0.2697841726618705,0.5333333333333333,-0.031908708929403076,0.9315818995317044,-131.1250000000001,453.35999999999996,-0.22387842616348277,0.5,0.0,0.17333333333333334
IB Trend Breakout (first break),10:30-11:30,flat,MES,IS,44,0.2619047619047619,0.5227272727272727,-0.01696751516087297,0.9152340114790524,-95.18500000000003,354.33500000000004,-0.2578864416257403,0.5,0.0,0.13636363636363635
IB Trend Breakout (first break),10:30-11:30,flat,MES,OOS,31,0.2818181818181818,0.5483870967741935,-0.053115564600865174,0.9547132722621944,-35.93999999999993,377.4,-0.16577104508231907,0.5,0.0,0.22580645161290322
IB Trend Breakout (first break),10:30-11:30,hold,MES,ALL,78,0.2805755395683453,0.3974358974358974,-0.02569709466297609,0.9655739097615569,-123.59500000000035,879.1450000000001,-0.12072675126689088,0.35714285714285715,0.1794871794871795,0.47435897435897434
IB Trend Breakout (first break),10:30-11:30,hold,MES,IS,46,0.27380952380952384,0.45652173913043476,0.0993722842742021,1.1694456370753883,335.4599999999998,562.41,0.532053817699706,0.375,0.21739130434782608,0.45652173913043476
IB Trend Breakout (first break),10:30-11:30,hold,MES,OOS,32,0.2909090909090909,0.3125,-0.2054843268851697,0.7149443773460712,-459.05499999999995,879.1450000000001,-1.1668273457511111,0.3333333333333333,0.125,0.5
IB Trend Breakout (first break),11:30-12:30,flat,MES,ALL,15,0.0539568345323741,0.3333333333333333,-0.024475830573736874,0.7988560533841756,-21.09999999999999,64.95,-0.3456804290530643,0.4444444444444444,0.0,0.0
IB Trend Breakout (first break),11:30-12:30,flat,MES,IS,11,0.06547619047619048,0.2727272727272727,-0.04711503347159656,0.5085622767032155,-39.88999999999999,64.95,-1.0639463644906588,0.4,0.0,0.0
IB Trend Breakout (first break),11:30-12:30,flat,MES,OOS,4,0.03636363636363636,0.5,0.03778197739537727,1.7918246944795622,18.790000000000006,17.49,0.798159112419968,0.5,0.0,0.0
IB Trend Breakout (first break),11:30-12:30,hold,MES,ALL,18,0.06474820143884892,0.5,0.2828076200253384,1.6772432518305627,468.92999999999995,316.83500000000004,0.8482405022953012,0.6,0.2777777777777778,0.3333333333333333
IB Trend Breakout (first break),11:30-12:30,hold,MES,IS,13,0.07738095238095238,0.5384615384615384,0.3238072720575436,2.0572638226113162,442.00499999999994,316.83500000000004,1.1954643176077906,0.8,0.23076923076923078,0.23076923076923078
IB Trend Breakout (first break),11:30-12:30,hold,MES,OOS,5,0.045454545454545456,0.4,0.1762085247416048,1.0981428493320455,26.92500000000001,274.34499999999997,0.1513706496010965,0.4,0.4,0.6
IB Trend Breakout (first break),12:30-13:30,flat,MES,ALL,7,0.025179856115107913,0.42857142857142855,0.04569748273152731,2.034247474084766,78.82000000000001,76.21,0.6835651146143261,0.5,0.0,0.0
IB Trend Breakout (first break),12:30-13:30,flat,MES,IS,6,0.03571428571428571,0.3333333333333333,0.0330122805780862,1.8044876000524868,61.31000000000001,76.21,0.6920622146192311,0.3333333333333333,0.0,0.0
IB Trend Breakout (first break),12:30-13:30,flat,MES,OOS,1,0.00909090909090909,1.0,0.12180869565217392,inf,17.51,0.0,1.5135749373285394,1.0,0.0,0.0
IB Trend Breakout (first break),12:30-13:30,hold,MES,ALL,8,0.02877697841726619,0.625,0.4167095241358538,3.143544315854646,450.08,196.23,1.1398092192368436,0.5,0.25,0.25
IB Trend Breakout (first break),12:30-13:30,hold,MES,IS,6,0.03571428571428571,0.6666666666666666,0.5284981065256456,3.121541048769301,416.30999999999995,196.23,1.368023602420565,0.3333333333333333,0.3333333333333333,0.3333333333333333
IB Trend Breakout (first break),12:30-13:30,hold,MES,OOS,2,0.01818181818181818,0.5,0.08134377696647858,3.457787481804949,33.769999999999996,13.74,1.0309725481211234,1.0,0.0,0.0
IB Trend Breakout (first break),13:30-14:30,flat,MES,ALL,3,0.01079136690647482,0.6666666666666666,0.03885279397900095,0.5940742592824104,-32.46999999999999,79.99,-0.3545880457606533,0.5,0.0,0.0
IB Trend Breakout (first break),13:30-14:30,flat,MES,IS,1,0.005952380952380952,1.0,0.29141747572815535,inf,18.76,0.0,1.2247448713915892,1.0,0.0,0.0
IB Trend Breakout (first break),13:30-14:30,flat,MES,OOS,2,0.01818181818181818,0.5,-0.08742954689557622,0.35954494311788976,-51.22999999999999,79.99,-0.9095536595395571,0.0,0.0,0.0
IB Trend Breakout (first break),13:30-14:30,hold,MES,ALL,3,0.01079136690647482,0.3333333333333333,-0.2302509302056515,0.1954523463957426,-108.095,134.355,-0.7786271024744019,0.5,0.0,0.3333333333333333
IB Trend Breakout (first break),13:30-14:30,hold,MES,IS,1,0.005952380952380952,1.0,0.4079223300970874,inf,26.26,0.0,1.2247448713915892,1.0,0.0,0.0
IB Trend Breakout (first break),13:30-14:30,hold,MES,OOS,2,0.01818181818181818,0.0,-0.549337560357021,0.0,-134.35500000000002,134.35500000000002,-1.5713453116882952,0.0,0.0,0.5
IB Trend Breakout (first break),14:30-15:30,flat,MES,ALL,0,0.0,,,,0.0,0.0,,,,
IB Trend Breakout (first break),14:30-15:30,flat,MES,IS,0,0.0,,,,0.0,0.0,,,,
IB Trend Breakout (first break),14:30-15:30,flat,MES,OOS,0,0.0,,,,0.0,0.0,,,,
IB Trend Breakout (first break),14:30-15:30,hold,MES,ALL,0,0.0,,,,0.0,0.0,,,,
IB Trend Breakout (first break),14:30-15:30,hold,MES,IS,0,0.0,,,,0.0,0.0,,,,
IB Trend Breakout (first break),14:30-15:30,hold,MES,OOS,0,0.0,,,,0.0,0.0,,,,
IB Trend Breakout (first break),15:30-16:00,flat,MES,ALL,0,0.0,,,,0.0,0.0,,,,
IB Trend Breakout (first break),15:30-16:00,flat,MES,IS,0,0.0,,,,0.0,0.0,,,,
IB Trend Breakout (first break),15:30-16:00,flat,MES,OOS,0,0.0,,,,0.0,0.0,,,,
IB Trend Breakout (first break),15:30-16:00,hold,MES,ALL,0,0.0,,,,0.0,0.0,,,,
IB Trend Breakout (first break),15:30-16:00,hold,MES,IS,0,0.0,,,,0.0,0.0,,,,
IB Trend Breakout (first break),15:30-16:00,hold,MES,OOS,0,0.0,,,,0.0,0.0,,,,
IB Trend Breakout (first break),Full RTH,hold,MES,ALL,107,0.38489208633093525,0.42990654205607476,0.053542870833774125,1.148549025371254,687.3199999999995,1076.6250000000002,0.5558824938586298,0.5714285714285714,0.19626168224299065,0.42990654205607476
IB Trend Breakout (first break),Full RTH,hold,MES,IS,66,0.39285714285714285,0.5,0.18726561488806545,1.4703214477775057,1220.0349999999996,765.4950000000001,1.5453594442593819,0.625,0.22727272727272727,0.3939393939393939
IB Trend Breakout (first break),Full RTH,hold,MES,OOS,41,0.37272727272727274,0.3170731707317073,-0.1617181317902071,0.737946080493102,-532.7150000000001,1076.625,-1.2076296517360883,0.5,0.14634146341463414,0.4878048780487805
IB Trend Breakout (11:00 confirm),09:30-11:30,flat,MES,ALL,46,0.16546762589928057,0.5217391304347826,-0.05197473328206516,1.1209179891554943,103.58500000000004,203.6400000000001,0.22073999491431462,0.46153846153846156,0.0,0.08695652173913043
IB Trend Breakout (11:00 confirm),09:30-11:30,flat,MES,IS,27,0.16071428571428573,0.5555555555555556,-0.0655999679661957,0.8972625420828962,-37.22999999999999,145.555,-0.29235229989688283,0.5,0.0,0.07407407407407407
IB Trend Breakout (11:00 confirm),09:30-11:30,flat,MES,OOS,19,0.17272727272727273,0.47368421052631576,-0.032612557678300735,1.284892013555207,140.81499999999994,203.6400000000001,0.5078002953361697,0.4,0.0,0.10526315789473684
IB Trend Breakout (11:00 confirm),09:30-11:30,hold,MES,ALL,46,0.16546762589928057,0.45652173913043476,0.08773891696348483,1.5423975720789078,982.9599999999996,449.29499999999996,0.9991680309359499,0.5384615384615384,0.13043478260869565,0.32608695652173914
IB Trend Breakout (11:00 confirm),09:30-11:30,hold,MES,IS,27,0.16071428571428573,0.4444444444444444,0.07733397088144633,1.4314703634974346,395.2699999999998,449.29499999999996,0.9312648118360005,0.5,0.1111111111111111,0.3333333333333333
IB Trend Breakout (11:00 confirm),09:30-11:30,hold,MES,OOS,19,0.17272727272727273,0.47368421052631576,0.10252489297480277,1.6557942308765272,587.6899999999998,433.07500000000005,1.1384534069660024,0.6,0.15789473684210525,0.3157894736842105
IB Trend Breakout (11:00 confirm),11:30-13:30,flat,MES,ALL,0,0.0,,,,0.0,0.0,,,,
IB Trend Breakout (11:00 confirm),11:30-13:30,flat,MES,IS,0,0.0,,,,0.0,0.0,,,,
IB Trend Breakout (11:00 confirm),11:30-13:30,flat,MES,OOS,0,0.0,,,,0.0,0.0,,,,
IB Trend Breakout (11:00 confirm),11:30-13:30,hold,MES,ALL,0,0.0,,,,0.0,0.0,,,,
IB Trend Breakout (11:00 confirm),11:30-13:30,hold,MES,IS,0,0.0,,,,0.0,0.0,,,,
IB Trend Breakout (11:00 confirm),11:30-13:30,hold,MES,OOS,0,0.0,,,,0.0,0.0,,,,
IB Trend Breakout (11:00 confirm),13:30-16:00,flat,MES,ALL,0,0.0,,,,0.0,0.0,,,,
IB Trend Breakout (11:00 confirm),13:30-16:00,flat,MES,IS,0,0.0,,,,0.0,0.0,,,,
IB Trend Breakout (11:00 confirm),13:30-16:00,flat,MES,OOS,0,0.0,,,,0.0,0.0,,,,
IB Trend Breakout (11:00 confirm),13:30-16:00,hold,MES,ALL,0,0.0,,,,0.0,0.0,,,,
IB Trend Breakout (11:00 confirm),13:30-16:00,hold,MES,IS,0,0.0,,,,0.0,0.0,,,,
IB Trend Breakout (11:00 confirm),13:30-16:00,hold,MES,OOS,0,0.0,,,,0.0,0.0,,,,
IB Trend Breakout (11:00 confirm),09:30-10:30,flat,MES,ALL,0,0.0,,,,0.0,0.0,,,,
IB Trend Breakout (11:00 confirm),09:30-10:30,flat,MES,IS,0,0.0,,,,0.0,0.0,,,,
IB Trend Breakout (11:00 confirm),09:30-10:30,flat,MES,OOS,0,0.0,,,,0.0,0.0,,,,
IB Trend Breakout (11:00 confirm),09:30-10:30,hold,MES,ALL,0,0.0,,,,0.0,0.0,,,,
IB Trend Breakout (11:00 confirm),09:30-10:30,hold,MES,IS,0,0.0,,,,0.0,0.0,,,,
IB Trend Breakout (11:00 confirm),09:30-10:30,hold,MES,OOS,0,0.0,,,,0.0,0.0,,,,
IB Trend Breakout (11:00 confirm),10:30-11:30,flat,MES,ALL,46,0.16546762589928057,0.5217391304347826,-0.05197473328206516,1.1209179891554943,103.58500000000004,203.6400000000001,0.22073999491431462,0.46153846153846156,0.0,0.08695652173913043
IB Trend Breakout (11:00 confirm),10:30-11:30,flat,MES,IS,27,0.16071428571428573,0.5555555555555556,-0.0655999679661957,0.8972625420828962,-37.22999999999999,145.555,-0.29235229989688283,0.5,0.0,0.07407407407407407
IB Trend Breakout (11:00 confirm),10:30-11:30,flat,MES,OOS,19,0.17272727272727273,0.47368421052631576,-0.032612557678300735,1.284892013555207,140.81499999999994,203.6400000000001,0.5078002953361697,0.4,0.0,0.10526315789473684
IB Trend Breakout (11:00 confirm),10:30-11:30,hold,MES,ALL,46,0.16546762589928057,0.45652173913043476,0.08773891696348483,1.5423975720789078,982.9599999999996,449.29499999999996,0.9991680309359499,0.5384615384615384,0.13043478260869565,0.32608695652173914
IB Trend Breakout (11:00 confirm),10:30-11:30,hold,MES,IS,27,0.16071428571428573,0.4444444444444444,0.07733397088144633,1.4314703634974346,395.2699999999998,449.29499999999996,0.9312648118360005,0.5,0.1111111111111111,0.3333333333333333
IB Trend Breakout (11:00 confirm),10:30-11:30,hold,MES,OOS,19,0.17272727272727273,0.47368421052631576,0.10252489297480277,1.6557942308765272,587.6899999999998,433.07500000000005,1.1384534069660024,0.6,0.15789473684210525,0.3157894736842105
IB Trend Breakout (11:00 confirm),11:30-12:30,flat,MES,ALL,0,0.0,,,,0.0,0.0,,,,
IB Trend Breakout (11:00 confirm),11:30-12:30,flat,MES,IS,0,0.0,,,,0.0,0.0,,,,
IB Trend Breakout (11:00 confirm),11:30-12:30,flat,MES,OOS,0,0.0,,,,0.0,0.0,,,,
IB Trend Breakout (11:00 confirm),11:30-12:30,hold,MES,ALL,0,0.0,,,,0.0,0.0,,,,
IB Trend Breakout (11:00 confirm),11:30-12:30,hold,MES,IS,0,0.0,,,,0.0,0.0,,,,
IB Trend Breakout (11:00 confirm),11:30-12:30,hold,MES,OOS,0,0.0,,,,0.0,0.0,,,,
IB Trend Breakout (11:00 confirm),12:30-13:30,flat,MES,ALL,0,0.0,,,,0.0,0.0,,,,
IB Trend Breakout (11:00 confirm),12:30-13:30,flat,MES,IS,0,0.0,,,,0.0,0.0,,,,
IB Trend Breakout (11:00 confirm),12:30-13:30,flat,MES,OOS,0,0.0,,,,0.0,0.0,,,,
IB Trend Breakout (11:00 confirm),12:30-13:30,hold,MES,ALL,0,0.0,,,,0.0,0.0,,,,
IB Trend Breakout (11:00 confirm),12:30-13:30,hold,MES,IS,0,0.0,,,,0.0,0.0,,,,
IB Trend Breakout (11:00 confirm),12:30-13:30,hold,MES,OOS,0,0.0,,,,0.0,0.0,,,,
IB Trend Breakout (11:00 confirm),13:30-14:30,flat,MES,ALL,0,0.0,,,,0.0,0.0,,,,
IB Trend Breakout (11:00 confirm),13:30-14:30,flat,MES,IS,0,0.0,,,,0.0,0.0,,,,
IB Trend Breakout (11:00 confirm),13:30-14:30,flat,MES,OOS,0,0.0,,,,0.0,0.0,,,,
IB Trend Breakout (11:00 confirm),13:30-14:30,hold,MES,ALL,0,0.0,,,,0.0,0.0,,,,
IB Trend Breakout (11:00 confirm),13:30-14:30,hold,MES,IS,0,0.0,,,,0.0,0.0,,,,
IB Trend Breakout (11:00 confirm),13:30-14:30,hold,MES,OOS,0,0.0,,,,0.0,0.0,,,,
IB Trend Breakout (11:00 confirm),14:30-15:30,flat,MES,ALL,0,0.0,,,,0.0,0.0,,,,
IB Trend Breakout (11:00 confirm),14:30-15:30,flat,MES,IS,0,0.0,,,,0.0,0.0,,,,
IB Trend Breakout (11:00 confirm),14:30-15:30,flat,MES,OOS,0,0.0,,,,0.0,0.0,,,,
IB Trend Breakout (11:00 confirm),14:30-15:30,hold,MES,ALL,0,0.0,,,,0.0,0.0,,,,
IB Trend Breakout (11:00 confirm),14:30-15:30,hold,MES,IS,0,0.0,,,,0.0,0.0,,,,
IB Trend Breakout (11:00 confirm),14:30-15:30,hold,MES,OOS,0,0.0,,,,0.0,0.0,,,,
IB Trend Breakout (11:00 confirm),15:30-16:00,flat,MES,ALL,0,0.0,,,,0.0,0.0,,,,
IB Trend Breakout (11:00 confirm),15:30-16:00,flat,MES,IS,0,0.0,,,,0.0,0.0,,,,
IB Trend Breakout (11:00 confirm),15:30-16:00,flat,MES,OOS,0,0.0,,,,0.0,0.0,,,,
IB Trend Breakout (11:00 confirm),15:30-16:00,hold,MES,ALL,0,0.0,,,,0.0,0.0,,,,
IB Trend Breakout (11:00 confirm),15:30-16:00,hold,MES,IS,0,0.0,,,,0.0,0.0,,,,
IB Trend Breakout (11:00 confirm),15:30-16:00,hold,MES,OOS,0,0.0,,,,0.0,0.0,,,,
IB Trend Breakout (11:00 confirm),Full RTH,hold,MES,ALL,46,0.16546762589928057,0.45652173913043476,0.08773891696348483,1.5423975720789078,982.9599999999996,449.29499999999996,0.9991680309359499,0.5384615384615384,0.13043478260869565,0.32608695652173914
IB Trend Breakout (11:00 confirm),Full RTH,hold,MES,IS,27,0.16071428571428573,0.4444444444444444,0.07733397088144633,1.4314703634974346,395.2699999999998,449.29499999999996,0.9312648118360005,0.5,0.1111111111111111,0.3333333333333333
IB Trend Breakout (11:00 confirm),Full RTH,hold,MES,OOS,19,0.17272727272727273,0.47368421052631576,0.10252489297480277,1.6557942308765272,587.6899999999998,433.07500000000005,1.1384534069660024,0.6,0.15789473684210525,0.3157894736842105
ORB 15-min breakout 2R,09:30-11:30,flat,MES,ALL,257,0.9244604316546763,0.4474708171206226,0.06489844017075415,1.0585732341253835,566.3199999999988,1680.4500000000007,0.36109859026497165,0.5714285714285714,0.21011673151750973,0.4708171206225681
ORB 15-min breakout 2R,09:30-11:30,flat,MES,IS,153,0.9107142857142857,0.46405228758169936,0.034693729563978565,1.0790094084957207,439.0299999999995,930.3550000000002,0.4573240554879011,0.625,0.1830065359477124,0.46405228758169936
ORB 15-min breakout 2R,09:30-11:30,flat,MES,OOS,104,0.9454545454545454,0.4230769230769231,0.10933421635187587,1.0309564921325909,127.28999999999971,1110.365,0.2083539712016353,0.5,0.25,0.4807692307692308
ORB 15-min breakout 2R,09:30-11:30,hold,MES,ALL,258,0.9280575539568345,0.3953488372093023,0.06631430417172605,1.0463915563959332,536.3299999999988,1842.3650000000007,0.2993776401605676,0.5,0.3178294573643411,0.5852713178294574
ORB 15-min breakout 2R,09:30-11:30,hold,MES,IS,154,0.9166666666666666,0.38961038961038963,0.05200638230109244,1.0806573242918247,554.0399999999995,1131.6550000000002,0.5014161511735328,0.5,0.3116883116883117,0.5844155844155844
ORB 15-min breakout 2R,09:30-11:30,hold,MES,OOS,104,0.9454545454545454,0.40384615384615385,0.08750103463401047,0.996225393658832,-17.710000000000434,1031.14,-0.025705555630679496,0.5,0.3269230769230769,0.5865384615384616
ORB 15-min breakout 2R,11:30-13:30,flat,MES,ALL,2,0.007194244604316547,0.5,0.0058550987962753265,0.943342223378651,-4.35499999999999,76.865,-0.039168543934810965,0.5,0.0,0.5
ORB 15-min breakout 2R,11:30-13:30,flat,MES,IS,0,0.0,,,,0.0,0.0,,,,
ORB 15-min breakout 2R,11:30-13:30,flat,MES,OOS,2,0.01818181818181818,0.5,0.0058550987962753265,0.943342223378651,-4.35499999999999,76.865,-0.06209618635847401,0.5,0.0,0.5
ORB 15-min breakout 2R,11:30-13:30,hold,MES,ALL,2,0.007194244604316547,0.5,0.4743235672647437,1.7889806804137123,60.644999999999996,76.865,0.3659565366187719,0.5,0.5,0.5
ORB 15-min breakout 2R,11:30-13:30,hold,MES,IS,0,0.0,,,,0.0,0.0,,,,
ORB 15-min breakout 2R,11:30-13:30,hold,MES,OOS,2,0.01818181818181818,0.5,0.4743235672647437,1.7889806804137123,60.644999999999996,76.865,0.5804060656721894,0.5,0.5,0.5
ORB 15-min breakout 2R,13:30-16:00,flat,MES,ALL,0,0.0,,,,0.0,0.0,,,,
ORB 15-min breakout 2R,13:30-16:00,flat,MES,IS,0,0.0,,,,0.0,0.0,,,,
ORB 15-min breakout 2R,13:30-16:00,flat,MES,OOS,0,0.0,,,,0.0,0.0,,,,
ORB 15-min breakout 2R,13:30-16:00,hold,MES,ALL,0,0.0,,,,0.0,0.0,,,,
ORB 15-min breakout 2R,13:30-16:00,hold,MES,IS,0,0.0,,,,0.0,0.0,,,,
ORB 15-min breakout 2R,13:30-16:00,hold,MES,OOS,0,0.0,,,,0.0,0.0,,,,
ORB 15-min breakout 2R,09:30-10:30,flat,MES,ALL,227,0.8165467625899281,0.44052863436123346,-0.07830131631084825,0.8039113352046916,-1429.6050000000005,2070.820000000001,-1.2658196132944657,0.35714285714285715,0.08370044052863436,0.3656387665198238
ORB 15-min breakout 2R,09:30-10:30,flat,MES,IS,136,0.8095238095238095,0.4411764705882353,-0.08551815819799304,0.8314666454749998,-678.6400000000001,782.4550000000005,-1.016579335937907,0.375,0.0661764705882353,0.3235294117647059
ORB 15-min breakout 2R,09:30-10:30,flat,MES,OOS,91,0.8272727272727273,0.43956043956043955,-0.06751570645753294,0.769915422359687,-750.9650000000003,1345.2250000000001,-1.621256322493058,0.3333333333333333,0.10989010989010989,0.42857142857142855
ORB 15-min breakout 2R,09:30-10:30,hold,MES,ALL,234,0.841726618705036,0.3974358974358974,0.07273508793900837,1.0080996311973933,85.46499999999929,1598.6750000000002,0.0511309286220791,0.5714285714285714,0.32051282051282054,0.5811965811965812
ORB 15-min breakout 2R,09:30-10:30,hold,MES,IS,140,0.8333333333333334,0.39285714285714285,0.053462445505512615,1.017123587284166,107.64999999999964,1029.1650000000002,0.10640072585438937,0.625,0.30714285714285716,0.5785714285714286
ORB 15-min breakout 2R,09:30-10:30,hold,MES,OOS,94,0.8545454545454545,0.40425531914893614,0.10143902347825735,0.9947984380073928,-22.185000000000443,1133.65,-0.03347354349025217,0.5,0.3404255319148936,0.5851063829787234
ORB 15-min breakout 2R,10:30-11:30,flat,MES,ALL,23,0.08273381294964029,0.6521739130434783,0.42094311060332795,4.425170695700314,1020.855,121.18000000000006,2.001606594974964,0.6666666666666666,0.13043478260869565,0.17391304347826086
ORB 15-min breakout 2R,10:30-11:30,flat,MES,IS,13,0.07738095238095238,0.6923076923076923,0.36352431019583775,6.680953227814333,638.8799999999999,101.22000000000003,1.9435088399583338,0.6666666666666666,0.07692307692307693,0.15384615384615385
ORB 15-min breakout 2R,10:30-11:30,flat,MES,OOS,10,0.09090909090909091,0.6,0.4955875511330655,3.0582213002128404,381.975,83.74,2.1183558602794026,0.6666666666666666,0.2,0.2
ORB 15-min breakout 2R,10:30-11:30,hold,MES,ALL,24,0.08633093525179857,0.375,0.0037116624407235823,1.4467437885506205,450.8649999999999,526.7450000000001,0.6991799926452396,0.5833333333333334,0.2916666666666667,0.625
ORB 15-min breakout 2R,10:30-11:30,hold,MES,IS,14,0.08333333333333333,0.35714285714285715,0.037445750256890516,1.7664531858999675,446.3899999999999,321.7950000000001,1.0040014578236143,0.6666666666666666,0.35714285714285715,0.6428571428571429
ORB 15-min breakout 2R,10:30-11:30,hold,MES,OOS,10,0.09090909090909091,0.4,-0.043516060501910106,1.0104846362006958,4.475000000000037,244.97,0.023782345768838788,0.5,0.2,0.6
ORB 15-min breakout 2R,11:30-12:30,flat,MES,ALL,2,0.007194244604316547,0.0,-0.16800363388598683,0.0,-23.729999999999997,23.729999999999997,-1.21804972225016,0.0,0.0,0.0
ORB 15-min breakout 2R,11:30-12:30,flat,MES,IS,0,0.0,,,,0.0,0.0,,,,
ORB 15-min breakout 2R,11:30-12:30,flat,MES,OOS,2,0.01818181818181818,0.0,-0.16800363388598683,0.0,-23.729999999999997,23.729999999999997,-1.9398090391781475,0.0,0.0,0.0
ORB 15-min breakout 2R,11:30-12:30,hold,MES,ALL,2,0.007194244604316547,0.5,0.4743235672647437,1.7889806804137123,60.644999999999996,76.865,0.3659565366187719,0.5,0.5,0.5
ORB 15-min breakout 2R,11:30-12:30,hold,MES,IS,0,0.0,,,,0.0,0.0,,,,
ORB 15-min breakout 2R,11:30-12:30,hold,MES,OOS,2,0.01818181818181818,0.5,0.4743235672647437,1.7889806804137123,60.644999999999996,76.865,0.5804060656721894,0.5,0.5,0.5
ORB 15-min breakout 2R,12:30-13:30,flat,MES,ALL,0,0.0,,,,0.0,0.0,,,,
ORB 15-min breakout 2R,12:30-13:30,flat,MES,IS,0,0.0,,,,0.0,0.0,,,,
ORB 15-min breakout 2R,12:30-13:30,flat,MES,OOS,0,0.0,,,,0.0,0.0,,,,
ORB 15-min breakout 2R,12:30-13:30,hold,MES,ALL,0,0.0,,,,0.0,0.0,,,,
ORB 15-min breakout 2R,12:30-13:30,hold,MES,IS,0,0.0,,,,0.0,0.0,,,,
ORB 15-min breakout 2R,12:30-13:30,hold,MES,OOS,0,0.0,,,,0.0,0.0,,,,
ORB 15-min breakout 2R,13:30-14:30,flat,MES,ALL,0,0.0,,,,0.0,0.0,,,,
ORB 15-min breakout 2R,13:30-14:30,flat,MES,IS,0,0.0,,,,0.0,0.0,,,,
ORB 15-min breakout 2R,13:30-14:30,flat,MES,OOS,0,0.0,,,,0.0,0.0,,,,
ORB 15-min breakout 2R,13:30-14:30,hold,MES,ALL,0,0.0,,,,0.0,0.0,,,,
ORB 15-min breakout 2R,13:30-14:30,hold,MES,IS,0,0.0,,,,0.0,0.0,,,,
ORB 15-min breakout 2R,13:30-14:30,hold,MES,OOS,0,0.0,,,,0.0,0.0,,,,
ORB 15-min breakout 2R,14:30-15:30,flat,MES,ALL,0,0.0,,,,0.0,0.0,,,,
ORB 15-min breakout 2R,14:30-15:30,flat,MES,IS,0,0.0,,,,0.0,0.0,,,,
ORB 15-min breakout 2R,14:30-15:30,flat,MES,OOS,0,0.0,,,,0.0,0.0,,,,
ORB 15-min breakout 2R,14:30-15:30,hold,MES,ALL,0,0.0,,,,0.0,0.0,,,,
ORB 15-min breakout 2R,14:30-15:30,hold,MES,IS,0,0.0,,,,0.0,0.0,,,,
ORB 15-min breakout 2R,14:30-15:30,hold,MES,OOS,0,0.0,,,,0.0,0.0,,,,
ORB 15-min breakout 2R,15:30-16:00,flat,MES,ALL,0,0.0,,,,0.0,0.0,,,,
ORB 15-min breakout 2R,15:30-16:00,flat,MES,IS,0,0.0,,,,0.0,0.0,,,,
ORB 15-min breakout 2R,15:30-16:00,flat,MES,OOS,0,0.0,,,,0.0,0.0,,,,
ORB 15-min breakout 2R,15:30-16:00,hold,MES,ALL,0,0.0,,,,0.0,0.0,,,,
ORB 15-min breakout 2R,15:30-16:00,hold,MES,IS,0,0.0,,,,0.0,0.0,,,,
ORB 15-min breakout 2R,15:30-16:00,hold,MES,OOS,0,0.0,,,,0.0,0.0,,,,
ORB 15-min breakout 2R,Full RTH,hold,MES,ALL,260,0.935251798561151,0.39615384615384613,0.06945283696474928,1.0512961851483162,596.9749999999988,1704.8550000000007,0.3318261738167128,0.5,0.3192307692307692,0.5846153846153846
ORB 15-min breakout 2R,Full RTH,hold,MES,IS,154,0.9166666666666666,0.38961038961038963,0.05200638230109244,1.0806573242918247,554.0399999999995,1131.6550000000002,0.5014161511735328,0.5,0.3116883116883117,0.5844155844155844
ORB 15-min breakout 2R,Full RTH,hold,MES,OOS,106,0.9636363636363636,0.4056603773584906,0.09479957298553378,1.009003417041591,42.93499999999963,1031.14,0.061613810390206886,0.5,0.330188679245283,0.5849056603773585
ORB second break 2R,09:30-11:30,flat,MES,ALL,62,0.22302158273381295,0.41935483870967744,-0.09340038842219324,0.9746613087055119,-43.13000000000006,358.67,-0.07278757732025903,0.5384615384615384,0.03225806451612903,0.22580645161290322
ORB second break 2R,09:30-11:30,flat,MES,IS,33,0.19642857142857142,0.42424242424242425,-0.11054878334178311,1.0403829254653423,30.33000000000005,358.67,0.10299468423409845,0.5714285714285714,0.030303030303030304,0.21212121212121213
ORB second break 2R,09:30-11:30,flat,MES,OOS,29,0.2636363636363636,0.41379310344827586,-0.07388669765162542,0.9227614921983429,-73.45999999999998,263.55,-0.25541810526973785,0.5,0.034482758620689655,0.2413793103448276
ORB second break 2R,09:30-11:30,hold,MES,ALL,63,0.22661870503597123,0.3333333333333333,-0.15039731161495126,0.9606422835717378,-135.62000000000032,856.0900000000001,-0.12185359498054495,0.35714285714285715,0.19047619047619047,0.5396825396825397
ORB second break 2R,09:30-11:30,hold,MES,IS,34,0.20238095238095238,0.38235294117647056,-0.03239562614717145,1.2071478651261716,351.5899999999998,613.6400000000001,0.5290619381229302,0.375,0.23529411764705882,0.5
ORB second break 2R,09:30-11:30,hold,MES,OOS,29,0.2636363636363636,0.27586206896551724,-0.28874411526683114,0.7213618218628112,-487.2100000000001,856.09,-1.0852890586788977,0.3333333333333333,0.13793103448275862,0.5862068965517241
ORB second break 2R,11:30-13:30,flat,MES,ALL,28,0.10071942446043165,0.5,-0.11464801922460696,0.802357908228176,-209.71999999999997,521.1400000000001,-0.4664760070304862,0.46153846153846156,0.03571428571428571,0.32142857142857145
ORB second break 2R,11:30-13:30,flat,MES,IS,19,0.1130952380952381,0.47368421052631576,-0.05490789092838389,0.8664621810350451,-102.30999999999996,521.1400000000001,-0.3231227692048595,0.42857142857142855,0.05263157894736842,0.3684210526315789
ORB second break 2R,11:30-13:30,flat,MES,OOS,9,0.08181818181818182,0.5555555555555556,-0.24076606784996674,0.6358489286682941,-107.40999999999997,294.96,-0.8899421648904206,0.5,0.0,0.2222222222222222
ORB second break 2R,11:30-13:30,hold,MES,ALL,30,0.1079136690647482,0.43333333333333335,-0.0982174331206333,0.8759800747517356,-193.4500000000001,747.4100000000001,-0.2886465021136286,0.5,0.13333333333333333,0.5
ORB second break 2R,11:30-13:30,hold,MES,IS,21,0.125,0.42857142857142855,0.07016990791237442,1.1059740169090764,121.45999999999994,747.4100000000001,0.24457772788765764,0.625,0.19047619047619047,0.47619047619047616
ORB second break 2R,11:30-13:30,hold,MES,OOS,9,0.08181818181818182,0.4444444444444444,-0.4911212288643178,0.2387962291515591,-314.90999999999997,353.67,-2.463162105653338,0.3333333333333333,0.0,0.5555555555555556
ORB second break 2R,13:30-16:00,flat,MES,ALL,15,0.0539568345323741,0.6,-0.018506375229685634,0.8607581896847744,-81.10000000000004,237.40000000000003,-0.2220287023962294,0.5,0.06666666666666667,0.26666666666666666
ORB second break 2R,13:30-16:00,flat,MES,IS,8,0.047619047619047616,0.75,0.06909858879275728,1.0572810513187114,18.829999999999984,174.99,0.08011438854710289,0.6,0.0,0.25
ORB second break 2R,13:30-16:00,flat,MES,OOS,7,0.06363636363636363,0.42857142857142855,-0.11862633411247751,0.6061251034645855,-99.93000000000002,233.70000000000002,-0.7716932694983529,0.3333333333333333,0.14285714285714285,0.2857142857142857
ORB second break 2R,13:30-16:00,hold,MES,ALL,11,0.039568345323741004,0.5454545454545454,-0.2444216772883342,0.5199753282227508,-272.39000000000004,309.93000000000006,-0.8167813308652828,0.5,0.0,0.36363636363636365
ORB second break 2R,13:30-16:00,hold,MES,IS,7,0.041666666666666664,0.7142857142857143,0.007531392117830969,0.8367048945943479,-53.68000000000005,174.99,-0.23606818892835454,0.6,0.0,0.2857142857142857
ORB second break 2R,13:30-16:00,hold,MES,OOS,4,0.03636363636363636,0.25,-0.6853395487491232,0.0838220509383378,-218.71,218.71,-2.164909471288005,0.3333333333333333,0.0,0.5
ORB second break 2R,09:30-10:30,flat,MES,ALL,9,0.03237410071942446,0.5555555555555556,-0.04322733821547345,1.194934348535467,25.09000000000004,128.71,0.19157660188466877,0.7142857142857143,0.0,0.1111111111111111
ORB second break 2R,09:30-10:30,flat,MES,IS,5,0.02976190476190476,0.2,-0.22050832992847988,0.5536477352187087,-57.45,128.71,-0.6162848664616685,0.3333333333333333,0.0,0.2
ORB second break 2R,09:30-10:30,flat,MES,OOS,4,0.03636363636363636,1.0,0.17837390142578463,inf,82.54,0.0,2.50974411856882,1.0,0.0,0.0
ORB second break 2R,09:30-10:30,hold,MES,ALL,16,0.05755395683453238,0.25,-0.45684132295507274,0.5410594182987167,-511.09000000000015,602.4300000000001,-0.9819220240835768,0.3333333333333333,0.125,0.75
ORB second break 2R,09:30-10:30,hold,MES,IS,10,0.05952380952380952,0.3,-0.4163895205218287,0.645352987069037,-213.6500000000001,602.4300000000001,-0.6866171464600159,0.4,0.1,0.7
ORB second break 2R,09:30-10:30,hold,MES,OOS,6,0.05454545454545454,0.16666666666666666,-0.5242609936771464,0.41815336463223785,-297.44,393.71,-1.4157994450812708,0.25,0.16666666666666666,0.8333333333333334
ORB second break 2R,10:30-11:30,flat,MES,ALL,46,0.16546762589928057,0.43478260869565216,-0.054684298351035,1.030641872040372,35.46000000000005,386.21000000000004,0.07259205828564429,0.46153846153846156,0.021739130434782608,0.17391304347826086
ORB second break 2R,10:30-11:30,flat,MES,IS,23,0.13690476190476192,0.43478260869565216,0.012407169077528942,1.5912815470337596,216.4799999999999,252.45000000000002,0.9000667127815711,0.42857142857142855,0.043478260869565216,0.08695652173913043
ORB second break 2R,10:30-11:30,flat,MES,OOS,23,0.20909090909090908,0.43478260869565216,-0.12177576577959895,0.771185155222975,-181.02,386.21,-0.7602712854077391,0.5,0.0,0.2608695652173913
ORB second break 2R,10:30-11:30,hold,MES,ALL,47,0.16906474820143885,0.3617021276595745,-0.0460759460523567,1.1609939113283598,375.4699999999996,539.8700000000001,0.3819681320097857,0.42857142857142855,0.2127659574468085,0.46808510638297873
ORB second break 2R,10:30-11:30,hold,MES,IS,24,0.14285714285714285,0.4166666666666667,0.12760182984226912,1.5162669199715029,565.2399999999999,394.92,0.9639437844947568,0.5,0.2916666666666667,0.4166666666666667
ORB second break 2R,10:30-11:30,hold,MES,OOS,23,0.20909090909090908,0.30434782608695654,-0.227304929594575,0.8466306754812742,-189.77000000000015,539.87,-0.4776500174090946,0.3333333333333333,0.13043478260869565,0.5217391304347826
ORB second break 2R,11:30-12:30,flat,MES,ALL,14,0.050359712230215826,0.5714285714285714,-0.046238465553675265,1.313595880879488,90.14000000000001,188.71000000000004,0.3428112984930442,0.5555555555555556,0.0,0.21428571428571427
ORB second break 2R,11:30-12:30,flat,MES,IS,11,0.06547619047619048,0.6363636363636364,0.06165109909085222,2.087846457149484,187.61,96.24,0.979987613332833,0.6666666666666666,0.0,0.18181818181818182
ORB second break 2R,11:30-12:30,flat,MES,OOS,3,0.02727272727272727,0.3333333333333333,-0.44183353591694274,0.1522873543224909,-97.46999999999998,114.97999999999999,-1.6919663894267167,0.3333333333333333,0.0,0.3333333333333333
ORB second break 2R,11:30-12:30,hold,MES,ALL,16,0.05755395683453238,0.4375,0.009011437895005803,1.2299467810333848,191.40999999999994,463.69000000000005,0.33678540853879213,0.5555555555555556,0.1875,0.5
ORB second break 2R,11:30-12:30,hold,MES,IS,13,0.07738095238095238,0.46153846153846156,0.1407331323080513,1.4703924290597523,315.12999999999994,463.69000000000005,0.7317451393099301,0.6666666666666666,0.23076923076923078,0.46153846153846156
ORB second break 2R,11:30-12:30,hold,MES,OOS,3,0.02727272727272727,0.3333333333333333,-0.5617825712281914,0.23855243722304284,-123.72,162.48,-1.542020469876157,0.3333333333333333,0.0,0.6666666666666666
ORB second break 2R,12:30-13:30,flat,MES,ALL,12,0.04316546762589928,0.3333333333333333,-0.2532882612959794,0.4213274999014623,-293.63000000000005,293.63000000000005,-1.0603826523148114,0.3333333333333333,0.0,0.25
ORB second break 2R,12:30-13:30,flat,MES,IS,6,0.03571428571428571,0.16666666666666666,-0.20110331994888134,0.32476619328022166,-194.94000000000005,288.70000000000005,-1.1257586649883464,0.2,0.0,0.3333333333333333
ORB second break 2R,12:30-13:30,flat,MES,OOS,6,0.05454545454545454,0.5,-0.3054732026430775,0.5487838332114119,-98.69,218.72,-0.9491533723913839,0.5,0.0,0.16666666666666666
ORB second break 2R,12:30-13:30,hold,MES,ALL,14,0.050359712230215826,0.42857142857142855,-0.22076471428136366,0.4709246377608533,-384.86,506.1400000000001,-1.0861089834377995,0.36363636363636365,0.07142857142857142,0.5
ORB second break 2R,12:30-13:30,hold,MES,IS,8,0.047619047619047616,0.375,-0.04449533173060051,0.5933011339773203,-193.67,458.71000000000004,-0.7862690134820616,0.2857142857142857,0.125,0.5
ORB second break 2R,12:30-13:30,hold,MES,OOS,6,0.05454545454545454,0.5,-0.45579055768238125,0.23895390494387392,-191.19,251.22,-1.9026668918018257,0.5,0.0,0.5
ORB second break 2R,13:30-14:30,flat,MES,ALL,7,0.025179856115107913,0.14285714285714285,-0.4029314403083694,0.04676088636306987,-382.43000000000006,382.43000000000006,-1.9420226567188055,0.14285714285714285,0.0,0.0
ORB second break 2R,13:30-14:30,flat,MES,IS,5,0.02976190476190476,0.2,-0.41835879002691634,0.06228212874738554,-282.45000000000005,301.21000000000004,-2.05097271002391,0.2,0.0,0.0
ORB second break 2R,13:30-14:30,flat,MES,OOS,2,0.01818181818181818,0.0,-0.36436306601200213,0.0,-99.97999999999999,99.97999999999999,-1.839355547622557,0.0,0.0,0.0
ORB second break 2R,13:30-14:30,hold,MES,ALL,7,0.025179856115107913,0.5714285714285714,-0.2707874587854384,0.2575560470057673,-342.43000000000006,362.44000000000005,-1.1803916614752255,0.5714285714285714,0.0,0.42857142857142855
ORB second break 2R,13:30-14:30,hold,MES,IS,5,0.02976190476190476,0.6,-0.19797805604756796,0.30048976363581054,-229.95000000000005,313.72,-1.1642644976769538,0.6,0.0,0.4
ORB second break 2R,13:30-14:30,hold,MES,OOS,2,0.01818181818181818,0.5,-0.45281096563011464,0.15103026643520265,-112.48,132.49,-1.2688523267337422,0.5,0.0,0.5
ORB second break 2R,14:30-15:30,flat,MES,ALL,3,0.01079136690647482,0.3333333333333333,-0.5152346250240987,0.12342431217801161,-79.97,91.23,-1.1404625865281175,0.5,0.0,0.3333333333333333
ORB second break 2R,14:30-15:30,flat,MES,IS,1,0.005952380952380952,1.0,0.059263157894736844,inf,11.26,0.0,1.2247448713915892,1.0,0.0,0.0
ORB second break 2R,14:30-15:30,flat,MES,OOS,2,0.01818181818181818,0.0,-0.8024835164835165,0.0,-91.23,91.23,-2.105588249991811,0.0,0.0,0.5
ORB second break 2R,14:30-15:30,hold,MES,ALL,4,0.014388489208633094,0.5,-0.19828155966840177,1.659324108067401,70.03999999999999,106.23000000000002,0.4272906069084316,0.6666666666666666,0.0,0.25
ORB second break 2R,14:30-15:30,hold,MES,IS,2,0.011904761904761904,1.0,0.5213050125313283,inf,176.27,0.0,1.5845760133129319,1.0,0.0,0.0
ORB second break 2R,14:30-15:30,hold,MES,OOS,2,0.01818181818181818,0.0,-0.9178681318681319,0.0,-106.23,106.23,-2.149041805196088,0.0,0.0,0.5
ORB second break 2R,15:30-16:00,flat,MES,ALL,4,0.014388489208633094,0.75,0.602760705431598,13.761174116077386,191.29000000000002,14.989999999999995,1.2959102988754392,1.0,0.25,0.0
ORB second break 2R,15:30-16:00,flat,MES,IS,1,0.005952380952380952,1.0,0.5000689655172414,inf,72.51,0.0,1.2247448713915894,1.0,0.0,0.0
ORB second break 2R,15:30-16:00,flat,MES,OOS,3,0.02727272727272727,0.6666666666666666,0.6369912854030502,8.923949299533023,118.78,14.99,1.490033570811621,1.0,0.3333333333333333,0.0
ORB second break 2R,15:30-16:00,hold,MES,ALL,0,0.0,,,,0.0,0.0,,,,
ORB second break 2R,15:30-16:00,hold,MES,IS,0,0.0,,,,0.0,0.0,,,,
ORB second break 2R,15:30-16:00,hold,MES,OOS,0,0.0,,,,0.0,0.0,,,,
ORB second break 2R,Full RTH,hold,MES,ALL,104,0.37410071942446044,0.38461538461538464,-0.14529030841858276,0.8920782112680351,-601.4600000000008,1322.1200000000003,-0.4485297338909688,0.5,0.15384615384615385,0.5096153846153846
ORB second break 2R,Full RTH,hold,MES,IS,62,0.36904761904761907,0.43548387096774194,0.0068522019674330985,1.1322037104172251,419.36999999999955,1139.8200000000002,0.4875660852248432,0.5,0.1935483870967742,0.46774193548387094
ORB second break 2R,Full RTH,hold,MES,OOS,42,0.38181818181818183,0.30952380952380953,-0.36988163327412993,0.5748242369718781,-1020.8300000000004,1322.1200000000001,-2.149959065974583,0.5,0.09523809523809523,0.5714285714285714
Opening candle 2R (trend),09:30-11:30,flat,MES,ALL,137,0.49280575539568344,0.35766423357664234,-0.011346898431849764,1.017437658361066,67.14743506494233,708.8407142856926,0.08863092776528976,0.5714285714285714,0.31386861313868614,0.635036496350365
Opening candle 2R (trend),09:30-11:30,flat,MES,IS,77,0.4583333333333333,0.38961038961038963,0.08471594374707288,1.1705468623504915,348.04029220777227,416.0221428571581,0.7784600324881205,0.625,0.33766233766233766,0.5974025974025974
Opening candle 2R (trend),09:30-11:30,flat,MES,OOS,60,0.5454545454545454,0.31666666666666665,-0.13462754589480047,0.8448091063214626,-280.8928571428301,708.8407142856925,-0.9044644282391828,0.5,0.2833333333333333,0.6833333333333333
Opening candle 2R (trend),09:30-11:30,hold,MES,ALL,137,0.49280575539568344,0.35766423357664234,0.0077122327244122935,1.0402261734526692,155.80457792209745,708.8407142856927,0.2020910830061272,0.5714285714285714,0.34306569343065696,0.635036496350365
Opening candle 2R (trend),09:30-11:30,hold,MES,IS,77,0.4583333333333333,0.38961038961038963,0.09407614393470978,1.1775012018958522,366.2260064934911,416.0221428571581,0.8036936919273819,0.625,0.36363636363636365,0.5974025974025974
Opening candle 2R (trend),09:30-11:30,hold,MES,OOS,60,0.5454545454545454,0.31666666666666665,-0.10312145332880279,0.8837439660044317,-210.4214285713938,708.8407142856925,-0.6667008102106142,0.5,0.31666666666666665,0.6833333333333333
Opening candle 2R (trend),11:30-13:30,flat,MES,ALL,0,0.0,,,,0.0,0.0,,,,
Opening candle 2R (trend),11:30-13:30,flat,MES,IS,0,0.0,,,,0.0,0.0,,,,
Opening candle 2R (trend),11:30-13:30,flat,MES,OOS,0,0.0,,,,0.0,0.0,,,,
Opening candle 2R (trend),11:30-13:30,hold,MES,ALL,0,0.0,,,,0.0,0.0,,,,
Opening candle 2R (trend),11:30-13:30,hold,MES,IS,0,0.0,,,,0.0,0.0,,,,
Opening candle 2R (trend),11:30-13:30,hold,MES,OOS,0,0.0,,,,0.0,0.0,,,,
Opening candle 2R (trend),13:30-16:00,flat,MES,ALL,0,0.0,,,,0.0,0.0,,,,
Opening candle 2R (trend),13:30-16:00,flat,MES,IS,0,0.0,,,,0.0,0.0,,,,
Opening candle 2R (trend),13:30-16:00,flat,MES,OOS,0,0.0,,,,0.0,0.0,,,,
Opening candle 2R (trend),13:30-16:00,hold,MES,ALL,0,0.0,,,,0.0,0.0,,,,
Opening candle 2R (trend),13:30-16:00,hold,MES,IS,0,0.0,,,,0.0,0.0,,,,
Opening candle 2R (trend),13:30-16:00,hold,MES,OOS,0,0.0,,,,0.0,0.0,,,,
Opening candle 2R (trend),09:30-10:30,flat,MES,ALL,137,0.49280575539568344,0.3722627737226277,-0.05847819834076153,0.9529490052414238,-171.97399350649653,569.147857142838,-0.23934744012896153,0.5,0.26277372262773724,0.6058394160583942
Opening candle 2R (trend),09:30-10:30,flat,MES,IS,77,0.4583333333333333,0.4025974025974026,0.02327923409427162,1.0625638722345283,122.21886363634204,416.02214285715786,0.2908141461727063,0.625,0.2727272727272727,0.5714285714285714
Opening candle 2R (trend),09:30-10:30,flat,MES,OOS,60,0.5454545454545454,0.3333333333333333,-0.16340023663238742,0.8271030195158293,-294.1928571428384,569.1478571428381,-0.9858203420288357,0.3333333333333333,0.25,0.65
Opening candle 2R (trend),09:30-10:30,hold,MES,ALL,137,0.49280575539568344,0.35766423357664234,0.0077122327244122935,1.0402261734526692,155.80457792209745,708.8407142856927,0.2020910830061272,0.5714285714285714,0.34306569343065696,0.635036496350365
Opening candle 2R (trend),09:30-10:30,hold,MES,IS,77,0.4583333333333333,0.38961038961038963,0.09407614393470978,1.1775012018958522,366.2260064934911,416.0221428571581,0.8036936919273819,0.625,0.36363636363636365,0.5974025974025974
Opening candle 2R (trend),09:30-10:30,hold,MES,OOS,60,0.5454545454545454,0.31666666666666665,-0.10312145332880279,0.8837439660044317,-210.4214285713938,708.8407142856925,-0.6667008102106142,0.5,0.31666666666666665,0.6833333333333333
Opening candle 2R (trend),10:30-11:30,flat,MES,ALL,0,0.0,,,,0.0,0.0,,,,
Opening candle 2R (trend),10:30-11:30,flat,MES,IS,0,0.0,,,,0.0,0.0,,,,
Opening candle 2R (trend),10:30-11:30,flat,MES,OOS,0,0.0,,,,0.0,0.0,,,,
Opening candle 2R (trend),10:30-11:30,hold,MES,ALL,0,0.0,,,,0.0,0.0,,,,
Opening candle 2R (trend),10:30-11:30,hold,MES,IS,0,0.0,,,,0.0,0.0,,,,
Opening candle 2R (trend),10:30-11:30,hold,MES,OOS,0,0.0,,,,0.0,0.0,,,,
Opening candle 2R (trend),11:30-12:30,flat,MES,ALL,0,0.0,,,,0.0,0.0,,,,
Opening candle 2R (trend),11:30-12:30,flat,MES,IS,0,0.0,,,,0.0,0.0,,,,
Opening candle 2R (trend),11:30-12:30,flat,MES,OOS,0,0.0,,,,0.0,0.0,,,,
Opening candle 2R (trend),11:30-12:30,hold,MES,ALL,0,0.0,,,,0.0,0.0,,,,
Opening candle 2R (trend),11:30-12:30,hold,MES,IS,0,0.0,,,,0.0,0.0,,,,
Opening candle 2R (trend),11:30-12:30,hold,MES,OOS,0,0.0,,,,0.0,0.0,,,,
Opening candle 2R (trend),12:30-13:30,flat,MES,ALL,0,0.0,,,,0.0,0.0,,,,
Opening candle 2R (trend),12:30-13:30,flat,MES,IS,0,0.0,,,,0.0,0.0,,,,
Opening candle 2R (trend),12:30-13:30,flat,MES,OOS,0,0.0,,,,0.0,0.0,,,,
Opening candle 2R (trend),12:30-13:30,hold,MES,ALL,0,0.0,,,,0.0,0.0,,,,
Opening candle 2R (trend),12:30-13:30,hold,MES,IS,0,0.0,,,,0.0,0.0,,,,
Opening candle 2R (trend),12:30-13:30,hold,MES,OOS,0,0.0,,,,0.0,0.0,,,,
Opening candle 2R (trend),13:30-14:30,flat,MES,ALL,0,0.0,,,,0.0,0.0,,,,
Opening candle 2R (trend),13:30-14:30,flat,MES,IS,0,0.0,,,,0.0,0.0,,,,
Opening candle 2R (trend),13:30-14:30,flat,MES,OOS,0,0.0,,,,0.0,0.0,,,,
Opening candle 2R (trend),13:30-14:30,hold,MES,ALL,0,0.0,,,,0.0,0.0,,,,
Opening candle 2R (trend),13:30-14:30,hold,MES,IS,0,0.0,,,,0.0,0.0,,,,
Opening candle 2R (trend),13:30-14:30,hold,MES,OOS,0,0.0,,,,0.0,0.0,,,,
Opening candle 2R (trend),14:30-15:30,flat,MES,ALL,0,0.0,,,,0.0,0.0,,,,
Opening candle 2R (trend),14:30-15:30,flat,MES,IS,0,0.0,,,,0.0,0.0,,,,
Opening candle 2R (trend),14:30-15:30,flat,MES,OOS,0,0.0,,,,0.0,0.0,,,,
Opening candle 2R (trend),14:30-15:30,hold,MES,ALL,0,0.0,,,,0.0,0.0,,,,
Opening candle 2R (trend),14:30-15:30,hold,MES,IS,0,0.0,,,,0.0,0.0,,,,
Opening candle 2R (trend),14:30-15:30,hold,MES,OOS,0,0.0,,,,0.0,0.0,,,,
Opening candle 2R (trend),15:30-16:00,flat,MES,ALL,0,0.0,,,,0.0,0.0,,,,
Opening candle 2R (trend),15:30-16:00,flat,MES,IS,0,0.0,,,,0.0,0.0,,,,
Opening candle 2R (trend),15:30-16:00,flat,MES,OOS,0,0.0,,,,0.0,0.0,,,,
Opening candle 2R (trend),15:30-16:00,hold,MES,ALL,0,0.0,,,,0.0,0.0,,,,
Opening candle 2R (trend),15:30-16:00,hold,MES,IS,0,0.0,,,,0.0,0.0,,,,
Opening candle 2R (trend),15:30-16:00,hold,MES,OOS,0,0.0,,,,0.0,0.0,,,,
Opening candle 2R (trend),Full RTH,hold,MES,ALL,137,0.49280575539568344,0.35766423357664234,0.0077122327244122935,1.0402261734526692,155.80457792209745,708.8407142856927,0.2020910830061272,0.5714285714285714,0.34306569343065696,0.635036496350365
Opening candle 2R (trend),Full RTH,hold,MES,IS,77,0.4583333333333333,0.38961038961038963,0.09407614393470978,1.1775012018958522,366.2260064934911,416.0221428571581,0.8036936919273819,0.625,0.36363636363636365,0.5974025974025974
Opening candle 2R (trend),Full RTH,hold,MES,OOS,60,0.5454545454545454,0.31666666666666665,-0.10312145332880279,0.8837439660044317,-210.4214285713938,708.8407142856925,-0.6667008102106142,0.5,0.31666666666666665,0.6833333333333333
Trend-Confluence Pullback 2R,09:30-11:30,flat,MES,ALL,126,0.45323741007194246,0.42063492063492064,-0.02035245367674791,1.0172590415964367,55.997307434879566,1054.504756770478,0.0761788856290502,0.5714285714285714,0.16666666666666666,0.5
Trend-Confluence Pullback 2R,09:30-11:30,flat,MES,IS,75,0.44642857142857145,0.37333333333333335,-0.1622519153917077,0.7110163641253847,-630.0030192300057,1054.504756770478,-1.4619606243979424,0.375,0.10666666666666667,0.52
Trend-Confluence Pullback 2R,09:30-11:30,flat,MES,OOS,51,0.4636363636363636,0.49019607843137253,0.1883232253158399,1.6444613035929214,686.0003266648852,232.55035680887818,2.285491632104019,0.8333333333333334,0.2549019607843137,0.47058823529411764
Trend-Confluence Pullback 2R,09:30-11:30,hold,MES,ALL,134,0.48201438848920863,0.3358208955223881,-0.049768166511841495,0.9388106531851227,-263.66605796904923,1075.3620154559155,-0.3125003580994103,0.5714285714285714,0.3208955223880597,0.6567164179104478
Trend-Confluence Pullback 2R,09:30-11:30,hold,MES,IS,79,0.47023809523809523,0.3037974683544304,-0.14086670307979202,0.7483322463756401,-702.1797122991413,1075.3620154559155,-1.3857867690618157,0.375,0.2911392405063291,0.6835443037974683
Trend-Confluence Pullback 2R,09:30-11:30,hold,MES,OOS,55,0.5,0.38181818181818183,0.08108245874030545,1.2887022876998089,438.513654330092,293.35810575325877,1.3065330957137051,0.8333333333333334,0.36363636363636365,0.6181818181818182
Trend-Confluence Pullback 2R,11:30-13:30,flat,MES,ALL,144,0.5179856115107914,0.4236111111111111,-0.06571219290641944,0.8349207452579571,-544.155401430437,840.0685612593617,-0.8686333961186133,0.42857142857142855,0.1736111111111111,0.5
Trend-Confluence Pullback 2R,11:30-13:30,flat,MES,IS,96,0.5714285714285714,0.3958333333333333,-0.1529909888742898,0.704439401824471,-699.6503630478037,839.9878816692586,-1.8210244902001573,0.25,0.15625,0.53125
Trend-Confluence Pullback 2R,11:30-13:30,flat,MES,OOS,48,0.43636363636363634,0.4791666666666667,0.10884539902932137,1.1673553498898472,155.49496161736667,186.1974143619925,0.6441447173052248,0.6666666666666666,0.20833333333333334,0.4375
Trend-Confluence Pullback 2R,11:30-13:30,hold,MES,ALL,147,0.5287769784172662,0.3401360544217687,-0.0565005813326293,0.8468520775928495,-623.5232416910271,996.0744871432628,-0.8480004551837814,0.35714285714285715,0.3197278911564626,0.6394557823129252
Trend-Confluence Pullback 2R,11:30-13:30,hold,MES,IS,98,0.5833333333333334,0.30612244897959184,-0.14291137624604813,0.7198674901205776,-813.4180825569545,996.0744871432628,-1.8072837883994743,0.25,0.29591836734693877,0.6632653061224489
Trend-Confluence Pullback 2R,11:30-13:30,hold,MES,OOS,49,0.44545454545454544,0.40816326530612246,0.11632100849420832,1.1626245521564742,189.89484086592728,306.15065809862733,0.668079322363181,0.5,0.3673469387755102,0.5918367346938775
Trend-Confluence Pullback 2R,13:30-16:00,flat,MES,ALL,176,0.6330935251798561,0.3181818181818182,-0.2099534632338247,0.7188728019963926,-1035.734409745286,1116.1733492848055,-1.649368058094131,0.35714285714285715,0.23295454545454544,0.6363636363636364
Trend-Confluence Pullback 2R,13:30-16:00,flat,MES,IS,107,0.6369047619047619,0.3364485981308411,-0.1522505201802039,0.773715204266256,-509.99512553869374,1116.1733492848055,-1.2464127485222745,0.25,0.2616822429906542,0.616822429906542
Trend-Confluence Pullback 2R,13:30-16:00,flat,MES,OOS,69,0.6272727272727273,0.2898550724637681,-0.2994348386937874,0.632464366279791,-525.7392842065926,608.2577485003902,-2.4292224988777864,0.5,0.18840579710144928,0.6666666666666666
Trend-Confluence Pullback 2R,13:30-16:00,hold,MES,ALL,148,0.5323741007194245,0.3108108108108108,-0.18880613318175074,0.7280587422213279,-867.7598016179323,943.5811543655586,-1.4412840639143256,0.2857142857142857,0.2635135135135135,0.6418918918918919
Trend-Confluence Pullback 2R,13:30-16:00,hold,MES,IS,91,0.5416666666666666,0.34065934065934067,-0.09768140725416984,0.826615065317339,-338.998404011403,923.7696510574356,-0.8422861895248213,0.25,0.2967032967032967,0.6153846153846154
Trend-Confluence Pullback 2R,13:30-16:00,hold,MES,OOS,57,0.5181818181818182,0.2631578947368421,-0.33428595878543255,0.572131860482155,-528.7613976065293,611.279861900327,-2.7267998061538097,0.3333333333333333,0.21052631578947367,0.6842105263157895
Trend-Confluence Pullback 2R,09:30-10:30,flat,MES,ALL,41,0.1474820143884892,0.4146341463414634,-0.12385039698239796,0.8055235430383858,-190.34581475573924,393.191583239365,-0.5576881144481683,0.46153846153846156,0.07317073170731707,0.4146341463414634
Trend-Confluence Pullback 2R,09:30-10:30,flat,MES,IS,24,0.14285714285714285,0.375,-0.2108964094374793,0.6404913789199742,-231.1610550667217,320.1288128655256,-1.1173158687236473,0.5,0.041666666666666664,0.4166666666666667
Trend-Confluence Pullback 2R,09:30-10:30,flat,MES,OOS,17,0.15454545454545454,0.47058823529411764,-0.0009619088105184121,1.1215576790461417,40.81524031098244,189.5505281726432,0.3029906689000758,0.4,0.11764705882352941,0.4117647058823529
Trend-Confluence Pullback 2R,09:30-10:30,hold,MES,ALL,52,0.18705035971223022,0.38461538461538464,0.088399263341056,1.2272432452752282,350.7821641527912,523.4027336791579,0.6330342973894538,0.46153846153846156,0.36538461538461536,0.6153846153846154
Trend-Confluence Pullback 2R,09:30-10:30,hold,MES,IS,33,0.19642857142857142,0.3333333333333333,-0.05046269562668531,1.0176609762599582,19.659950743622332,523.4027336791579,0.05519957884412409,0.375,0.3333333333333333,0.6666666666666666
Trend-Confluence Pullback 2R,09:30-10:30,hold,MES,OOS,19,0.17272727272727273,0.47368421052631576,0.32958056049555395,1.7692362532801629,331.122213409169,182.99179027609534,1.6852338228766086,0.6,0.42105263157894735,0.5263157894736842
Trend-Confluence Pullback 2R,10:30-11:30,flat,MES,ALL,93,0.3345323741007194,0.45161290322580644,-0.0030793398242153994,0.9801562574900844,-43.23448520496046,804.8279526695474,-0.07728728415957441,0.5714285714285714,0.11827956989247312,0.44086021505376344
Trend-Confluence Pullback 2R,10:30-11:30,flat,MES,IS,55,0.3273809523809524,0.4,-0.12944345216500366,0.6277339405152436,-551.9468637764824,804.8279526695474,-1.7140322708933604,0.25,0.07272727272727272,0.45454545454545453
Trend-Confluence Pullback 2R,10:30-11:30,flat,MES,OOS,38,0.34545454545454546,0.5263157894736842,0.17981608593218865,1.7308258162468357,508.71237857152187,160.1651012319262,2.1777992356783993,1.0,0.18421052631578946,0.42105263157894735
Trend-Confluence Pullback 2R,10:30-11:30,hold,MES,ALL,100,0.3597122302158273,0.32,-0.09216253883209197,0.8296035592039838,-560.11550969295,916.1071409544849,-0.7848669944393082,0.42857142857142855,0.31,0.67
Trend-Confluence Pullback 2R,10:30-11:30,hold,MES,IS,58,0.34523809523809523,0.3103448275862069,-0.12162029402076131,0.6883888152424259,-634.8904092250496,916.1071409544849,-1.4752828824559356,0.25,0.29310344827586204,0.6724137931034483
Trend-Confluence Pullback 2R,10:30-11:30,hold,MES,OOS,42,0.38181818181818183,0.3333333333333333,-0.05148278166678656,1.0598348887112776,74.7748995320998,376.39653171650826,0.26370406927835205,0.6666666666666666,0.3333333333333333,0.6666666666666666
Trend-Confluence Pullback 2R,11:30-12:30,flat,MES,ALL,79,0.2841726618705036,0.4177215189873418,-0.06279254473893568,0.7406634054678286,-476.85706930252957,682.8323641766341,-1.0768431390335158,0.42857142857142855,0.11392405063291139,0.4430379746835443
Trend-Confluence Pullback 2R,11:30-12:30,flat,MES,IS,49,0.2916666666666667,0.40816326530612246,-0.15108370776614827,0.5849008792879199,-543.3514230815533,663.8017501414676,-2.0490856006608604,0.375,0.10204081632653061,0.4897959183673469
Trend-Confluence Pullback 2R,11:30-12:30,flat,MES,OOS,30,0.2727272727272727,0.43333333333333335,0.08141635487217819,1.1255109051527772,66.4943537790239,191.01585432152726,0.3752110061461402,0.5,0.13333333333333333,0.36666666666666664
Trend-Confluence Pullback 2R,11:30-12:30,hold,MES,ALL,83,0.29856115107913667,0.3493975903614458,-0.024769814940675663,0.9313132831526769,-164.11142414675953,638.6574532081293,-0.28144127733854185,0.5,0.3253012048192771,0.6265060240963856
Trend-Confluence Pullback 2R,11:30-12:30,hold,MES,IS,52,0.30952380952380953,0.3269230769230769,-0.08034179849479016,0.784300760285052,-349.86940173701123,441.85143055606386,-1.0478629176088265,0.375,0.3076923076923077,0.6346153846153846
Trend-Confluence Pullback 2R,11:30-12:30,hold,MES,OOS,31,0.2818181818181818,0.3870967741935484,0.06844770585977449,1.2421087140870626,185.7579775902518,254.52796071132997,0.7481736068440878,0.6666666666666666,0.3548387096774194,0.6129032258064516
Trend-Confluence Pullback 2R,12:30-13:30,flat,MES,ALL,93,0.3345323741007194,0.43010752688172044,-0.19106961601197534,0.6407963654245152,-610.9439741705758,624.7039741705763,-1.6981893515829876,0.35714285714285715,0.08602150537634409,0.4731182795698925
Trend-Confluence Pullback 2R,12:30-13:30,flat,MES,IS,61,0.3630952380952381,0.4426229508196721,-0.20424403542141256,0.6185976957142064,-418.74946101729313,438.75946101729335,-1.890094757727891,0.375,0.08196721311475409,0.47540983606557374
Trend-Confluence Pullback 2R,12:30-13:30,flat,MES,OOS,32,0.2909090909090909,0.40625,-0.16595587901273576,0.6812210424645742,-192.19451315328274,250.4248106069996,-1.3855937530485638,0.3333333333333333,0.09375,0.46875
Trend-Confluence Pullback 2R,12:30-13:30,hold,MES,ALL,97,0.3489208633093525,0.30927835051546393,-0.16933868019450313,0.7720163326483224,-552.1495476471977,681.6910950159464,-1.1068981465711518,0.42857142857142855,0.28865979381443296,0.6804123711340206
Trend-Confluence Pullback 2R,12:30-13:30,hold,MES,IS,63,0.375,0.2698412698412698,-0.2595251570188676,0.6586593073762727,-568.5100104810601,681.6910950159464,-1.9927806567970427,0.375,0.2698412698412698,0.7142857142857143
Trend-Confluence Pullback 2R,12:30-13:30,hold,MES,OOS,34,0.3090909090909091,0.38235294117647056,-0.002228443725827821,1.021630487273029,16.360462833862428,334.7446517995592,0.07697092936268028,0.5,0.3235294117647059,0.6176470588235294
Trend-Confluence Pullback 2R,13:30-14:30,flat,MES,ALL,84,0.302158273381295,0.34523809523809523,-0.2849426601013857,0.4432064432305726,-923.2052002528583,947.5916505770367,-2.5218254479800857,0.2857142857142857,0.08333333333333333,0.5
Trend-Confluence Pullback 2R,13:30-14:30,flat,MES,IS,54,0.32142857142857145,0.37037037037037035,-0.22876956871126702,0.5335311330514456,-476.7818613447125,541.0773422680736,-1.9788368255683462,0.25,0.09259259259259259,0.48148148148148145
Trend-Confluence Pullback 2R,13:30-14:30,flat,MES,OOS,30,0.2727272727272727,0.3,-0.38605422460359945,0.2980388293108882,-446.42333890814575,484.8849501470871,-3.6271011637385424,0.3333333333333333,0.06666666666666667,0.5333333333333333
Trend-Confluence Pullback 2R,13:30-14:30,hold,MES,ALL,92,0.33093525179856115,0.29347826086956524,-0.2598972338139143,0.6290407396653064,-806.5030933867013,847.899039796879,-1.758143539852383,0.42857142857142855,0.2391304347826087,0.6739130434782609
Trend-Confluence Pullback 2R,13:30-14:30,hold,MES,IS,58,0.34523809523809523,0.29310344827586204,-0.24602503554768831,0.6127355495859557,-540.7190102827097,774.204997454584,-1.7848907769517617,0.375,0.25862068965517243,0.6724137931034483
Trend-Confluence Pullback 2R,13:30-14:30,hold,MES,OOS,34,0.3090909090909091,0.29411764705882354,-0.2835615720327703,0.658308846921514,-265.78408310399135,313.95769724314675,-1.7365522697173392,0.5,0.20588235294117646,0.6764705882352942
Trend-Confluence Pullback 2R,14:30-15:30,flat,MES,ALL,89,0.32014388489208634,0.43820224719101125,-0.061917521607998724,0.9702546437720623,-34.03390756858192,394.7191726411337,-0.10563393621514225,0.42857142857142855,0.1348314606741573,0.39325842696629215
Trend-Confluence Pullback 2R,14:30-15:30,flat,MES,IS,51,0.30357142857142855,0.47058823529411764,0.01956600628618768,1.0897560464166451,56.89273218681202,159.5735249639893,0.3323293774677469,0.375,0.13725490196078433,0.35294117647058826
Trend-Confluence Pullback 2R,14:30-15:30,flat,MES,OOS,38,0.34545454545454546,0.39473684210526316,-0.17127699325545948,0.821822831000292,-90.9266397553939,394.7191726411337,-0.6128652179349624,0.5,0.13157894736842105,0.4473684210526316
Trend-Confluence Pullback 2R,14:30-15:30,hold,MES,ALL,90,0.3237410071942446,0.34444444444444444,-0.1290403803569478,0.9192491893160423,-129.68125765262062,509.544828437633,-0.3214406029105952,0.42857142857142855,0.2777777777777778,0.6222222222222222
Trend-Confluence Pullback 2R,14:30-15:30,hold,MES,IS,51,0.30357142857142855,0.4117647058823529,0.031466002197464774,1.1776120376099755,147.27981820550735,338.775837058917,0.6338424091672721,0.375,0.3137254901960784,0.5686274509803921
Trend-Confluence Pullback 2R,14:30-15:30,hold,MES,OOS,39,0.35454545454545455,0.2564102564102564,-0.3389333421588718,0.6434230103773112,-276.96107585812786,509.54482843763293,-1.627538094175057,0.5,0.23076923076923078,0.6923076923076923
Trend-Confluence Pullback 2R,15:30-16:00,flat,MES,ALL,54,0.19424460431654678,0.2962962962962963,-0.4072855954641858,0.5520615192619365,-405.59984490067654,445.51954675471495,-1.7555062832416513,0.23076923076923078,0.07407407407407407,0.5925925925925926
Trend-Confluence Pullback 2R,15:30-16:00,flat,MES,IS,32,0.19047619047619047,0.28125,-0.4204273577887401,0.5204862360095652,-241.55912141397187,379.92866664373435,-1.8423531277215064,0.25,0.09375,0.59375
Trend-Confluence Pullback 2R,15:30-16:00,flat,MES,OOS,22,0.2,0.3181818181818182,-0.38817030481028864,0.5916567870398766,-164.04072348670465,224.62798713618793,-1.6447274017239102,0.2,0.045454545454545456,0.5909090909090909
Trend-Confluence Pullback 2R,15:30-16:00,hold,MES,ALL,0,0.0,,,,0.0,0.0,,,,
Trend-Confluence Pullback 2R,15:30-16:00,hold,MES,IS,0,0.0,,,,0.0,0.0,,,,
Trend-Confluence Pullback 2R,15:30-16:00,hold,MES,OOS,0,0.0,,,,0.0,0.0,,,,
Trend-Confluence Pullback 2R,Full RTH,hold,MES,ALL,324,1.1654676258992807,0.3333333333333333,-0.08801852903421989,0.887420268337702,-993.637678592396,1533.0740728636006,-0.8775764523759038,0.42857142857142855,0.30864197530864196,0.654320987654321
Trend-Confluence Pullback 2R,Full RTH,hold,MES,IS,199,1.1845238095238095,0.32160804020100503,-0.10856469899239478,0.8056081602427304,-1110.3178294857444,1533.0740728636006,-1.674488532376047,0.375,0.3065326633165829,0.6633165829145728
Trend-Confluence Pullback 2R,Full RTH,hold,MES,OOS,125,1.1363636363636365,0.352,-0.05530902646080543,1.0374655897201328,116.68015089334826,473.8531623201813,0.24901173677073635,0.5,0.312,0.64
Al Brooks H2/L2 (trend) 2R,09:30-11:30,flat,MES,ALL,34,0.1223021582733813,0.4117647058823529,-0.08538068262326834,1.0813562982560336,75.34000000000007,521.0600000000001,0.14637379008030962,0.5,0.11764705882352941,0.47058823529411764
Al Brooks H2/L2 (trend) 2R,09:30-11:30,flat,MES,IS,20,0.11904761904761904,0.25,-0.43160773105173095,0.3947064026672109,-444.79999999999995,521.0600000000001,-1.9192765448945224,0.375,0.05,0.6
Al Brooks H2/L2 (trend) 2R,09:30-11:30,flat,MES,OOS,14,0.12727272727272726,0.6428571428571429,0.4092293865602495,3.720397489539748,520.1399999999999,139.93000000000006,1.9868278170318823,0.6666666666666666,0.21428571428571427,0.2857142857142857
Al Brooks H2/L2 (trend) 2R,09:30-11:30,hold,MES,ALL,38,0.1366906474820144,0.3157894736842105,-0.16429510836543026,0.9034493050225975,-135.87,737.2800000000001,-0.2279930621701662,0.42857142857142855,0.2631578947368421,0.6842105263157895
Al Brooks H2/L2 (trend) 2R,09:30-11:30,hold,MES,IS,23,0.13690476190476192,0.21739130434782608,-0.4768659231222852,0.37283031372128606,-643.52,737.2800000000001,-2.343007681601152,0.25,0.17391304347826086,0.782608695652174
Al Brooks H2/L2 (trend) 2R,09:30-11:30,hold,MES,OOS,15,0.13636363636363635,0.4666666666666667,0.3149801409284139,2.331820447569326,507.64999999999986,186.17000000000007,1.6953150653707476,0.6666666666666666,0.4,0.5333333333333333
Al Brooks H2/L2 (trend) 2R,11:30-13:30,flat,MES,ALL,52,0.18705035971223022,0.21153846153846154,-0.5194348999091934,0.4632906003122191,-680.73,680.7300000000004,-2.0430601186345965,0.2857142857142857,0.11538461538461539,0.7115384615384616
Al Brooks H2/L2 (trend) 2R,11:30-13:30,flat,MES,IS,34,0.20238095238095238,0.20588235294117646,-0.5104135504794893,0.545701522057904,-399.6600000000001,438.5200000000001,-1.6736455318428154,0.375,0.11764705882352941,0.7058823529411765
Al Brooks H2/L2 (trend) 2R,11:30-13:30,flat,MES,OOS,18,0.16363636363636364,0.2222222222222222,-0.5364752266097459,0.2767298834306888,-281.07000000000005,291.08000000000004,-3.43000457307719,0.16666666666666666,0.1111111111111111,0.7222222222222222
Al Brooks H2/L2 (trend) 2R,11:30-13:30,hold,MES,ALL,54,0.19424460431654678,0.24074074074074073,-0.34664317689082,0.7477148711014838,-365.71000000000015,569.6000000000001,-0.8163692303850641,0.21428571428571427,0.24074074074074073,0.7222222222222222
Al Brooks H2/L2 (trend) 2R,11:30-13:30,hold,MES,IS,36,0.21428571428571427,0.25,-0.30811843516682647,0.8781008268871698,-123.39000000000001,381.1,-0.38132581673937826,0.25,0.25,0.6944444444444444
Al Brooks H2/L2 (trend) 2R,11:30-13:30,hold,MES,OOS,18,0.16363636363636364,0.2222222222222222,-0.42369266033880754,0.4459484177794036,-242.32000000000005,296.08000000000004,-2.309572450114693,0.16666666666666666,0.2222222222222222,0.7777777777777778
Al Brooks H2/L2 (trend) 2R,13:30-16:00,flat,MES,ALL,51,0.18345323741007194,0.3333333333333333,-0.22204835191493788,0.5989234255337459,-419.49,567.0300000000002,-1.4708225744563355,0.42857142857142855,0.23529411764705882,0.6078431372549019
Al Brooks H2/L2 (trend) 2R,13:30-16:00,flat,MES,IS,30,0.17857142857142858,0.36666666666666664,-0.1496282831428322,0.6677207531340249,-205.95000000000002,263.47,-1.1454577783456545,0.5,0.26666666666666666,0.6
Al Brooks H2/L2 (trend) 2R,13:30-16:00,flat,MES,OOS,21,0.19090909090909092,0.2857142857142857,-0.325505593017946,0.49885003520300386,-213.54000000000008,303.5600000000001,-2.025355254703961,0.3333333333333333,0.19047619047619047,0.6190476190476191
Al Brooks H2/L2 (trend) 2R,13:30-16:00,hold,MES,ALL,46,0.16546762589928057,0.3695652173913043,-0.13281022912581103,0.6820329682294276,-292.03999999999996,486.0300000000001,-1.0474716101490624,0.5,0.2608695652173913,0.5869565217391305
Al Brooks H2/L2 (trend) 2R,13:30-16:00,hold,MES,IS,27,0.16071428571428573,0.4074074074074074,-0.04360972630444314,0.7774354735695232,-118.48,222.45,-0.6776384117251658,0.625,0.2962962962962963,0.5555555555555556
Al Brooks H2/L2 (trend) 2R,13:30-16:00,hold,MES,OOS,19,0.17272727272727273,0.3157894736842105,-0.2595688383982811,0.5505024344763284,-173.56000000000006,263.5800000000001,-1.6680666053189113,0.3333333333333333,0.21052631578947367,0.631578947368421
Al Brooks H2/L2 (trend) 2R,09:30-10:30,flat,MES,ALL,1,0.0035971223021582736,0.0,-0.7426285714285715,0.0,-32.49,32.49,-0.952089712235084,0.0,0.0,0.0
Al Brooks H2/L2 (trend) 2R,09:30-10:30,flat,MES,IS,1,0.005952380952380952,0.0,-0.7426285714285715,0.0,-32.49,32.49,-1.2247448713915892,0.0,0.0,0.0
Al Brooks H2/L2 (trend) 2R,09:30-10:30,flat,MES,OOS,0,0.0,,,,0.0,0.0,,,,
Al Brooks H2/L2 (trend) 2R,09:30-10:30,hold,MES,ALL,3,0.01079136690647482,0.3333333333333333,-0.6153343583678296,0.06113723813595554,-153.72,153.72,-1.175296930248733,0.3333333333333333,0.0,0.6666666666666666
Al Brooks H2/L2 (trend) 2R,09:30-10:30,hold,MES,IS,3,0.017857142857142856,0.3333333333333333,-0.6153343583678296,0.06113723813595554,-153.72,153.72,-1.5128122842217437,0.3333333333333333,0.0,0.6666666666666666
Al Brooks H2/L2 (trend) 2R,09:30-10:30,hold,MES,OOS,0,0.0,,,,0.0,0.0,,,,
Al Brooks H2/L2 (trend) 2R,10:30-11:30,flat,MES,ALL,31,0.11151079136690648,0.41935483870967744,-0.05713631768946289,1.2594842061076712,197.80999999999995,398.5900000000001,0.3989709649864034,0.46153846153846156,0.12903225806451613,0.45161290322580644
Al Brooks H2/L2 (trend) 2R,10:30-11:30,flat,MES,IS,17,0.10119047619047619,0.23529411764705882,-0.4412021917774613,0.43561773357613104,-322.33,398.5900000000001,-1.5618571492136988,0.2857142857142857,0.058823529411764705,0.5882352941176471
Al Brooks H2/L2 (trend) 2R,10:30-11:30,flat,MES,OOS,14,0.12727272727272726,0.6428571428571429,0.4092293865602495,3.720397489539748,520.1399999999999,139.93000000000006,1.9868278170318823,0.6666666666666666,0.21428571428571427,0.2857142857142857
Al Brooks H2/L2 (trend) 2R,10:30-11:30,hold,MES,ALL,35,0.12589928057553956,0.3142857142857143,-0.12563460122236744,1.0143545287130782,17.849999999999994,583.5600000000001,0.030702252780433925,0.38461538461538464,0.2857142857142857,0.6857142857142857
Al Brooks H2/L2 (trend) 2R,10:30-11:30,hold,MES,IS,20,0.11904761904761904,0.2,-0.45609565783545347,0.4320105758749449,-489.79999999999995,583.5600000000001,-1.9107205659752577,0.14285714285714285,0.2,0.8
Al Brooks H2/L2 (trend) 2R,10:30-11:30,hold,MES,OOS,15,0.13636363636363635,0.4666666666666667,0.3149801409284139,2.331820447569326,507.64999999999986,186.17000000000007,1.6953150653707476,0.6666666666666666,0.4,0.5333333333333333
Al Brooks H2/L2 (trend) 2R,11:30-12:30,flat,MES,ALL,31,0.11151079136690648,0.2903225806451613,-0.48537853476050447,0.4495321760582448,-365.94000000000005,367.20000000000016,-1.6432622143463151,0.38461538461538464,0.03225806451612903,0.5806451612903226
Al Brooks H2/L2 (trend) 2R,11:30-12:30,flat,MES,IS,20,0.11904761904761904,0.3,-0.36558290479691363,0.6103118912956748,-166.05000000000004,276.12,-1.0615257406599636,0.42857142857142855,0.05,0.5
Al Brooks H2/L2 (trend) 2R,11:30-12:30,flat,MES,OOS,11,0.1,0.2727272727272727,-0.7031887710579421,0.1624837641932375,-199.89000000000004,208.65,-3.313587874992181,0.3333333333333333,0.0,0.7272727272727273
Al Brooks H2/L2 (trend) 2R,11:30-12:30,hold,MES,ALL,32,0.11510791366906475,0.09375,-0.7990899787093539,0.33147375523897316,-703.4300000000001,703.4300000000002,-2.28427115242798,0.15384615384615385,0.09375,0.90625
Al Brooks H2/L2 (trend) 2R,11:30-12:30,hold,MES,IS,21,0.125,0.14285714285714285,-0.6438742091722629,0.4931007182039247,-358.54,388.5600000000001,-1.599408998967893,0.2857142857142857,0.14285714285714285,0.8571428571428571
Al Brooks H2/L2 (trend) 2R,11:30-12:30,hold,MES,OOS,11,0.1,0.0,-1.0954109932801643,0.0,-344.89000000000004,344.89000000000004,-5.034016222555098,0.0,0.0,1.0
Al Brooks H2/L2 (trend) 2R,12:30-13:30,flat,MES,ALL,20,0.07194244604316546,0.4,-0.07198677382893677,1.1050293804654605,22.70000000000002,113.65999999999997,0.17912847088044714,0.46153846153846156,0.15,0.4
Al Brooks H2/L2 (trend) 2R,12:30-13:30,flat,MES,IS,13,0.07738095238095238,0.3076923076923077,-0.294823255668086,0.7614987529725654,-41.119999999999976,113.65999999999997,-0.49542329960061143,0.375,0.07692307692307693,0.46153846153846156
Al Brooks H2/L2 (trend) 2R,12:30-13:30,flat,MES,OOS,7,0.06363636363636363,0.5714285714285714,0.34185240672948325,2.459743824336688,63.82000000000002,27.47999999999999,1.485903409480678,0.6,0.2857142857142857,0.2857142857142857
Al Brooks H2/L2 (trend) 2R,12:30-13:30,hold,MES,ALL,22,0.07913669064748201,0.45454545454545453,0.31146126211795644,1.849866626402939,337.7199999999999,204.95000000000005,0.8965563960239271,0.5384615384615384,0.45454545454545453,0.45454545454545453
Al Brooks H2/L2 (trend) 2R,12:30-13:30,hold,MES,IS,15,0.08928571428571429,0.4,0.16193964844078454,1.7712111770686432,235.14999999999998,204.95000000000005,0.8487490760588867,0.5,0.4,0.4666666666666667
Al Brooks H2/L2 (trend) 2R,12:30-13:30,hold,MES,OOS,7,0.06363636363636363,0.5714285714285714,0.6318647199976103,2.109224613388126,102.56999999999998,76.23,1.3207695048704442,0.6,0.5714285714285714,0.42857142857142855
Al Brooks H2/L2 (trend) 2R,13:30-14:30,flat,MES,ALL,35,0.12589928057553956,0.4857142857142857,-0.0346436035514282,0.8302714746941929,-74.65000000000002,288.61,-0.4163127396394629,0.5,0.08571428571428572,0.2571428571428571
Al Brooks H2/L2 (trend) 2R,13:30-14:30,flat,MES,IS,20,0.11904761904761904,0.55,0.0608709882163644,1.3601979714041301,58.94999999999997,67.47,0.6165980732373194,0.5,0.05,0.15
Al Brooks H2/L2 (trend) 2R,13:30-14:30,flat,MES,OOS,15,0.13636363636363635,0.4,-0.16199639257515158,0.5162224797219002,-133.60000000000008,233.65000000000003,-1.6300646142283832,0.5,0.13333333333333333,0.4
Al Brooks H2/L2 (trend) 2R,13:30-14:30,hold,MES,ALL,35,0.12589928057553956,0.42857142857142855,0.05677981085580237,0.8479710556186152,-107.15000000000003,369.86,-0.40244979275005827,0.5714285714285714,0.3142857142857143,0.5428571428571428
Al Brooks H2/L2 (trend) 2R,13:30-14:30,hold,MES,IS,20,0.11904761904761904,0.5,0.18387135506878138,0.9815143074195999,-7.299999999999983,162.47,-0.04295453805117441,0.625,0.35,0.5
Al Brooks H2/L2 (trend) 2R,13:30-14:30,hold,MES,OOS,15,0.13636363636363635,0.3333333333333333,-0.1126755814281696,0.6777992900935784,-99.85000000000008,207.39000000000004,-1.04036755357376,0.5,0.26666666666666666,0.6
Al Brooks H2/L2 (trend) 2R,14:30-15:30,flat,MES,ALL,15,0.0539568345323741,0.2,-0.5924723433429315,0.19232740606395138,-204.85000000000002,204.85000000000002,-2.207294441626363,0.18181818181818182,0.06666666666666667,0.6666666666666666
Al Brooks H2/L2 (trend) 2R,14:30-15:30,flat,MES,IS,11,0.06547619047619048,0.09090909090909091,-0.6800229609962231,0.12363465160075328,-186.14,186.14,-2.797595319719658,0.0,0.09090909090909091,0.7272727272727273
Al Brooks H2/L2 (trend) 2R,14:30-15:30,flat,MES,OOS,4,0.03636363636363636,0.5,-0.3517081447963801,0.5462042202279893,-18.709999999999997,29.97,-0.8423814226296633,0.5,0.0,0.5
Al Brooks H2/L2 (trend) 2R,14:30-15:30,hold,MES,ALL,15,0.0539568345323741,0.13333333333333333,-0.8407210445328093,0.09210231456285814,-283.6000000000001,283.6,-2.8370705258957356,0.09090909090909091,0.06666666666666667,0.8
Al Brooks H2/L2 (trend) 2R,14:30-15:30,hold,MES,IS,11,0.06547619047619048,0.09090909090909091,-0.8517401327133947,0.11120050815159856,-209.89000000000004,209.89000000000001,-3.073802126769615,0.0,0.09090909090909091,0.8181818181818182
Al Brooks H2/L2 (trend) 2R,14:30-15:30,hold,MES,OOS,4,0.03636363636363636,0.25,-0.8104185520361991,0.03293098924166885,-73.71000000000001,73.71000000000001,-2.452430204314691,0.25,0.0,0.75
Al Brooks H2/L2 (trend) 2R,15:30-16:00,flat,MES,ALL,6,0.02158273381294964,0.0,-1.0690659013124209,0.0,-142.44,142.44,-2.2136223951301606,0.0,0.0,0.8333333333333334
Al Brooks H2/L2 (trend) 2R,15:30-16:00,flat,MES,IS,4,0.023809523809523808,0.0,-1.1276464710162504,0.0,-102.46,102.46,-2.303098802239618,0.0,0.0,1.0
Al Brooks H2/L2 (trend) 2R,15:30-16:00,flat,MES,OOS,2,0.01818181818181818,0.0,-0.9519047619047618,0.0,-39.98,39.98,-2.1504051767614465,0.0,0.0,0.5
Al Brooks H2/L2 (trend) 2R,15:30-16:00,hold,MES,ALL,0,0.0,,,,0.0,0.0,,,,
Al Brooks H2/L2 (trend) 2R,15:30-16:00,hold,MES,IS,0,0.0,,,,0.0,0.0,,,,
Al Brooks H2/L2 (trend) 2R,15:30-16:00,hold,MES,OOS,0,0.0,,,,0.0,0.0,,,,
Al Brooks H2/L2 (trend) 2R,Full RTH,hold,MES,ALL,128,0.460431654676259,0.3046875,-0.21572149870752982,0.8402855069656651,-552.4700000000004,975.6300000000003,-0.6998324790101675,0.2857142857142857,0.2578125,0.6640625
Al Brooks H2/L2 (trend) 2R,Full RTH,hold,MES,IS,80,0.47619047619047616,0.3,-0.24759595250063798,0.7070672906079145,-684.2000000000002,905.7700000000002,-1.4954091492637258,0.125,0.25,0.6625
Al Brooks H2/L2 (trend) 2R,Full RTH,hold,MES,OOS,48,0.43636363636363634,0.3125,-0.1625974090523495,1.1172580157020524,131.7299999999998,361.1600000000001,0.3978238909121686,0.5,0.2708333333333333,0.6666666666666666
VWAP/EMA Pullback 2R,09:30-11:30,flat,MES,ALL,149,0.5359712230215827,0.4966442953020134,-0.0317141031599331,0.9811702469728206,-82.01250624637322,924.2851384979249,-0.08353041924582118,0.5,0.040268456375838924,0.2751677852348993
VWAP/EMA Pullback 2R,09:30-11:30,flat,MES,IS,96,0.5714285714285714,0.4583333333333333,-0.06789122591110736,0.8429635379311233,-450.9473471072264,924.2851384979249,-0.7386345828730283,0.375,0.0625,0.28125
VWAP/EMA Pullback 2R,09:30-11:30,flat,MES,OOS,53,0.4818181818181818,0.5660377358490566,0.033814270125212695,1.2486309747139615,368.9348408608532,436.05752510661375,0.9943677083814076,0.6666666666666666,0.0,0.2641509433962264
VWAP/EMA Pullback 2R,09:30-11:30,hold,MES,ALL,156,0.5611510791366906,0.4423076923076923,0.14036058522581468,1.2856184014049827,1922.418486764322,844.0229534378916,1.1951857395620011,0.7142857142857143,0.28205128205128205,0.4935897435897436
VWAP/EMA Pullback 2R,09:30-11:30,hold,MES,IS,101,0.6011904761904762,0.42574257425742573,0.1767252591002038,1.3439307334153445,1451.444292467962,844.0229534378916,1.4511827061052363,0.625,0.32673267326732675,0.49504950495049505
VWAP/EMA Pullback 2R,09:30-11:30,hold,MES,OOS,55,0.5,0.4727272727272727,0.07358182047466377,1.1875973460130151,470.97419429636057,601.3471545200559,0.772454844015337,0.8333333333333334,0.2,0.4909090909090909
VWAP/EMA Pullback 2R,11:30-13:30,flat,MES,ALL,271,0.9748201438848921,0.4317343173431734,-0.06262845948640174,0.9310426922095326,-524.7332462475038,1772.245846131119,-0.45929378226205486,0.42857142857142855,0.0959409594095941,0.3763837638376384
VWAP/EMA Pullback 2R,11:30-13:30,flat,MES,IS,160,0.9523809523809523,0.48125,0.050829087400287444,1.1505709828665882,652.3307798484859,876.112457801145,0.9046314916132736,0.625,0.125,0.3375
VWAP/EMA Pullback 2R,11:30-13:30,flat,MES,OOS,111,1.009090909090909,0.36036036036036034,-0.22617086941316092,0.6408277471497144,-1177.06402609599,1371.0351708266962,-2.841805495458639,0.16666666666666666,0.05405405405405406,0.43243243243243246
VWAP/EMA Pullback 2R,11:30-13:30,hold,MES,ALL,278,1.0,0.32014388489208634,-0.1529236165499824,0.8025539234469873,-2248.9789341998026,3217.063446262069,-1.5201536909238016,0.42857142857142855,0.22302158273381295,0.6115107913669064
VWAP/EMA Pullback 2R,11:30-13:30,hold,MES,IS,164,0.9761904761904762,0.3597560975609756,-0.058824622555520845,0.8903619976663396,-723.0535525830219,2035.4064809249817,-0.788096518915164,0.5,0.25609756097560976,0.5792682926829268
VWAP/EMA Pullback 2R,11:30-13:30,hold,MES,OOS,114,1.0363636363636364,0.2631578947368421,-0.28829409913850607,0.6817957740199991,-1525.9253816167811,1722.5543488928365,-2.717588986054923,0.3333333333333333,0.17543859649122806,0.6578947368421053
VWAP/EMA Pullback 2R,13:30-16:00,flat,MES,ALL,314,1.129496402877698,0.3375796178343949,-0.19094737486132368,0.745351397406386,-2505.1586988007866,2704.3768483633185,-1.7577842530876722,0.21428571428571427,0.15605095541401273,0.5095541401273885
VWAP/EMA Pullback 2R,13:30-16:00,flat,MES,IS,199,1.1845238095238095,0.3417085427135678,-0.20460953600050766,0.7069050495643394,-2000.614631939658,2119.718164955238,-2.114875776882421,0.125,0.15577889447236182,0.5276381909547738
VWAP/EMA Pullback 2R,13:30-16:00,flat,MES,OOS,115,1.0454545454545454,0.33043478260869563,-0.1673058960204749,0.8324822446364385,-504.544066861129,721.5195033334081,-1.0786502670824305,0.3333333333333333,0.1565217391304348,0.4782608695652174
VWAP/EMA Pullback 2R,13:30-16:00,hold,MES,ALL,277,0.9964028776978417,0.34657039711191334,-0.18027575336339813,0.7685897907017532,-2106.8342411191916,2440.5753060817688,-1.5103546604582267,0.21428571428571427,0.16967509025270758,0.5487364620938628
VWAP/EMA Pullback 2R,13:30-16:00,hold,MES,IS,172,1.0238095238095237,0.3488372093023256,-0.19666119210017297,0.716166974327533,-1798.7569561900918,1848.1357166233058,-1.9461637362553927,0.125,0.1744186046511628,0.5813953488372093
VWAP/EMA Pullback 2R,13:30-16:00,hold,MES,OOS,105,0.9545454545454546,0.34285714285714286,-0.15343484419458597,0.888658161662746,-308.07728492910013,659.5756368014235,-0.6702659032891691,0.3333333333333333,0.1619047619047619,0.49523809523809526
VWAP/EMA Pullback 2R,09:30-10:30,flat,MES,ALL,36,0.12949640287769784,0.5277777777777778,0.044723175319249596,1.2414578616961547,174.35346959192827,262.30712012475897,0.49362727843223286,0.46153846153846156,0.0,0.1388888888888889
VWAP/EMA Pullback 2R,09:30-10:30,flat,MES,IS,26,0.15476190476190477,0.5384615384615384,0.06573286562834744,1.6066517527047497,251.62058971668716,205.28962518008186,1.0978453326838595,0.375,0.0,0.11538461538461539
VWAP/EMA Pullback 2R,09:30-10:30,flat,MES,OOS,10,0.09090909090909091,0.5,-0.009902019484404834,0.7485752824528896,-77.26712012475888,262.3071201247589,-0.6310476937389905,0.6,0.0,0.2
VWAP/EMA Pullback 2R,09:30-10:30,hold,MES,ALL,44,0.15827338129496402,0.4090909090909091,0.12599859320460938,1.0039785251097264,9.124861812148453,711.6469769111486,0.010780041670113706,0.38461538461538464,0.3181818181818182,0.5227272727272727
VWAP/EMA Pullback 2R,09:30-10:30,hold,MES,IS,32,0.19047619047619047,0.40625,0.16245874350501172,1.087312886185349,130.3233680975821,711.6469769111486,0.24006157125389627,0.25,0.34375,0.5
VWAP/EMA Pullback 2R,09:30-10:30,hold,MES,OOS,12,0.10909090909090909,0.4166666666666667,0.02877152573687003,0.8486772137303437,-121.19850628543365,444.4241896134454,-0.40090041986960295,0.6,0.25,0.5833333333333334
VWAP/EMA Pullback 2R,10:30-11:30,flat,MES,ALL,121,0.4352517985611511,0.5041322314049587,-0.02911602818183541,1.1017786229763111,319.9951699603283,871.6471348741989,0.37227768236620173,0.6153846153846154,0.03305785123966942,0.256198347107438
VWAP/EMA Pullback 2R,10:30-11:30,flat,MES,IS,77,0.4583333333333333,0.45454545454545453,-0.09123117132718556,0.8428637486700886,-361.6799349693499,803.9558524053912,-0.634625018888801,0.5,0.05194805194805195,0.2857142857142857
VWAP/EMA Pullback 2R,10:30-11:30,flat,MES,OOS,44,0.4,0.5909090909090909,0.07958547232252736,1.8092685093768672,681.6751049296786,362.3045130626371,2.4316382668774814,0.8,0.0,0.20454545454545456
VWAP/EMA Pullback 2R,10:30-11:30,hold,MES,ALL,129,0.46402877697841727,0.4573643410852713,0.1686567028304233,1.438224080092578,2209.172847089881,619.576946456632,1.5542606839746211,0.6923076923076923,0.2868217054263566,0.4883720930232558
VWAP/EMA Pullback 2R,10:30-11:30,hold,MES,IS,83,0.49404761904761907,0.4457831325301205,0.2300906486381867,1.4695032378841546,1543.1119714502154,619.576946456632,1.6909256389005094,0.625,0.3493975903614458,0.4939759036144578
VWAP/EMA Pullback 2R,10:30-11:30,hold,MES,OOS,46,0.41818181818181815,0.4782608695652174,0.05780849626424151,1.3796292098571048,666.0608756396658,467.95016581030126,1.315090233801923,0.8,0.17391304347826086,0.4782608695652174
VWAP/EMA Pullback 2R,11:30-12:30,flat,MES,ALL,150,0.539568345323741,0.3933333333333333,-0.12778503873053,0.6277227472751402,-1424.060602952733,1967.6628563370252,-2.0623409107181154,0.21428571428571427,0.05333333333333334,0.24666666666666667
VWAP/EMA Pullback 2R,11:30-12:30,flat,MES,IS,92,0.5476190476190477,0.4782608695652174,-0.02639328491111357,0.9652261025640008,-66.08656678765897,612.1888201719512,-0.16282150028191672,0.375,0.06521739130434782,0.22826086956521738
VWAP/EMA Pullback 2R,11:30-12:30,flat,MES,OOS,58,0.5272727272727272,0.25862068965517243,-0.2886133378923629,0.2944871638587577,-1357.9740361650738,1375.484036165074,-4.8837654799698695,0.0,0.034482758620689655,0.27586206896551724
VWAP/EMA Pullback 2R,11:30-12:30,hold,MES,ALL,160,0.5755395683453237,0.30625,-0.19939932897161539,0.7592597503862483,-1671.2320309087354,2207.793746715431,-1.4783118254346943,0.2857142857142857,0.2125,0.625
VWAP/EMA Pullback 2R,11:30-12:30,hold,MES,IS,97,0.5773809523809523,0.32989690721649484,-0.16750981895107647,0.8146446595203145,-726.2380905605437,1538.2763920401073,-1.0891319336125176,0.375,0.21649484536082475,0.5979381443298969
VWAP/EMA Pullback 2R,11:30-12:30,hold,MES,OOS,63,0.5727272727272728,0.2698412698412698,-0.2484990507492706,0.6874988318471832,-944.9939403481915,1273.702387128386,-2.0336880858364452,0.16666666666666666,0.20634920634920634,0.6666666666666666
VWAP/EMA Pullback 2R,12:30-13:30,flat,MES,ALL,168,0.60431654676259,0.4583333333333333,-0.07385650686089165,0.8054622391666282,-745.6800526776319,1303.2027872053668,-1.0363808237998222,0.35714285714285715,0.05357142857142857,0.2916666666666667
VWAP/EMA Pullback 2R,12:30-13:30,flat,MES,IS,96,0.5714285714285714,0.4791666666666667,-0.003569291233379327,0.9520147404606366,-102.04436638531672,852.3133659428158,-0.2375322075442397,0.5,0.052083333333333336,0.25
VWAP/EMA Pullback 2R,12:30-13:30,flat,MES,OOS,72,0.6545454545454545,0.4305555555555556,-0.16757279436424144,0.6228348894274159,-643.6356862923153,710.5343147962776,-2.2214702925919574,0.16666666666666666,0.05555555555555555,0.3472222222222222
VWAP/EMA Pullback 2R,12:30-13:30,hold,MES,ALL,175,0.6294964028776978,0.30857142857142855,-0.17678926573543505,0.73028133129912,-1911.2357536965671,2848.9984435562824,-1.6467290245199488,0.42857142857142855,0.22285714285714286,0.6285714285714286
VWAP/EMA Pullback 2R,12:30-13:30,hold,MES,IS,100,0.5952380952380952,0.33,-0.09454277892767356,0.7933600570899269,-867.9956936586264,1834.5579062436532,-1.2202794747824564,0.5,0.26,0.61
VWAP/EMA Pullback 2R,12:30-13:30,hold,MES,OOS,75,0.6818181818181818,0.28,-0.28645124814578377,0.6384558275550604,-1043.2400600379408,1289.864640997153,-2.314984481731801,0.3333333333333333,0.17333333333333334,0.6533333333333333
VWAP/EMA Pullback 2R,13:30-14:30,flat,MES,ALL,167,0.6007194244604317,0.3712574850299401,-0.22995875358420026,0.5437157483638583,-1829.5624943178923,2094.7382587995985,-2.752312200841407,0.21428571428571427,0.041916167664670656,0.3473053892215569
VWAP/EMA Pullback 2R,13:30-14:30,flat,MES,IS,106,0.6309523809523809,0.37735849056603776,-0.22371027031540747,0.6047122116880398,-1047.1810526318654,1323.6757382415349,-2.3446232308166532,0.25,0.04716981132075472,0.3867924528301887
VWAP/EMA Pullback 2R,13:30-14:30,flat,MES,OOS,61,0.5545454545454546,0.36065573770491804,-0.24081677369062698,0.42494693593727945,-782.3814416860266,826.1914416860269,-3.6978825930779795,0.16666666666666666,0.03278688524590164,0.2786885245901639
VWAP/EMA Pullback 2R,13:30-14:30,hold,MES,ALL,176,0.6330935251798561,0.2897727272727273,-0.2887078407921836,0.6809469017900509,-2029.587232263375,2600.092528511485,-1.822598040577088,0.21428571428571427,0.1590909090909091,0.625
VWAP/EMA Pullback 2R,13:30-14:30,hold,MES,IS,113,0.6726190476190477,0.2920353982300885,-0.27795702165108604,0.6456601648621138,-1568.3917148301302,2133.0614806331378,-2.162767256599346,0.25,0.18584070796460178,0.6548672566371682
VWAP/EMA Pullback 2R,13:30-14:30,hold,MES,OOS,63,0.5727272727272728,0.2857142857142857,-0.30799105607700944,0.7616619297409507,-461.1955174332446,831.3698972163273,-1.2021240611156865,0.16666666666666666,0.1111111111111111,0.5714285714285714
VWAP/EMA Pullback 2R,14:30-15:30,flat,MES,ALL,148,0.5323741007194245,0.39864864864864863,-0.10088428873543172,0.7948167944346594,-654.4395930899025,1359.90558944295,-0.7871238575843045,0.35714285714285715,0.08108108108108109,0.2702702702702703
VWAP/EMA Pullback 2R,14:30-15:30,flat,MES,IS,87,0.5178571428571429,0.3103448275862069,-0.27904019073103725,0.4389249197460006,-1308.6255894429496,1359.90558944295,-2.7426042884448063,0.125,0.034482758620689655,0.3333333333333333
VWAP/EMA Pullback 2R,14:30-15:30,flat,MES,OOS,61,0.5545454545454546,0.5245901639344263,0.15320691575010398,1.7631803403725625,654.185996353047,372.41517297225687,1.8886529903535005,0.6666666666666666,0.14754098360655737,0.18032786885245902
VWAP/EMA Pullback 2R,14:30-15:30,hold,MES,ALL,160,0.5755395683453237,0.4125,-0.038049915620107864,0.9815637907347937,-82.60020943988246,975.218472095606,-0.08017666316699036,0.5,0.1875,0.4625
VWAP/EMA Pullback 2R,14:30-15:30,hold,MES,IS,93,0.5535714285714286,0.3978494623655914,-0.12903332454002267,0.8455660166447759,-476.2099427707003,975.218472095606,-0.7288818255656914,0.5,0.15053763440860216,0.5268817204301075
VWAP/EMA Pullback 2R,14:30-15:30,hold,MES,OOS,67,0.6090909090909091,0.43283582089552236,0.08824048780604261,1.281805527436885,393.6097333308178,372.1666907813533,1.0492898468110479,0.5,0.23880597014925373,0.373134328358209
VWAP/EMA Pullback 2R,15:30-16:00,flat,MES,ALL,86,0.30935251798561153,0.38372093023255816,-0.1362301138504255,0.8800760657633082,-177.59621330075578,447.0149114591094,-0.41979557274523877,0.46153846153846156,0.06976744186046512,0.3023255813953488
VWAP/EMA Pullback 2R,15:30-16:00,flat,MES,IS,57,0.3392857142857143,0.43859649122807015,-0.08157422448046173,1.148972995366433,133.33278440054735,339.3884205618573,0.4563817578919782,0.625,0.03508771929824561,0.24561403508771928
VWAP/EMA Pullback 2R,15:30-16:00,flat,MES,OOS,29,0.2636363636363636,0.27586206896551724,-0.2436572067500093,0.46930849084041454,-310.92899770130316,380.8349114591094,-2.558982275424537,0.2,0.13793103448275862,0.41379310344827586
VWAP/EMA Pullback 2R,15:30-16:00,hold,MES,ALL,0,0.0,,,,0.0,0.0,,,,
VWAP/EMA Pullback 2R,15:30-16:00,hold,MES,IS,0,0.0,,,,0.0,0.0,,,,
VWAP/EMA Pullback 2R,15:30-16:00,hold,MES,OOS,0,0.0,,,,0.0,0.0,,,,
VWAP/EMA Pullback 2R,Full RTH,hold,MES,ALL,504,1.8129496402877698,0.36706349206349204,-0.06593676303511682,0.9777094789720067,-441.50543408250655,1295.0375990150064,-0.19086295917008564,0.5714285714285714,0.2261904761904762,0.5456349206349206
VWAP/EMA Pullback 2R,Full RTH,hold,MES,IS,313,1.8630952380952381,0.3738019169329074,-0.025922852550009142,1.016638261559498,209.46298283069888,1179.6626783149486,0.14179470180666381,0.625,0.25559105431309903,0.549520766773163
VWAP/EMA Pullback 2R,Full RTH,hold,MES,OOS,191,1.7363636363636363,0.35602094240837695,-0.13150929697144514,0.9098086173827771,-650.9684169132049,1116.4605229729204,-0.7813218195856341,0.5,0.17801047120418848,0.5392670157068062
Inside-bar breakout (trend) 2R,09:30-11:30,flat,MES,ALL,39,0.14028776978417265,0.38461538461538464,-0.014656729690239635,0.977770752566513,-13.36,181.02000000000004,-0.06406776483824245,0.46153846153846156,0.2564102564102564,0.5641025641025641
Inside-bar breakout (trend) 2R,09:30-11:30,flat,MES,IS,23,0.13690476190476192,0.34782608695652173,-0.15242017864746824,0.736652763295099,-101.02000000000002,129.83,-0.8200820289549642,0.375,0.21739130434782608,0.6086956521739131
Inside-bar breakout (trend) 2R,09:30-11:30,flat,MES,OOS,16,0.14545454545454545,0.4375,0.18337822818577637,1.4032013246860768,87.65999999999997,78.72,1.0275754755624924,0.6,0.3125,0.5
Inside-bar breakout (trend) 2R,09:30-11:30,hold,MES,ALL,40,0.14388489208633093,0.375,0.03661934839681545,0.9987676694454513,-0.8500000000000512,198.45999999999998,-0.0034303713090696438,0.38461538461538464,0.375,0.625
Inside-bar breakout (trend) 2R,09:30-11:30,hold,MES,IS,24,0.14285714285714285,0.375,0.036476173635547414,0.979609440517551,-8.509999999999991,156.14,-0.05772767967241432,0.375,0.375,0.625
Inside-bar breakout (trend) 2R,09:30-11:30,hold,MES,OOS,16,0.14545454545454545,0.375,0.03683411053871749,1.0281204111600586,7.659999999999975,123.65,0.07601521703299731,0.4,0.375,0.625
Inside-bar breakout (trend) 2R,11:30-13:30,flat,MES,ALL,79,0.2841726618705036,0.25316455696202533,-0.42315772329310264,0.48522876635163037,-657.96,679.2200000000004,-2.5822076074192455,0.21428571428571427,0.17721518987341772,0.6962025316455697
Inside-bar breakout (trend) 2R,11:30-13:30,flat,MES,IS,50,0.2976190476190476,0.24,-0.4453042482418793,0.45844414035268893,-419.49999999999994,542.1300000000001,-2.8995105962155807,0.125,0.2,0.7
Inside-bar breakout (trend) 2R,11:30-13:30,flat,MES,OOS,29,0.2636363636363636,0.27586206896551724,-0.38497405958831493,0.526432855383882,-238.46000000000004,263.46999999999997,-2.169587072292414,0.3333333333333333,0.13793103448275862,0.6896551724137931
Inside-bar breakout (trend) 2R,11:30-13:30,hold,MES,ALL,80,0.28776978417266186,0.2375,-0.40220696599444156,0.509403787566304,-677.95,699.2100000000004,-2.4901565056641988,0.2857142857142857,0.2375,0.75
Inside-bar breakout (trend) 2R,11:30-13:30,hold,MES,IS,51,0.30357142857142855,0.23529411764705882,-0.41494440770679114,0.5034556413498482,-404.49,540.8700000000001,-2.7151994416613956,0.125,0.23529411764705882,0.7450980392156863
Inside-bar breakout (trend) 2R,11:30-13:30,hold,MES,OOS,29,0.2636363636363636,0.2413793103448276,-0.37980663746582677,0.5179452827527852,-273.46000000000004,309.71999999999997,-2.239227081014745,0.5,0.2413793103448276,0.7586206896551724
Inside-bar breakout (trend) 2R,13:30-16:00,flat,MES,ALL,79,0.2841726618705036,0.21518987341772153,-0.4663723860802144,0.43076532175498644,-761.71,799.2300000000005,-2.84221020262313,0.35714285714285715,0.21518987341772153,0.759493670886076
Inside-bar breakout (trend) 2R,13:30-16:00,flat,MES,IS,43,0.25595238095238093,0.13953488372093023,-0.6745956138139992,0.22075491684615656,-662.0699999999999,692.1000000000001,-4.549671268241035,0.125,0.13953488372093023,0.813953488372093
Inside-bar breakout (trend) 2R,13:30-16:00,flat,MES,OOS,36,0.32727272727272727,0.3055555555555556,-0.21766130850930504,0.796028659160696,-99.63999999999994,191.02999999999997,-0.8303929073657916,0.6666666666666666,0.3055555555555556,0.6944444444444444
Inside-bar breakout (trend) 2R,13:30-16:00,hold,MES,ALL,71,0.25539568345323743,0.23943661971830985,-0.4021352005478399,0.4871662680335697,-606.79,644.3100000000005,-2.3201331603872997,0.35714285714285715,0.23943661971830985,0.7464788732394366
Inside-bar breakout (trend) 2R,13:30-16:00,hold,MES,IS,38,0.2261904761904762,0.15789473684210525,-0.6354128833805023,0.24811821200375697,-568.37,598.4000000000002,-4.028037386989188,0.125,0.15789473684210525,0.8157894736842105
Inside-bar breakout (trend) 2R,13:30-16:00,hold,MES,OOS,33,0.3,0.3333333333333333,-0.1335124142556832,0.9100823815764837,-38.419999999999945,179.80999999999995,-0.3262590490844586,0.6666666666666666,0.3333333333333333,0.6666666666666666
Inside-bar breakout (trend) 2R,09:30-10:30,flat,MES,ALL,3,0.01079136690647482,0.3333333333333333,-0.08078875713658322,0.9560732704961764,-2.469999999999999,56.23,-0.035030181044338214,0.3333333333333333,0.3333333333333333,0.6666666666666666
Inside-bar breakout (trend) 2R,09:30-10:30,flat,MES,IS,2,0.011904761904761904,0.0,-1.0986376811594203,0.0,-56.23,56.23,-1.7265000398212158,0.0,0.0,1.0
Inside-bar breakout (trend) 2R,09:30-10:30,flat,MES,OOS,1,0.00909090909090909,1.0,1.954909090909091,inf,53.76,0.0,1.5135749373285392,1.0,1.0,0.0
Inside-bar breakout (trend) 2R,09:30-10:30,hold,MES,ALL,4,0.014388489208633094,0.5,0.4290750988142292,2.0010670460608218,56.28999999999999,31.24,0.6006722610348787,0.5,0.5,0.5
Inside-bar breakout (trend) 2R,09:30-10:30,hold,MES,IS,3,0.017857142857142856,0.3333333333333333,-0.079536231884058,1.0449937755646452,2.5299999999999976,31.24,0.04345994780274396,0.3333333333333333,0.3333333333333333,0.6666666666666666
Inside-bar breakout (trend) 2R,09:30-10:30,hold,MES,OOS,1,0.00909090909090909,1.0,1.954909090909091,inf,53.76,0.0,1.5135749373285392,1.0,1.0,0.0
Inside-bar breakout (trend) 2R,10:30-11:30,flat,MES,ALL,35,0.12589928057553956,0.37142857142857144,-0.06536893866217898,0.8721502257792134,-69.65,183.55,-0.37011164711456906,0.38461538461538464,0.22857142857142856,0.5714285714285714
Inside-bar breakout (trend) 2R,10:30-11:30,flat,MES,IS,20,0.11904761904761904,0.35,-0.16335277066197976,0.6836912362159023,-103.55000000000003,132.35999999999999,-0.9539432342883564,0.25,0.2,0.6
Inside-bar breakout (trend) 2R,10:30-11:30,flat,MES,OOS,15,0.13636363636363635,0.4,0.06527617067088877,1.1559265903132327,33.89999999999998,78.72,0.4262223833318509,0.6,0.26666666666666666,0.5333333333333333
Inside-bar breakout (trend) 2R,10:30-11:30,hold,MES,ALL,36,0.12949640287769784,0.3611111111111111,-0.006986846094008292,0.909805531001389,-57.140000000000036,200.99,-0.26168357964052535,0.3076923076923077,0.3611111111111111,0.6388888888888888
Inside-bar breakout (trend) 2R,10:30-11:30,hold,MES,IS,21,0.125,0.38095238095238093,0.05304937442406248,0.9694284448382807,-11.040000000000028,137.45,-0.08151563321172528,0.375,0.38095238095238093,0.6190476190476191
Inside-bar breakout (trend) 2R,10:30-11:30,hold,MES,OOS,15,0.13636363636363635,0.3333333333333333,-0.09103755481930735,0.830763582966226,-46.100000000000016,123.65,-0.5542243313116406,0.2,0.3333333333333333,0.6666666666666666
Inside-bar breakout (trend) 2R,11:30-12:30,flat,MES,ALL,37,0.13309352517985612,0.16216216216216217,-0.6343269561657365,0.20619827434407464,-495.88000000000005,495.9100000000002,-3.2504152845507224,0.08333333333333333,0.08108108108108109,0.7027027027027027
Inside-bar breakout (trend) 2R,11:30-12:30,flat,MES,IS,21,0.125,0.09523809523809523,-0.726227924692144,0.18398516818221947,-277.29,277.32000000000005,-3.181372064687974,0.14285714285714285,0.09523809523809523,0.7619047619047619
Inside-bar breakout (trend) 2R,11:30-12:30,flat,MES,OOS,16,0.14545454545454545,0.25,-0.5137069349748268,0.23269446784611061,-218.58999999999997,231.10000000000002,-3.346323991931699,0.0,0.0625,0.625
Inside-bar breakout (trend) 2R,11:30-12:30,hold,MES,ALL,40,0.14388489208633093,0.2,-0.5201172836068225,0.4276469702981133,-418.35,418.38000000000017,-2.082621887872887,0.16666666666666666,0.2,0.8
Inside-bar breakout (trend) 2R,11:30-12:30,hold,MES,IS,23,0.13690476190476192,0.17391304347826086,-0.6109457318290809,0.4158935578597229,-224.77000000000004,224.8,-2.085705877443227,0.14285714285714285,0.17391304347826086,0.8260869565217391
Inside-bar breakout (trend) 2R,11:30-12:30,hold,MES,OOS,17,0.15454545454545454,0.23529411764705882,-0.3972317360120024,0.44071420316653176,-193.58,229.83999999999997,-2.1094456361476115,0.2,0.23529411764705882,0.7647058823529411
Inside-bar breakout (trend) 2R,12:30-13:30,flat,MES,ALL,40,0.14388489208633093,0.3,-0.32944998912782425,0.5634044207290138,-247.09999999999997,368.55,-1.501855171228231,0.21428571428571427,0.175,0.6
Inside-bar breakout (trend) 2R,12:30-13:30,flat,MES,IS,27,0.16071428571428573,0.2962962962962963,-0.30420224370463367,0.5004489366614503,-194.73000000000002,368.55,-1.8845394799407937,0.125,0.2222222222222222,0.5925925925925926
Inside-bar breakout (trend) 2R,12:30-13:30,flat,MES,OOS,13,0.11818181818181818,0.3076923076923077,-0.38188761423752765,0.702713442325159,-52.36999999999999,84.94999999999999,-0.855909723834837,0.3333333333333333,0.07692307692307693,0.6153846153846154
Inside-bar breakout (trend) 2R,12:30-13:30,hold,MES,ALL,41,0.1474820143884892,0.2682926829268293,-0.30549016352471203,0.5843810661490219,-278.34,367.29,-1.4598309322337915,0.21428571428571427,0.2682926829268293,0.7073170731707317
Inside-bar breakout (trend) 2R,12:30-13:30,hold,MES,IS,28,0.16666666666666666,0.2857142857142857,-0.25394332003491044,0.581852024197301,-179.72000000000003,367.29,-1.6138302743064372,0.125,0.2857142857142857,0.6785714285714286
Inside-bar breakout (trend) 2R,12:30-13:30,hold,MES,OOS,13,0.11818181818181818,0.23076923076923078,-0.416514134118131,0.5889120466861192,-98.61999999999999,102.46,-1.2407688023353818,0.3333333333333333,0.23076923076923078,0.7692307692307693
Inside-bar breakout (trend) 2R,13:30-14:30,flat,MES,ALL,34,0.1223021582733813,0.29411764705882354,-0.34733572531241547,0.43465599519032044,-300.90999999999997,327.1800000000001,-1.9916201621294092,0.3333333333333333,0.20588235294117646,0.6764705882352942
Inside-bar breakout (trend) 2R,13:30-14:30,flat,MES,IS,15,0.08928571428571429,0.26666666666666666,-0.5277629433050609,0.23917277523991637,-214.85000000000005,233.63000000000002,-2.9367513199813806,0.3333333333333333,0.13333333333333333,0.7333333333333333
Inside-bar breakout (trend) 2R,13:30-14:30,flat,MES,OOS,19,0.17272727272727273,0.3157894736842105,-0.2048931847919059,0.6555809020690758,-86.05999999999999,184.83999999999997,-1.1541739104925732,0.3333333333333333,0.2631578947368421,0.631578947368421
Inside-bar breakout (trend) 2R,13:30-14:30,hold,MES,ALL,37,0.13309352517985612,0.24324324324324326,-0.38090778201936354,0.4150098456456837,-368.38,405.9000000000002,-2.2701899919046786,0.38461538461538464,0.24324324324324326,0.7297297297297297
Inside-bar breakout (trend) 2R,13:30-14:30,hold,MES,IS,18,0.10714285714285714,0.16666666666666666,-0.5861454124261244,0.2137276180141074,-289.82000000000005,319.85,-3.5136798569472982,0.2857142857142857,0.16666666666666666,0.7777777777777778
Inside-bar breakout (trend) 2R,13:30-14:30,hold,MES,OOS,19,0.17272727272727273,0.3157894736842105,-0.186472132160327,0.6991421568627448,-78.55999999999999,177.33999999999997,-1.016086410321667,0.5,0.3157894736842105,0.6842105263157895
Inside-bar breakout (trend) 2R,14:30-15:30,flat,MES,ALL,33,0.11870503597122302,0.21212121212121213,-0.4829375406185474,0.47598781821021396,-268.41999999999996,322.2700000000001,-1.5988531276503959,0.23076923076923078,0.18181818181818182,0.7272727272727273
Inside-bar breakout (trend) 2R,14:30-15:30,flat,MES,IS,19,0.1130952380952381,0.10526315789473684,-0.760302042708185,0.21784226717120841,-287.31,287.31000000000006,-3.0161258026564934,0.125,0.10526315789473684,0.8421052631578947
Inside-bar breakout (trend) 2R,14:30-15:30,flat,MES,OOS,14,0.12727272727272726,0.35714285714285715,-0.10651428778261066,1.1303567731695536,18.89000000000003,64.92999999999999,0.2632221332031381,0.4,0.2857142857142857,0.5714285714285714
Inside-bar breakout (trend) 2R,14:30-15:30,hold,MES,ALL,34,0.1223021582733813,0.23529411764705882,-0.4252356265935347,0.5692605105783303,-238.40999999999997,313.5100000000001,-1.2800790742396204,0.23076923076923078,0.23529411764705882,0.7647058823529411
Inside-bar breakout (trend) 2R,14:30-15:30,hold,MES,IS,20,0.11904761904761904,0.15,-0.6797536072394424,0.28084579041127716,-278.55,278.55000000000007,-2.792472738267116,0.125,0.15,0.85
Inside-bar breakout (trend) 2R,14:30-15:30,hold,MES,OOS,14,0.12727272727272726,0.35714285714285715,-0.06163851138509518,1.2415743861338469,40.14000000000006,86.17999999999998,0.4748381573019009,0.4,0.35714285714285715,0.6428571428571429
Inside-bar breakout (trend) 2R,15:30-16:00,flat,MES,ALL,8,0.02877697841726619,0.0,-1.0390312538338853,0.0,-152.42,152.42,-2.637455116424147,0.0,0.0,0.875
Inside-bar breakout (trend) 2R,15:30-16:00,flat,MES,IS,5,0.02976190476190476,0.0,-0.9764705189547292,0.0,-91.19999999999999,91.19999999999999,-2.647784718257426,0.0,0.0,0.8
Inside-bar breakout (trend) 2R,15:30-16:00,flat,MES,OOS,3,0.02727272727272727,0.0,-1.1432991452991452,0.0,-61.22,61.22,-2.611506325386978,0.0,0.0,1.0
Inside-bar breakout (trend) 2R,15:30-16:00,hold,MES,ALL,0,0.0,,,,0.0,0.0,,,,
Inside-bar breakout (trend) 2R,15:30-16:00,hold,MES,IS,0,0.0,,,,0.0,0.0,,,,
Inside-bar breakout (trend) 2R,15:30-16:00,hold,MES,OOS,0,0.0,,,,0.0,0.0,,,,
Inside-bar breakout (trend) 2R,Full RTH,hold,MES,ALL,186,0.6690647482014388,0.27419354838709675,-0.28770336257915163,0.6244383492144022,-1184.3899999999999,1221.9100000000012,-2.560231700938409,0.2857142857142857,0.27419354838709675,0.7150537634408602
Inside-bar breakout (trend) 2R,Full RTH,hold,MES,IS,111,0.6607142857142857,0.24324324324324326,-0.37928311886713784,0.5153949746788126,-946.3900000000001,1070.2100000000005,-3.3743205185187626,0.125,0.24324324324324326,0.7387387387387387
Inside-bar breakout (trend) 2R,Full RTH,hold,MES,OOS,75,0.6818181818181818,0.32,-0.15216532327293195,0.8017888968469444,-238.00000000000003,397.22999999999996,-1.3076087123993119,0.5,0.32,0.68
Donchian 48-bar breakout 2R,09:30-11:30,flat,MES,ALL,235,0.8453237410071942,0.5361702127659574,0.06037015494951549,1.1242252531167187,1124.1297251806077,1598.3578839528623,0.6571416735905076,0.5714285714285714,0.02553191489361702,0.14893617021276595
Donchian 48-bar breakout 2R,09:30-11:30,flat,MES,IS,136,0.8095238095238095,0.5220588235294118,0.036440337628460495,1.0048277309471427,25.30702712943821,1598.3578839528623,0.02602023614561679,0.375,0.03676470588235294,0.11764705882352941
Donchian 48-bar breakout 2R,09:30-11:30,flat,MES,OOS,99,0.9,0.5555555555555556,0.09324343935015668,1.2886237384452859,1098.82269805117,867.262821944043,1.4951131591426001,0.8333333333333334,0.010101010101010102,0.1919191919191919
Donchian 48-bar breakout 2R,09:30-11:30,hold,MES,ALL,237,0.8525179856115108,0.4978902953586498,0.06401886672327635,1.0492398321146361,726.9132476717251,1608.287318354439,0.2955133331478958,0.5,0.12236286919831224,0.32489451476793246
Donchian 48-bar breakout 2R,09:30-11:30,hold,MES,IS,137,0.8154761904761905,0.49635036496350365,0.0971485784773733,1.121023748655563,1017.395310562722,1608.287318354439,0.6792634033441792,0.5,0.12408759124087591,0.30656934306569344
Donchian 48-bar breakout 2R,09:30-11:30,hold,MES,OOS,100,0.9090909090909091,0.5,0.01863116162016355,0.9542989248629337,-290.4820628909963,1381.0720176651403,-0.3009380533893302,0.5,0.12,0.35
Donchian 48-bar breakout 2R,11:30-13:30,flat,MES,ALL,171,0.6151079136690647,0.5087719298245614,-0.003821365803311899,1.011138824805915,51.53747688132762,1060.2255347106004,0.0510775725098869,0.5714285714285714,0.0,0.0935672514619883
Donchian 48-bar breakout 2R,11:30-13:30,flat,MES,IS,108,0.6428571428571429,0.5,-0.02013119477136898,1.0346192953397129,97.2219905760794,1060.2255347106004,0.15839764621470587,0.5,0.0,0.10185185185185185
Donchian 48-bar breakout 2R,11:30-13:30,flat,MES,OOS,63,0.5727272727272728,0.5238095238095238,0.024138340999071698,0.974878114334137,-45.68451369475155,604.43146564728,-0.11507944781976018,0.6666666666666666,0.0,0.07936507936507936
Donchian 48-bar breakout 2R,11:30-13:30,hold,MES,ALL,177,0.6366906474820144,0.4463276836158192,-0.04726481903615182,0.857408628906333,-1321.5236495856498,2529.632686633501,-0.7661212185337825,0.42857142857142855,0.05084745762711865,0.2824858757062147
Donchian 48-bar breakout 2R,11:30-13:30,hold,MES,IS,111,0.6607142857142857,0.44144144144144143,-0.03187039330142095,0.9473304885238326,-303.79033046369807,2529.632686633501,-0.2768014029790929,0.375,0.04504504504504504,0.27927927927927926
Donchian 48-bar breakout 2R,11:30-13:30,hold,MES,OOS,66,0.6,0.45454545454545453,-0.07315544413547193,0.7092230648631858,-1017.7333191219514,1362.8370834037482,-1.6274250693750592,0.5,0.06060606060606061,0.2878787878787879
Donchian 48-bar breakout 2R,13:30-16:00,flat,MES,ALL,232,0.8345323741007195,0.41810344827586204,-0.10850552507869174,0.7356809626509012,-2363.9107777108084,2730.6073516950423,-1.6226237698546206,0.21428571428571427,0.034482758620689655,0.22844827586206898
Donchian 48-bar breakout 2R,13:30-16:00,flat,MES,IS,146,0.8690476190476191,0.4246575342465753,-0.1150612765475498,0.7040313763090581,-1785.505001678714,2183.656482759693,-1.9595576724745112,0.125,0.03424657534246575,0.2465753424657534
Donchian 48-bar breakout 2R,13:30-16:00,flat,MES,OOS,86,0.7818181818181819,0.4069767441860465,-0.09737599351528145,0.8012794239518722,-578.4057760320939,1227.8341512154461,-1.059069827007586,0.3333333333333333,0.03488372093023256,0.19767441860465115
Donchian 48-bar breakout 2R,13:30-16:00,hold,MES,ALL,196,0.7050359712230215,0.413265306122449,-0.09794981444351832,0.783292039934892,-1707.1711249030295,2083.83769888727,-1.2174055429629644,0.21428571428571427,0.04081632653061224,0.25
Donchian 48-bar breakout 2R,13:30-16:00,hold,MES,IS,123,0.7321428571428571,0.42276422764227645,-0.09708787922238682,0.7596549307427435,-1249.221803309707,1607.197376192909,-1.4484511791496426,0.125,0.04065040650406504,0.2682926829268293
Donchian 48-bar breakout 2R,13:30-16:00,hold,MES,OOS,73,0.6636363636363637,0.3972602739726027,-0.09940211625446582,0.8291318157105927,-457.94932159332245,1082.3176967766744,-0.8452737313938085,0.3333333333333333,0.0410958904109589,0.2191780821917808
Donchian 48-bar breakout 2R,09:30-10:30,flat,MES,ALL,159,0.5719424460431655,0.5157232704402516,0.00018272581254420096,0.9328587427151308,-354.0940178233328,1560.818231473777,-0.30885425219909785,0.5714285714285714,0.006289308176100629,0.11320754716981132
Donchian 48-bar breakout 2R,09:30-10:30,flat,MES,IS,94,0.5595238095238095,0.5531914893617021,0.06217546865866296,1.339972346203871,802.2427904039787,982.2295467170118,1.2649922028541112,0.625,0.010638297872340425,0.06382978723404255
Donchian 48-bar breakout 2R,09:30-10:30,flat,MES,OOS,65,0.5909090909090909,0.46153846153846156,-0.08946831768799676,0.603197487172636,-1156.3368082273118,1560.8182314737767,-2.3036903576234953,0.5,0.0,0.18461538461538463
Donchian 48-bar breakout 2R,09:30-10:30,hold,MES,ALL,166,0.5971223021582733,0.5,0.08852805779552125,1.0324792711858175,343.65026143983584,2009.8266606568075,0.16249188044322646,0.42857142857142855,0.14457831325301204,0.3493975903614458
Donchian 48-bar breakout 2R,09:30-10:30,hold,MES,IS,97,0.5773809523809523,0.4948453608247423,0.08952122700674256,1.0407593975524234,254.14183916831638,2009.8266606568075,0.1971915499538022,0.5,0.13402061855670103,0.32989690721649484
Donchian 48-bar breakout 2R,09:30-10:30,hold,MES,OOS,69,0.6272727272727273,0.5072463768115942,0.08713186339713762,1.0205982841874337,89.50842227151931,791.500292557718,0.10786867559448211,0.3333333333333333,0.15942028985507245,0.37681159420289856
Donchian 48-bar breakout 2R,10:30-11:30,flat,MES,ALL,161,0.579136690647482,0.515527950310559,0.02001176745251733,1.0722041431729517,328.5882678985254,1619.3761055562895,0.284699475364108,0.42857142857142855,0.006211180124223602,0.055900621118012424
Donchian 48-bar breakout 2R,10:30-11:30,flat,MES,IS,95,0.5654761904761905,0.47368421052631576,-0.037778438643383094,0.6864524082668659,-1055.2561055562894,1619.3761055562895,-1.4680324050657003,0.25,0.010526315789473684,0.06315789473684211
Donchian 48-bar breakout 2R,10:30-11:30,flat,MES,OOS,66,0.6,0.5757575757575758,0.10319463986328312,2.1675197458425104,1383.8443734548146,264.9540302793105,3.2599845225561364,0.6666666666666666,0.0,0.045454545454545456
Donchian 48-bar breakout 2R,10:30-11:30,hold,MES,ALL,165,0.5935251798561151,0.4727272727272727,-0.030475354150671874,0.8614117014468632,-1478.935001196247,2050.0470388193357,-0.7126127232283396,0.2857142857142857,0.07272727272727272,0.3090909090909091
Donchian 48-bar breakout 2R,10:30-11:30,hold,MES,IS,96,0.5714285714285714,0.4791666666666667,0.010229625785627939,0.8661806749836132,-860.3420018243748,2050.0470388193357,-0.6826835756015357,0.375,0.07291666666666667,0.3020833333333333
Donchian 48-bar breakout 2R,10:30-11:30,hold,MES,OOS,69,0.6272727272727273,0.463768115942029,-0.08710836971421941,0.8541843996087574,-618.5929993718721,1569.3218534899559,-0.7554321308016628,0.16666666666666666,0.07246376811594203,0.3188405797101449
Donchian 48-bar breakout 2R,11:30-12:30,flat,MES,ALL,135,0.4856115107913669,0.4666666666666667,-0.048918376782896955,0.7345759107905556,-864.2572689526992,1021.8072689527,-1.1981778416745867,0.42857142857142855,0.0,0.037037037037037035
Donchian 48-bar breakout 2R,11:30-12:30,flat,MES,IS,83,0.49404761904761907,0.46987951807228917,-0.045174512737169076,0.767788205879212,-409.1714508538516,754.3078387278119,-1.0539815817017029,0.375,0.0,0.03614457831325301
Donchian 48-bar breakout 2R,11:30-12:30,flat,MES,OOS,52,0.4727272727272727,0.46153846153846156,-0.05489415977896261,0.6954064763072555,-455.08581809884777,997.7658180988477,-1.3852085114144719,0.5,0.0,0.038461538461538464
Donchian 48-bar breakout 2R,11:30-12:30,hold,MES,ALL,137,0.49280575539568344,0.4233576642335766,-0.07124034114714665,0.8054092608200846,-1423.3696353632538,2148.5194228966516,-0.9340646300981005,0.42857142857142855,0.043795620437956206,0.2773722627737226
Donchian 48-bar breakout 2R,11:30-12:30,hold,MES,IS,83,0.49404761904761907,0.40963855421686746,-0.09389740865127949,0.852597254104091,-637.3570561686407,1743.769978235588,-0.6893410948401912,0.375,0.024096385542168676,0.27710843373493976
Donchian 48-bar breakout 2R,11:30-12:30,hold,MES,OOS,54,0.4909090909090909,0.4444444444444444,-0.0364155892426462,0.7371870056949856,-786.0125791946132,1411.6070834037482,-1.3062573751170095,0.5,0.07407407407407407,0.2777777777777778
Donchian 48-bar breakout 2R,12:30-13:30,flat,MES,ALL,111,0.39928057553956836,0.5135135135135135,-0.01151399301292593,0.837762373755522,-430.5106209992699,905.4919493100533,-0.6066692097393278,0.35714285714285715,0.0,0.036036036036036036
Donchian 48-bar breakout 2R,12:30-13:30,flat,MES,IS,73,0.43452380952380953,0.4657534246575342,-0.02624072027559059,0.8724107063962427,-213.3906209992699,905.4919493100533,-0.49424816229632584,0.375,0.0,0.0547945205479452
Donchian 48-bar breakout 2R,12:30-13:30,flat,MES,OOS,38,0.34545454545454546,0.6052631578947368,0.016776825149561424,0.7786973804912852,-217.12,504.79000000000013,-0.777872914059592,0.3333333333333333,0.0,0.0
Donchian 48-bar breakout 2R,12:30-13:30,hold,MES,ALL,119,0.42805755395683454,0.4789915966386555,-0.02232771691085621,0.8817930248828744,-696.9536676118125,1742.3250902476336,-0.5053597003026793,0.35714285714285715,0.05042016806722689,0.2773109243697479
Donchian 48-bar breakout 2R,12:30-13:30,hold,MES,IS,77,0.4583333333333333,0.4675324675324675,0.015376197286084069,1.0235357257220192,90.75113620535566,1742.3250902476336,0.0989352706160952,0.375,0.06493506493506493,0.2727272727272727
Donchian 48-bar breakout 2R,12:30-13:30,hold,MES,OOS,42,0.38181818181818183,0.5,-0.09145155960524673,0.613899834461413,-787.7048038171681,1008.848046173206,-1.7510685181621128,0.3333333333333333,0.023809523809523808,0.2857142857142857
Donchian 48-bar breakout 2R,13:30-14:30,flat,MES,ALL,128,0.460431654676259,0.40625,-0.13048017898994496,0.4753935135313659,-1893.1114835400303,1965.7714835400309,-2.8975502528640837,0.21428571428571427,0.0,0.0859375
Donchian 48-bar breakout 2R,13:30-14:30,flat,MES,IS,88,0.5238095238095238,0.375,-0.16607534995140003,0.45286452172412056,-1421.5038497142377,1535.2938497142384,-3.3092111551297942,0.125,0.0,0.11363636363636363
Donchian 48-bar breakout 2R,13:30-14:30,flat,MES,OOS,40,0.36363636363636365,0.475,-0.05217080287474396,0.5333147908720032,-471.60763382579216,580.6376338257922,-2.149691729759317,0.3333333333333333,0.0,0.025
Donchian 48-bar breakout 2R,13:30-14:30,hold,MES,ALL,131,0.4712230215827338,0.40458015267175573,-0.13745757121571414,0.6891799356503412,-1785.1960074893295,2015.2641019477503,-1.5603818262491942,0.21428571428571427,0.022900763358778626,0.2748091603053435
Donchian 48-bar breakout 2R,13:30-14:30,hold,MES,IS,88,0.5238095238095238,0.4090909090909091,-0.16318423751848188,0.6383266646019926,-1502.146925166751,1853.416515676124,-2.0727125843644694,0.125,0.022727272727272728,0.3068181818181818
Donchian 48-bar breakout 2R,13:30-14:30,hold,MES,OOS,43,0.39090909090909093,0.3953488372093023,-0.0848076494798173,0.822001642841997,-283.04908232257867,560.0025854800831,-0.6773706499727096,0.3333333333333333,0.023255813953488372,0.20930232558139536
Donchian 48-bar breakout 2R,14:30-15:30,flat,MES,ALL,130,0.4676258992805755,0.46923076923076923,-0.01931725272453632,0.8935112913264337,-339.32137497063775,834.6254000887458,-0.38916909359273844,0.2857142857142857,0.015384615384615385,0.08461538461538462
Donchian 48-bar breakout 2R,14:30-15:30,flat,MES,IS,80,0.47619047619047616,0.425,-0.03591981781779467,0.7914063699570972,-450.1997394787298,834.6254000887458,-0.8695587246027534,0.25,0.0125,0.0875
Donchian 48-bar breakout 2R,14:30-15:30,flat,MES,OOS,50,0.45454545454545453,0.54,0.007246851424677063,1.10783820428864,110.87836450809203,428.41100364085014,0.31234342125020936,0.3333333333333333,0.02,0.08
Donchian 48-bar breakout 2R,14:30-15:30,hold,MES,ALL,137,0.49280575539568344,0.40145985401459855,-0.09543997446148436,0.7852039798795357,-994.7236800467159,1243.530739714916,-0.9875175968162025,0.21428571428571427,0.0364963503649635,0.18248175182481752
Donchian 48-bar breakout 2R,14:30-15:30,hold,MES,IS,85,0.5059523809523809,0.38823529411764707,-0.08141068486625173,0.7423858537330384,-760.3432920024859,1199.7293666845585,-1.212599379289053,0.125,0.03529411764705882,0.17647058823529413
Donchian 48-bar breakout 2R,14:30-15:30,hold,MES,OOS,52,0.4727272727272727,0.4230769230769231,-0.11837246706907616,0.8604491789586358,-234.3803880442299,797.7468132549833,-0.6149060028556591,0.3333333333333333,0.038461538461538464,0.19230769230769232
Donchian 48-bar breakout 2R,15:30-16:00,flat,MES,ALL,105,0.3776978417266187,0.4380952380952381,-0.12549247299766972,0.5630653550969015,-1213.820060152016,1331.3557412976745,-2.109783128348854,0.14285714285714285,0.009523809523809525,0.0761904761904762
Donchian 48-bar breakout 2R,15:30-16:00,flat,MES,IS,66,0.39285714285714285,0.5,-0.08689220320881072,0.6322416906852182,-629.1265477251161,708.1724559228935,-1.7687421015898148,0.125,0.0,0.06060606060606061
Donchian 48-bar breakout 2R,15:30-16:00,flat,MES,OOS,39,0.35454545454545455,0.3333333333333333,-0.1908160064865081,0.45219008723089715,-584.6935124268998,732.2891935725579,-2.654242211274786,0.16666666666666666,0.02564102564102564,0.10256410256410256
Donchian 48-bar breakout 2R,15:30-16:00,hold,MES,ALL,0,0.0,,,,0.0,0.0,,,,
Donchian 48-bar breakout 2R,15:30-16:00,hold,MES,IS,0,0.0,,,,0.0,0.0,,,,
Donchian 48-bar breakout 2R,15:30-16:00,hold,MES,OOS,0,0.0,,,,0.0,0.0,,,,
Donchian 48-bar breakout 2R,Full RTH,hold,MES,ALL,349,1.2553956834532374,0.4871060171919771,0.03034146381635139,1.038201954734608,760.9780171056318,1968.1986639944262,0.2827209750110351,0.5,0.10028653295128939,0.3037249283667622
Donchian 48-bar breakout 2R,Full RTH,hold,MES,IS,207,1.2321428571428572,0.463768115942029,0.050513030716064694,1.0813249508307996,947.8485371118054,1968.1986639944262,0.5659920474312297,0.5,0.0966183574879227,0.28502415458937197
Donchian 48-bar breakout 2R,Full RTH,hold,MES,OOS,142,1.290909090909091,0.5211267605633803,0.0009364331949382629,0.9773895745626167,-186.87052000617234,1479.9678425775141,-0.183341162374317,0.5,0.1056338028169014,0.33098591549295775
Noise-band momentum 2R,09:30-11:30,flat,MES,ALL,141,0.5071942446043165,0.3191489361702128,-0.2021807208180229,0.5815209725988513,-1995.988139314787,2211.5916938505507,-2.4903181834376276,0.2857142857142857,0.16312056737588654,0.5460992907801419
Noise-band momentum 2R,09:30-11:30,flat,MES,IS,76,0.4523809523809524,0.27631578947368424,-0.3328040166305286,0.4259655576038034,-1847.570560850577,1986.021130598655,-3.6416721481114824,0.125,0.11842105263157894,0.5921052631578947
Noise-band momentum 2R,09:30-11:30,flat,MES,OOS,65,0.5909090909090909,0.36923076923076925,-0.04945194417570843,0.9043118127176533,-148.4175784642098,519.2375258902002,-0.5126862630750346,0.5,0.2153846153846154,0.49230769230769234
Noise-band momentum 2R,09:30-11:30,hold,MES,ALL,141,0.5071942446043165,0.3049645390070922,-0.17820076062270787,0.647991507510788,-2079.7558142370563,2388.122385159426,-2.182550750320129,0.42857142857142855,0.24822695035460993,0.6666666666666666
Noise-band momentum 2R,09:30-11:30,hold,MES,IS,76,0.4523809523809524,0.2631578947368421,-0.3014232762604545,0.5316002540881494,-1742.5651364811167,1901.3575203867495,-2.9433872252845394,0.25,0.21052631578947367,0.7105263157894737
Noise-band momentum 2R,09:30-11:30,hold,MES,OOS,65,0.5909090909090909,0.35384615384615387,-0.03412520387703481,0.8458910953218256,-337.1906777559394,838.1889346303577,-0.9370058273576459,0.6666666666666666,0.2923076923076923,0.6153846153846154
Noise-band momentum 2R,11:30-13:30,flat,MES,ALL,126,0.45323741007194246,0.42857142857142855,-0.1153679471889047,0.7893703832080211,-790.4992088414226,1046.7248429895253,-0.9642716220840657,0.2857142857142857,0.11904761904761904,0.4444444444444444
Noise-band momentum 2R,11:30-13:30,flat,MES,IS,63,0.375,0.4603174603174603,-0.15453518664026963,0.8747483320673811,-218.06184640401733,482.2661477948944,-0.48769390278399866,0.125,0.07936507936507936,0.38095238095238093
Noise-band momentum 2R,11:30-13:30,flat,MES,OOS,63,0.5727272727272728,0.3968253968253968,-0.07620070773753981,0.7154940651345489,-572.437362437405,748.4285142938908,-1.5543488590646453,0.5,0.15873015873015872,0.5079365079365079
Noise-band momentum 2R,11:30-13:30,hold,MES,ALL,126,0.45323741007194246,0.3412698412698413,-0.14023464980892125,0.8822140822293092,-595.1594953231577,1079.4487542346965,-0.45828020888380094,0.5,0.1984126984126984,0.5873015873015873
Noise-band momentum 2R,11:30-13:30,hold,MES,IS,63,0.375,0.3333333333333333,-0.2177644152115422,0.930107898230799,-178.09153694684593,752.8318925404326,-0.25463410152608623,0.5,0.15873015873015872,0.5714285714285714
Noise-band momentum 2R,11:30-13:30,hold,MES,OOS,63,0.5727272727272728,0.3492063492063492,-0.0627048844063003,0.83349246616673,-417.0679583763118,913.4575084490044,-0.7054474459185929,0.5,0.23809523809523808,0.6031746031746031
Noise-band momentum 2R,13:30-16:00,flat,MES,ALL,135,0.4856115107913669,0.34814814814814815,-0.27349599688037757,0.7833057547149647,-1007.5649464910091,1258.1520473930166,-0.9779012276686978,0.2857142857142857,0.11851851851851852,0.5111111111111111
Noise-band momentum 2R,13:30-16:00,flat,MES,IS,74,0.44047619047619047,0.36486486486486486,-0.23950635261751757,0.7636769605908847,-640.5725150109002,1258.1520473930166,-1.0794972765893092,0.25,0.10810810810810811,0.4594594594594595
Noise-band momentum 2R,13:30-16:00,flat,MES,OOS,61,0.5545454545454546,0.32786885245901637,-0.31472933582220786,0.8107435625283702,-366.9924314801089,480.67325150317913,-0.8395367171874337,0.3333333333333333,0.13114754098360656,0.5737704918032787
Noise-band momentum 2R,13:30-16:00,hold,MES,ALL,117,0.420863309352518,0.3418803418803419,-0.2780056014242817,0.7936383748386817,-844.8276929408827,1225.1541135514722,-0.8580654522981018,0.35714285714285715,0.11965811965811966,0.5213675213675214
Noise-band momentum 2R,13:30-16:00,hold,MES,IS,67,0.39880952380952384,0.3582089552238806,-0.25637949790340914,0.7571058276749408,-615.6630025363531,1225.1541135514722,-1.0612586389448873,0.25,0.1044776119402985,0.4626865671641791
Noise-band momentum 2R,13:30-16:00,hold,MES,OOS,50,0.45454545454545453,0.32,-0.306984580142251,0.8530262695135157,-229.16469040452927,520.3644809052315,-0.5649058858538507,0.5,0.14,0.6
Noise-band momentum 2R,09:30-10:30,flat,MES,ALL,53,0.1906474820143885,0.37735849056603776,-0.19650233243767037,0.6411958036635902,-582.8146253671719,956.7525607588917,-1.3130790632762483,0.38461538461538464,0.18867924528301888,0.6226415094339622
Noise-band momentum 2R,09:30-10:30,flat,MES,IS,26,0.15476190476190477,0.34615384615384615,-0.30188145809687794,0.4977930189028421,-489.75121895222696,489.75121895222713,-1.887160160857392,0.2857142857142857,0.11538461538461539,0.6538461538461539
Noise-band momentum 2R,09:30-10:30,flat,MES,OOS,27,0.24545454545454545,0.4074074074074074,-0.09502613735843343,0.856632985947625,-93.06340641494484,469.5113418066646,-0.504549230698613,0.5,0.25925925925925924,0.5925925925925926
Noise-band momentum 2R,09:30-10:30,hold,MES,ALL,53,0.1906474820143885,0.3018867924528302,-0.17162826709355417,0.7048861380608932,-594.029419660809,1170.6870435751491,-0.9826062608557846,0.38461538461538464,0.2830188679245283,0.6981132075471698
Noise-band momentum 2R,09:30-10:30,hold,MES,IS,26,0.15476190476190477,0.23076923076923078,-0.35675529610406576,0.49447927759722027,-645.4266146930815,803.834041043261,-1.7668452480466148,0.2857142857142857,0.23076923076923078,0.7692307692307693
Noise-band momentum 2R,09:30-10:30,hold,MES,OOS,27,0.24545454545454545,0.37037037037037035,0.00664220528693844,1.06982117965852,51.39719503227259,525.2604288820675,0.2148651961083952,0.5,0.3333333333333333,0.6296296296296297
Noise-band momentum 2R,10:30-11:30,flat,MES,ALL,96,0.34532374100719426,0.34375,-0.1946274898163783,0.5606183528294556,-1363.8722830510872,1444.315623066569,-2.2457998933466756,0.2857142857142857,0.11458333333333333,0.4791666666666667
Noise-band momentum 2R,10:30-11:30,flat,MES,IS,54,0.32142857142857145,0.3148148148148148,-0.31383275282093853,0.40570498600375005,-1292.5012475090953,1444.315623066569,-3.3195597935283714,0.375,0.07407407407407407,0.5185185185185185
Noise-band momentum 2R,10:30-11:30,flat,MES,OOS,42,0.38181818181818183,0.38095238095238093,-0.04136358023908643,0.9231928757135828,-71.37103554199176,288.6123095586141,-0.33381562867155357,0.16666666666666666,0.16666666666666666,0.42857142857142855
Noise-band momentum 2R,10:30-11:30,hold,MES,ALL,96,0.34532374100719426,0.3020833333333333,-0.19639314655489837,0.6208205846612674,-1625.8027601856022,1806.4053273360075,-1.9561711974574307,0.35714285714285715,0.21875,0.65625
Noise-band momentum 2R,10:30-11:30,hold,MES,IS,54,0.32142857142857145,0.2777777777777778,-0.27204620255494527,0.5343279088837657,-1259.1889368292605,1524.5550687783311,-2.4237673602661727,0.375,0.2037037037037037,0.6851851851851852
Noise-band momentum 2R,10:30-11:30,hold,MES,OOS,42,0.38181818181818183,0.3333333333333333,-0.09912493169769514,0.7685025362669626,-366.61382335634164,664.4118338141687,-1.1768332010663753,0.3333333333333333,0.23809523809523808,0.6190476190476191
Noise-band momentum 2R,11:30-12:30,flat,MES,ALL,85,0.3057553956834532,0.43529411764705883,-0.05992718086275074,0.9906677347181216,-17.771508341179775,429.069387445741,-0.03291760388793528,0.42857142857142855,0.09411764705882353,0.3411764705882353
Noise-band momentum 2R,11:30-12:30,flat,MES,IS,39,0.23214285714285715,0.46153846153846156,-0.0024778937547406607,1.175636243001757,130.50319797056795,222.47784703612177,0.5144140380285918,0.5,0.05128205128205128,0.2564102564102564
Noise-band momentum 2R,11:30-12:30,flat,MES,OOS,46,0.41818181818181815,0.41304347826086957,-0.10863418514997668,0.8723175333196231,-148.27470631174776,429.06938744574086,-0.5466867474296225,0.3333333333333333,0.13043478260869565,0.41304347826086957
Noise-band momentum 2R,11:30-12:30,hold,MES,ALL,85,0.3057553956834532,0.3764705882352941,-0.05455651411549429,1.01018063007606,33.732657674708584,951.066856254607,0.032676389879512324,0.42857142857142855,0.2,0.5294117647058824
Noise-band momentum 2R,11:30-12:30,hold,MES,IS,39,0.23214285714285715,0.41025641025641024,-0.07435197308798713,1.3873461363228923,536.5575673238096,355.23611355813364,0.8745797378536795,0.5,0.15384615384615385,0.46153846153846156
Noise-band momentum 2R,11:30-12:30,hold,MES,OOS,46,0.41818181818181815,0.34782608695652173,-0.03777340759533734,0.7392258583319549,-502.82490964910096,897.6012216291261,-1.2018914356191033,0.3333333333333333,0.2391304347826087,0.5869565217391305
Noise-band momentum 2R,12:30-13:30,flat,MES,ALL,90,0.3237410071942446,0.4444444444444444,-0.17550683525307675,0.5642070875154146,-1169.3225705865614,1286.8452338103996,-1.948746233533664,0.21428571428571427,0.08888888888888889,0.4111111111111111
Noise-band momentum 2R,12:30-13:30,flat,MES,IS,49,0.2916666666666667,0.4489795918367347,-0.1886857332185559,0.6389827267422737,-490.69069659993124,518.0382996315869,-1.4238937784879555,0.125,0.08163265306122448,0.3673469387755102
Noise-band momentum 2R,12:30-13:30,flat,MES,OOS,41,0.37272727272727274,0.43902439024390244,-0.15975644500165048,0.48744512045430916,-678.63187398663,793.4226238101604,-2.6630216068379307,0.3333333333333333,0.0975609756097561,0.4634146341463415
Noise-band momentum 2R,12:30-13:30,hold,MES,ALL,90,0.3237410071942446,0.3333333333333333,-0.23774310144880662,0.6748651344593725,-1341.5935434473583,1754.8986211253907,-1.2241723051473812,0.2857142857142857,0.15555555555555556,0.5888888888888889
Noise-band momentum 2R,12:30-13:30,hold,MES,IS,49,0.2916666666666667,0.2857142857142857,-0.3039201849972196,0.6819667687315064,-723.3353749242859,1226.741378165577,-1.2245053377603496,0.25,0.12244897959183673,0.5918367346938775
Noise-band momentum 2R,12:30-13:30,hold,MES,OOS,41,0.37272727272727274,0.3902439024390244,-0.15865341623241053,0.6661431370952787,-618.2581685230725,787.2537822285639,-1.239955872402092,0.3333333333333333,0.1951219512195122,0.5853658536585366
Noise-band momentum 2R,13:30-14:30,flat,MES,ALL,84,0.302158273381295,0.40476190476190477,-0.24414270596521104,0.5931039480998941,-899.239778030563,989.2797780305634,-1.6825096439263778,0.42857142857142855,0.023809523809523808,0.35714285714285715
Noise-band momentum 2R,13:30-14:30,flat,MES,IS,50,0.2976190476190476,0.4,-0.17925394448623447,0.6272883637203035,-455.6453089724864,531.9923783484867,-1.4769640906969284,0.5,0.04,0.3
Noise-band momentum 2R,13:30-14:30,flat,MES,OOS,34,0.3090909090909091,0.4117647058823529,-0.33956735519900016,0.5507833460092751,-443.5944690580765,595.4490914751153,-1.9625395457203645,0.3333333333333333,0.0,0.4411764705882353
Noise-band momentum 2R,13:30-14:30,hold,MES,ALL,84,0.302158273381295,0.32142857142857145,-0.3692128116658652,0.7557643962723642,-773.2772240721608,1014.2799214378776,-0.86342247490471,0.42857142857142855,0.08333333333333333,0.5476190476190477
Noise-band momentum 2R,13:30-14:30,hold,MES,IS,50,0.2976190476190476,0.34,-0.3428040381659829,0.7451698912170865,-512.799585633481,1014.2799214378776,-0.9378858897178316,0.375,0.08,0.52
Noise-band momentum 2R,13:30-14:30,hold,MES,OOS,34,0.3090909090909091,0.29411764705882354,-0.40804924328333925,0.7742421829811059,-260.47763843867983,607.0050130218344,-0.7434318173358323,0.5,0.08823529411764706,0.5882352941176471
Noise-band momentum 2R,14:30-15:30,flat,MES,ALL,86,0.30935251798561153,0.4883720930232558,-0.03733877796007776,1.3364502655435628,513.6352058281292,473.6708539727391,0.9036235894532134,0.5,0.046511627906976744,0.23255813953488372
Noise-band momentum 2R,14:30-15:30,flat,MES,IS,51,0.30357142857142855,0.49019607843137253,-0.035481921716252994,1.0799461849892569,81.88712645386715,473.6708539727391,0.23845767195133077,0.375,0.0392156862745098,0.19607843137254902
Noise-band momentum 2R,14:30-15:30,flat,MES,OOS,35,0.3181818181818182,0.4857142857142857,-0.04004448277250815,1.8594527650094304,431.7480793742622,144.3012945756447,1.91652524741061,0.6666666666666666,0.05714285714285714,0.2857142857142857
Noise-band momentum 2R,14:30-15:30,hold,MES,ALL,86,0.30935251798561153,0.3953488372093023,-0.1048433618094042,1.0485681825589275,126.62198713527876,709.8650474681967,0.15507814903128794,0.5,0.11627906976744186,0.3488372093023256
Noise-band momentum 2R,14:30-15:30,hold,MES,IS,51,0.30357142857142855,0.39215686274509803,-0.1220256530994962,0.9522258824598239,-87.05723643610274,709.8650474681967,-0.1619012162250848,0.5,0.09803921568627451,0.3333333333333333
Noise-band momentum 2R,14:30-15:30,hold,MES,OOS,35,0.3181818181818182,0.4,-0.07980630878669874,1.2722619018636707,213.6792235713815,230.31498547707056,0.7794093945091702,0.5,0.14285714285714285,0.37142857142857144
Noise-band momentum 2R,15:30-16:00,flat,MES,ALL,70,0.2517985611510791,0.32857142857142857,-0.2321224574935614,0.5815627551750165,-897.5838501290146,943.9531368992468,-1.6620516031661081,0.2857142857142857,0.04285714285714286,0.22857142857142856
Noise-band momentum 2R,15:30-16:00,flat,MES,IS,40,0.23809523809523808,0.375,-0.16591827602974707,0.8119158289244657,-214.823670392611,313.14720484338335,-0.6406660122488537,0.375,0.025,0.15
Noise-band momentum 2R,15:30-16:00,flat,MES,OOS,30,0.2727272727272727,0.26666666666666666,-0.3203946994453137,0.31922646077941336,-682.7601797364034,682.7601797364036,-3.3524178853421214,0.16666666666666666,0.06666666666666667,0.3333333333333333
Noise-band momentum 2R,15:30-16:00,hold,MES,ALL,0,0.0,,,,0.0,0.0,,,,
Noise-band momentum 2R,15:30-16:00,hold,MES,IS,0,0.0,,,,0.0,0.0,,,,
Noise-band momentum 2R,15:30-16:00,hold,MES,OOS,0,0.0,,,,0.0,0.0,,,,
Noise-band momentum 2R,Full RTH,hold,MES,ALL,275,0.9892086330935251,0.32,-0.21027513207755363,0.6930468531410537,-3275.6307143930294,3911.8309871878305,-2.215620523983861,0.2857142857142857,0.20727272727272728,0.6254545454545455
Noise-band momentum 2R,Full RTH,hold,MES,IS,147,0.875,0.2925170068027211,-0.30096069786658186,0.627033141515902,-2331.9992540767134,2764.8434127148594,-2.5712485733864674,0.25,0.17006802721088435,0.6258503401360545
Noise-band momentum 2R,Full RTH,hold,MES,OOS,128,1.1636363636363636,0.3515625,-0.10612842761671645,0.7864541853827387,-943.6314603163166,1341.992094606137,-1.646282800627155,0.3333333333333333,0.25,0.625
Bollinger squeeze 2R,09:30-11:30,flat,MES,ALL,6,0.02158273381294964,0.3333333333333333,-0.5086998734033636,0.16549631387500477,-107.25249999999818,107.25249999999818,-1.6204046901883797,0.0,0.0,0.5
Bollinger squeeze 2R,09:30-11:30,flat,MES,IS,5,0.02976190476190476,0.4,-0.3956018592572199,0.23002054720449874,-71.2,71.2,-1.6830912261450812,0.0,0.0,0.4
Bollinger squeeze 2R,09:30-11:30,flat,MES,OOS,1,0.00909090909090909,0.0,-1.0741899441340823,0.0,-36.05249999999818,36.05249999999818,-1.5135749373285385,0.0,0.0,1.0
Bollinger squeeze 2R,09:30-11:30,hold,MES,ALL,7,0.025179856115107913,0.42857142857142855,0.2302959744629036,1.86196676860996,136.69500000000815,76.3549999999982,0.6745268690341818,0.5,0.42857142857142855,0.5714285714285714
Bollinger squeeze 2R,09:30-11:30,hold,MES,IS,6,0.03571428571428571,0.5,0.4477102942290679,2.40980964233985,172.74750000000634,58.8024999999991,1.1166797882478126,0.6666666666666666,0.5,0.5
Bollinger squeeze 2R,09:30-11:30,hold,MES,OOS,1,0.00909090909090909,0.0,-1.0741899441340823,0.0,-36.05249999999818,36.05249999999818,-1.5135749373285385,0.0,0.0,1.0
Bollinger squeeze 2R,11:30-13:30,flat,MES,ALL,60,0.2158273381294964,0.31666666666666665,-0.25904245050377955,0.4802977802146849,-919.4000000000046,1089.875000000004,-1.7986956156027436,0.38461538461538464,0.016666666666666666,0.38333333333333336
Bollinger squeeze 2R,11:30-13:30,flat,MES,IS,38,0.2261904761904762,0.34210526315789475,-0.29351821280385043,0.4130817610062868,-618.2450000000064,788.7200000000056,-2.492437165415114,0.25,0.0,0.42105263157894735
Bollinger squeeze 2R,11:30-13:30,flat,MES,OOS,22,0.2,0.2727272727272727,-0.19949340653092984,0.5792249708333629,-301.15499999999815,407.4149999999983,-1.1949600869999741,0.6,0.045454545454545456,0.3181818181818182
Bollinger squeeze 2R,11:30-13:30,hold,MES,ALL,66,0.23741007194244604,0.3181818181818182,-0.27461725768702705,0.6054011331808498,-998.5275000000302,1313.8625000000193,-1.5444547009377998,0.38461538461538464,0.18181818181818182,0.6363636363636364
Bollinger squeeze 2R,11:30-13:30,hold,MES,IS,43,0.25595238095238093,0.32558139534883723,-0.2648693699298584,0.5875236191643286,-604.13250000002,840.6700000000175,-1.7764288483685786,0.5,0.18604651162790697,0.627906976744186
Bollinger squeeze 2R,11:30-13:30,hold,MES,OOS,23,0.20909090909090908,0.30434782608695654,-0.2928415695808643,0.6299679126322801,-394.3950000000101,473.1925000000018,-1.3121516434552682,0.2,0.17391304347826086,0.6521739130434783
Bollinger squeeze 2R,13:30-16:00,flat,MES,ALL,128,0.460431654676259,0.3671875,-0.20240297816826508,0.6770494515002081,-1059.157500000003,1059.1575000000037,-1.7716223607820758,0.14285714285714285,0.1640625,0.5234375
Bollinger squeeze 2R,13:30-16:00,flat,MES,IS,69,0.4107142857142857,0.391304347826087,-0.18722324821016834,0.7731387559668986,-388.87250000001103,521.5850000000002,-1.1195715127133323,0.125,0.15942028985507245,0.5217391304347826
Bollinger squeeze 2R,13:30-16:00,flat,MES,OOS,59,0.5363636363636364,0.3389830508474576,-0.2201555437124799,0.5718355653359877,-670.2849999999919,670.2849999999922,-2.680134729490027,0.16666666666666666,0.1694915254237288,0.5254237288135594
Bollinger squeeze 2R,13:30-16:00,hold,MES,ALL,100,0.3597122302158273,0.38,-0.17699221834775947,0.7192109775433329,-761.0625000000066,839.6225000000061,-1.3542867874847693,0.21428571428571427,0.18,0.53
Bollinger squeeze 2R,13:30-16:00,hold,MES,IS,52,0.30952380952380953,0.4230769230769231,-0.10613948435837471,0.8723951878185746,-171.1675000000119,369.9875000000074,-0.5280229951033767,0.25,0.19230769230769232,0.5
Bollinger squeeze 2R,13:30-16:00,hold,MES,OOS,48,0.43636363636363634,0.3333333333333333,-0.25374934683625966,0.5691224969048033,-589.8949999999945,589.8949999999949,-2.49106723804019,0.16666666666666666,0.16666666666666666,0.5625
Bollinger squeeze 2R,09:30-10:30,flat,MES,ALL,3,0.01079136690647482,0.3333333333333333,-0.299838763306758,0.4604766724947088,-14.657499999999999,23.4275,-0.5196643741122329,0.3333333333333333,0.0,0.3333333333333333
Bollinger squeeze 2R,09:30-10:30,flat,MES,IS,2,0.011904761904761904,0.5,-0.39404119896385836,0.5339878348095187,-10.917499999999999,23.4275,-0.5022145342870226,0.5,0.0,0.5
Bollinger squeeze 2R,09:30-10:30,flat,MES,OOS,1,0.00909090909090909,0.0,-0.11143389199255725,0.0,-3.74,3.74,-1.5135749373285392,0.0,0.0,0.0
Bollinger squeeze 2R,09:30-10:30,hold,MES,ALL,4,0.014388489208633094,0.25,-0.3246024742245171,0.6176934833262823,-38.14749999999455,76.35499999999818,-0.5478872477239827,0.3333333333333333,0.25,0.75
Bollinger squeeze 2R,09:30-10:30,hold,MES,IS,3,0.017857142857142856,0.3333333333333333,-0.07473998425466204,0.9671269417857152,-2.094999999996368,40.3025,-0.04606494363276393,0.5,0.3333333333333333,0.6666666666666666
Bollinger squeeze 2R,09:30-10:30,hold,MES,OOS,1,0.00909090909090909,0.0,-1.0741899441340823,0.0,-36.05249999999818,36.05249999999818,-1.5135749373285385,0.0,0.0,1.0
Bollinger squeeze 2R,10:30-11:30,flat,MES,ALL,2,0.007194244604316547,0.5,-0.07570182881869925,0.34829505915100906,-18.729999999999997,28.739999999999995,-0.5853015758636734,0.5,0.0,0.0
Bollinger squeeze 2R,10:30-11:30,flat,MES,IS,2,0.011904761904761904,0.5,-0.07570182881869925,0.34829505915100906,-18.729999999999997,28.739999999999995,-0.7523633428526963,0.5,0.0,0.0
Bollinger squeeze 2R,10:30-11:30,flat,MES,OOS,0,0.0,,,,0.0,0.0,,,,
Bollinger squeeze 2R,10:30-11:30,hold,MES,ALL,3,0.01079136690647482,0.6666666666666666,0.9701605727127977,3.973385485311091,174.84250000000273,58.80249999999909,0.9193668625699691,0.6666666666666666,0.6666666666666666,0.3333333333333333
Bollinger squeeze 2R,10:30-11:30,hold,MES,IS,3,0.017857142857142856,0.6666666666666666,0.9701605727127977,3.973385485311091,174.84250000000273,58.80249999999909,1.182556358205093,0.6666666666666666,0.6666666666666666,0.3333333333333333
Bollinger squeeze 2R,10:30-11:30,hold,MES,OOS,0,0.0,,,,0.0,0.0,,,,
Bollinger squeeze 2R,11:30-12:30,flat,MES,ALL,16,0.05755395683453238,0.375,-0.29481055103594245,0.3082362466825624,-384.4649999999964,485.7649999999964,-1.5414273354196886,0.5,0.0,0.3125
Bollinger squeeze 2R,11:30-12:30,flat,MES,IS,10,0.05952380952380952,0.3,-0.2819259732433582,0.4455789463147074,-138.46249999999822,179.7324999999982,-1.1834616092933314,0.3333333333333333,0.0,0.3
Bollinger squeeze 2R,11:30-12:30,flat,MES,OOS,6,0.05454545454545454,0.5,-0.31628484735691614,0.19615563706469197,-246.00249999999824,306.0324999999982,-1.9631349973802041,0.75,0.0,0.3333333333333333
Bollinger squeeze 2R,11:30-12:30,hold,MES,ALL,18,0.06474820143884892,0.4444444444444444,-0.032222234229273866,0.7975879540426688,-141.8200000000027,476.37999999999636,-0.4001536020866202,0.5454545454545454,0.2222222222222222,0.5555555555555556
Bollinger squeeze 2R,11:30-12:30,hold,MES,IS,12,0.07142857142857142,0.5,-0.031153929361121286,0.9837516587142465,-5.755000000000919,197.2624999999982,-0.030024233506948796,0.5714285714285714,0.16666666666666666,0.5
Bollinger squeeze 2R,11:30-12:30,hold,MES,OOS,6,0.05454545454545454,0.3333333333333333,-0.03435884396557901,0.6072706805980395,-136.06500000000185,311.0949999999973,-0.8470689743335509,0.5,0.3333333333333333,0.6666666666666666
Bollinger squeeze 2R,12:30-13:30,flat,MES,ALL,44,0.15827338129496402,0.36363636363636365,-0.20459240265172218,0.6262369577565771,-375.0600000000109,619.6975000000101,-1.0105773299839402,0.3076923076923077,0.022727272727272728,0.3181818181818182
Bollinger squeeze 2R,12:30-13:30,flat,MES,IS,27,0.16071428571428573,0.37037037037037035,-0.306057662332392,0.39357625638321586,-385.3550000000091,493.31000000000824,-2.236868943999489,0.25,0.0,0.4074074074074074
Bollinger squeeze 2R,12:30-13:30,flat,MES,OOS,17,0.15454545454545454,0.35294117647058826,-0.04344169610007032,1.027974403217255,10.294999999998204,232.6475000000018,0.054916903601917366,0.4,0.058823529411764705,0.17647058823529413
Bollinger squeeze 2R,12:30-13:30,hold,MES,ALL,50,0.17985611510791366,0.3,-0.2719383169264149,0.6784208980305504,-588.4375000000292,754.3350000000191,-1.0496982499653211,0.38461538461538464,0.2,0.64
Bollinger squeeze 2R,12:30-13:30,hold,MES,IS,32,0.19047619047619047,0.28125,-0.28210586270319704,0.6484624580409324,-390.3675000000173,482.3850000000164,-1.1944141390701322,0.5,0.21875,0.65625
Bollinger squeeze 2R,12:30-13:30,hold,MES,OOS,18,0.16363636363636364,0.3333333333333333,-0.2538626799899133,0.7246656843392767,-198.07000000001182,271.9500000000027,-0.8456261673897504,0.2,0.16666666666666666,0.6111111111111112
Bollinger squeeze 2R,13:30-14:30,flat,MES,ALL,47,0.16906474820143885,0.46808510638297873,-0.05586973479923519,0.8947074509803866,-83.90500000000458,277.8700000000018,-0.25789213850941894,0.5384615384615384,0.0425531914893617,0.2765957446808511
Bollinger squeeze 2R,13:30-14:30,flat,MES,IS,25,0.1488095238095238,0.48,0.005611576641074736,1.1210152195717509,55.499999999996376,277.8700000000018,0.2630434981074772,0.7142857142857143,0.08,0.32
Bollinger squeeze 2R,13:30-14:30,flat,MES,OOS,22,0.2,0.45454545454545453,-0.12573486143595095,0.5878700980029843,-139.4050000000009,200.3349999999991,-1.232144033905763,0.3333333333333333,0.0,0.22727272727272727
Bollinger squeeze 2R,13:30-14:30,hold,MES,ALL,48,0.17266187050359713,0.3541666666666667,-0.20342746836570105,0.7712001944676851,-320.0199999999927,409.60500000000184,-0.7661434654644029,0.38461538461538464,0.20833333333333334,0.5833333333333334
Bollinger squeeze 2R,13:30-14:30,hold,MES,IS,26,0.15476190476190477,0.4230769230769231,-0.13124365933991855,0.9802412293646647,-12.552499999995447,294.88,-0.05893251659299126,0.5714285714285714,0.19230769230769232,0.5384615384615384
Bollinger squeeze 2R,13:30-14:30,hold,MES,OOS,22,0.2,0.2727272727272727,-0.2887356063052622,0.5972406430421748,-307.46749999999724,321.3375000000019,-1.5489270148017957,0.16666666666666666,0.22727272727272727,0.6363636363636364
Bollinger squeeze 2R,14:30-15:30,flat,MES,ALL,50,0.17985611510791366,0.32,-0.09447488585110282,0.698312947374953,-340.12500000000466,425.75250000000744,-0.9218277293169449,0.38461538461538464,0.12,0.32
Bollinger squeeze 2R,14:30-15:30,flat,MES,IS,23,0.13690476190476192,0.30434782608695654,-0.18067464714525225,0.63568161477515,-220.83250000000726,372.0175000000046,-1.0335434256268226,0.5,0.13043478260869565,0.391304347826087
Bollinger squeeze 2R,14:30-15:30,flat,MES,OOS,27,0.24545454545454545,0.3333333333333333,-0.02104545956349413,0.7711447796914234,-119.2924999999973,172.40000000000455,-0.76719057241279,0.2,0.1111111111111111,0.25925925925925924
Bollinger squeeze 2R,14:30-15:30,hold,MES,ALL,56,0.2014388489208633,0.39285714285714285,-0.19896900994635808,0.5811986262106555,-630.1275000000173,747.1250000000167,-1.5621473808355077,0.3076923076923077,0.14285714285714285,0.5
Bollinger squeeze 2R,14:30-15:30,hold,MES,IS,27,0.16071428571428573,0.4074074074074074,-0.11956968364561991,0.7509155248323038,-181.6050000000182,301.53500000000366,-0.7511415896682093,0.375,0.18518518518518517,0.48148148148148145
Bollinger squeeze 2R,14:30-15:30,hold,MES,OOS,29,0.2636363636363636,0.3793103448275862,-0.2728925206401489,0.4216400228237641,-448.5224999999991,533.0000000000028,-2.7772965877975926,0.2,0.10344827586206896,0.5172413793103449
Bollinger squeeze 2R,15:30-16:00,flat,MES,ALL,35,0.12589928057553956,0.3142857142857143,-0.2983865724792622,0.537784073412585,-318.96249999999185,369.63749999999646,-1.407003300824499,0.25,0.08571428571428572,0.4857142857142857
Bollinger squeeze 2R,15:30-16:00,flat,MES,IS,20,0.11904761904761904,0.35,-0.31205766148840397,0.6708043498270867,-125.17499999999912,280.0249999999982,-0.8630435326937187,0.2857142857142857,0.05,0.5
Bollinger squeeze 2R,15:30-16:00,flat,MES,OOS,15,0.13636363636363635,0.26666666666666666,-0.28015845380040644,0.3745309890180987,-193.7874999999928,244.4624999999973,-2.385408571710495,0.2,0.13333333333333333,0.4666666666666667
Bollinger squeeze 2R,15:30-16:00,hold,MES,ALL,0,0.0,,,,0.0,0.0,,,,
Bollinger squeeze 2R,15:30-16:00,hold,MES,IS,0,0.0,,,,0.0,0.0,,,,
Bollinger squeeze 2R,15:30-16:00,hold,MES,OOS,0,0.0,,,,0.0,0.0,,,,
Bollinger squeeze 2R,Full RTH,hold,MES,ALL,155,0.5575539568345323,0.33548387096774196,-0.23028005396061133,0.6718004766489069,-1638.0750000000285,1981.7475000000363,-1.8825182079757343,0.2857142857142857,0.1870967741935484,0.5935483870967742
Bollinger squeeze 2R,Full RTH,hold,MES,IS,91,0.5416666666666666,0.38461538461538464,-0.11898603026873616,0.8241920133747345,-466.90250000001845,930.8350000000221,-0.9438023959225735,0.375,0.21978021978021978,0.5604395604395604
Bollinger squeeze 2R,Full RTH,hold,MES,OOS,64,0.5818181818181818,0.265625,-0.38852624389749624,0.4985007552425347,-1171.1725000000101,1171.1725000000104,-3.1447641705232727,0.16666666666666666,0.140625,0.640625
PDH/PDL sweep-reclaim 2R,09:30-11:30,flat,MES,ALL,148,0.5323741007194245,0.33783783783783783,-0.2086991305716892,0.6712381196130852,-1870.1692006558524,2643.4274311881354,-1.916223114033374,0.42857142857142855,0.13513513513513514,0.4594594594594595
PDH/PDL sweep-reclaim 2R,09:30-11:30,flat,MES,IS,94,0.5595238095238095,0.3617021276595745,-0.17040366450395003,0.6833175842903069,-1187.0057998864747,1746.8690089081838,-1.8923921955992542,0.25,0.1276595744680851,0.425531914893617
PDH/PDL sweep-reclaim 2R,09:30-11:30,flat,MES,OOS,54,0.4909090909090909,0.2962962962962963,-0.2753616085414573,0.6479027536140022,-683.1634007693774,896.5584222799521,-1.9677630057071298,0.6666666666666666,0.14814814814814814,0.5185185185185185
PDH/PDL sweep-reclaim 2R,09:30-11:30,hold,MES,ALL,149,0.5359712230215827,0.28187919463087246,-0.24336330636966197,0.5975391747651265,-3106.4200777232495,3345.3205246788334,-2.4860903543773083,0.21428571428571427,0.20134228187919462,0.5973154362416108
PDH/PDL sweep-reclaim 2R,09:30-11:30,hold,MES,IS,95,0.5654761904761905,0.28421052631578947,-0.2318218806692637,0.6212842963514549,-1910.020017405926,2091.009534101604,-2.403684807699582,0.125,0.2,0.5894736842105263
PDH/PDL sweep-reclaim 2R,09:30-11:30,hold,MES,OOS,54,0.4909090909090909,0.2777777777777778,-0.2636676663981404,0.5527729306381779,-1196.4000603173247,1254.3109905772349,-2.6330636577677877,0.3333333333333333,0.2037037037037037,0.6111111111111112
PDH/PDL sweep-reclaim 2R,11:30-13:30,flat,MES,ALL,40,0.14388489208633093,0.425,-0.055223532783618426,1.3616456010456541,328.35525000242365,250.8411667844016,0.5790363627385668,0.5,0.15,0.35
PDH/PDL sweep-reclaim 2R,11:30-13:30,flat,MES,IS,25,0.1488095238095238,0.4,-0.11026913108353043,1.6308508471790366,414.06546827881255,250.8411667844016,0.9644077656730405,0.6666666666666666,0.16,0.4
PDH/PDL sweep-reclaim 2R,11:30-13:30,flat,MES,OOS,15,0.13636363636363635,0.4666666666666667,0.03651913104956826,0.6593221015613685,-85.71021827638889,163.43329596382583,-1.0584595960916934,0.25,0.13333333333333333,0.26666666666666666
PDH/PDL sweep-reclaim 2R,11:30-13:30,hold,MES,ALL,42,0.1510791366906475,0.35714285714285715,-0.08053857347221424,1.3297088363754959,462.9512626001003,509.22413657509173,0.4522902469856718,0.3,0.19047619047619047,0.4523809523809524
PDH/PDL sweep-reclaim 2R,11:30-13:30,hold,MES,IS,26,0.15476190476190477,0.34615384615384615,-0.19213672975355672,2.0405740941602057,796.3587182883899,266.6223500990293,1.0667042704870389,0.5,0.15384615384615385,0.5384615384615384
PDH/PDL sweep-reclaim 2R,11:30-13:30,hold,MES,OOS,16,0.14545454545454545,0.375,0.10080843048496735,0.47808401181656973,-333.4074556882896,401.9204512373474,-1.50621066930641,0.0,0.25,0.3125
PDH/PDL sweep-reclaim 2R,13:30-16:00,flat,MES,ALL,27,0.09712230215827339,0.4074074074074074,-0.26738469454923924,0.8458089351127462,-104.00992969886867,238.0708837459448,-0.33769066313220664,0.45454545454545453,0.07407407407407407,0.4444444444444444
PDH/PDL sweep-reclaim 2R,13:30-16:00,flat,MES,IS,20,0.11904761904761904,0.4,-0.3529428129924949,0.8632624633147005,-62.97518095087502,190.47878705413555,-0.3276068415810096,0.5,0.0,0.4
PDH/PDL sweep-reclaim 2R,13:30-16:00,flat,MES,OOS,7,0.06363636363636363,0.42857142857142855,-0.02293292756850859,0.8082462110653713,-41.03474874799364,138.88497202834466,-0.35351168273652445,0.3333333333333333,0.2857142857142857,0.5714285714285714
PDH/PDL sweep-reclaim 2R,13:30-16:00,hold,MES,ALL,23,0.08273381294964029,0.34782608695652173,-0.3694906788172479,0.7575077470811277,-160.31457797459234,278.73827018534405,-0.5266441845838339,0.45454545454545453,0.043478260869565216,0.4782608695652174
PDH/PDL sweep-reclaim 2R,13:30-16:00,hold,MES,IS,18,0.10714285714285714,0.3888888888888889,-0.3456363638847963,0.8528452839051862,-65.79509484338385,190.47878705413555,-0.34367399391378656,0.5,0.0,0.3888888888888889
PDH/PDL sweep-reclaim 2R,13:30-16:00,hold,MES,OOS,5,0.045454545454545456,0.2,-0.4553662125740736,0.5583141222611206,-94.51948313120846,138.88497202834466,-0.8358209023447858,0.3333333333333333,0.2,0.8
PDH/PDL sweep-reclaim 2R,09:30-10:30,flat,MES,ALL,106,0.381294964028777,0.42452830188679247,-0.10366635614886624,0.8077436907432781,-625.8601780916368,1494.990546496933,-0.8045911782177178,0.42857142857142855,0.12264150943396226,0.36792452830188677
PDH/PDL sweep-reclaim 2R,09:30-10:30,flat,MES,IS,66,0.39285714285714285,0.3787878787878788,-0.17323845649748124,0.5931585065189873,-981.2328423647095,1221.5813259646889,-2.0365740447807994,0.375,0.10606060606060606,0.36363636363636365
PDH/PDL sweep-reclaim 2R,09:30-10:30,flat,MES,OOS,40,0.36363636363636365,0.5,0.011127609426348495,1.4213012885914245,355.3726642730727,293.4192205322437,1.2128167597992363,0.5,0.15,0.375
PDH/PDL sweep-reclaim 2R,09:30-10:30,hold,MES,ALL,112,0.4028776978417266,0.26785714285714285,-0.28612784507205663,0.5420712807350522,-2800.8551028661454,2883.3594625931055,-2.514808170542493,0.07142857142857142,0.19642857142857142,0.6339285714285714
PDH/PDL sweep-reclaim 2R,09:30-10:30,hold,MES,IS,69,0.4107142857142857,0.2608695652173913,-0.28734563240197813,0.5523814922164814,-1723.748521471948,1775.0085214719481,-2.53517560237106,0.0,0.18840579710144928,0.6231884057971014
PDH/PDL sweep-reclaim 2R,09:30-10:30,hold,MES,OOS,43,0.39090909090909093,0.27906976744186046,-0.28417372121706636,0.5245452337783251,-1077.106581394197,1108.3509411211608,-2.4718915992442465,0.16666666666666666,0.20930232558139536,0.6511627906976745
PDH/PDL sweep-reclaim 2R,10:30-11:30,flat,MES,ALL,37,0.13309352517985612,0.3783783783783784,-0.0721588412493664,0.816019570067166,-211.69945212324177,676.1979087574713,-0.472285332196029,0.42857142857142855,0.13513513513513514,0.2702702702702703
PDH/PDL sweep-reclaim 2R,10:30-11:30,flat,MES,IS,26,0.15476190476190477,0.46153846153846156,0.08216955561696146,1.1031857485169554,77.87382001229773,317.8798868308026,0.24405306778082114,0.5,0.15384615384615385,0.19230769230769232
PDH/PDL sweep-reclaim 2R,10:30-11:30,flat,MES,OOS,11,0.1,0.18181818181818182,-0.4369350520243231,0.2686941314863091,-289.57327213553947,358.3180219266687,-2.560889322127065,0.3333333333333333,0.09090909090909091,0.45454545454545453
PDH/PDL sweep-reclaim 2R,10:30-11:30,hold,MES,ALL,38,0.1366906474820144,0.34210526315789475,-0.06095254098875647,0.8237788146477781,-282.3431731027996,945.374423589009,-0.4527754824888413,0.35714285714285715,0.23684210526315788,0.47368421052631576
PDH/PDL sweep-reclaim 2R,10:30-11:30,hold,MES,IS,27,0.16071428571428573,0.37037037037037035,-0.011022688311370966,0.86326859129455,-163.04969417967226,652.3361948747524,-0.37152901896489365,0.25,0.25925925925925924,0.48148148148148145
PDH/PDL sweep-reclaim 2R,10:30-11:30,hold,MES,OOS,11,0.1,0.2727272727272727,-0.18350763392415734,0.7088467029738758,-119.29347892312728,293.0382287142565,-0.7102500945536729,0.5,0.18181818181818182,0.45454545454545453
PDH/PDL sweep-reclaim 2R,11:30-12:30,flat,MES,ALL,23,0.08273381294964029,0.5217391304347826,0.11638444585577341,2.0304719403836486,458.46768126419954,164.10558708488293,0.8819406290710955,0.6666666666666666,0.13043478260869565,0.21739130434782608
PDH/PDL sweep-reclaim 2R,11:30-12:30,flat,MES,IS,16,0.09523809523809523,0.5,0.146504724881854,2.202248079388842,390.25242145603363,164.10558708488293,1.0067879007715879,0.6666666666666666,0.125,0.1875
PDH/PDL sweep-reclaim 2R,11:30-12:30,flat,MES,OOS,7,0.06363636363636363,0.5714285714285714,0.04753809379616057,1.5670044470618143,68.21525980816597,64.99,0.7294606177740365,0.6666666666666666,0.14285714285714285,0.2857142857142857
PDH/PDL sweep-reclaim 2R,11:30-12:30,hold,MES,ALL,25,0.08992805755395683,0.44,0.09962032357365139,2.241330903810042,895.9242836771216,241.75632882311152,0.9309272720840646,0.4444444444444444,0.2,0.32
PDH/PDL sweep-reclaim 2R,11:30-12:30,hold,MES,IS,18,0.10714285714285714,0.5,0.22065035867328092,3.3124262715387482,1090.2090238689557,216.7259796599992,1.4760735462116215,0.6666666666666666,0.2222222222222222,0.3333333333333333
PDH/PDL sweep-reclaim 2R,11:30-12:30,hold,MES,OOS,7,0.06363636363636363,0.2857142857142857,-0.2115997666825388,0.22375575882779353,-194.28474019183406,194.28474019183406,-2.143906961849521,0.0,0.14285714285714285,0.2857142857142857
PDH/PDL sweep-reclaim 2R,12:30-13:30,flat,MES,ALL,15,0.0539568345323741,0.26666666666666666,-0.37737422950336197,0.22029542964452842,-287.0902169893258,318.3502169893258,-2.054162089756325,0.14285714285714285,0.06666666666666667,0.4666666666666667
PDH/PDL sweep-reclaim 2R,12:30-13:30,flat,MES,IS,7,0.041666666666666664,0.0,-0.9639707277603637,0.0,-229.41473890477093,229.41473890477093,-2.8228279865145276,0.0,0.0,0.7142857142857143
PDH/PDL sweep-reclaim 2R,12:30-13:30,flat,MES,OOS,8,0.07272727272727272,0.5,0.13589770647151445,0.5844379885304142,-57.67547808455486,88.93547808455484,-0.9873023558696087,0.3333333333333333,0.125,0.25
PDH/PDL sweep-reclaim 2R,12:30-13:30,hold,MES,ALL,17,0.06115107913669065,0.23529411764705882,-0.34547812795142824,0.3654925372240006,-432.9730210770214,521.9673034587921,-1.2583305271588185,0.14285714285714285,0.17647058823529413,0.6470588235294118
PDH/PDL sweep-reclaim 2R,12:30-13:30,hold,MES,IS,8,0.047619047619047616,0.0,-1.1209076787139411,0.0,-293.85030558056576,293.8503055805658,-3.049873853553026,0.0,0.0,1.0
PDH/PDL sweep-reclaim 2R,12:30-13:30,hold,MES,OOS,9,0.08181818181818182,0.4444444444444444,0.34379258383747213,0.6419219726817804,-139.12271549645556,305.36229464059807,-0.6870591267410652,0.3333333333333333,0.3333333333333333,0.3333333333333333
PDH/PDL sweep-reclaim 2R,13:30-14:30,flat,MES,ALL,10,0.03597122302158273,0.2,-0.524671416703214,0.5985059323894856,-95.24913656361825,214.72672215256367,-0.5692152828518938,0.3333333333333333,0.1,0.6
PDH/PDL sweep-reclaim 2R,13:30-14:30,flat,MES,IS,8,0.047619047619047616,0.125,-0.7715829562681495,0.11960013252727018,-165.70049378743346,165.70049378743343,-2.197050269411455,0.2,0.0,0.625
PDH/PDL sweep-reclaim 2R,13:30-14:30,flat,MES,OOS,2,0.01818181818181818,0.5,0.46297474155652807,2.437013606250069,70.45135722381522,49.02622836513023,0.8230390280501012,1.0,0.5,0.5
PDH/PDL sweep-reclaim 2R,13:30-14:30,hold,MES,ALL,11,0.039568345323741004,0.36363636363636365,-0.3664812782813542,0.9216124107072164,-18.989136563618203,148.351217735995,-0.10287293544580087,0.42857142857142855,0.09090909090909091,0.5454545454545454
PDH/PDL sweep-reclaim 2R,13:30-14:30,hold,MES,IS,9,0.05357142857142857,0.3333333333333333,-0.5508048382453281,0.5371065872244944,-89.44049378743343,112.57168223717754,-0.921384725129699,0.3333333333333333,0.0,0.5555555555555556
PDH/PDL sweep-reclaim 2R,13:30-14:30,hold,MES,OOS,2,0.01818181818181818,0.5,0.46297474155652807,2.437013606250069,70.45135722381522,49.02622836513023,0.8230390280501012,1.0,0.5,0.5
PDH/PDL sweep-reclaim 2R,14:30-15:30,flat,MES,ALL,11,0.039568345323741004,0.0,-0.5931051410793734,0.0,-427.5854414109741,427.58544141097417,-2.56322132413108,0.0,0.0,0.45454545454545453
PDH/PDL sweep-reclaim 2R,14:30-15:30,flat,MES,IS,8,0.047619047619047616,0.0,-0.4151720007362104,0.0,-262.6146010559504,262.61460105595046,-2.818186368135751,0.0,0.0,0.25
PDH/PDL sweep-reclaim 2R,14:30-15:30,flat,MES,OOS,3,0.02727272727272727,0.0,-1.0675935153278082,0.0,-164.97084035502368,164.97084035502368,-2.2516260170209788,0.0,0.0,1.0
PDH/PDL sweep-reclaim 2R,14:30-15:30,hold,MES,ALL,12,0.04316546762589928,0.3333333333333333,-0.3722492959751504,0.6625994234928749,-141.32544141097407,316.10463803829447,-0.5837470911587873,0.2222222222222222,0.0,0.4166666666666667
PDH/PDL sweep-reclaim 2R,14:30-15:30,hold,MES,IS,9,0.05357142857142857,0.4444444444444444,-0.14046788952426445,1.0931307670415524,23.645398944049603,151.1337976832708,0.14334009566218728,0.3333333333333333,0.0,0.2222222222222222
PDH/PDL sweep-reclaim 2R,14:30-15:30,hold,MES,OOS,3,0.02727272727272727,0.0,-1.0675935153278082,0.0,-164.97084035502368,164.97084035502368,-2.2516260170209788,0.0,0.0,1.0
PDH/PDL sweep-reclaim 2R,15:30-16:00,flat,MES,ALL,4,0.014388489208633094,0.75,0.31972471499181065,5.189307109002876,56.30464827572363,13.440086107491188,1.219923087304258,0.75,0.25,0.25
PDH/PDL sweep-reclaim 2R,15:30-16:00,flat,MES,IS,2,0.011904761904761904,0.5,-0.41870085496178283,1.2098136775282309,2.819913892508813,13.440086107491188,0.16323627990498155,0.5,0.0,0.5
PDH/PDL sweep-reclaim 2R,15:30-16:00,flat,MES,OOS,2,0.01818181818181818,1.0,1.058150284945404,inf,53.484734383214814,0.0,2.105806778106355,1.0,0.5,0.0
PDH/PDL sweep-reclaim 2R,15:30-16:00,hold,MES,ALL,0,0.0,,,,0.0,0.0,,,,
PDH/PDL sweep-reclaim 2R,15:30-16:00,hold,MES,IS,0,0.0,,,,0.0,0.0,,,,
PDH/PDL sweep-reclaim 2R,15:30-16:00,hold,MES,OOS,0,0.0,,,,0.0,0.0,,,,
PDH/PDL sweep-reclaim 2R,Full RTH,hold,MES,ALL,211,0.7589928057553957,0.3080568720379147,-0.21278534640638364,0.7169703948333359,-2755.415013402606,3740.3290388580854,-1.6859282362289194,0.21428571428571427,0.1848341232227488,0.5497630331753555
PDH/PDL sweep-reclaim 2R,Full RTH,hold,MES,IS,136,0.8095238095238095,0.3161764705882353,-0.2205570436112976,0.8177859180035576,-1131.0880142657834,2075.8679272054737,-1.0322072410343153,0.125,0.16911764705882354,0.5441176470588235
PDH/PDL sweep-reclaim 2R,Full RTH,hold,MES,OOS,75,0.6818181818181818,0.29333333333333333,-0.19869266880813966,0.539584991190278,-1624.326999136823,1664.4611116526187,-3.1134371251913824,0.3333333333333333,0.21333333333333335,0.56
IB Trend Breakout (first break),09:30-11:30,flat,MGC,ALL,76,0.27636363636363637,0.5,0.030413543727062276,1.119821923014128,441.3999999994786,1059.5000000003297,0.3549307426407244,0.6428571428571429,0.05263157894736842,0.19736842105263158
IB Trend Breakout (first break),09:30-11:30,flat,MGC,IS,52,0.31137724550898205,0.46153846153846156,-0.05993486823256598,0.8480649450625147,-434.2000000003811,1059.5000000003297,-0.5322990223769305,0.5,0.019230769230769232,0.21153846153846154
IB Trend Breakout (first break),09:30-11:30,flat,MGC,OOS,24,0.2222222222222222,0.5833333333333334,0.22616843630625683,2.0600484261498586,875.59999999986,447.700000000042,2.087955747355974,0.8333333333333334,0.125,0.16666666666666666
IB Trend Breakout (first break),09:30-11:30,hold,MGC,ALL,80,0.2909090909090909,0.4125,0.07652735318261994,1.1374492354156591,937.4999999996423,2189.400000000192,0.4640155959659106,0.6428571428571429,0.2375,0.4625
IB Trend Breakout (first break),09:30-11:30,hold,MGC,IS,54,0.32335329341317365,0.37037037037037035,-0.05474635962370361,0.8867894881564488,-576.4000000002868,2189.400000000192,-0.4527811480741016,0.5,0.2037037037037037,0.5
IB Trend Breakout (first break),09:30-11:30,hold,MGC,OOS,26,0.24074074074074073,0.5,0.34917275670344583,1.875440929855918,1513.8999999999292,776.7000000000558,2.0375164423071337,0.8333333333333334,0.3076923076923077,0.38461538461538464
IB Trend Breakout (first break),11:30-13:30,flat,MGC,ALL,25,0.09090909090909091,0.44,0.11040673278924025,1.1037384071132998,108.4999999998127,558.8000000000583,0.19122592323061144,0.4166666666666667,0.08,0.04
IB Trend Breakout (first break),11:30-13:30,flat,MGC,IS,17,0.10179640718562874,0.47058823529411764,0.13240260729848274,1.1092235913385404,91.2999999998946,558.8000000000583,0.21868194230604626,0.42857142857142855,0.11764705882352941,0.058823529411764705
IB Trend Breakout (first break),11:30-13:30,flat,MGC,OOS,8,0.07407407407407407,0.375,0.06366549945710005,1.0819047619043551,17.19999999991819,189.40000000003818,0.14512114326454423,0.4,0.0,0.0
IB Trend Breakout (first break),11:30-13:30,hold,MGC,ALL,25,0.09090909090909091,0.56,0.14054061901026219,1.3267628769211846,556.9999999998798,555.4000000000328,0.5288822009357041,0.5,0.16,0.28
IB Trend Breakout (first break),11:30-13:30,hold,MGC,IS,17,0.10179640718562874,0.6470588235294118,0.34674216631506954,1.9186881428293368,946.7999999999505,446.1000000000073,1.2523889039920284,0.7142857142857143,0.23529411764705882,0.23529411764705882
IB Trend Breakout (first break),11:30-13:30,hold,MGC,OOS,8,0.07407407407407407,0.375,-0.2976376690124534,0.4216617210681862,-389.8000000000709,555.4000000000327,-1.531355737632278,0.2,0.0,0.375
IB Trend Breakout (first break),13:30-16:00,flat,MGC,ALL,10,0.03636363636363636,0.5,0.08575148663297313,1.01282051282044,5.999999999966349,446.6000000000436,0.014250616039447278,0.375,0.1,0.1
IB Trend Breakout (first break),13:30-16:00,flat,MGC,IS,6,0.03592814371257485,0.3333333333333333,-0.12144977162005326,0.21564160971901292,-206.6000000000391,242.00000000004184,-1.6916261921876696,0.2,0.0,0.0
IB Trend Breakout (first break),13:30-16:00,flat,MGC,OOS,4,0.037037037037037035,0.75,0.3965533740125128,2.039100684261992,212.60000000000545,204.6000000000018,0.8676161933707491,0.6666666666666666,0.25,0.25
IB Trend Breakout (first break),13:30-16:00,hold,MGC,ALL,7,0.025454545454545455,0.42857142857142855,0.05523349920363579,0.7934587813619811,-92.20000000001733,425.00000000003456,-0.2256448559806404,0.3333333333333333,0.14285714285714285,0.14285714285714285
IB Trend Breakout (first break),13:30-16:00,hold,MGC,IS,5,0.029940119760479042,0.4,-0.11795837546173904,0.23490488006612684,-185.00000000003,220.40000000003275,-1.5290458226960426,0.25,0.0,0.0
IB Trend Breakout (first break),13:30-16:00,hold,MGC,OOS,2,0.018518518518518517,0.5,0.48821318586707285,1.4535679374389634,92.80000000001272,204.6000000000018,0.3909884183654852,0.5,0.5,0.5
IB Trend Breakout (first break),09:30-10:30,flat,MGC,ALL,0,0.0,,,,0.0,0.0,,,,
IB Trend Breakout (first break),09:30-10:30,flat,MGC,IS,0,0.0,,,,0.0,0.0,,,,
IB Trend Breakout (first break),09:30-10:30,flat,MGC,OOS,0,0.0,,,,0.0,0.0,,,,
IB Trend Breakout (first break),09:30-10:30,hold,MGC,ALL,0,0.0,,,,0.0,0.0,,,,
IB Trend Breakout (first break),09:30-10:30,hold,MGC,IS,0,0.0,,,,0.0,0.0,,,,
IB Trend Breakout (first break),09:30-10:30,hold,MGC,OOS,0,0.0,,,,0.0,0.0,,,,
IB Trend Breakout (first break),10:30-11:30,flat,MGC,ALL,76,0.27636363636363637,0.5,0.030413543727062276,1.119821923014128,441.3999999994786,1059.5000000003297,0.3549307426407244,0.6428571428571429,0.05263157894736842,0.19736842105263158
IB Trend Breakout (first break),10:30-11:30,flat,MGC,IS,52,0.31137724550898205,0.46153846153846156,-0.05993486823256598,0.8480649450625147,-434.2000000003811,1059.5000000003297,-0.5322990223769305,0.5,0.019230769230769232,0.21153846153846154
IB Trend Breakout (first break),10:30-11:30,flat,MGC,OOS,24,0.2222222222222222,0.5833333333333334,0.22616843630625683,2.0600484261498586,875.59999999986,447.700000000042,2.087955747355974,0.8333333333333334,0.125,0.16666666666666666
IB Trend Breakout (first break),10:30-11:30,hold,MGC,ALL,80,0.2909090909090909,0.4125,0.07652735318261994,1.1374492354156591,937.4999999996423,2189.400000000192,0.4640155959659106,0.6428571428571429,0.2375,0.4625
IB Trend Breakout (first break),10:30-11:30,hold,MGC,IS,54,0.32335329341317365,0.37037037037037035,-0.05474635962370361,0.8867894881564488,-576.4000000002868,2189.400000000192,-0.4527811480741016,0.5,0.2037037037037037,0.5
IB Trend Breakout (first break),10:30-11:30,hold,MGC,OOS,26,0.24074074074074073,0.5,0.34917275670344583,1.875440929855918,1513.8999999999292,776.7000000000558,2.0375164423071337,0.8333333333333334,0.3076923076923077,0.38461538461538464
IB Trend Breakout (first break),11:30-12:30,flat,MGC,ALL,21,0.07636363636363637,0.5238095238095238,0.24245670984779358,1.8541737649059753,501.39999999987265,352.00000000004195,0.9581666555923437,0.7272727272727273,0.09523809523809523,0.0
IB Trend Breakout (first break),11:30-12:30,flat,MGC,IS,15,0.08982035928143713,0.4666666666666667,0.21843505207291028,1.5719557195569567,278.99999999991974,352.00000000004195,0.75694396914898,0.7142857142857143,0.13333333333333333,0.0
IB Trend Breakout (first break),11:30-12:30,flat,MGC,OOS,6,0.05555555555555555,0.6666666666666666,0.3025108542850018,3.2419354838702037,222.39999999995274,99.20000000001275,1.5726664910835066,0.75,0.0,0.0
IB Trend Breakout (first break),11:30-12:30,hold,MGC,ALL,22,0.08,0.5454545454545454,0.11284413153162974,1.2803840877914088,408.79999999989604,446.1000000000073,0.43631485406711473,0.45454545454545453,0.13636363636363635,0.2727272727272727
IB Trend Breakout (first break),11:30-12:30,hold,MGC,IS,16,0.09580838323353294,0.625,0.24392637222258193,1.5418202988549674,558.3999999999508,446.1000000000073,0.8116747862960572,0.5714285714285714,0.1875,0.25
IB Trend Breakout (first break),11:30-12:30,hold,MGC,OOS,6,0.05555555555555555,0.3333333333333333,-0.23670851031090953,0.6499766027139903,-149.60000000005454,308.8000000000236,-0.7576352365562269,0.25,0.0,0.3333333333333333
IB Trend Breakout (first break),12:30-13:30,flat,MGC,ALL,3,0.01090909090909091,0.3333333333333333,-0.12966940517687334,0.3035714285713542,-85.80000000002183,123.20000000001818,-0.7385331198166083,0.3333333333333333,0.0,0.0
IB Trend Breakout (first break),12:30-13:30,flat,MGC,IS,1,0.005988023952095809,1.0,0.19179487179485313,inf,37.39999999999636,0.0,1.2284062992056595,1.0,0.0,0.0
IB Trend Breakout (first break),12:30-13:30,flat,MGC,OOS,2,0.018518518518518517,0.0,-0.29040154366273657,0.0,-123.20000000001818,123.20000000001818,-1.8015843443976345,0.0,0.0,0.0
IB Trend Breakout (first break),12:30-13:30,hold,MGC,ALL,3,0.01090909090909091,0.6666666666666666,0.34364819385356715,1.6009732360096436,148.1999999999836,246.6000000000091,0.3078260039975445,0.6666666666666666,0.3333333333333333,0.3333333333333333
IB Trend Breakout (first break),12:30-13:30,hold,MGC,IS,1,0.005988023952095809,1.0,1.9917948717948717,inf,388.4,0.0,1.228406299205659,1.0,1.0,0.0
IB Trend Breakout (first break),12:30-13:30,hold,MGC,OOS,2,0.018518518518518517,0.5,-0.48042514511708506,0.02595296025949914,-240.20000000001636,246.6000000000091,-1.487020205330988,0.5,0.0,0.5
IB Trend Breakout (first break),13:30-14:30,flat,MGC,ALL,5,0.01818181818181818,0.4,0.13456769810604394,1.231065468549178,35.99999999996909,155.80000000003093,0.20145210087530738,0.4,0.0,0.0
IB Trend Breakout (first break),13:30-14:30,flat,MGC,IS,3,0.017964071856287425,0.3333333333333333,0.12152112736101302,1.1993957703924416,13.199999999983632,66.20000000002001,0.1753585410360788,0.3333333333333333,0.0,0.0
IB Trend Breakout (first break),13:30-14:30,flat,MGC,OOS,2,0.018518518518518517,0.5,0.15413755422359032,1.2544642857140924,22.79999999998546,89.60000000001091,0.2411951133630733,0.5,0.0,0.0
IB Trend Breakout (first break),13:30-14:30,hold,MGC,ALL,5,0.01818181818181818,0.4,0.10035889145114107,0.8975188781013961,-38.00000000000455,370.8000000000218,-0.09493291909974058,0.4,0.2,0.2
IB Trend Breakout (first break),13:30-14:30,hold,MGC,IS,3,0.017964071856287425,0.3333333333333333,-0.15821063815948008,0.21299638989168754,-130.8000000000173,166.20000000002003,-1.2709614814975814,0.3333333333333333,0.0,0.0
IB Trend Breakout (first break),13:30-14:30,hold,MGC,OOS,2,0.018518518518518517,0.5,0.48821318586707285,1.4535679374389634,92.80000000001272,204.6000000000018,0.3909884183654852,0.5,0.5,0.5
IB Trend Breakout (first break),14:30-15:30,flat,MGC,ALL,2,0.007272727272727273,1.0,0.4986891012876432,inf,258.7999999999891,0.0,1.1444069075176666,1.0,0.0,0.0
IB Trend Breakout (first break),14:30-15:30,flat,MGC,IS,2,0.011976047904191617,1.0,0.4986891012876432,inf,258.7999999999891,0.0,1.4692956340843888,1.0,0.0,0.0
IB Trend Breakout (first break),14:30-15:30,flat,MGC,OOS,0,0.0,,,,0.0,0.0,,,,
IB Trend Breakout (first break),14:30-15:30,hold,MGC,ALL,2,0.007272727272727273,0.5,-0.057579981415127504,0.2830687830686664,-54.20000000001273,75.60000000000545,-0.6597187497522609,0.0,0.0,0.0
IB Trend Breakout (first break),14:30-15:30,hold,MGC,IS,2,0.011976047904191617,0.5,-0.057579981415127504,0.2830687830686664,-54.20000000001273,75.60000000000545,-0.8460526140939811,0.0,0.0,0.0
IB Trend Breakout (first break),14:30-15:30,hold,MGC,OOS,0,0.0,,,,0.0,0.0,,,,
IB Trend Breakout (first break),15:30-16:00,flat,MGC,ALL,3,0.01090909090909091,0.6666666666666666,0.15696012396809367,5.546296296293624,98.19999999998365,21.600000000009096,0.9704980705211517,0.6666666666666666,0.0,0.0
IB Trend Breakout (first break),15:30-16:00,flat,MGC,IS,1,0.005988023952095809,0.0,-0.1389067524116243,0.0,-21.600000000009096,21.600000000009096,-1.2284062992056592,0.0,0.0,0.0
IB Trend Breakout (first break),15:30-16:00,flat,MGC,OOS,2,0.018518518518518517,1.0,0.30489356215795266,inf,119.79999999999274,0.0,1.9435162975920017,1.0,0.0,0.0
IB Trend Breakout (first break),15:30-16:00,hold,MGC,ALL,0,0.0,,,,0.0,0.0,,,,
IB Trend Breakout (first break),15:30-16:00,hold,MGC,IS,0,0.0,,,,0.0,0.0,,,,
IB Trend Breakout (first break),15:30-16:00,hold,MGC,OOS,0,0.0,,,,0.0,0.0,,,,
IB Trend Breakout (first break),Full RTH,hold,MGC,ALL,112,0.4072727272727273,0.44642857142857145,0.08948516271688926,1.1563025959405044,1402.2999999995045,1464.3000000001857,0.6059787072110442,0.5,0.21428571428571427,0.4017857142857143
IB Trend Breakout (first break),Full RTH,hold,MGC,IS,76,0.4550898203592814,0.4342105263157895,0.030901599083782778,1.0291335365661431,185.39999999963382,1464.3000000001857,0.12466686920637404,0.5,0.19736842105263158,0.40789473684210525
IB Trend Breakout (first break),Full RTH,hold,MGC,OOS,36,0.3333333333333333,0.4722222222222222,0.21316157483122525,1.4666206526323091,1216.8999999998707,642.5000000000343,1.4788798734939055,0.5,0.25,0.3888888888888889
IB Trend Breakout (11:00 confirm),09:30-11:30,flat,MGC,ALL,45,0.16363636363636364,0.4666666666666667,0.0025864554658345165,1.1125302250602485,181.49999999969447,648.3000000000563,0.25767374282918154,0.5714285714285714,0.0,0.044444444444444446
IB Trend Breakout (11:00 confirm),09:30-11:30,flat,MGC,IS,29,0.17365269461077845,0.4482758620689655,-0.01634897971832436,0.794603230960271,-231.40000000018188,494.2000000000472,-0.5411937081343103,0.5,0.0,0.034482758620689655
IB Trend Breakout (11:00 confirm),09:30-11:30,flat,MGC,OOS,16,0.14814814814814814,0.5,0.03690693173712248,1.8490643635612158,412.8999999998764,154.1000000000091,1.4921884348165524,0.6666666666666666,0.0,0.0625
IB Trend Breakout (11:00 confirm),09:30-11:30,hold,MGC,ALL,45,0.16363636363636364,0.5555555555555556,0.18436850706777413,1.8713791218799796,2391.499999999722,765.7000000000612,1.6220081012753742,0.5714285714285714,0.06666666666666667,0.24444444444444444
IB Trend Breakout (11:00 confirm),09:30-11:30,hold,MGC,IS,29,0.17365269461077845,0.5517241379310345,0.247007344514506,2.0224549959228333,1630.0999999998517,420.90000000000725,1.807081889491836,0.625,0.10344827586206896,0.20689655172413793
IB Trend Breakout (11:00 confirm),09:30-11:30,hold,MGC,OOS,16,0.14814814814814814,0.5625,0.0708356141955727,1.6619718309857685,761.3999999998707,458.8000000000237,1.324616363797722,0.5,0.0,0.3125
IB Trend Breakout (11:00 confirm),11:30-13:30,flat,MGC,ALL,0,0.0,,,,0.0,0.0,,,,
IB Trend Breakout (11:00 confirm),11:30-13:30,flat,MGC,IS,0,0.0,,,,0.0,0.0,,,,
IB Trend Breakout (11:00 confirm),11:30-13:30,flat,MGC,OOS,0,0.0,,,,0.0,0.0,,,,
IB Trend Breakout (11:00 confirm),11:30-13:30,hold,MGC,ALL,0,0.0,,,,0.0,0.0,,,,
IB Trend Breakout (11:00 confirm),11:30-13:30,hold,MGC,IS,0,0.0,,,,0.0,0.0,,,,
IB Trend Breakout (11:00 confirm),11:30-13:30,hold,MGC,OOS,0,0.0,,,,0.0,0.0,,,,
IB Trend Breakout (11:00 confirm),13:30-16:00,flat,MGC,ALL,0,0.0,,,,0.0,0.0,,,,
IB Trend Breakout (11:00 confirm),13:30-16:00,flat,MGC,IS,0,0.0,,,,0.0,0.0,,,,
IB Trend Breakout (11:00 confirm),13:30-16:00,flat,MGC,OOS,0,0.0,,,,0.0,0.0,,,,
IB Trend Breakout (11:00 confirm),13:30-16:00,hold,MGC,ALL,0,0.0,,,,0.0,0.0,,,,
IB Trend Breakout (11:00 confirm),13:30-16:00,hold,MGC,IS,0,0.0,,,,0.0,0.0,,,,
IB Trend Breakout (11:00 confirm),13:30-16:00,hold,MGC,OOS,0,0.0,,,,0.0,0.0,,,,
IB Trend Breakout (11:00 confirm),09:30-10:30,flat,MGC,ALL,0,0.0,,,,0.0,0.0,,,,
IB Trend Breakout (11:00 confirm),09:30-10:30,flat,MGC,IS,0,0.0,,,,0.0,0.0,,,,
IB Trend Breakout (11:00 confirm),09:30-10:30,flat,MGC,OOS,0,0.0,,,,0.0,0.0,,,,
IB Trend Breakout (11:00 confirm),09:30-10:30,hold,MGC,ALL,0,0.0,,,,0.0,0.0,,,,
IB Trend Breakout (11:00 confirm),09:30-10:30,hold,MGC,IS,0,0.0,,,,0.0,0.0,,,,
IB Trend Breakout (11:00 confirm),09:30-10:30,hold,MGC,OOS,0,0.0,,,,0.0,0.0,,,,
IB Trend Breakout (11:00 confirm),10:30-11:30,flat,MGC,ALL,45,0.16363636363636364,0.4666666666666667,0.0025864554658345165,1.1125302250602485,181.49999999969447,648.3000000000563,0.25767374282918154,0.5714285714285714,0.0,0.044444444444444446
IB Trend Breakout (11:00 confirm),10:30-11:30,flat,MGC,IS,29,0.17365269461077845,0.4482758620689655,-0.01634897971832436,0.794603230960271,-231.40000000018188,494.2000000000472,-0.5411937081343103,0.5,0.0,0.034482758620689655
IB Trend Breakout (11:00 confirm),10:30-11:30,flat,MGC,OOS,16,0.14814814814814814,0.5,0.03690693173712248,1.8490643635612158,412.8999999998764,154.1000000000091,1.4921884348165524,0.6666666666666666,0.0,0.0625
IB Trend Breakout (11:00 confirm),10:30-11:30,hold,MGC,ALL,45,0.16363636363636364,0.5555555555555556,0.18436850706777413,1.8713791218799796,2391.499999999722,765.7000000000612,1.6220081012753742,0.5714285714285714,0.06666666666666667,0.24444444444444444
IB Trend Breakout (11:00 confirm),10:30-11:30,hold,MGC,IS,29,0.17365269461077845,0.5517241379310345,0.247007344514506,2.0224549959228333,1630.0999999998517,420.90000000000725,1.807081889491836,0.625,0.10344827586206896,0.20689655172413793
IB Trend Breakout (11:00 confirm),10:30-11:30,hold,MGC,OOS,16,0.14814814814814814,0.5625,0.0708356141955727,1.6619718309857685,761.3999999998707,458.8000000000237,1.324616363797722,0.5,0.0,0.3125
IB Trend Breakout (11:00 confirm),11:30-12:30,flat,MGC,ALL,0,0.0,,,,0.0,0.0,,,,
IB Trend Breakout (11:00 confirm),11:30-12:30,flat,MGC,IS,0,0.0,,,,0.0,0.0,,,,
IB Trend Breakout (11:00 confirm),11:30-12:30,flat,MGC,OOS,0,0.0,,,,0.0,0.0,,,,
IB Trend Breakout (11:00 confirm),11:30-12:30,hold,MGC,ALL,0,0.0,,,,0.0,0.0,,,,
IB Trend Breakout (11:00 confirm),11:30-12:30,hold,MGC,IS,0,0.0,,,,0.0,0.0,,,,
IB Trend Breakout (11:00 confirm),11:30-12:30,hold,MGC,OOS,0,0.0,,,,0.0,0.0,,,,
IB Trend Breakout (11:00 confirm),12:30-13:30,flat,MGC,ALL,0,0.0,,,,0.0,0.0,,,,
IB Trend Breakout (11:00 confirm),12:30-13:30,flat,MGC,IS,0,0.0,,,,0.0,0.0,,,,
IB Trend Breakout (11:00 confirm),12:30-13:30,flat,MGC,OOS,0,0.0,,,,0.0,0.0,,,,
IB Trend Breakout (11:00 confirm),12:30-13:30,hold,MGC,ALL,0,0.0,,,,0.0,0.0,,,,
IB Trend Breakout (11:00 confirm),12:30-13:30,hold,MGC,IS,0,0.0,,,,0.0,0.0,,,,
IB Trend Breakout (11:00 confirm),12:30-13:30,hold,MGC,OOS,0,0.0,,,,0.0,0.0,,,,
IB Trend Breakout (11:00 confirm),13:30-14:30,flat,MGC,ALL,0,0.0,,,,0.0,0.0,,,,
IB Trend Breakout (11:00 confirm),13:30-14:30,flat,MGC,IS,0,0.0,,,,0.0,0.0,,,,
IB Trend Breakout (11:00 confirm),13:30-14:30,flat,MGC,OOS,0,0.0,,,,0.0,0.0,,,,
IB Trend Breakout (11:00 confirm),13:30-14:30,hold,MGC,ALL,0,0.0,,,,0.0,0.0,,,,
IB Trend Breakout (11:00 confirm),13:30-14:30,hold,MGC,IS,0,0.0,,,,0.0,0.0,,,,
IB Trend Breakout (11:00 confirm),13:30-14:30,hold,MGC,OOS,0,0.0,,,,0.0,0.0,,,,
IB Trend Breakout (11:00 confirm),14:30-15:30,flat,MGC,ALL,0,0.0,,,,0.0,0.0,,,,
IB Trend Breakout (11:00 confirm),14:30-15:30,flat,MGC,IS,0,0.0,,,,0.0,0.0,,,,
IB Trend Breakout (11:00 confirm),14:30-15:30,flat,MGC,OOS,0,0.0,,,,0.0,0.0,,,,
IB Trend Breakout (11:00 confirm),14:30-15:30,hold,MGC,ALL,0,0.0,,,,0.0,0.0,,,,
IB Trend Breakout (11:00 confirm),14:30-15:30,hold,MGC,IS,0,0.0,,,,0.0,0.0,,,,
IB Trend Breakout (11:00 confirm),14:30-15:30,hold,MGC,OOS,0,0.0,,,,0.0,0.0,,,,
IB Trend Breakout (11:00 confirm),15:30-16:00,flat,MGC,ALL,0,0.0,,,,0.0,0.0,,,,
IB Trend Breakout (11:00 confirm),15:30-16:00,flat,MGC,IS,0,0.0,,,,0.0,0.0,,,,
IB Trend Breakout (11:00 confirm),15:30-16:00,flat,MGC,OOS,0,0.0,,,,0.0,0.0,,,,
IB Trend Breakout (11:00 confirm),15:30-16:00,hold,MGC,ALL,0,0.0,,,,0.0,0.0,,,,
IB Trend Breakout (11:00 confirm),15:30-16:00,hold,MGC,IS,0,0.0,,,,0.0,0.0,,,,
IB Trend Breakout (11:00 confirm),15:30-16:00,hold,MGC,OOS,0,0.0,,,,0.0,0.0,,,,
IB Trend Breakout (11:00 confirm),Full RTH,hold,MGC,ALL,45,0.16363636363636364,0.5555555555555556,0.18436850706777413,1.8713791218799796,2391.499999999722,765.7000000000612,1.6220081012753742,0.5714285714285714,0.06666666666666667,0.24444444444444444
IB Trend Breakout (11:00 confirm),Full RTH,hold,MGC,IS,29,0.17365269461077845,0.5517241379310345,0.247007344514506,2.0224549959228333,1630.0999999998517,420.90000000000725,1.807081889491836,0.625,0.10344827586206896,0.20689655172413793
IB Trend Breakout (11:00 confirm),Full RTH,hold,MGC,OOS,16,0.14814814814814814,0.5625,0.0708356141955727,1.6619718309857685,761.3999999998707,458.8000000000237,1.324616363797722,0.5,0.0,0.3125
ORB 15-min breakout 2R,09:30-11:30,flat,MGC,ALL,246,0.8945454545454545,0.35772357723577236,-0.13023101049776262,0.8119227126141798,-3435.100000001048,4882.100000000975,-1.2726308069444965,0.35714285714285715,0.17479674796747968,0.5365853658536586
ORB 15-min breakout 2R,09:30-11:30,flat,MGC,IS,145,0.8682634730538922,0.38620689655172413,-0.15572687602132856,0.8595718286219289,-1539.5000000007467,3692.700000000542,-0.881113269676983,0.375,0.1310344827586207,0.5241379310344828
ORB 15-min breakout 2R,09:30-11:30,flat,MGC,OOS,101,0.9351851851851852,0.31683168316831684,-0.09362803524115801,0.740378557536886,-1895.600000000301,2582.9000000002948,-2.0039285949993637,0.3333333333333333,0.2376237623762376,0.5544554455445545
ORB 15-min breakout 2R,09:30-11:30,hold,MGC,ALL,247,0.8981818181818182,0.3360323886639676,-0.08249087034147341,0.949382970356329,-1081.2000000007365,4102.400000000412,-0.31832844497630747,0.35714285714285715,0.2631578947368421,0.6356275303643725
ORB 15-min breakout 2R,09:30-11:30,hold,MGC,IS,146,0.874251497005988,0.3424657534246575,-0.07678766419501991,1.0833057163335484,1080.8999999994794,2926.400000000256,0.4706431852942816,0.375,0.2534246575342466,0.6232876712328768
ORB 15-min breakout 2R,09:30-11:30,hold,MGC,OOS,101,0.9351851851851852,0.32673267326732675,-0.09073510892941605,0.7421559157096235,-2162.1000000002155,2965.4000000002493,-2.0484866806969,0.3333333333333333,0.27722772277227725,0.6534653465346535
ORB 15-min breakout 2R,11:30-13:30,flat,MGC,ALL,6,0.02181818181818182,0.5,0.288609617334107,1.4713682941530226,156.39999999997636,257.4000000000218,0.36867696900869845,0.6,0.16666666666666666,0.16666666666666666
ORB 15-min breakout 2R,11:30-13:30,flat,MGC,IS,3,0.017964071856287425,0.3333333333333333,0.5440527457423195,2.0496277915631818,169.19999999999635,161.2000000000109,0.5917438146127945,0.5,0.3333333333333333,0.0
ORB 15-min breakout 2R,11:30-13:30,flat,MGC,OOS,3,0.027777777777777776,0.6666666666666666,0.03316648892589449,0.9249706916763173,-12.800000000019992,170.59999999999636,-0.09542546109695549,0.6666666666666666,0.0,0.3333333333333333
ORB 15-min breakout 2R,11:30-13:30,hold,MGC,ALL,6,0.02181818181818182,0.3333333333333333,-0.1919881930626267,0.46625766871164565,-417.60000000002003,748.0000000000273,-0.6546173590563882,0.2,0.16666666666666666,0.5
ORB 15-min breakout 2R,11:30-13:30,hold,MGC,IS,3,0.017964071856287425,0.6666666666666666,0.35524704164249904,0.7760051052967432,-105.30000000000186,470.10000000000366,-0.22406385057451236,0.5,0.3333333333333333,0.3333333333333333
ORB 15-min breakout 2R,11:30-13:30,hold,MGC,OOS,3,0.027777777777777776,0.0,-0.7392234277677524,0.0,-312.3000000000182,312.3000000000182,-2.3755921024499584,0.0,0.0,0.6666666666666666
ORB 15-min breakout 2R,13:30-16:00,flat,MGC,ALL,2,0.007272727272727273,1.0,1.1634078411769064,inf,301.7999999999954,0.0,1.0755363882447215,1.0,0.5,0.0
ORB 15-min breakout 2R,13:30-16:00,flat,MGC,IS,1,0.005988023952095809,1.0,0.338755980861276,inf,35.40000000000273,0.0,1.2284062992056597,1.0,0.0,0.0
ORB 15-min breakout 2R,13:30-16:00,flat,MGC,OOS,1,0.009259259259259259,1.0,1.9880597014925367,inf,266.3999999999927,0.0,1.5275252316519472,1.0,1.0,0.0
ORB 15-min breakout 2R,13:30-16:00,hold,MGC,ALL,2,0.007272727272727273,1.0,1.1634078411769064,inf,301.7999999999954,0.0,1.0755363882447215,1.0,0.5,0.0
ORB 15-min breakout 2R,13:30-16:00,hold,MGC,IS,1,0.005988023952095809,1.0,0.338755980861276,inf,35.40000000000273,0.0,1.2284062992056597,1.0,0.0,0.0
ORB 15-min breakout 2R,13:30-16:00,hold,MGC,OOS,1,0.009259259259259259,1.0,1.9880597014925367,inf,266.3999999999927,0.0,1.5275252316519472,1.0,1.0,0.0
ORB 15-min breakout 2R,09:30-10:30,flat,MGC,ALL,212,0.7709090909090909,0.4009433962264151,-0.0682383365076825,0.8315704208182793,-2141.70000000116,3974.300000000525,-0.9874979334132916,0.35714285714285715,0.1179245283018868,0.3584905660377358
ORB 15-min breakout 2R,09:30-10:30,flat,MGC,IS,125,0.7485029940119761,0.344,-0.21119764681530068,0.6880423966118993,-2696.000000000817,3974.300000000525,-1.9323176474400796,0.25,0.056,0.384
ORB 15-min breakout 2R,09:30-10:30,flat,MGC,OOS,87,0.8055555555555556,0.4827586206896552,0.1371629714055621,1.1360746286975847,554.2999999996576,926.3000000001015,0.7266535159956626,0.5,0.20689655172413793,0.3218390804597701
ORB 15-min breakout 2R,09:30-10:30,hold,MGC,ALL,217,0.7890909090909091,0.3271889400921659,-0.10498714756571474,0.8894021202001354,-2126.200000000597,4075.2000000006656,-0.6849204407572632,0.2857142857142857,0.2672811059907834,0.6543778801843319
ORB 15-min breakout 2R,09:30-10:30,hold,MGC,IS,126,0.7544910179640718,0.3333333333333333,-0.11236860390754873,1.0124656407023778,142.39999999955035,3811.1000000003305,0.06874939362404718,0.375,0.24603174603174602,0.6428571428571429
ORB 15-min breakout 2R,09:30-10:30,hold,MGC,OOS,91,0.8425925925925926,0.31868131868131866,-0.0947666695539446,0.7091985848330992,-2268.6000000001477,2837.4000000001724,-2.258656320436215,0.16666666666666666,0.2967032967032967,0.6703296703296703
ORB 15-min breakout 2R,10:30-11:30,flat,MGC,ALL,29,0.10545454545454545,0.4827586206896552,0.0762306876678348,1.6604471858132501,856.5999999998606,624.3000000000555,0.9893232059495795,0.6666666666666666,0.13793103448275862,0.3103448275862069
ORB 15-min breakout 2R,10:30-11:30,flat,MGC,IS,19,0.11377245508982035,0.631578947368421,0.27165700267565174,2.486695406570285,1000.0999999999201,229.20000000001278,1.778230575314698,0.8571428571428571,0.15789473684210525,0.2631578947368421
ORB 15-min breakout 2R,10:30-11:30,flat,MGC,OOS,10,0.09259259259259259,0.2,-0.29507931084701716,0.7701425596667526,-143.50000000005912,624.3000000000555,-0.4800965023062499,0.4,0.1,0.4
ORB 15-min breakout 2R,10:30-11:30,hold,MGC,ALL,30,0.10909090909090909,0.4,0.08023220158053888,1.4892780222866329,1044.9999999998606,859.9000000000565,0.7617865918018982,0.5384615384615384,0.23333333333333334,0.5
ORB 15-min breakout 2R,10:30-11:30,hold,MGC,IS,20,0.11976047904191617,0.4,0.14737225599391174,1.6048205194302214,938.499999999929,859.9000000000565,0.9454290070984782,0.5,0.3,0.5
ORB 15-min breakout 2R,10:30-11:30,hold,MGC,OOS,10,0.09259259259259259,0.4,-0.05404790724620676,1.1823317925011507,106.49999999993179,316.50000000004,0.3314551027740897,0.6,0.1,0.5
ORB 15-min breakout 2R,11:30-12:30,flat,MGC,ALL,6,0.02181818181818182,0.3333333333333333,0.26043877436057267,0.9119170984455458,-47.6000000000291,378.0000000000364,-0.09919583965382511,0.4,0.16666666666666666,0.16666666666666666
ORB 15-min breakout 2R,11:30-12:30,flat,MGC,IS,3,0.017964071856287425,0.3333333333333333,0.48080853896869985,1.3529893529893122,86.19999999999453,244.20000000001272,0.2832157606097608,0.5,0.3333333333333333,0.0
ORB 15-min breakout 2R,11:30-12:30,flat,MGC,OOS,3,0.027777777777777776,0.3333333333333333,0.04006900975244543,0.5482781904118207,-133.80000000002363,296.2000000000109,-0.7630047378675898,0.3333333333333333,0.0,0.3333333333333333
ORB 15-min breakout 2R,11:30-12:30,hold,MGC,ALL,6,0.02181818181818182,0.3333333333333333,-0.1919881930626267,0.46625766871164565,-417.60000000002003,748.0000000000273,-0.6546173590563882,0.2,0.16666666666666666,0.5
ORB 15-min breakout 2R,11:30-12:30,hold,MGC,IS,3,0.017964071856287425,0.6666666666666666,0.35524704164249904,0.7760051052967432,-105.30000000000186,470.10000000000366,-0.22406385057451236,0.5,0.3333333333333333,0.3333333333333333
ORB 15-min breakout 2R,11:30-12:30,hold,MGC,OOS,3,0.027777777777777776,0.0,-0.7392234277677524,0.0,-312.3000000000182,312.3000000000182,-2.3755921024499584,0.0,0.0,0.6666666666666666
ORB 15-min breakout 2R,12:30-13:30,flat,MGC,ALL,0,0.0,,,,0.0,0.0,,,,
ORB 15-min breakout 2R,12:30-13:30,flat,MGC,IS,0,0.0,,,,0.0,0.0,,,,
ORB 15-min breakout 2R,12:30-13:30,flat,MGC,OOS,0,0.0,,,,0.0,0.0,,,,
ORB 15-min breakout 2R,12:30-13:30,hold,MGC,ALL,0,0.0,,,,0.0,0.0,,,,
ORB 15-min breakout 2R,12:30-13:30,hold,MGC,IS,0,0.0,,,,0.0,0.0,,,,
ORB 15-min breakout 2R,12:30-13:30,hold,MGC,OOS,0,0.0,,,,0.0,0.0,,,,
ORB 15-min breakout 2R,13:30-14:30,flat,MGC,ALL,2,0.007272727272727273,1.0,0.7993072912947444,inf,191.8,0.0,1.3364795517031942,1.0,0.0,0.0
ORB 15-min breakout 2R,13:30-14:30,flat,MGC,IS,1,0.005988023952095809,1.0,0.7598086124402395,inf,79.40000000000364,0.0,1.2284062992056592,1.0,0.0,0.0
ORB 15-min breakout 2R,13:30-14:30,flat,MGC,OOS,1,0.009259259259259259,1.0,0.8388059701492494,inf,112.39999999999637,0.0,1.5275252316519472,1.0,0.0,0.0
ORB 15-min breakout 2R,13:30-14:30,hold,MGC,ALL,2,0.007272727272727273,1.0,1.1634078411769064,inf,301.7999999999954,0.0,1.0755363882447215,1.0,0.5,0.0
ORB 15-min breakout 2R,13:30-14:30,hold,MGC,IS,1,0.005988023952095809,1.0,0.338755980861276,inf,35.40000000000273,0.0,1.2284062992056597,1.0,0.0,0.0
ORB 15-min breakout 2R,13:30-14:30,hold,MGC,OOS,1,0.009259259259259259,1.0,1.9880597014925367,inf,266.3999999999927,0.0,1.5275252316519472,1.0,1.0,0.0
ORB 15-min breakout 2R,14:30-15:30,flat,MGC,ALL,0,0.0,,,,0.0,0.0,,,,
ORB 15-min breakout 2R,14:30-15:30,flat,MGC,IS,0,0.0,,,,0.0,0.0,,,,
ORB 15-min breakout 2R,14:30-15:30,flat,MGC,OOS,0,0.0,,,,0.0,0.0,,,,
ORB 15-min breakout 2R,14:30-15:30,hold,MGC,ALL,0,0.0,,,,0.0,0.0,,,,
ORB 15-min breakout 2R,14:30-15:30,hold,MGC,IS,0,0.0,,,,0.0,0.0,,,,
ORB 15-min breakout 2R,14:30-15:30,hold,MGC,OOS,0,0.0,,,,0.0,0.0,,,,
ORB 15-min breakout 2R,15:30-16:00,flat,MGC,ALL,0,0.0,,,,0.0,0.0,,,,
ORB 15-min breakout 2R,15:30-16:00,flat,MGC,IS,0,0.0,,,,0.0,0.0,,,,
ORB 15-min breakout 2R,15:30-16:00,flat,MGC,OOS,0,0.0,,,,0.0,0.0,,,,
ORB 15-min breakout 2R,15:30-16:00,hold,MGC,ALL,0,0.0,,,,0.0,0.0,,,,
ORB 15-min breakout 2R,15:30-16:00,hold,MGC,IS,0,0.0,,,,0.0,0.0,,,,
ORB 15-min breakout 2R,15:30-16:00,hold,MGC,OOS,0,0.0,,,,0.0,0.0,,,,
ORB 15-min breakout 2R,Full RTH,hold,MGC,ALL,255,0.9272727272727272,0.3411764705882353,-0.07529552333476816,0.9459417959787975,-1197.0000000007594,4148.300000000437,-0.3452298691531948,0.2857142857142857,0.2627450980392157,0.6274509803921569
ORB 15-min breakout 2R,Full RTH,hold,MGC,IS,150,0.8982035928143712,0.35333333333333333,-0.06537667911122755,1.075194121322065,1010.9999999994802,3338.0000000003583,0.43121352106880695,0.375,0.25333333333333335,0.6133333333333333
ORB 15-min breakout 2R,Full RTH,hold,MGC,OOS,105,0.9722222222222222,0.3238095238095238,-0.08946530079696904,0.7461368653421497,-2208.000000000242,3011.300000000273,-2.0486913230276955,0.16666666666666666,0.2761904761904762,0.6476190476190476
ORB second break 2R,09:30-11:30,flat,MGC,ALL,51,0.18545454545454546,0.6274509803921569,0.24386527171011363,1.876156777354166,1931.3999999996881,561.4000000000542,1.7013027960099039,0.7142857142857143,0.09803921568627451,0.2549019607843137
ORB second break 2R,09:30-11:30,flat,MGC,IS,28,0.16766467065868262,0.75,0.41442482712101186,2.9807001795328123,1765.1999999998231,313.80000000003247,2.5277059630872407,0.875,0.10714285714285714,0.17857142857142858
ORB second break 2R,09:30-11:30,flat,MGC,OOS,23,0.21296296296296297,0.4782608695652174,0.03622755207945482,1.1265610721899586,166.19999999986535,432.80000000003815,0.38101487685751984,0.5,0.08695652173913043,0.34782608695652173
ORB second break 2R,09:30-11:30,hold,MGC,ALL,53,0.19272727272727272,0.4339622641509434,0.09632079157080056,1.3737123420796127,1538.1999999997797,1008.4000000000956,0.9216480995417162,0.5714285714285714,0.2830188679245283,0.49056603773584906
ORB second break 2R,09:30-11:30,hold,MGC,IS,29,0.17365269461077845,0.4827586206896552,0.21861747269314893,1.717102803738224,1534.5999999998992,575.6000000000577,1.4864733270170656,0.75,0.3448275862068966,0.4827586206896552
ORB second break 2R,09:30-11:30,hold,MGC,OOS,24,0.2222222222222222,0.375,-0.05145436478537027,1.0018218623481177,3.5999999998799126,711.0000000000291,0.005648381486002756,0.3333333333333333,0.20833333333333334,0.5
ORB second break 2R,11:30-13:30,flat,MGC,ALL,29,0.10545454545454545,0.3448275862068966,-0.10118708974513572,0.8141371594049106,-282.4000000002037,620.2000000001109,-0.373448686520008,0.2727272727272727,0.06896551724137931,0.2413793103448276
ORB second break 2R,11:30-13:30,flat,MGC,IS,16,0.09580838323353294,0.375,0.010276531598866087,1.320059435363824,215.39999999987623,278.2000000000182,0.42898579846220025,0.5,0.0625,0.125
ORB second break 2R,11:30-13:30,flat,MGC,OOS,13,0.12037037037037036,0.3076923076923077,-0.23837308524544568,0.4118620037806668,-497.8000000000801,521.200000000071,-2.010998044303683,0.0,0.07692307692307693,0.38461538461538464
ORB second break 2R,11:30-13:30,hold,MGC,ALL,29,0.10545454545454545,0.4482758620689655,-0.03515710398229867,0.9421479977855066,-125.400000000142,835.2000000000584,-0.11272868665985178,0.36363636363636365,0.10344827586206896,0.3103448275862069
ORB second break 2R,11:30-13:30,hold,MGC,IS,16,0.09580838323353294,0.5625,0.22757605406908593,1.6918833727343228,702.3999999999198,692.2000000000237,0.8902727252295505,0.6666666666666666,0.125,0.1875
ORB second break 2R,11:30-13:30,hold,MGC,OOS,13,0.12037037037037036,0.3076923076923077,-0.35852099081477207,0.2816730301978295,-827.8000000000619,835.2000000000584,-2.9112856692751596,0.0,0.07692307692307693,0.46153846153846156
ORB second break 2R,13:30-16:00,flat,MGC,ALL,18,0.06545454545454546,0.5,0.10973818311697321,0.9143148588914616,-100.80000000008914,771.6000000000437,-0.15083361287317545,0.6363636363636364,0.1111111111111111,0.16666666666666666
ORB second break 2R,13:30-16:00,flat,MGC,IS,7,0.041916167664670656,0.42857142857142855,0.06070282814790925,0.6052369903877376,-238.20000000005277,603.4000000000347,-0.6197558411640257,0.5,0.14285714285714285,0.14285714285714285
ORB second break 2R,13:30-16:00,flat,MGC,OOS,11,0.10185185185185185,0.5454545454545454,0.14094249991546853,1.2397905759161592,137.39999999996368,272.80000000001087,0.48476627371650777,0.8,0.09090909090909091,0.18181818181818182
ORB second break 2R,13:30-16:00,hold,MGC,ALL,14,0.05090909090909091,0.5,0.15914855873347866,0.9341282251758585,-67.40000000006364,618.4000000000256,-0.10351420817625887,0.5555555555555556,0.14285714285714285,0.21428571428571427
ORB second break 2R,13:30-16:00,hold,MGC,IS,5,0.029940119760479042,0.6,0.24731085773399122,0.8111950244335151,-85.00000000003459,450.2000000000164,-0.2271220565889467,0.6,0.2,0.2
ORB second break 2R,13:30-16:00,hold,MGC,OOS,9,0.08333333333333333,0.4444444444444444,0.11016950373319391,1.0307155322861612,17.599999999970947,272.80000000001087,0.06361089792253204,0.5,0.1111111111111111,0.2222222222222222
ORB second break 2R,09:30-10:30,flat,MGC,ALL,14,0.05090909090909091,0.42857142857142855,0.02798698320690717,1.4629147690303381,284.59999999988884,525.2000000000693,0.47169828149992127,0.4,0.07142857142857142,0.2857142857142857
ORB second break 2R,09:30-10:30,flat,MGC,IS,8,0.04790419161676647,0.625,0.42765652537071686,4.4438827098070846,681.1999999999417,128.6000000000164,1.5867599346856154,0.6666666666666666,0.125,0.125
ORB second break 2R,09:30-10:30,flat,MGC,OOS,6,0.05555555555555555,0.16666666666666666,-0.5049057396781724,0.04892086330934218,-396.6000000000528,396.6000000000528,-2.6445474391434174,0.0,0.0,0.5
ORB second break 2R,09:30-10:30,hold,MGC,ALL,19,0.06909090909090909,0.5263157894736842,0.33200511529313725,2.113028055465824,1380.5999999999126,783.0000000000889,1.2896675527462091,0.6363636363636364,0.3684210526315789,0.47368421052631576
ORB second break 2R,09:30-10:30,hold,MGC,IS,9,0.05389221556886228,0.5555555555555556,0.6531388541940455,3.1541974007724565,1226.599999999958,453.80000000004156,1.7601899609527525,0.6666666666666666,0.5555555555555556,0.4444444444444444
ORB second break 2R,09:30-10:30,hold,MGC,OOS,10,0.09259259259259259,0.5,0.04298475028231996,1.2295081967212307,153.99999999995455,329.2000000000472,0.41676810766068,0.6,0.2,0.5
ORB second break 2R,10:30-11:30,flat,MGC,ALL,32,0.11636363636363636,0.65625,0.18246862230409894,1.5824574121056174,642.7999999998192,349.2000000000219,0.9657280461761628,0.6428571428571429,0.03125,0.15625
ORB second break 2R,10:30-11:30,flat,MGC,IS,19,0.11377245508982035,0.7894736842105263,0.29100762927065466,2.3363675769393666,616.5999999998845,349.2000000000219,1.6715002084756887,0.75,0.0,0.10526315789473684
ORB second break 2R,10:30-11:30,flat,MGC,OOS,13,0.12037037037037036,0.46153846153846156,0.023834689045286756,1.0407972594206354,26.199999999934533,308.40000000002544,0.08916050885654289,0.5,0.07692307692307693,0.23076923076923078
ORB second break 2R,10:30-11:30,hold,MGC,ALL,34,0.12363636363636364,0.38235294117647056,-0.03538515403874053,1.0548059535400816,157.59999999986636,689.000000000031,0.12302012320188703,0.5,0.23529411764705882,0.5
ORB second break 2R,10:30-11:30,hold,MGC,IS,20,0.11976047904191617,0.45,0.02308285101774541,1.1961033999744841,307.99999999994077,398.8000000000236,0.4033098706908248,0.625,0.25,0.5
ORB second break 2R,10:30-11:30,hold,MGC,OOS,14,0.12962962962962962,0.2857142857142857,-0.1189108755480061,0.8847509578543552,-150.40000000007458,689.0000000000309,-0.2897172205374014,0.3333333333333333,0.21428571428571427,0.5
ORB second break 2R,11:30-12:30,flat,MGC,ALL,19,0.06909090909090909,0.47368421052631576,-0.11526158407433874,1.2046620046618244,175.5999999998581,337.40000000005637,0.2652731148875367,0.4,0.0,0.10526315789473684
ORB second break 2R,11:30-12:30,flat,MGC,IS,13,0.07784431137724551,0.46153846153846156,-0.07744587821866819,1.490841353616716,316.19999999990716,337.40000000005637,0.6320523457102905,0.3333333333333333,0.0,0.15384615384615385
ORB second break 2R,11:30-12:30,flat,MGC,OOS,6,0.05555555555555555,0.5,-0.19719561342829162,0.34237605238525,-140.6000000000491,193.80000000002363,-1.3795417805671673,0.5,0.0,0.0
ORB second break 2R,11:30-12:30,hold,MGC,ALL,20,0.07272727272727272,0.35,-0.15420878161047608,0.7706850274243919,-393.0000000000947,801.200000000071,-0.39798016232232114,0.3,0.1,0.35
ORB second break 2R,11:30-12:30,hold,MGC,IS,13,0.07784431137724551,0.46153846153846156,0.1405497401248796,1.2178881008667488,221.1999999999344,692.2000000000237,0.3035205674757553,0.5,0.15384615384615385,0.23076923076923078
ORB second break 2R,11:30-12:30,hold,MGC,OOS,7,0.06481481481481481,0.14285714285714285,-0.7016174648332795,0.12081305468077826,-614.2000000000291,614.2000000000291,-3.1051646499331027,0.0,0.0,0.5714285714285714
ORB second break 2R,12:30-13:30,flat,MGC,ALL,9,0.03272727272727273,0.3333333333333333,0.014824222189366595,0.4725990233314131,-194.40000000007274,291.20000000006365,-0.7761246633368302,0.2,0.1111111111111111,0.1111111111111111
ORB second break 2R,12:30-13:30,flat,MGC,IS,3,0.017964071856287425,0.0,-0.09773447840677683,0.0,-77.80000000002,77.80000000002,-1.6000954999709212,0.0,0.0,0.0
ORB second break 2R,12:30-13:30,flat,MGC,OOS,6,0.05555555555555555,0.5,0.0711035724874383,0.5990371389269714,-116.60000000005272,236.80000000003454,-0.7649549154651047,0.3333333333333333,0.16666666666666666,0.16666666666666666
ORB second break 2R,12:30-13:30,hold,MGC,ALL,9,0.03272727272727273,0.6666666666666666,0.2294021796358733,1.589687086822242,267.59999999995273,239.80000000002732,0.5233207707232669,0.6,0.1111111111111111,0.2222222222222222
ORB second break 2R,12:30-13:30,hold,MGC,IS,3,0.017964071856287425,1.0,0.6046900811606467,inf,481.1999999999854,0.0,1.584708318765932,1.0,0.0,0.0
ORB second break 2R,12:30-13:30,hold,MGC,OOS,6,0.05555555555555555,0.5,0.04175822887348657,0.5293080652269342,-213.6000000000327,239.80000000002727,-1.032757837602139,0.3333333333333333,0.16666666666666666,0.3333333333333333
ORB second break 2R,13:30-14:30,flat,MGC,ALL,7,0.025454545454545455,0.42857142857142855,0.06516335463025331,0.38871108524873516,-420.2000000000329,509.80000000002735,-0.8328130701965583,0.4,0.14285714285714285,0.14285714285714285
ORB second break 2R,13:30-14:30,flat,MGC,IS,2,0.011976047904191617,0.0,-0.5714713239235554,0.0,-420.2000000000164,420.2000000000164,-1.3245719945573249,0.0,0.0,0.5
ORB second break 2R,13:30-14:30,flat,MGC,OOS,5,0.046296296296296294,0.6,0.31981722605177676,0.9999999999999387,-1.6356693777197506e-11,177.59999999999454,-8.726869866030574e-14,0.6666666666666666,0.2,0.0
ORB second break 2R,13:30-14:30,hold,MGC,ALL,7,0.025454545454545455,0.42857142857142855,0.1286683549167252,0.5745624845945115,-345.20000000001926,656.8000000000164,-0.6064799795153755,0.4,0.14285714285714285,0.2857142857142857
ORB second break 2R,13:30-14:30,hold,MGC,IS,2,0.011976047904191617,0.0,-0.636126496337349,0.0,-450.2000000000164,450.2000000000164,-1.4068916039668613,0.0,0.0,0.5
ORB second break 2R,13:30-14:30,hold,MGC,OOS,5,0.046296296296296294,0.6,0.43458629541835486,1.2906976744185994,104.9999999999973,206.6,0.42466802558534733,0.6666666666666666,0.2,0.2
ORB second break 2R,14:30-15:30,flat,MGC,ALL,5,0.01818181818181818,0.4,0.24928736833270695,2.8811074918561936,230.99999999997814,122.80000000002005,0.8144565595745789,0.5,0.2,0.2
ORB second break 2R,14:30-15:30,flat,MGC,IS,2,0.011976047904191617,1.0,1.2368032128514035,inf,353.7999999999982,0.0,1.720038644386464,1.0,0.5,0.0
ORB second break 2R,14:30-15:30,flat,MGC,OOS,3,0.027777777777777776,0.0,-0.40905652801309084,0.0,-122.80000000002,122.80000000002,-1.9371669521657897,0.0,0.0,0.3333333333333333
ORB second break 2R,14:30-15:30,hold,MGC,ALL,7,0.025454545454545455,0.5714285714285714,0.18962876255023217,2.311614730877847,277.7999999999554,211.800000000021,0.8819342086991556,0.6666666666666666,0.14285714285714285,0.14285714285714285
ORB second break 2R,14:30-15:30,hold,MGC,IS,3,0.017964071856287425,1.0,0.8362690937815515,inf,365.1999999999818,0.0,1.915448906068714,1.0,0.3333333333333333,0.0
ORB second break 2R,14:30-15:30,hold,MGC,OOS,4,0.037037037037037035,0.25,-0.2953514858732572,0.5873465533521354,-87.40000000002635,211.8000000000209,-0.705528048283011,0.3333333333333333,0.0,0.25
ORB second break 2R,15:30-16:00,flat,MGC,ALL,4,0.014545454545454545,0.5,-0.06319813154079576,0.7819843342035151,-33.40000000002545,153.20000000001818,-0.22183471189954984,0.5,0.0,0.0
ORB second break 2R,15:30-16:00,flat,MGC,IS,2,0.011976047904191617,0.0,-0.4058172458172958,0.0,-153.20000000001818,153.20000000001818,-1.7387402224310662,0.0,0.0,0.0
ORB second break 2R,15:30-16:00,flat,MGC,OOS,2,0.018518518518518517,1.0,0.27942098273570426,inf,119.79999999999274,0.0,1.9435162975920017,1.0,0.0,0.0
ORB second break 2R,15:30-16:00,hold,MGC,ALL,0,0.0,,,,0.0,0.0,,,,
ORB second break 2R,15:30-16:00,hold,MGC,IS,0,0.0,,,,0.0,0.0,,,,
ORB second break 2R,15:30-16:00,hold,MGC,OOS,0,0.0,,,,0.0,0.0,,,,
ORB second break 2R,Full RTH,hold,MGC,ALL,96,0.3490909090909091,0.4479166666666667,0.06576589333369243,1.1841298516449745,1345.3999999995742,1092.6000000001422,0.6378419927783806,0.5,0.20833333333333334,0.3958333333333333
ORB second break 2R,Full RTH,hold,MGC,IS,50,0.2994011976047904,0.52,0.22435355723753297,1.5968824540965385,2151.9999999997844,832.4000000000487,1.5946206133291057,0.625,0.26,0.36
ORB second break 2R,Full RTH,hold,MGC,OOS,46,0.42592592592592593,0.3695652173913043,-0.10661200221396037,0.7820824552871425,-806.6000000002111,1092.6000000001459,-1.0742648838616389,0.3333333333333333,0.15217391304347827,0.43478260869565216
Opening candle 2R (trend),09:30-11:30,flat,MGC,ALL,136,0.49454545454545457,0.3161764705882353,-0.10754520235016274,0.8758629805788172,-981.1334125877573,2131.6591268733887,-0.6422022760402584,0.42857142857142855,0.3014705882352941,0.6838235294117647
Opening candle 2R (trend),09:30-11:30,flat,MGC,IS,85,0.5089820359281437,0.2823529411764706,-0.20335724157823215,0.8232963920475951,-961.399126873394,2131.6591268733887,-0.9291283832647477,0.375,0.27058823529411763,0.7176470588235294
Opening candle 2R (trend),09:30-11:30,flat,MGC,OOS,51,0.4722222222222222,0.37254901960784315,0.0521415296966196,0.9919873412287935,-19.73428571436341,1045.7657142858159,-0.04148617640837627,0.5,0.35294117647058826,0.6274509803921569
Opening candle 2R (trend),09:30-11:30,hold,MGC,ALL,136,0.49454545454545457,0.3088235294117647,-0.10464785966853973,0.8842003146158983,-924.8819840163077,1973.7276983019428,-0.5995250818618607,0.42857142857142855,0.3088235294117647,0.6911764705882353
Opening candle 2R (trend),09:30-11:30,hold,MGC,IS,85,0.5089820359281437,0.2823529411764706,-0.1838945808667432,0.8523239337392645,-803.4676983019481,1973.7276983019428,-0.7678147626513205,0.375,0.2823529411764706,0.7176470588235294
Opening candle 2R (trend),09:30-11:30,hold,MGC,OOS,51,0.4722222222222222,0.35294117647058826,0.027430008995132732,0.952314906767454,-121.41428571436009,1045.7657142858159,-0.25367916687580316,0.5,0.35294117647058826,0.6470588235294118
Opening candle 2R (trend),11:30-13:30,flat,MGC,ALL,0,0.0,,,,0.0,0.0,,,,
Opening candle 2R (trend),11:30-13:30,flat,MGC,IS,0,0.0,,,,0.0,0.0,,,,
Opening candle 2R (trend),11:30-13:30,flat,MGC,OOS,0,0.0,,,,0.0,0.0,,,,
Opening candle 2R (trend),11:30-13:30,hold,MGC,ALL,0,0.0,,,,0.0,0.0,,,,
Opening candle 2R (trend),11:30-13:30,hold,MGC,IS,0,0.0,,,,0.0,0.0,,,,
Opening candle 2R (trend),11:30-13:30,hold,MGC,OOS,0,0.0,,,,0.0,0.0,,,,
Opening candle 2R (trend),13:30-16:00,flat,MGC,ALL,0,0.0,,,,0.0,0.0,,,,
Opening candle 2R (trend),13:30-16:00,flat,MGC,IS,0,0.0,,,,0.0,0.0,,,,
Opening candle 2R (trend),13:30-16:00,flat,MGC,OOS,0,0.0,,,,0.0,0.0,,,,
Opening candle 2R (trend),13:30-16:00,hold,MGC,ALL,0,0.0,,,,0.0,0.0,,,,
Opening candle 2R (trend),13:30-16:00,hold,MGC,IS,0,0.0,,,,0.0,0.0,,,,
Opening candle 2R (trend),13:30-16:00,hold,MGC,OOS,0,0.0,,,,0.0,0.0,,,,
Opening candle 2R (trend),09:30-10:30,flat,MGC,ALL,136,0.49454545454545457,0.33088235294117646,-0.09525184940976701,0.8444899807072732,-1185.2784675328776,2221.344181818595,-0.8291551562094368,0.35714285714285715,0.2647058823529412,0.6544117647058824
Opening candle 2R (trend),09:30-10:30,flat,MGC,IS,85,0.5089820359281437,0.3058823529411765,-0.18894580069439645,0.7646679612017246,-1214.075610389919,2155.31846753274,-1.2876411775463028,0.25,0.2235294117647059,0.6705882352941176
Opening candle 2R (trend),09:30-10:30,flat,MGC,OOS,51,0.4722222222222222,0.37254901960784315,0.06090473606461533,1.0116924261986957,28.797142857041422,1045.7657142858159,0.06022307597304909,0.5,0.3333333333333333,0.6274509803921569
Opening candle 2R (trend),09:30-10:30,hold,MGC,ALL,136,0.49454545454545457,0.3088235294117647,-0.10464785966853973,0.8842003146158983,-924.8819840163077,1973.7276983019428,-0.5995250818618607,0.42857142857142855,0.3088235294117647,0.6911764705882353
Opening candle 2R (trend),09:30-10:30,hold,MGC,IS,85,0.5089820359281437,0.2823529411764706,-0.1838945808667432,0.8523239337392645,-803.4676983019481,1973.7276983019428,-0.7678147626513205,0.375,0.2823529411764706,0.7176470588235294
Opening candle 2R (trend),09:30-10:30,hold,MGC,OOS,51,0.4722222222222222,0.35294117647058826,0.027430008995132732,0.952314906767454,-121.41428571436009,1045.7657142858159,-0.25367916687580316,0.5,0.35294117647058826,0.6470588235294118
Opening candle 2R (trend),10:30-11:30,flat,MGC,ALL,0,0.0,,,,0.0,0.0,,,,
Opening candle 2R (trend),10:30-11:30,flat,MGC,IS,0,0.0,,,,0.0,0.0,,,,
Opening candle 2R (trend),10:30-11:30,flat,MGC,OOS,0,0.0,,,,0.0,0.0,,,,
Opening candle 2R (trend),10:30-11:30,hold,MGC,ALL,0,0.0,,,,0.0,0.0,,,,
Opening candle 2R (trend),10:30-11:30,hold,MGC,IS,0,0.0,,,,0.0,0.0,,,,
Opening candle 2R (trend),10:30-11:30,hold,MGC,OOS,0,0.0,,,,0.0,0.0,,,,
Opening candle 2R (trend),11:30-12:30,flat,MGC,ALL,0,0.0,,,,0.0,0.0,,,,
Opening candle 2R (trend),11:30-12:30,flat,MGC,IS,0,0.0,,,,0.0,0.0,,,,
Opening candle 2R (trend),11:30-12:30,flat,MGC,OOS,0,0.0,,,,0.0,0.0,,,,
Opening candle 2R (trend),11:30-12:30,hold,MGC,ALL,0,0.0,,,,0.0,0.0,,,,
Opening candle 2R (trend),11:30-12:30,hold,MGC,IS,0,0.0,,,,0.0,0.0,,,,
Opening candle 2R (trend),11:30-12:30,hold,MGC,OOS,0,0.0,,,,0.0,0.0,,,,
Opening candle 2R (trend),12:30-13:30,flat,MGC,ALL,0,0.0,,,,0.0,0.0,,,,
Opening candle 2R (trend),12:30-13:30,flat,MGC,IS,0,0.0,,,,0.0,0.0,,,,
Opening candle 2R (trend),12:30-13:30,flat,MGC,OOS,0,0.0,,,,0.0,0.0,,,,
Opening candle 2R (trend),12:30-13:30,hold,MGC,ALL,0,0.0,,,,0.0,0.0,,,,
Opening candle 2R (trend),12:30-13:30,hold,MGC,IS,0,0.0,,,,0.0,0.0,,,,
Opening candle 2R (trend),12:30-13:30,hold,MGC,OOS,0,0.0,,,,0.0,0.0,,,,
Opening candle 2R (trend),13:30-14:30,flat,MGC,ALL,0,0.0,,,,0.0,0.0,,,,
Opening candle 2R (trend),13:30-14:30,flat,MGC,IS,0,0.0,,,,0.0,0.0,,,,
Opening candle 2R (trend),13:30-14:30,flat,MGC,OOS,0,0.0,,,,0.0,0.0,,,,
Opening candle 2R (trend),13:30-14:30,hold,MGC,ALL,0,0.0,,,,0.0,0.0,,,,
Opening candle 2R (trend),13:30-14:30,hold,MGC,IS,0,0.0,,,,0.0,0.0,,,,
Opening candle 2R (trend),13:30-14:30,hold,MGC,OOS,0,0.0,,,,0.0,0.0,,,,
Opening candle 2R (trend),14:30-15:30,flat,MGC,ALL,0,0.0,,,,0.0,0.0,,,,
Opening candle 2R (trend),14:30-15:30,flat,MGC,IS,0,0.0,,,,0.0,0.0,,,,
Opening candle 2R (trend),14:30-15:30,flat,MGC,OOS,0,0.0,,,,0.0,0.0,,,,
Opening candle 2R (trend),14:30-15:30,hold,MGC,ALL,0,0.0,,,,0.0,0.0,,,,
Opening candle 2R (trend),14:30-15:30,hold,MGC,IS,0,0.0,,,,0.0,0.0,,,,
Opening candle 2R (trend),14:30-15:30,hold,MGC,OOS,0,0.0,,,,0.0,0.0,,,,
Opening candle 2R (trend),15:30-16:00,flat,MGC,ALL,0,0.0,,,,0.0,0.0,,,,
Opening candle 2R (trend),15:30-16:00,flat,MGC,IS,0,0.0,,,,0.0,0.0,,,,
Opening candle 2R (trend),15:30-16:00,flat,MGC,OOS,0,0.0,,,,0.0,0.0,,,,
Opening candle 2R (trend),15:30-16:00,hold,MGC,ALL,0,0.0,,,,0.0,0.0,,,,
Opening candle 2R (trend),15:30-16:00,hold,MGC,IS,0,0.0,,,,0.0,0.0,,,,
Opening candle 2R (trend),15:30-16:00,hold,MGC,OOS,0,0.0,,,,0.0,0.0,,,,
Opening candle 2R (trend),Full RTH,hold,MGC,ALL,136,0.49454545454545457,0.3088235294117647,-0.10464785966853973,0.8842003146158983,-924.8819840163077,1973.7276983019428,-0.5995250818618607,0.42857142857142855,0.3088235294117647,0.6911764705882353
Opening candle 2R (trend),Full RTH,hold,MGC,IS,85,0.5089820359281437,0.2823529411764706,-0.1838945808667432,0.8523239337392645,-803.4676983019481,1973.7276983019428,-0.7678147626513205,0.375,0.2823529411764706,0.7176470588235294
Opening candle 2R (trend),Full RTH,hold,MGC,OOS,51,0.4722222222222222,0.35294117647058826,0.027430008995132732,0.952314906767454,-121.41428571436009,1045.7657142858159,-0.25367916687580316,0.5,0.35294117647058826,0.6470588235294118
Trend-Confluence Pullback 2R,09:30-11:30,flat,MGC,ALL,117,0.4254545454545455,0.37606837606837606,-0.13468575146641473,0.7515830623654902,-1417.3448068555913,1949.9473018825104,-1.2676061043449705,0.5,0.13675213675213677,0.5128205128205128
Trend-Confluence Pullback 2R,09:30-11:30,flat,MGC,IS,73,0.437125748502994,0.410958904109589,-0.015235574062659105,0.9321793864957163,-239.65971067461086,1125.0067096484447,-0.32158640099147356,0.625,0.1643835616438356,0.4794520547945205
Trend-Confluence Pullback 2R,09:30-11:30,flat,MGC,OOS,44,0.4074074074074074,0.3181818181818182,-0.3328644548862821,0.4577323608348779,-1177.6850961809805,1716.3588136101607,-3.2553612677831762,0.3333333333333333,0.09090909090909091,0.5681818181818182
Trend-Confluence Pullback 2R,09:30-11:30,hold,MGC,ALL,122,0.44363636363636366,0.30327868852459017,-0.15457650357490643,0.8553411940991833,-1089.4322713543356,1712.7036492158372,-0.7536928931126006,0.42857142857142855,0.2786885245901639,0.6967213114754098
Trend-Confluence Pullback 2R,09:30-11:30,hold,MGC,IS,76,0.4550898203592814,0.34210526315789475,-0.03438588314169156,1.021320210086958,101.08827386287751,1528.5023149676083,0.10498220735722477,0.5,0.3157894736842105,0.6578947368421053
Trend-Confluence Pullback 2R,09:30-11:30,hold,MGC,OOS,46,0.42592592592592593,0.2391304347826087,-0.3531523112471745,0.5732316182268657,-1190.5205452172122,1712.7036492158372,-2.5395586517376407,0.3333333333333333,0.21739130434782608,0.7608695652173914
Trend-Confluence Pullback 2R,11:30-13:30,flat,MGC,ALL,130,0.4727272727272727,0.3923076923076923,-0.09665669598332143,0.8564021336876981,-863.7339973161015,1537.0424498006016,-0.6594527461574347,0.35714285714285715,0.16923076923076924,0.49230769230769234
Trend-Confluence Pullback 2R,11:30-13:30,flat,MGC,IS,96,0.5748502994011976,0.4270833333333333,-0.056285846218270784,0.9130946351570224,-404.02177028136407,1537.0424498006016,-0.418126650404661,0.375,0.17708333333333334,0.4895833333333333
Trend-Confluence Pullback 2R,11:30-13:30,flat,MGC,OOS,34,0.3148148148148148,0.29411764705882354,-0.21064497767287618,0.663452338006509,-459.71222703473745,645.3043984748605,-1.7174284136745595,0.3333333333333333,0.14705882352941177,0.5
Trend-Confluence Pullback 2R,11:30-13:30,hold,MGC,ALL,133,0.48363636363636364,0.3308270676691729,-0.10003020296442143,0.9094612442044563,-667.9288179079074,1332.1282189137105,-0.4429352708758001,0.42857142857142855,0.2857142857142857,0.6691729323308271
Trend-Confluence Pullback 2R,11:30-13:30,hold,MGC,IS,99,0.592814371257485,0.3333333333333333,-0.0788915024162782,0.9414138253253187,-336.71266914623016,1332.1282189137105,-0.3048084292505249,0.375,0.29292929292929293,0.6666666666666666
Trend-Confluence Pullback 2R,11:30-13:30,hold,MGC,OOS,34,0.3148148148148148,0.3235294117647059,-0.1615811251487209,0.7967953894460665,-331.216148761677,715.9037553669189,-1.0158939109930933,0.5,0.2647058823529412,0.6764705882352942
Trend-Confluence Pullback 2R,13:30-16:00,flat,MGC,ALL,171,0.6218181818181818,0.39766081871345027,0.04433112589339285,1.2681763052339903,1482.357465600941,649.8282815333441,1.1661139858390357,0.5,0.2631578947368421,0.49707602339181284
Trend-Confluence Pullback 2R,13:30-16:00,flat,MGC,IS,114,0.6826347305389222,0.38596491228070173,0.030838669367433978,1.2788891877224693,1130.1245895018496,649.8282815333441,1.2398357128519435,0.625,0.2543859649122807,0.5
Trend-Confluence Pullback 2R,13:30-16:00,flat,MGC,OOS,57,0.5277777777777778,0.42105263157894735,0.07131603894531059,1.2387512821771158,352.2328760990912,327.4238834421031,1.120702106820099,0.3333333333333333,0.2807017543859649,0.49122807017543857
Trend-Confluence Pullback 2R,13:30-16:00,hold,MGC,ALL,147,0.5345454545454545,0.4013605442176871,0.055851424234648867,1.332678351566209,1655.9137042003472,622.2282815333406,1.2901270777965221,0.5714285714285714,0.29931972789115646,0.54421768707483
Trend-Confluence Pullback 2R,13:30-16:00,hold,MGC,IS,100,0.5988023952095808,0.41,0.05542322846502087,1.3877777766080064,1406.103899414725,622.2282815333406,1.5003025924976487,0.625,0.29,0.55
Trend-Confluence Pullback 2R,13:30-16:00,hold,MGC,OOS,47,0.4351851851851852,0.3829787234042553,0.05676247906364456,1.1848436064552348,249.80980478562256,316.6610374643016,0.8849434886813461,0.5,0.3191489361702128,0.5319148936170213
Trend-Confluence Pullback 2R,09:30-10:30,flat,MGC,ALL,27,0.09818181818181818,0.5185185185185185,0.020615140680011985,1.0901327064289044,61.1702834897523,248.02402921598184,0.17529868458296438,0.6428571428571429,0.037037037037037035,0.25925925925925924
Trend-Confluence Pullback 2R,09:30-10:30,flat,MGC,IS,18,0.10778443113772455,0.4444444444444444,0.011944367426380744,1.0077025995619155,4.253268589715191,248.02402921598184,0.016736019843878232,0.625,0.05555555555555555,0.2777777777777778
Trend-Confluence Pullback 2R,09:30-10:30,flat,MGC,OOS,9,0.08333333333333333,0.6666666666666666,0.03795668718727447,1.4499974036434358,56.91701490003707,69.82787957911859,0.7241059623605014,0.6666666666666666,0.0,0.2222222222222222
Trend-Confluence Pullback 2R,09:30-10:30,hold,MGC,ALL,31,0.11272727272727273,0.3548387096774194,0.03220827434612828,1.1959977729848095,292.25711658936734,669.9900978316687,0.4155947801035466,0.5,0.3548387096774194,0.6451612903225806
Trend-Confluence Pullback 2R,09:30-10:30,hold,MGC,IS,20,0.11976047904191617,0.45,0.31992585974411053,1.8220037831443465,685.7617507765535,557.1498627894208,1.3935601069425558,0.75,0.45,0.55
Trend-Confluence Pullback 2R,09:30-10:30,hold,MGC,OOS,11,0.10185185185185185,0.18181818181818182,-0.4909146081956575,0.40093847596571125,-393.5046341871863,600.2133769301944,-2.0599342424224583,0.16666666666666666,0.18181818181818182,0.8181818181818182
Trend-Confluence Pullback 2R,10:30-11:30,flat,MGC,ALL,103,0.37454545454545457,0.36893203883495146,-0.19557467816816296,0.6532223979489283,-1788.9380941984098,2102.271893384316,-1.807221264128606,0.35714285714285715,0.0970873786407767,0.5145631067961165
Trend-Confluence Pullback 2R,10:30-11:30,flat,MGC,IS,64,0.38323353293413176,0.40625,-0.06795537169827255,0.8409613570679321,-499.09036592251323,980.0791228182471,-0.7688784913032767,0.5,0.125,0.46875
Trend-Confluence Pullback 2R,10:30-11:30,flat,MGC,OOS,39,0.3611111111111111,0.3076923076923077,-0.4050012323751626,0.3616438921714419,-1289.8477282758963,1702.3770924061594,-3.865547526093055,0.16666666666666666,0.05128205128205128,0.5897435897435898
Trend-Confluence Pullback 2R,10:30-11:30,hold,MGC,ALL,108,0.3927272727272727,0.2777777777777778,-0.23522579047444492,0.7661937594515338,-1646.6412015764563,1991.6347396519602,-1.2076921244349517,0.35714285714285715,0.25,0.7222222222222222
Trend-Confluence Pullback 2R,10:30-11:30,hold,MGC,IS,67,0.40119760479041916,0.31343283582089554,-0.12464361614134035,0.9182408590483738,-361.53219501268495,1492.293854638785,-0.406871780344218,0.5,0.2835820895522388,0.6865671641791045
Trend-Confluence Pullback 2R,10:30-11:30,hold,MGC,OOS,41,0.37962962962962965,0.21951219512195122,-0.41593324609195714,0.5096579830867847,-1285.1090065637713,1725.1645954416247,-2.744522632197741,0.16666666666666666,0.1951219512195122,0.7804878048780488
Trend-Confluence Pullback 2R,11:30-12:30,flat,MGC,ALL,76,0.27636363636363637,0.4473684210526316,0.0489855794387819,1.2654414855535403,757.2242865928438,588.1688416512388,0.621592442397122,0.6428571428571429,0.14473684210526316,0.35526315789473684
Trend-Confluence Pullback 2R,11:30-12:30,flat,MGC,IS,52,0.31137724550898205,0.4807692307692308,0.13524278883611196,1.4959961103502681,1045.2845838284402,588.1688416512388,1.1414061139787366,0.875,0.19230769230769232,0.38461538461538464
Trend-Confluence Pullback 2R,11:30-12:30,flat,MGC,OOS,24,0.2222222222222222,0.375,-0.13790504092209996,0.6134728708145404,-288.0602972355958,524.8524686757387,-1.445766600035095,0.3333333333333333,0.041666666666666664,0.2916666666666667
Trend-Confluence Pullback 2R,11:30-12:30,hold,MGC,ALL,78,0.28363636363636363,0.34615384615384615,-0.03714239531050811,1.016473628698817,73.4233246176746,726.1905452852243,0.05932947873473641,0.5714285714285714,0.3076923076923077,0.6538461538461539
Trend-Confluence Pullback 2R,11:30-12:30,hold,MGC,IS,54,0.32335329341317365,0.35185185185185186,0.021882329304975707,1.1023448536909484,333.4401051490871,726.1905452852243,0.3794380929592789,0.625,0.3333333333333333,0.6481481481481481
Trend-Confluence Pullback 2R,11:30-12:30,hold,MGC,OOS,24,0.2222222222222222,0.3333333333333333,-0.16994802569534664,0.783141590242247,-260.01678053141245,641.9021559245967,-0.8091004827608194,0.5,0.25,0.6666666666666666
Trend-Confluence Pullback 2R,12:30-13:30,flat,MGC,ALL,79,0.2872727272727273,0.35443037974683544,-0.31101961997126554,0.49018165939184316,-1691.3545857666036,1717.154585766581,-2.4360929605901536,0.2857142857142857,0.06329113924050633,0.5063291139240507
Trend-Confluence Pullback 2R,12:30-13:30,flat,MGC,IS,59,0.3532934131736527,0.3728813559322034,-0.31687581240390106,0.45256720366805453,-1428.375740075052,1496.577074703485,-3.0669518302426364,0.125,0.05084745762711865,0.5254237288135594
Trend-Confluence Pullback 2R,12:30-13:30,flat,MGC,OOS,20,0.18518518518518517,0.3,-0.2937438522949906,0.6287379339428022,-262.9788456915522,339.3450736685198,-1.1930860192980424,0.5,0.1,0.45
Trend-Confluence Pullback 2R,12:30-13:30,hold,MGC,ALL,84,0.3054545454545455,0.27380952380952384,-0.2987014916776004,0.6735344688382342,-1413.697265099826,1441.1777230691969,-1.5697709144475005,0.21428571428571427,0.21428571428571427,0.7261904761904762
Trend-Confluence Pullback 2R,12:30-13:30,hold,MGC,IS,64,0.38323353293413176,0.28125,-0.27124424119336976,0.681325998015107,-1087.3336877704353,1423.8310381104297,-1.7509850580191297,0.125,0.21875,0.71875
Trend-Confluence Pullback 2R,12:30-13:30,hold,MGC,OOS,20,0.18518518518518517,0.25,-0.3865646932271386,0.6445826501821856,-326.3635773293908,466.13785185008607,-1.2355586346735996,0.3333333333333333,0.2,0.75
Trend-Confluence Pullback 2R,13:30-14:30,flat,MGC,ALL,80,0.2909090909090909,0.475,-0.046101364695696756,1.0121790787464662,28.449854608827252,468.5870914794493,0.04070286849121852,0.42857142857142855,0.1375,0.4375
Trend-Confluence Pullback 2R,13:30-14:30,flat,MGC,IS,53,0.31736526946107785,0.5094339622641509,-0.024198736406942263,1.0749419924781611,118.95976084670585,468.5870914794493,0.24171773406969493,0.5,0.1320754716981132,0.41509433962264153
Trend-Confluence Pullback 2R,13:30-14:30,flat,MGC,OOS,27,0.25,0.4074074074074074,-0.08909541281806667,0.8790949634352876,-90.50990623787874,275.23374232379336,-0.47879222570812147,0.3333333333333333,0.14814814814814814,0.48148148148148145
Trend-Confluence Pullback 2R,13:30-14:30,hold,MGC,ALL,86,0.31272727272727274,0.38372093023255816,-0.0021337674662018943,1.1600409440738333,530.2543122439711,636.4447587532088,0.49643288798495994,0.42857142857142855,0.3023255813953488,0.6046511627906976
Trend-Confluence Pullback 2R,13:30-14:30,hold,MGC,IS,58,0.3473053892215569,0.39655172413793105,-0.0026995088750955245,1.2347995756538976,561.643872025845,636.4447587532088,0.7168541046752666,0.375,0.29310344827586204,0.603448275862069
Trend-Confluence Pullback 2R,13:30-14:30,hold,MGC,OOS,28,0.25925925925925924,0.35714285714285715,-0.0009618745477793114,0.9659263790476676,-31.389559781873423,331.73922180028126,-0.13773643653964052,0.5,0.32142857142857145,0.6071428571428571
Trend-Confluence Pullback 2R,14:30-15:30,flat,MGC,ALL,83,0.3018181818181818,0.42168674698795183,0.07716029578546149,1.5616676155027112,1024.2358950043422,378.66509902092616,1.3225777244542751,0.6153846153846154,0.18072289156626506,0.37349397590361444
Trend-Confluence Pullback 2R,14:30-15:30,flat,MGC,IS,59,0.3532934131736527,0.4067796610169492,-0.0019779848405462037,1.4784032076400853,656.6809152362572,378.66509902092616,1.1969572126874055,0.5,0.13559322033898305,0.3728813559322034
Trend-Confluence Pullback 2R,14:30-15:30,flat,MGC,OOS,24,0.2222222222222222,0.4583333333333333,0.2717085689910638,1.8151391134826351,367.55497976808476,130.15011830476817,1.802835773720774,0.8,0.2916666666666667,0.375
Trend-Confluence Pullback 2R,14:30-15:30,hold,MGC,ALL,89,0.3236363636363636,0.4157303370786517,0.1522459400190395,1.615108100980268,1540.8332475980683,356.18236755531177,1.5224796014118145,0.6153846153846154,0.3258426966292135,0.48314606741573035
Trend-Confluence Pullback 2R,14:30-15:30,hold,MGC,IS,63,0.3772455089820359,0.3968253968253968,0.0986739358920772,1.5820573650079608,1122.8901251445586,356.18236755531177,1.5283256032652799,0.5,0.30158730158730157,0.5079365079365079
Trend-Confluence Pullback 2R,14:30-15:30,hold,MGC,OOS,26,0.24074074074074073,0.46153846153846156,0.2820550269420632,1.725841075714346,417.9431224535105,146.07452293057236,1.7976731626169107,0.8,0.38461538461538464,0.4230769230769231
Trend-Confluence Pullback 2R,15:30-16:00,flat,MGC,ALL,52,0.1890909090909091,0.4230769230769231,0.08895267968681121,1.3156415040152833,313.89538668282216,192.84888588382563,0.6634047508654184,0.5714285714285714,0.15384615384615385,0.21153846153846154
Trend-Confluence Pullback 2R,15:30-16:00,flat,MGC,IS,35,0.20958083832335328,0.4,0.09057052911628878,1.2625219960638816,190.76219423711703,192.84888588382563,0.565920226745813,0.625,0.14285714285714285,0.17142857142857143
Trend-Confluence Pullback 2R,15:30-16:00,flat,MGC,OOS,17,0.1574074074074074,0.47058823529411764,0.08562181321435741,1.4597682070599831,123.13319244570522,73.04831386854508,1.0156699913869818,0.5,0.17647058823529413,0.29411764705882354
Trend-Confluence Pullback 2R,15:30-16:00,hold,MGC,ALL,0,0.0,,,,0.0,0.0,,,,
Trend-Confluence Pullback 2R,15:30-16:00,hold,MGC,IS,0,0.0,,,,0.0,0.0,,,,
Trend-Confluence Pullback 2R,15:30-16:00,hold,MGC,OOS,0,0.0,,,,0.0,0.0,,,,
Trend-Confluence Pullback 2R,Full RTH,hold,MGC,ALL,309,1.1236363636363635,0.343042071197411,-0.06504892578185356,0.9050603746416851,-1538.4251829668524,2213.576163267135,-0.7843406359087607,0.42857142857142855,0.2912621359223301,0.6440129449838188
Trend-Confluence Pullback 2R,Full RTH,hold,MGC,IS,210,1.2574850299401197,0.35714285714285715,-0.02685061451145409,0.9620416059360429,-436.1682859649047,1877.043076553915,-0.3183052158091439,0.5,0.3,0.638095238095238
Trend-Confluence Pullback 2R,Full RTH,hold,MGC,OOS,99,0.9166666666666666,0.31313131313131315,-0.1460756466584584,0.7661516144728252,-1102.2568970019465,1549.317110403845,-2.0140508268271713,0.3333333333333333,0.2727272727272727,0.6565656565656566
Al Brooks H2/L2 (trend) 2R,09:30-11:30,flat,MGC,ALL,29,0.10545454545454545,0.41379310344827586,0.005999027275254089,0.984411395807124,-17.400000000089875,480.7000000000555,-0.03320913203484602,0.3333333333333333,0.20689655172413793,0.4482758620689655
Al Brooks H2/L2 (trend) 2R,09:30-11:30,flat,MGC,IS,18,0.10778443113772455,0.5555555555555556,0.3322765135464264,1.8812644564377543,457.1999999999582,219.5000000000327,1.2707825362261704,0.5714285714285714,0.3333333333333333,0.3333333333333333
Al Brooks H2/L2 (trend) 2R,09:30-11:30,flat,MGC,OOS,11,0.10185185185185185,0.18181818181818182,-0.5279095866230279,0.20555741546698783,-474.6000000000482,474.6000000000482,-3.1296786249260533,0.0,0.0,0.6363636363636364
Al Brooks H2/L2 (trend) 2R,09:30-11:30,hold,MGC,ALL,32,0.11636363636363636,0.4375,0.3153820013433473,1.5592745699426196,838.7999999999955,697.4000000000428,1.0083376763635,0.5384615384615384,0.4375,0.53125
Al Brooks H2/L2 (trend) 2R,09:30-11:30,hold,MGC,IS,20,0.11976047904191617,0.55,0.6737166431669249,2.4178509762251865,1067.5000000000257,196.600000000009,1.9412992656065304,0.7142857142857143,0.55,0.4
Al Brooks H2/L2 (trend) 2R,09:30-11:30,hold,MGC,OOS,12,0.1111111111111111,0.25,-0.28184240169594865,0.6938010443164849,-228.70000000003,500.8000000000337,-0.8347683224731685,0.3333333333333333,0.25,0.75
Al Brooks H2/L2 (trend) 2R,11:30-13:30,flat,MGC,ALL,58,0.2109090909090909,0.22413793103448276,-0.4442001350217166,0.3129586776859266,-2078.3000000002703,2286.7000000002554,-3.3019821456824765,0.14285714285714285,0.10344827586206896,0.6379310344827587
Al Brooks H2/L2 (trend) 2R,11:30-13:30,flat,MGC,IS,35,0.20958083832335328,0.2857142857142857,-0.27436404482553245,0.42809642560263156,-1032.000000000149,1288.0000000001146,-2.5034958440174266,0.25,0.14285714285714285,0.5714285714285714
Al Brooks H2/L2 (trend) 2R,11:30-13:30,flat,MGC,OOS,23,0.21296296296296297,0.13043478260869565,-0.7026463592333011,0.14272839000408005,-1046.300000000121,1046.3000000001211,-4.885905213413393,0.0,0.043478260869565216,0.7391304347826086
Al Brooks H2/L2 (trend) 2R,11:30-13:30,hold,MGC,ALL,58,0.2109090909090909,0.22413793103448276,-0.42632293684136097,0.42959012646654055,-1871.8000000002098,2009.8000000002223,-2.5598601921292192,0.2857142857142857,0.1724137931034483,0.7586206896551724
Al Brooks H2/L2 (trend) 2R,11:30-13:30,hold,MGC,IS,35,0.20958083832335328,0.2571428571428571,-0.3605700566519858,0.4561156663917183,-1121.000000000127,1465.6000000001436,-2.360600649565966,0.25,0.17142857142857143,0.7142857142857143
Al Brooks H2/L2 (trend) 2R,11:30-13:30,hold,MGC,OOS,23,0.21296296296296297,0.17391304347826086,-0.5263816675643229,0.38479187151752026,-750.8000000000828,750.800000000083,-2.948297057549973,0.3333333333333333,0.17391304347826086,0.8260869565217391
Al Brooks H2/L2 (trend) 2R,13:30-16:00,flat,MGC,ALL,33,0.12,0.45454545454545453,0.15426034838283662,1.4103316700908985,559.1999999999208,385.8000000000128,0.5903107106842485,0.5,0.30303030303030304,0.42424242424242425
Al Brooks H2/L2 (trend) 2R,13:30-16:00,flat,MGC,IS,22,0.1317365269461078,0.5,0.20878135369644735,1.564050427002771,554.7999999999633,354.7000000000055,0.7748412398798755,0.5,0.3181818181818182,0.4090909090909091
Al Brooks H2/L2 (trend) 2R,13:30-16:00,flat,MGC,OOS,11,0.10185185185185185,0.36363636363636365,0.04521833775561517,1.0116033755273122,4.399999999957288,174.60000000003635,0.030029799992356044,0.5,0.2727272727272727,0.45454545454545453
Al Brooks H2/L2 (trend) 2R,13:30-16:00,hold,MGC,ALL,25,0.09090909090909091,0.4,0.11995584642047291,1.2452350698855539,289.4999999999209,503.70000000007104,0.324814019057935,0.3333333333333333,0.32,0.48
Al Brooks H2/L2 (trend) 2R,13:30-16:00,hold,MGC,IS,16,0.09580838323353294,0.4375,0.10948493721652958,1.2653621695845498,231.89999999995456,472.6000000000638,0.35183843412226845,0.375,0.3125,0.5
Al Brooks H2/L2 (trend) 2R,13:30-16:00,hold,MGC,OOS,9,0.08333333333333333,0.3333333333333333,0.13857079611637213,1.187866927592821,57.59999999996637,194.0000000000309,0.3227470254036548,0.25,0.3333333333333333,0.4444444444444444
Al Brooks H2/L2 (trend) 2R,09:30-10:30,flat,MGC,ALL,1,0.0036363636363636364,0.0,-0.02291666666681738,0.0,-1.100000000007276,1.100000000007276,-0.9572688422609588,0.0,0.0,0.0
Al Brooks H2/L2 (trend) 2R,09:30-10:30,flat,MGC,IS,1,0.005988023952095809,0.0,-0.02291666666681738,0.0,-1.100000000007276,1.100000000007276,-1.2284062992056595,0.0,0.0,0.0
Al Brooks H2/L2 (trend) 2R,09:30-10:30,flat,MGC,OOS,0,0.0,,,,0.0,0.0,,,,
Al Brooks H2/L2 (trend) 2R,09:30-10:30,hold,MGC,ALL,4,0.014545454545454545,0.25,-0.2760521671811977,0.272202998846588,-252.4000000000218,346.8000000000254,-1.080776584758138,0.25,0.25,0.75
Al Brooks H2/L2 (trend) 2R,09:30-10:30,hold,MGC,IS,2,0.011976047904191617,0.5,0.4738442822384308,0.6762177650429532,-45.200000000007265,139.6000000000109,-0.3285597350997297,0.5,0.5,0.5
Al Brooks H2/L2 (trend) 2R,09:30-10:30,hold,MGC,OOS,2,0.018518518518518517,0.0,-1.025948616600826,0.0,-207.20000000001454,207.20000000001454,-2.162116226533136,0.0,0.0,1.0
Al Brooks H2/L2 (trend) 2R,10:30-11:30,flat,MGC,ALL,25,0.09090909090909091,0.44,0.05112721838828642,1.3054328047828325,234.99999999993193,273.50000000004115,0.5015753700946032,0.36363636363636365,0.2,0.4
Al Brooks H2/L2 (trend) 2R,10:30-11:30,flat,MGC,IS,16,0.09580838323353294,0.5625,0.3145805424599259,2.324894514767676,502.39999999996553,136.2000000000109,1.5125013094441686,0.5714285714285714,0.3125,0.3125
Al Brooks H2/L2 (trend) 2R,10:30-11:30,flat,MGC,OOS,9,0.08333333333333333,0.2222222222222222,-0.41723424662796166,0.31471040492050084,-267.4000000000337,267.40000000003363,-2.2395396461001487,0.0,0.0,0.5555555555555556
Al Brooks H2/L2 (trend) 2R,10:30-11:30,hold,MGC,ALL,28,0.10181818181818182,0.4642857142857143,0.3998725968468536,1.9464006938421057,1091.2000000000173,584.8000000000301,1.3690736665330638,0.6666666666666666,0.4642857142857143,0.5
Al Brooks H2/L2 (trend) 2R,10:30-11:30,hold,MGC,IS,18,0.10778443113772455,0.5555555555555556,0.6959246832700908,2.814283384966488,1112.700000000033,196.600000000009,2.0914404292571627,0.8571428571428571,0.5555555555555556,0.3888888888888889
Al Brooks H2/L2 (trend) 2R,10:30-11:30,hold,MGC,OOS,10,0.09259259259259259,0.3,-0.13302115871497316,0.9601630535482408,-21.50000000001544,388.20000000002096,-0.08374543893480847,0.4,0.3,0.7
Al Brooks H2/L2 (trend) 2R,11:30-12:30,flat,MGC,ALL,32,0.11636363636363636,0.28125,-0.3916406340232452,0.4003397508493292,-847.2000000001626,1080.6000000001738,-2.0261743615444883,0.3076923076923077,0.09375,0.53125
Al Brooks H2/L2 (trend) 2R,11:30-12:30,flat,MGC,IS,21,0.12574850299401197,0.38095238095238093,-0.1709134441048797,0.7005628037860422,-234.10000000010183,677.7000000001036,-0.8595840925342563,0.5,0.14285714285714285,0.42857142857142855
Al Brooks H2/L2 (trend) 2R,11:30-12:30,flat,MGC,OOS,11,0.10185185185185185,0.09090909090909091,-0.8130289056855794,0.02836767036449525,-613.100000000061,613.1000000000611,-4.29174995966986,0.0,0.0,0.7272727272727273
Al Brooks H2/L2 (trend) 2R,11:30-12:30,hold,MGC,ALL,33,0.12,0.18181818181818182,-0.5248927338004381,0.27644497962207426,-1562.300000000148,1627.4000000001552,-2.7848222946083228,0.23076923076923078,0.15151515151515152,0.8181818181818182
Al Brooks H2/L2 (trend) 2R,11:30-12:30,hold,MGC,IS,22,0.1317365269461078,0.22727272727272727,-0.402746350854156,0.325754415241269,-969.7000000000892,1073.6000000000947,-2.567207198607065,0.375,0.18181818181818182,0.7727272727272727
Al Brooks H2/L2 (trend) 2R,11:30-12:30,hold,MGC,OOS,11,0.10185185185185185,0.09090909090909091,-0.7691854996930022,0.1780859916782101,-592.6000000000591,619.8000000000392,-3.3270170994691988,0.0,0.09090909090909091,0.9090909090909091
Al Brooks H2/L2 (trend) 2R,12:30-13:30,flat,MGC,ALL,26,0.09454545454545454,0.2692307692307692,-0.35274063052531635,0.3680622239292843,-658.1000000001145,732.7000000001184,-1.8118637965734965,0.23076923076923078,0.07692307692307693,0.5
Al Brooks H2/L2 (trend) 2R,12:30-13:30,flat,MGC,IS,14,0.08383233532934131,0.35714285714285715,-0.10510218770823736,0.6228086362796971,-204.4000000000527,339.40000000006364,-0.8730233658267481,0.42857142857142855,0.14285714285714285,0.42857142857142855
Al Brooks H2/L2 (trend) 2R,12:30-13:30,flat,MGC,OOS,12,0.1111111111111111,0.16666666666666666,-0.6416521471452419,0.09169169169167372,-453.7000000000619,453.700000000062,-3.555104152486437,0.0,0.0,0.5833333333333334
Al Brooks H2/L2 (trend) 2R,12:30-13:30,hold,MGC,ALL,26,0.09454545454545454,0.3076923076923077,-0.20988011633116446,0.7780450859841118,-249.10000000005454,486.7000000000472,-0.49441758071539477,0.46153846153846156,0.23076923076923078,0.6538461538461539
Al Brooks H2/L2 (trend) 2R,12:30-13:30,hold,MGC,IS,14,0.08383233532934131,0.35714285714285715,-0.12936751194670507,0.8540696741049568,-90.90000000003084,486.7000000000472,-0.2842431585517384,0.5714285714285714,0.21428571428571427,0.5714285714285714
Al Brooks H2/L2 (trend) 2R,12:30-13:30,hold,MGC,OOS,12,0.1111111111111111,0.25,-0.3038114881130339,0.6832198638365855,-158.2000000000236,214.00000000003092,-0.8595470149870342,0.3333333333333333,0.25,0.75
Al Brooks H2/L2 (trend) 2R,13:30-14:30,flat,MGC,ALL,14,0.05090909090909091,0.42857142857142855,-0.10367455185983362,0.5353752462832638,-259.40000000008,335.4000000000673,-0.9098836100416712,0.375,0.21428571428571427,0.5
Al Brooks H2/L2 (trend) 2R,13:30-14:30,flat,MGC,IS,9,0.05389221556886228,0.3333333333333333,-0.43360010098972507,0.25894829871845887,-335.4000000000673,335.4000000000673,-1.7618812919398101,0.2,0.1111111111111111,0.6666666666666666
Al Brooks H2/L2 (trend) 2R,13:30-14:30,flat,MGC,OOS,5,0.046296296296296294,0.6,0.490191436573971,1.7190160832543735,75.99999999998727,57.599999999994544,0.8302654732253331,0.6666666666666666,0.4,0.2
Al Brooks H2/L2 (trend) 2R,13:30-14:30,hold,MGC,ALL,15,0.05454545454545454,0.3333333333333333,-0.04112245736594689,1.053424657534169,38.99999999994728,354.2000000000472,0.07640324844280406,0.4444444444444444,0.3333333333333333,0.6666666666666666
Al Brooks H2/L2 (trend) 2R,13:30-14:30,hold,MGC,IS,9,0.05389221556886228,0.2222222222222222,-0.37795041892814,0.7796610169490887,-114.40000000004548,354.2000000000472,-0.34220560923423327,0.4,0.2222222222222222,0.7777777777777778
Al Brooks H2/L2 (trend) 2R,13:30-14:30,hold,MGC,OOS,6,0.05555555555555555,0.5,0.46411948497734273,1.727703984819656,153.39999999999276,153.20000000001818,0.881691168678817,0.5,0.5,0.5
Al Brooks H2/L2 (trend) 2R,14:30-15:30,flat,MGC,ALL,10,0.03636363636363636,0.8,0.3929905845884694,3.1324549237166766,307.4999999999718,82.10000000001088,1.2519069596083892,0.8571428571428571,0.1,0.0
Al Brooks H2/L2 (trend) 2R,14:30-15:30,flat,MGC,IS,7,0.041916167664670656,0.8571428571428571,0.6128362873934504,6.826086956521378,361.7999999999882,62.10000000000181,2.037010424586366,1.0,0.14285714285714285,0.0
Al Brooks H2/L2 (trend) 2R,14:30-15:30,flat,MGC,OOS,3,0.027777777777777776,0.6666666666666666,-0.11998272195648645,0.33861144945177646,-54.30000000001637,82.10000000001091,-0.966319646150946,0.5,0.0,0.0
Al Brooks H2/L2 (trend) 2R,14:30-15:30,hold,MGC,ALL,10,0.03636363636363636,0.5,0.3615733021001025,1.556048834628093,250.4999999999736,450.50000000003195,0.47930510746183214,0.42857142857142855,0.3,0.2
Al Brooks H2/L2 (trend) 2R,14:30-15:30,hold,MGC,IS,7,0.041916167664670656,0.7142857142857143,0.7361875379739617,1.9763180152241182,346.29999999999995,354.7000000000055,0.8560994982972493,0.6,0.42857142857142855,0.14285714285714285
Al Brooks H2/L2 (trend) 2R,14:30-15:30,hold,MGC,OOS,3,0.027777777777777776,0.0,-0.512526581605569,0.0,-95.80000000002639,95.80000000002639,-2.5048718938730863,0.0,0.0,0.3333333333333333
Al Brooks H2/L2 (trend) 2R,15:30-16:00,flat,MGC,ALL,9,0.03272727272727273,0.6666666666666666,0.2512511726125767,2.5008228195281847,273.6000000000018,127.20000000000547,0.7415470355253675,0.7142857142857143,0.2222222222222222,0.2222222222222222
Al Brooks H2/L2 (trend) 2R,15:30-16:00,flat,MGC,IS,7,0.041916167664670656,0.7142857142857143,0.43014228617839606,3.9790337283499966,326.80000000001087,55.10000000000364,1.1637778591299512,0.8,0.2857142857142857,0.14285714285714285
Al Brooks H2/L2 (trend) 2R,15:30-16:00,flat,MGC,OOS,2,0.018518518518518517,0.5,-0.3748677248677913,0.26721763085390593,-53.20000000000909,72.60000000000363,-1.0788884973557273,0.5,0.0,0.5
Al Brooks H2/L2 (trend) 2R,15:30-16:00,hold,MGC,ALL,0,0.0,,,,0.0,0.0,,,,
Al Brooks H2/L2 (trend) 2R,15:30-16:00,hold,MGC,IS,0,0.0,,,,0.0,0.0,,,,
Al Brooks H2/L2 (trend) 2R,15:30-16:00,hold,MGC,OOS,0,0.0,,,,0.0,0.0,,,,
Al Brooks H2/L2 (trend) 2R,Full RTH,hold,MGC,ALL,114,0.41454545454545455,0.32456140350877194,-0.0886008872694499,0.889023289094803,-651.4000000002834,2105.2000000002245,-0.4413582524479214,0.14285714285714285,0.2807017543859649,0.6228070175438597
Al Brooks H2/L2 (trend) 2R,Full RTH,hold,MGC,IS,71,0.4251497005988024,0.38028169014084506,0.04360049049969565,1.057695464244637,210.89999999986154,1340.4000000000815,0.20264769600161953,0.25,0.30985915492957744,0.5633802816901409
Al Brooks H2/L2 (trend) 2R,Full RTH,hold,MGC,OOS,43,0.39814814814814814,0.23255813953488372,-0.3068868831208298,0.6105767059567027,-862.3000000001447,862.300000000145,-2.189290329378272,0.0,0.23255813953488372,0.7209302325581395
VWAP/EMA Pullback 2R,09:30-11:30,flat,MGC,ALL,98,0.3563636363636364,0.46938775510204084,0.006140018751592105,1.103951961832588,515.3236322522278,1283.3633222196922,0.36762409799928103,0.42857142857142855,0.09183673469387756,0.29591836734693877
VWAP/EMA Pullback 2R,09:30-11:30,flat,MGC,IS,60,0.3592814371257485,0.48333333333333334,0.08086299858290835,1.3375862093112805,961.0276200939998,728.958109095944,1.0318879963368568,0.5,0.1,0.21666666666666667
VWAP/EMA Pullback 2R,09:30-11:30,flat,MGC,OOS,38,0.35185185185185186,0.4473684210526316,-0.11184363361364397,0.7888221958317986,-445.70398784177166,797.2806613903456,-0.971424174136345,0.3333333333333333,0.07894736842105263,0.42105263157894735
VWAP/EMA Pullback 2R,09:30-11:30,hold,MGC,ALL,108,0.3927272727272727,0.42592592592592593,0.2147278123196948,1.4831075892963945,3591.731665608516,1701.8846266048238,1.5669819210325078,0.7142857142857143,0.3148148148148148,0.4537037037037037
VWAP/EMA Pullback 2R,09:30-11:30,hold,MGC,IS,64,0.38323353293413176,0.453125,0.23748043378917905,1.5846246785550742,2439.695176019529,1054.7519104514781,1.9005432563219105,0.75,0.265625,0.40625
VWAP/EMA Pullback 2R,09:30-11:30,hold,MGC,OOS,44,0.4074074074074074,0.38636363636363635,0.18163309018226306,1.3532180374520486,1152.0364895889861,647.132716153346,1.1489266641393525,0.6666666666666666,0.38636363636363635,0.5227272727272727
VWAP/EMA Pullback 2R,11:30-13:30,flat,MGC,ALL,282,1.0254545454545454,0.35815602836879434,-0.19100859932410214,0.596319346528979,-6314.630605634244,6744.78737418472,-3.203757057666981,0.21428571428571427,0.0851063829787234,0.42907801418439717
VWAP/EMA Pullback 2R,11:30-13:30,flat,MGC,IS,175,1.0479041916167664,0.3314285714285714,-0.22886793311557865,0.5261328441327773,-5430.7428577497585,5766.487992653819,-3.9847942231787283,0.0,0.07428571428571429,0.45714285714285713
VWAP/EMA Pullback 2R,11:30-13:30,flat,MGC,OOS,107,0.9907407407407407,0.40186915887850466,-0.12908912816981818,0.7886529824600669,-883.887747884488,1447.194844351313,-1.5814232194009112,0.5,0.102803738317757,0.38317757009345793
VWAP/EMA Pullback 2R,11:30-13:30,hold,MGC,ALL,293,1.0654545454545454,0.310580204778157,-0.19781270770626327,0.659782560219059,-7163.758397189972,8127.689144866405,-2.7109833139877284,0.21428571428571427,0.1945392491467577,0.6313993174061433
VWAP/EMA Pullback 2R,11:30-13:30,hold,MGC,IS,183,1.095808383233533,0.2786885245901639,-0.3135776816218913,0.5142814275940432,-7677.801513033597,8127.689144866405,-4.284854526181416,0.0,0.15846994535519127,0.6721311475409836
VWAP/EMA Pullback 2R,11:30-13:30,hold,MGC,OOS,110,1.0185185185185186,0.36363636363636365,-0.005221887464809373,1.0979257970377212,514.0431158436231,539.3244047468685,0.6627331477808656,0.5,0.2545454545454545,0.5636363636363636
VWAP/EMA Pullback 2R,13:30-16:00,flat,MGC,ALL,334,1.2145454545454546,0.39820359281437123,0.015175026141136527,0.9554831470410358,-791.2575433310176,3117.1050963054968,-0.2902048882894964,0.5,0.2125748502994012,0.4341317365269461
VWAP/EMA Pullback 2R,13:30-16:00,flat,MGC,IS,200,1.1976047904191616,0.385,0.0005256219504436999,0.8283955061238896,-2123.19936465855,3117.1050963054968,-1.179145001604312,0.25,0.205,0.41
VWAP/EMA Pullback 2R,13:30-16:00,flat,MGC,OOS,134,1.2407407407407407,0.417910447761194,0.03703980851530494,1.246578071426835,1331.9418213275326,545.4826664208708,1.4757319395910835,0.8333333333333334,0.22388059701492538,0.4701492537313433
VWAP/EMA Pullback 2R,13:30-16:00,hold,MGC,ALL,288,1.0472727272727274,0.4201388888888889,0.049176264468430916,0.980175988093322,-328.03044502133343,3226.9429508967564,-0.11657246826768693,0.5714285714285714,0.24305555555555555,0.4756944444444444
VWAP/EMA Pullback 2R,13:30-16:00,hold,MGC,IS,169,1.0119760479041917,0.40236686390532544,0.01829109943394918,0.8200126174004313,-2091.037219249785,3226.9429508967564,-1.1067743574737525,0.375,0.23668639053254437,0.46745562130177515
VWAP/EMA Pullback 2R,13:30-16:00,hold,MGC,OOS,119,1.1018518518518519,0.44537815126050423,0.09303838960143433,1.3576485398845204,1763.006774228452,446.1450904761123,1.98633456706061,0.8333333333333334,0.25210084033613445,0.48739495798319327
VWAP/EMA Pullback 2R,09:30-10:30,flat,MGC,ALL,23,0.08363636363636363,0.4782608695652174,-0.035138996587170325,0.8128867812973828,-183.18943131889847,811.0298760775997,-0.34635667193836045,0.5,0.043478260869565216,0.08695652173913043
VWAP/EMA Pullback 2R,09:30-10:30,flat,MGC,IS,15,0.08982035928143713,0.3333333333333333,-0.255245233560077,0.1952160860232192,-700.829876077618,811.0298760775997,-2.414770267629956,0.16666666666666666,0.0,0.13333333333333333
VWAP/EMA Pullback 2R,09:30-10:30,flat,MGC,OOS,8,0.07407407407407407,0.75,0.3775601977370296,5.784107622538794,517.6404447587195,78.60000000000727,2.237132873399483,0.8333333333333334,0.125,0.0
VWAP/EMA Pullback 2R,09:30-10:30,hold,MGC,ALL,27,0.09818181818181818,0.4444444444444444,0.21310992229796036,1.7337366173962863,1550.0499974068834,810.4204687273048,0.9807324794859372,0.4166666666666667,0.2962962962962963,0.4074074074074074
VWAP/EMA Pullback 2R,09:30-10:30,hold,MGC,IS,18,0.10778443113772455,0.4444444444444444,0.14052833386593033,1.1620221122290797,226.00899137182387,810.4204687273048,0.3318028548146875,0.5,0.2222222222222222,0.3888888888888889
VWAP/EMA Pullback 2R,09:30-10:30,hold,MGC,OOS,9,0.08333333333333333,0.4444444444444444,0.35827309916202044,2.845055138304765,1324.0410060350594,240.60000000000545,1.6030715457283418,0.3333333333333333,0.4444444444444444,0.4444444444444444
VWAP/EMA Pullback 2R,10:30-11:30,flat,MGC,ALL,80,0.2909090909090909,0.475,-0.023065281200401633,1.0314457788449722,115.23696794303942,1352.214741173267,0.09984075124864965,0.35714285714285715,0.0625,0.275
VWAP/EMA Pullback 2R,10:30-11:30,flat,MGC,IS,48,0.2874251497005988,0.5208333333333334,0.08391804028736222,1.5283498695735145,955.18277877093,367.33015440817144,1.2647103305899612,0.625,0.0625,0.16666666666666666
VWAP/EMA Pullback 2R,10:30-11:30,flat,MGC,OOS,32,0.2962962962962963,0.40625,-0.18354026343204738,0.5476292118523187,-839.9458108278905,984.8845867650953,-2.1623857878230153,0.0,0.0625,0.4375
VWAP/EMA Pullback 2R,10:30-11:30,hold,MGC,ALL,91,0.33090909090909093,0.42857142857142855,0.24290173141973687,1.427620217358902,2500.2971289072307,1186.987749198654,1.4103271620016367,0.5714285714285714,0.32967032967032966,0.45054945054945056
VWAP/EMA Pullback 2R,10:30-11:30,hold,MGC,IS,53,0.31736526946107785,0.4716981132075472,0.3282604605441854,1.855359479884942,2634.3855117761454,538.2614424246708,2.2622997289287605,0.75,0.3018867924528302,0.37735849056603776
VWAP/EMA Pullback 2R,10:30-11:30,hold,MGC,OOS,38,0.35185185185185186,0.3684210526315789,0.12384876711458488,0.9515427197348656,-134.08838286891356,648.7263067739841,-0.2255888014549518,0.3333333333333333,0.3684210526315789,0.5526315789473685
VWAP/EMA Pullback 2R,11:30-12:30,flat,MGC,ALL,133,0.48363636363636364,0.39849624060150374,-0.1512424043641439,0.6006073605531043,-2763.638460811142,3131.3865896510088,-1.8886702401623983,0.35714285714285715,0.07518796992481203,0.3157894736842105
VWAP/EMA Pullback 2R,11:30-12:30,flat,MGC,IS,77,0.46107784431137727,0.37662337662337664,-0.1937496901200936,0.5324107686882618,-2299.6837639553705,2539.995903869571,-2.201181854034411,0.25,0.06493506493506493,0.36363636363636365
VWAP/EMA Pullback 2R,11:30-12:30,flat,MGC,OOS,56,0.5185185185185185,0.42857142857142855,-0.09279488644971311,0.7681886236538402,-463.9546968557711,1001.3542222130728,-1.2631570246869637,0.5,0.08928571428571429,0.25
VWAP/EMA Pullback 2R,11:30-12:30,hold,MGC,ALL,146,0.5309090909090909,0.3013698630136986,-0.22228282788881315,0.5926634608704238,-4700.991142450221,5602.158530985307,-2.523430747810032,0.21428571428571427,0.18493150684931506,0.636986301369863
VWAP/EMA Pullback 2R,11:30-12:30,hold,MGC,IS,86,0.5149700598802395,0.2558139534883721,-0.382837158039747,0.43792973069855307,-4800.017283858474,5219.972254739505,-3.842455522311808,0.0,0.1511627906976744,0.6976744186046512
VWAP/EMA Pullback 2R,11:30-12:30,hold,MGC,OOS,60,0.5555555555555556,0.36666666666666664,0.007845045327525309,1.0329986413544936,99.02614140825244,872.4274844367217,0.17154660979609748,0.5,0.23333333333333334,0.55
VWAP/EMA Pullback 2R,12:30-13:30,flat,MGC,ALL,188,0.6836363636363636,0.3829787234042553,-0.15329940400167208,0.6926324305041917,-2401.406251246891,2812.944915504475,-1.8295533693386818,0.21428571428571427,0.06382978723404255,0.3776595744680851
VWAP/EMA Pullback 2R,12:30-13:30,flat,MGC,IS,120,0.718562874251497,0.375,-0.15444244893773526,0.6573527316006132,-1983.12421740721,2336.2873198426164,-2.1278734789997844,0.125,0.06666666666666667,0.4
VWAP/EMA Pullback 2R,12:30-13:30,flat,MGC,OOS,68,0.6296296296296297,0.39705882352941174,-0.15128226587920776,0.7934573755771523,-418.2820338396813,699.1589066105297,-1.233153606476904,0.3333333333333333,0.058823529411764705,0.3382352941176471
VWAP/EMA Pullback 2R,12:30-13:30,hold,MGC,ALL,203,0.7381818181818182,0.3054187192118227,-0.1887096195466161,0.7124224882988097,-3697.8327906680174,4611.66589857609,-1.8900227793366449,0.2857142857142857,0.21674876847290642,0.6403940886699507
VWAP/EMA Pullback 2R,12:30-13:30,hold,MGC,IS,131,0.7844311377245509,0.2900763358778626,-0.251870419129433,0.6044589701540476,-3783.195116660181,4267.692492143451,-2.8302927688974218,0.125,0.183206106870229,0.6564885496183206
VWAP/EMA Pullback 2R,12:30-13:30,hold,MGC,OOS,72,0.6666666666666666,0.3333333333333333,-0.07379205363899098,1.0259148679513772,85.36232599216373,603.3884703976321,0.1470530524489574,0.5,0.2777777777777778,0.6111111111111112
VWAP/EMA Pullback 2R,13:30-14:30,flat,MGC,ALL,164,0.5963636363636363,0.4329268292682927,-0.07518747163283743,0.8350420751353239,-1176.8037991245756,1890.3160927504273,-0.713639118423446,0.35714285714285715,0.08536585365853659,0.3170731707317073
VWAP/EMA Pullback 2R,13:30-14:30,flat,MGC,IS,90,0.5389221556886228,0.4222222222222222,-0.06821807950669191,0.7498376256567181,-1142.697104756093,1720.2231283685464,-1.0599086393558863,0.25,0.08888888888888889,0.3111111111111111
VWAP/EMA Pullback 2R,13:30-14:30,flat,MGC,OOS,74,0.6851851851851852,0.44594594594594594,-0.08366375935382521,0.9867089594462448,-34.106694368482366,612.6468478757733,-0.06042322110279302,0.5,0.08108108108108109,0.32432432432432434
VWAP/EMA Pullback 2R,13:30-14:30,hold,MGC,ALL,174,0.6327272727272727,0.39080459770114945,0.02362511118594826,1.0542458304241882,587.448018108108,2341.018153387814,0.25285955766056994,0.6428571428571429,0.27011494252873564,0.5459770114942529
VWAP/EMA Pullback 2R,13:30-14:30,hold,MGC,IS,97,0.5808383233532934,0.3711340206185567,-0.02313198738584316,0.8402809324073489,-1172.284636334912,2341.018153387814,-0.7812644004618172,0.375,0.25773195876288657,0.5463917525773195
VWAP/EMA Pullback 2R,13:30-14:30,hold,MGC,OOS,77,0.7129629629629629,0.4155844155844156,0.08252691068547774,1.5042645842919944,1759.7326544430211,501.32309191700904,2.173614091257364,1.0,0.2857142857142857,0.5454545454545454
VWAP/EMA Pullback 2R,14:30-15:30,flat,MGC,ALL,168,0.610909090909091,0.44642857142857145,-0.02616854188167441,1.0009906288818684,6.123047882193674,1048.610473140327,0.003944205689622302,0.35714285714285715,0.11904761904761904,0.3273809523809524
VWAP/EMA Pullback 2R,14:30-15:30,flat,MGC,IS,99,0.592814371257485,0.47474747474747475,-0.0002542960206265645,0.92366538298885,-321.310283571032,1048.610473140327,-0.31986866673091857,0.375,0.10101010101010101,0.32323232323232326
VWAP/EMA Pullback 2R,14:30-15:30,flat,MGC,OOS,69,0.6388888888888888,0.4057971014492754,-0.06334985116056917,1.1660634539120638,327.4333314532254,674.9548109067298,0.6013854394353835,0.3333333333333333,0.14492753623188406,0.3333333333333333
VWAP/EMA Pullback 2R,14:30-15:30,hold,MGC,ALL,178,0.6472727272727272,0.43820224719101125,0.06933700671143041,1.0524426556485176,419.4122462843734,1441.4433335251538,0.22627986689851262,0.5,0.21348314606741572,0.4044943820224719
VWAP/EMA Pullback 2R,14:30-15:30,hold,MGC,IS,103,0.6167664670658682,0.4368932038834951,0.09744654467173526,0.9727860822535213,-149.26376714047356,1441.4433335251538,-0.12172169345637339,0.5,0.22330097087378642,0.3786407766990291
VWAP/EMA Pullback 2R,14:30-15:30,hold,MGC,OOS,75,0.6944444444444444,0.44,0.030733241245945078,1.226319959236371,568.6760134248469,471.36882649102,0.9223840665930626,0.5,0.2,0.44
VWAP/EMA Pullback 2R,15:30-16:00,flat,MGC,ALL,94,0.3418181818181818,0.3617021276595745,-0.008078086977086231,1.0837450949633651,185.86618835379736,512.7520108898248,0.2516015434655056,0.46153846153846156,0.09574468085106383,0.1595744680851064
VWAP/EMA Pullback 2R,15:30-16:00,flat,MGC,IS,59,0.3532934131736527,0.3728813559322034,0.05397487983950386,1.3569812165182678,514.405732543783,315.0470975417601,0.9759641549557819,0.625,0.1016949152542373,0.11864406779661017
VWAP/EMA Pullback 2R,15:30-16:00,flat,MGC,OOS,35,0.32407407407407407,0.34285714285714286,-0.11268165961076665,0.577951101113968,-328.53954418998546,429.94891023247584,-1.7759902697843788,0.2,0.08571428571428572,0.22857142857142856
VWAP/EMA Pullback 2R,15:30-16:00,hold,MGC,ALL,0,0.0,,,,0.0,0.0,,,,
VWAP/EMA Pullback 2R,15:30-16:00,hold,MGC,IS,0,0.0,,,,0.0,0.0,,,,
VWAP/EMA Pullback 2R,15:30-16:00,hold,MGC,OOS,0,0.0,,,,0.0,0.0,,,,
VWAP/EMA Pullback 2R,Full RTH,hold,MGC,ALL,506,1.84,0.37549407114624506,-0.031983935305930467,0.8966032900925136,-3664.707822968604,6889.31897631208,-0.9046566956414428,0.35714285714285715,0.22924901185770752,0.5276679841897233
VWAP/EMA Pullback 2R,Full RTH,hold,MGC,IS,309,1.8502994011976048,0.3592233009708738,-0.09038733859815505,0.7579211713210406,-6090.012664128853,6621.66649019822,-2.2795981325245536,0.125,0.20388349514563106,0.540453074433657
VWAP/EMA Pullback 2R,Full RTH,hold,MGC,OOS,197,1.8240740740740742,0.4010152284263959,0.059623433309792404,1.2357863024830809,2425.304841160251,770.2557679680322,1.8323443568840951,0.6666666666666666,0.26903553299492383,0.5076142131979695
Inside-bar breakout (trend) 2R,09:30-11:30,flat,MGC,ALL,43,0.15636363636363637,0.5348837209302325,0.4574265923821301,2.054659685863584,1007.2000000000309,183.00000000008197,1.9835950567836413,0.5833333333333334,0.4418604651162791,0.3953488372093023
Inside-bar breakout (trend) 2R,09:30-11:30,flat,MGC,IS,30,0.17964071856287425,0.5,0.37044920229476885,1.7584683357876154,514.9999999999562,183.00000000008197,1.67178886903117,0.5,0.4,0.4
Inside-bar breakout (trend) 2R,09:30-11:30,flat,MGC,OOS,13,0.12037037037037036,0.6153846153846154,0.6581436464298871,2.783333333333122,492.2000000000745,132.20000000002364,2.4550220833354746,0.75,0.5384615384615384,0.38461538461538464
Inside-bar breakout (trend) 2R,09:30-11:30,hold,MGC,ALL,47,0.1709090909090909,0.46808510638297873,0.35831675452218026,1.7267776096821212,960.80000000004,227.40000000005818,1.7087508464364074,0.5384615384615384,0.46808510638297873,0.5319148936170213
Inside-bar breakout (trend) 2R,09:30-11:30,hold,MGC,IS,31,0.18562874251497005,0.45161290322580644,0.3081435699213229,1.5358391608389759,490.3999999999727,227.40000000005818,1.333927158061869,0.5,0.45161290322580644,0.5483870967741935
Inside-bar breakout (trend) 2R,09:30-11:30,hold,MGC,OOS,16,0.14814814814814814,0.5,0.4555272996863416,2.1563421828906955,470.4000000000674,89.20000000003093,2.441618647163906,0.6,0.5,0.5
Inside-bar breakout (trend) 2R,11:30-13:30,flat,MGC,ALL,117,0.4254545454545455,0.2222222222222222,-0.4237572914378192,0.4298843118174473,-2109.20000000088,2242.6000000008958,-3.576145367978645,0.21428571428571427,0.19658119658119658,0.7606837606837606
Inside-bar breakout (trend) 2R,11:30-13:30,flat,MGC,IS,80,0.47904191616766467,0.25,-0.3430354264088031,0.45644461962942817,-1379.0000000005903,1489.6000000006036,-3.301181806759497,0.25,0.2125,0.725
Inside-bar breakout (trend) 2R,11:30-13:30,flat,MGC,OOS,37,0.3425925925925926,0.16216216216216217,-0.5982910536627188,0.37192499569926973,-730.2000000002903,865.4000000003376,-4.703168153287317,0.16666666666666666,0.16216216216216217,0.8378378378378378
Inside-bar breakout (trend) 2R,11:30-13:30,hold,MGC,ALL,121,0.44,0.2231404958677686,-0.3997648105112201,0.4905808889121627,-1941.6000000008473,2075.000000000863,-3.0442411591608343,0.21428571428571427,0.21487603305785125,0.768595041322314
Inside-bar breakout (trend) 2R,11:30-13:30,hold,MGC,IS,82,0.49101796407185627,0.24390243902439024,-0.33077784725033216,0.5051238910981424,-1294.20000000057,1404.8000000005839,-2.967183963628674,0.25,0.23170731707317074,0.7439024390243902
Inside-bar breakout (trend) 2R,11:30-13:30,hold,MGC,OOS,39,0.3611111111111111,0.1794871794871795,-0.544814323008472,0.45878615616114066,-647.4000000002775,899.000000000354,-3.3595740022216187,0.16666666666666666,0.1794871794871795,0.8205128205128205
Inside-bar breakout (trend) 2R,13:30-16:00,flat,MGC,ALL,123,0.44727272727272727,0.3252032520325203,-0.11397794660154671,0.835130084806646,-458.8000000002439,580.6000000002275,-0.8285820671076981,0.35714285714285715,0.3252032520325203,0.6747967479674797
Inside-bar breakout (trend) 2R,13:30-16:00,flat,MGC,IS,71,0.4251497005988024,0.3380281690140845,-0.06624980972815218,0.8420813966670313,-278.6000000001182,448.80000000012,-0.711217300061268,0.375,0.3380281690140845,0.6619718309859155
Inside-bar breakout (trend) 2R,13:30-16:00,flat,MGC,OOS,52,0.48148148148148145,0.3076923076923077,-0.1791452104094507,0.8230905163950132,-180.20000000012553,285.8000000001346,-1.2280427512689756,0.3333333333333333,0.3076923076923077,0.6923076923076923
Inside-bar breakout (trend) 2R,13:30-16:00,hold,MGC,ALL,109,0.39636363636363636,0.3302752293577982,-0.09941884974938761,0.9019901740360933,-235.40000000020356,406.0000000001819,-0.44978545770832185,0.5714285714285714,0.3302752293577982,0.6697247706422018
Inside-bar breakout (trend) 2R,13:30-16:00,hold,MGC,IS,61,0.3652694610778443,0.3442622950819672,-0.048107583175752894,0.9300613496932134,-102.60000000009086,321.60000000008733,-0.2781036151000743,0.625,0.3442622950819672,0.6557377049180327
Inside-bar breakout (trend) 2R,13:30-16:00,hold,MGC,OOS,48,0.4444444444444444,0.3125,-0.16462691768671509,0.8579375267436351,-132.8000000001128,259.0000000001364,-0.942385934220002,0.5,0.3125,0.6875
Inside-bar breakout (trend) 2R,09:30-10:30,flat,MGC,ALL,6,0.02181818181818182,0.6666666666666666,0.5940620216535164,2.281805745553644,187.39999999998,116.80000000004365,0.8207096806659069,0.5,0.3333333333333333,0.3333333333333333
Inside-bar breakout (trend) 2R,09:30-10:30,flat,MGC,IS,2,0.011976047904191617,0.5,0.09771594684356322,0.9112627986344024,-5.200000000025469,58.60000000001637,-0.08032970543258093,0.5,0.0,0.5
Inside-bar breakout (trend) 2R,09:30-10:30,flat,MGC,OOS,4,0.037037037037037035,0.75,0.842235059058493,3.198630136986045,192.60000000000548,87.60000000001273,1.4444020113018365,0.5,0.5,0.25
Inside-bar breakout (trend) 2R,09:30-10:30,hold,MGC,ALL,8,0.02909090909090909,0.625,0.8431478541108585,3.1292517006800025,438.20000000004916,87.60000000001273,1.304505660252578,0.6666666666666666,0.625,0.375
Inside-bar breakout (trend) 2R,09:30-10:30,hold,MGC,IS,4,0.023952095808383235,0.5,0.46329141839390386,2.240270727579929,146.59999999999275,59.60000000002,0.8323938546293117,0.5,0.5,0.5
Inside-bar breakout (trend) 2R,09:30-10:30,hold,MGC,OOS,4,0.037037037037037035,0.75,1.223004289827813,4.3287671232878315,291.6000000000564,87.60000000001273,1.8688471649764986,1.0,0.75,0.25
Inside-bar breakout (trend) 2R,10:30-11:30,flat,MGC,ALL,36,0.13090909090909092,0.5,0.3300618098798251,1.6198083067090359,504.399999999971,137.80000000004728,1.262748780718078,0.5,0.3888888888888889,0.4166666666666667
Inside-bar breakout (trend) 2R,10:30-11:30,flat,MGC,IS,27,0.16167664670658682,0.48148148148148145,0.30438425597764546,1.4857691077708008,303.7999999999527,137.80000000004728,1.223337395376627,0.5,0.37037037037037035,0.4074074074074074
Inside-bar breakout (trend) 2R,10:30-11:30,flat,MGC,OOS,9,0.08333333333333333,0.5555555555555556,0.40709447158636425,2.0647558386409357,200.60000000001824,105.20000000003455,1.3226275439835489,0.5,0.4444444444444444,0.4444444444444444
Inside-bar breakout (trend) 2R,10:30-11:30,hold,MGC,ALL,40,0.14545454545454545,0.425,0.2263442286446146,1.3878726287261585,457.9999999999801,223.20000000006905,0.9370547148063062,0.46153846153846156,0.425,0.575
Inside-bar breakout (trend) 2R,10:30-11:30,hold,MGC,IS,28,0.16766467065868262,0.42857142857142855,0.23776248250408466,1.3240482822654263,279.1999999999691,223.20000000006905,0.8746833464130512,0.5,0.42857142857142855,0.5714285714285714
Inside-bar breakout (trend) 2R,10:30-11:30,hold,MGC,OOS,12,0.1111111111111111,0.4166666666666667,0.19970163630585103,1.5601503759397048,178.80000000001098,105.20000000003455,1.0639537244486406,0.4,0.4166666666666667,0.5833333333333334
Inside-bar breakout (trend) 2R,11:30-12:30,flat,MGC,ALL,55,0.2,0.2,-0.44868894701365786,0.4424072476272075,-1034.0000000004268,1146.6000000004144,-2.2852917114070346,0.23076923076923078,0.18181818181818182,0.7454545454545455
Inside-bar breakout (trend) 2R,11:30-12:30,flat,MGC,IS,38,0.2275449101796407,0.23684210526315788,-0.34338363960863055,0.4932833489533804,-648.800000000293,833.000000000264,-2.1331855441593146,0.25,0.21052631578947367,0.7105263157894737
Inside-bar breakout (trend) 2R,11:30-12:30,flat,MGC,OOS,17,0.1574074074074074,0.11764705882352941,-0.6840772812131306,0.32891986062715206,-385.2000000001337,574.0000000001774,-2.6688881977325756,0.2,0.11764705882352941,0.8235294117647058
Inside-bar breakout (trend) 2R,11:30-12:30,hold,MGC,ALL,62,0.22545454545454546,0.20967741935483872,-0.44266931799845133,0.4653483644427731,-1157.2000000004061,1249.2000000003977,-2.3390761862296863,0.2857142857142857,0.20967741935483872,0.7903225806451613
Inside-bar breakout (trend) 2R,11:30-12:30,hold,MGC,IS,43,0.25748502994011974,0.23255813953488372,-0.37171329348860566,0.5042779362198241,-764.8000000002766,856.8000000002676,-2.2635968336512677,0.375,0.23255813953488372,0.7674418604651163
Inside-bar breakout (trend) 2R,11:30-12:30,hold,MGC,OOS,19,0.17592592592592593,0.15789473684210525,-0.6032540050470493,0.3687258687258619,-392.40000000013015,581.2000000001738,-2.6118057321723573,0.16666666666666666,0.15789473684210525,0.8421052631578947
Inside-bar breakout (trend) 2R,12:30-13:30,flat,MGC,ALL,58,0.2109090909090909,0.2413793103448276,-0.3859372779608685,0.4033991502123809,-954.8000000004665,1035.8000000005043,-2.9203940306606593,0.23076923076923078,0.1896551724137931,0.7241379310344828
Inside-bar breakout (trend) 2R,12:30-13:30,flat,MGC,IS,40,0.23952095808383234,0.275,-0.292735480802593,0.4175948650178588,-617.0000000003065,643.6000000003221,-3.023133147378499,0.375,0.2,0.675
Inside-bar breakout (trend) 2R,12:30-13:30,flat,MGC,OOS,18,0.16666666666666666,0.16666666666666666,-0.5930523827570364,0.3756007393714881,-337.80000000016014,392.20000000018194,-2.741596053558202,0.0,0.16666666666666666,0.8333333333333334
Inside-bar breakout (trend) 2R,12:30-13:30,hold,MGC,ALL,62,0.22545454545454546,0.24193548387096775,-0.3415532434735996,0.5402406260950081,-787.2000000004339,868.2000000004716,-2.1824620262500534,0.3076923076923077,0.22580645161290322,0.7419354838709677
Inside-bar breakout (trend) 2R,12:30-13:30,hold,MGC,IS,42,0.25149700598802394,0.2619047619047619,-0.2711992522363501,0.5321729957805174,-532.2000000002865,558.8000000003021,-2.2549405238080205,0.375,0.23809523809523808,0.7142857142857143
Inside-bar breakout (trend) 2R,12:30-13:30,hold,MGC,OOS,20,0.18518518518518517,0.2,-0.48929662507182314,0.5562130177514029,-255.00000000014737,361.20000000018734,-2.066836533126562,0.2,0.2,0.8
Inside-bar breakout (trend) 2R,13:30-14:30,flat,MGC,ALL,48,0.17454545454545456,0.2916666666666667,-0.22654962493771172,0.6651493080844414,-367.80000000019015,367.8000000001902,-1.2502609834429497,0.23076923076923078,0.22916666666666666,0.6458333333333334
Inside-bar breakout (trend) 2R,13:30-14:30,flat,MGC,IS,21,0.12574850299401197,0.2857142857142857,-0.20226866250531034,0.5963570127504182,-221.60000000008822,234.20000000013005,-1.2414570054989726,0.14285714285714285,0.19047619047619047,0.5714285714285714
Inside-bar breakout (trend) 2R,13:30-14:30,flat,MGC,OOS,27,0.25,0.2962962962962963,-0.2454348179406906,0.7338915180195938,-146.2000000001019,255.40000000011827,-1.2579935158258992,0.3333333333333333,0.25925925925925924,0.7037037037037037
Inside-bar breakout (trend) 2R,13:30-14:30,hold,MGC,ALL,54,0.19636363636363635,0.3148148148148148,-0.13762806709683734,0.8651842637225793,-173.40000000008456,244.20000000006817,-0.43026444254692897,0.46153846153846156,0.3148148148148148,0.6851851851851852
Inside-bar breakout (trend) 2R,13:30-14:30,hold,MGC,IS,26,0.15568862275449102,0.3076923076923077,-0.15090254373546194,0.8023887079261794,-145.60000000003734,244.20000000006817,-0.524930734019423,0.42857142857142855,0.3076923076923077,0.6923076923076923
Inside-bar breakout (trend) 2R,13:30-14:30,hold,MGC,OOS,28,0.25925925925925924,0.32142857142857145,-0.12530176736097165,0.9493993447396529,-27.800000000047355,187.80000000006913,-0.23314295966850776,0.5,0.32142857142857145,0.6785714285714286
Inside-bar breakout (trend) 2R,14:30-15:30,flat,MGC,ALL,55,0.2,0.36363636363636365,-0.0398768789871771,1.039195979899318,38.99999999983907,179.40000000008183,0.11727549297681149,0.5384615384615384,0.3090909090909091,0.6
Inside-bar breakout (trend) 2R,14:30-15:30,flat,MGC,IS,37,0.2215568862275449,0.3783783783783784,0.025865295950355128,1.0682378733898323,49.79999999991905,179.40000000008183,0.21137011589597582,0.5,0.32432432432432434,0.5675675675675675
Inside-bar breakout (trend) 2R,14:30-15:30,flat,MGC,OOS,18,0.16666666666666666,0.3333333333333333,-0.17501357191432668,0.9592760180992714,-10.800000000080061,103.40000000006185,-0.12342777129210011,0.6,0.2777777777777778,0.6666666666666666
Inside-bar breakout (trend) 2R,14:30-15:30,hold,MGC,ALL,59,0.21454545454545454,0.3389830508474576,-0.08022573039413518,0.9237875288682816,-92.40000000013362,263.4000000001346,-0.25385527745523473,0.46153846153846156,0.3389830508474576,0.6610169491525424
Inside-bar breakout (trend) 2R,14:30-15:30,hold,MGC,IS,39,0.23353293413173654,0.358974358974359,-0.008709628984586116,1.0152357920192587,12.59999999993179,211.00000000007458,0.05096694375562869,0.5,0.358974358974359,0.6410256410256411
Inside-bar breakout (trend) 2R,14:30-15:30,hold,MGC,OOS,20,0.18518518518518517,0.3,-0.2196821281427559,0.7275557861961263,-105.00000000006551,197.00000000006912,-0.9339415618424972,0.4,0.3,0.7
Inside-bar breakout (trend) 2R,15:30-16:00,flat,MGC,ALL,17,0.06181818181818182,0.23529411764705882,-0.3382683485945508,0.3435047951177907,-301.20000000007826,358.20000000013283,-1.6849112598238494,0.3333333333333333,0.23529411764705882,0.7058823529411765
Inside-bar breakout (trend) 2R,15:30-16:00,flat,MGC,IS,13,0.07784431137724551,0.23076923076923078,-0.3336233102906348,0.3232000000000814,-253.8000000000655,301.00000000010004,-1.953243590318167,0.4,0.23076923076923078,0.6923076923076923
Inside-bar breakout (trend) 2R,15:30-16:00,flat,MGC,OOS,4,0.037037037037037035,0.25,-0.35336472308227823,0.43436754176624015,-47.40000000001274,57.200000000032745,-1.1728747800776125,0.25,0.25,0.75
Inside-bar breakout (trend) 2R,15:30-16:00,hold,MGC,ALL,0,0.0,,,,0.0,0.0,,,,
Inside-bar breakout (trend) 2R,15:30-16:00,hold,MGC,IS,0,0.0,,,,0.0,0.0,,,,
Inside-bar breakout (trend) 2R,15:30-16:00,hold,MGC,OOS,0,0.0,,,,0.0,0.0,,,,
Inside-bar breakout (trend) 2R,Full RTH,hold,MGC,ALL,251,0.9127272727272727,0.29880478087649404,-0.17628188417263052,0.8155348144754189,-1288.6000000009576,1423.2000000006256,-1.3876219563987642,0.35714285714285715,0.2948207171314741,0.6972111553784861
Inside-bar breakout (trend) 2R,Full RTH,hold,MGC,IS,156,0.9341317365269461,0.3141025641025641,-0.1222070575947599,0.8017599929949825,-905.6000000006128,1040.2000000002804,-1.42899884830717,0.5,0.3076923076923077,0.6794871794871795
Inside-bar breakout (trend) 2R,Full RTH,hold,MGC,OOS,95,0.8796296296296297,0.2736842105263158,-0.26507844150050236,0.8415653181102859,-383.0000000003448,654.0000000003411,-1.354833119863123,0.16666666666666666,0.2736842105263158,0.7263157894736842
Donchian 48-bar breakout 2R,09:30-11:30,flat,MGC,ALL,218,0.7927272727272727,0.5137614678899083,0.003132772635517233,1.115316176105664,1990.4430969778878,1775.987370632881,0.5809986985328276,0.42857142857142855,0.03669724770642202,0.1834862385321101
Donchian 48-bar breakout 2R,09:30-11:30,flat,MGC,IS,132,0.7904191616766467,0.5909090909090909,0.04096368580954233,1.2662294274658499,2708.149077791518,1775.987370632881,1.1754715034773395,0.5,0.045454545454545456,0.17424242424242425
Donchian 48-bar breakout 2R,09:30-11:30,flat,MGC,OOS,86,0.7962962962962963,0.3953488372093023,-0.05493328014321896,0.8987507546538079,-717.7059808136278,1214.591059766827,-0.6616236490753827,0.3333333333333333,0.023255813953488372,0.19767441860465115
Donchian 48-bar breakout 2R,09:30-11:30,hold,MGC,ALL,219,0.7963636363636364,0.45662100456621,0.021600052229139164,1.1745368313651647,4803.187473043207,3650.643308474323,0.8120035568965672,0.6428571428571429,0.1095890410958904,0.3470319634703196
Donchian 48-bar breakout 2R,09:30-11:30,hold,MGC,IS,133,0.7964071856287425,0.5338345864661654,0.14837261039131652,1.492043444593527,7782.203584330933,2468.903901051586,1.8669792697557435,0.875,0.13533834586466165,0.2932330827067669
Donchian 48-bar breakout 2R,09:30-11:30,hold,MGC,OOS,86,0.7962962962962963,0.3372093023255814,-0.1744551830681816,0.7454600521198969,-2979.0161112877263,3216.8433084742746,-1.9270861632409915,0.3333333333333333,0.06976744186046512,0.43023255813953487
Donchian 48-bar breakout 2R,11:30-13:30,flat,MGC,ALL,115,0.41818181818181815,0.40869565217391307,-0.023236088786984188,1.0196357780377274,155.50766298745313,2798.7943517106164,0.05012542247196175,0.5714285714285714,0.02608695652173913,0.06086956521739131
Donchian 48-bar breakout 2R,11:30-13:30,flat,MGC,IS,73,0.437125748502994,0.4520547945205479,0.029816392917247258,1.157443467854556,889.6861758977308,2558.0158388003297,0.3833130986383685,0.75,0.0410958904109589,0.0547945205479452
Donchian 48-bar breakout 2R,11:30-13:30,flat,MGC,OOS,42,0.3888888888888889,0.3333333333333333,-0.11544635460624361,0.6763992127338371,-734.1785129102775,1366.378512910072,-1.3366413836775874,0.3333333333333333,0.0,0.07142857142857142
Donchian 48-bar breakout 2R,11:30-13:30,hold,MGC,ALL,116,0.4218181818181818,0.4827586206896552,0.056662376327023596,1.1230134089209245,1500.377924602555,2350.441845803188,0.5197216414817706,0.42857142857142855,0.08620689655172414,0.23275862068965517
Donchian 48-bar breakout 2R,11:30-13:30,hold,MGC,IS,73,0.437125748502994,0.4794520547945205,0.09910424226919341,1.11815391412776,1062.7947988020546,2350.441845803188,0.5424960697995972,0.5,0.0958904109589041,0.2054794520547945
Donchian 48-bar breakout 2R,11:30-13:30,hold,MGC,OOS,43,0.39814814814814814,0.4883720930232558,-0.015390093760846064,1.1366652059306621,437.5831258004981,1216.6198948505607,0.4888659134465509,0.3333333333333333,0.06976744186046512,0.27906976744186046
Donchian 48-bar breakout 2R,13:30-16:00,flat,MGC,ALL,199,0.7236363636363636,0.4723618090452261,0.061609674271092305,1.0302602333867257,399.89190119971863,3889.1007806323996,0.12563726303777448,0.42857142857142855,0.06030150753768844,0.15577889447236182
Donchian 48-bar breakout 2R,13:30-16:00,flat,MGC,IS,111,0.6646706586826348,0.4774774774774775,0.03327445656898772,0.8583099591250101,-1282.1407031165866,3889.1007806323996,-0.6007889717489423,0.375,0.04504504504504504,0.16216216216216217
Donchian 48-bar breakout 2R,13:30-16:00,flat,MGC,OOS,88,0.8148148148148148,0.4659090909090909,0.09735068750897424,1.4037345496867728,1682.0326043163038,701.308339604218,1.6566605416400555,0.5,0.07954545454545454,0.14772727272727273
Donchian 48-bar breakout 2R,13:30-16:00,hold,MGC,ALL,173,0.6290909090909091,0.47398843930635837,0.07295249730709635,1.0335707468075228,424.4919011999252,3665.300780632376,0.13402336858029673,0.42857142857142855,0.06936416184971098,0.1791907514450867
Donchian 48-bar breakout 2R,13:30-16:00,hold,MGC,IS,94,0.562874251497006,0.4787234042553192,0.04708789638714061,0.8564947472633959,-1235.9407031164528,3665.300780632376,-0.5824467256039939,0.375,0.05319148936170213,0.19148936170212766
Donchian 48-bar breakout 2R,13:30-16:00,hold,MGC,OOS,79,0.7314814814814815,0.46835443037974683,0.10372809840172723,1.4117948033858576,1660.4326043163783,756.1083396042018,1.639427978625267,0.5,0.08860759493670886,0.16455696202531644
Donchian 48-bar breakout 2R,09:30-10:30,flat,MGC,ALL,148,0.5381818181818182,0.46621621621621623,-0.02473049496159207,0.9602538817329149,-339.80537545869305,2180.7734469345583,-0.17741371006963896,0.38461538461538464,0.013513513513513514,0.08108108108108109
Donchian 48-bar breakout 2R,09:30-10:30,flat,MGC,IS,90,0.5389221556886228,0.45555555555555555,-0.025197489059336314,1.0157758981443221,77.9582539085967,1371.1098989255784,0.06661450681344915,0.375,0.011111111111111112,0.06666666666666667
Donchian 48-bar breakout 2R,09:30-10:30,flat,MGC,OOS,58,0.5370370370370371,0.4827586206896552,-0.024005848947851002,0.884205210630822,-417.7636293672896,1240.8635480087357,-0.5584015260507937,0.4,0.017241379310344827,0.10344827586206896
Donchian 48-bar breakout 2R,09:30-10:30,hold,MGC,ALL,160,0.5818181818181818,0.45625,0.00555884938268496,1.2259909932750717,4707.5349609084915,3964.9281404631574,0.8580310058629941,0.46153846153846156,0.13125,0.375
Donchian 48-bar breakout 2R,09:30-10:30,hold,MGC,IS,96,0.5748502994011976,0.5520833333333334,0.17414412854061223,1.699049359583053,8036.263101371598,2224.2270282625395,2.07356159609651,0.625,0.15625,0.3125
Donchian 48-bar breakout 2R,09:30-10:30,hold,MGC,OOS,64,0.5925925925925926,0.3125,-0.24731906935420594,0.6434005871067959,-3328.7281404631076,3531.1281404630986,-2.373989577595132,0.2,0.09375,0.46875
Donchian 48-bar breakout 2R,10:30-11:30,flat,MGC,ALL,128,0.46545454545454545,0.5703125,0.06128987381250282,1.4076019990777806,2928.4458025180625,772.1343526160945,1.243867484992821,0.6428571428571429,0.0078125,0.09375
Donchian 48-bar breakout 2R,10:30-11:30,flat,MGC,IS,83,0.49700598802395207,0.5903614457831325,0.063590962828768,1.35135019579206,1796.1841887325427,666.3517638279818,1.0761279200365346,0.625,0.012048192771084338,0.10843373493975904
Donchian 48-bar breakout 2R,10:30-11:30,flat,MGC,OOS,45,0.4166666666666667,0.5333333333333333,0.057045642960280356,1.5463690781957469,1132.2616137855205,772.1343526160955,1.8331517188237034,0.6666666666666666,0.0,0.06666666666666667
Donchian 48-bar breakout 2R,10:30-11:30,hold,MGC,ALL,129,0.4690909090909091,0.5038759689922481,0.10604934656201273,1.305164585080618,4188.371515593855,1799.2656711302375,1.134011012798779,0.6428571428571429,0.08527131782945736,0.3023255813953488
Donchian 48-bar breakout 2R,10:30-11:30,hold,MGC,IS,84,0.5029940119760479,0.5357142857142857,0.17276393155688,1.3719805176235509,3401.2208398800713,1799.2656711302375,1.3529564141270811,0.75,0.10714285714285714,0.2619047619047619
Donchian 48-bar breakout 2R,10:30-11:30,hold,MGC,OOS,45,0.4166666666666667,0.4444444444444444,-0.01848454542840626,1.1718139270771872,787.1506757137856,1604.0147389472793,0.6951183264197991,0.5,0.044444444444444446,0.37777777777777777
Donchian 48-bar breakout 2R,11:30-12:30,flat,MGC,ALL,91,0.33090909090909093,0.46153846153846156,-0.016005423406744382,0.9537961610573485,-228.87898604478895,1203.0000000001075,-0.15258753248112294,0.42857142857142855,0.0,0.01098901098901099
Donchian 48-bar breakout 2R,11:30-12:30,flat,MGC,IS,57,0.3413173652694611,0.49122807017543857,-0.008879342089784503,0.91912472565505,-279.4789860443975,1203.0000000001075,-0.27615736874850394,0.375,0.0,0.017543859649122806
Donchian 48-bar breakout 2R,11:30-12:30,flat,MGC,OOS,34,0.3148148148148148,0.4117647058823529,-0.027952089144000644,1.0337783711612825,50.59999999960905,605.8000000001456,0.10692180374284106,0.5,0.0,0.0
Donchian 48-bar breakout 2R,11:30-12:30,hold,MGC,ALL,95,0.34545454545454546,0.5157894736842106,0.10525041352237632,1.4032082913172588,3512.3756073517497,2224.841845803173,0.9777499544264828,0.42857142857142855,0.08421052631578947,0.21052631578947367
Donchian 48-bar breakout 2R,11:30-12:30,hold,MGC,IS,61,0.3652694610778443,0.4918032786885246,0.11655108115605482,1.3680422460677735,2399.0772632489297,2224.841845803173,0.9189064209572712,0.375,0.09836065573770492,0.21311475409836064
Donchian 48-bar breakout 2R,11:30-12:30,hold,MGC,OOS,34,0.3148148148148148,0.5588235294117647,0.08497568629724725,1.5077557195443516,1113.2983441028189,916.5083815975695,1.3564383388111414,0.5,0.058823529411764705,0.20588235294117646
Donchian 48-bar breakout 2R,12:30-13:30,flat,MGC,ALL,57,0.20727272727272728,0.38596491228070173,-0.04554435085427142,1.2713271285516874,752.7416134428714,1314.3091497751127,0.39842311268875025,0.2857142857142857,0.017543859649122806,0.03508771929824561
Donchian 48-bar breakout 2R,12:30-13:30,flat,MGC,IS,39,0.23353293413173654,0.46153846153846156,0.026013640971390146,1.8546640253953015,1525.050763217931,873.0000000001155,1.057814237727867,0.5,0.02564102564102564,0.02564102564102564
Donchian 48-bar breakout 2R,12:30-13:30,flat,MGC,OOS,18,0.16666666666666666,0.2222222222222222,-0.20058666647653814,0.2198181520490223,-772.309149775059,777.5091497749655,-3.334563364247029,0.0,0.0,0.05555555555555555
Donchian 48-bar breakout 2R,12:30-13:30,hold,MGC,ALL,58,0.2109090909090909,0.41379310344827586,-0.011825539279694727,1.0738965683340407,355.67688630344674,1069.3789439639893,0.2139100213066453,0.5,0.06896551724137931,0.29310344827586204
Donchian 48-bar breakout 2R,12:30-13:30,hold,MGC,IS,39,0.23353293413173654,0.5128205128205128,0.12443028388585894,1.4400449086867775,1425.0558302674358,769.073086648922,1.1936096806055463,0.75,0.07692307692307693,0.2564102564102564
Donchian 48-bar breakout 2R,12:30-13:30,hold,MGC,OOS,19,0.17592592592592593,0.21052631578947367,-0.29150854472477866,0.320916786569332,-1069.378943963989,1069.3789439639893,-2.69516372843687,0.16666666666666666,0.05263157894736842,0.3684210526315789
Donchian 48-bar breakout 2R,13:30-14:30,flat,MGC,ALL,98,0.3563636363636364,0.3979591836734694,-0.09915134570847343,0.48335890813737653,-3853.841382348334,4221.730136355657,-1.6538179865830476,0.21428571428571427,0.02040816326530612,0.11224489795918367
Donchian 48-bar breakout 2R,13:30-14:30,flat,MGC,IS,50,0.2994011976047904,0.34,-0.14669461906227582,0.3143196637414263,-3762.5301363555395,3771.930136355533,-2.240113525837585,0.125,0.02,0.14
Donchian 48-bar breakout 2R,13:30-14:30,flat,MGC,OOS,48,0.4444444444444444,0.4583333333333333,-0.04962710263159594,0.9536989938937015,-91.31124599279406,515.2902974660618,-0.16646710682571975,0.3333333333333333,0.020833333333333332,0.08333333333333333
Donchian 48-bar breakout 2R,13:30-14:30,hold,MGC,ALL,104,0.3781818181818182,0.4519230769230769,-0.013987427447602575,0.8334382575100732,-1636.457341381994,4449.028149454103,-0.5749474317080628,0.35714285714285715,0.08653846153846154,0.25961538461538464
Donchian 48-bar breakout 2R,13:30-14:30,hold,MGC,IS,53,0.31736526946107785,0.4528301886792453,-0.05784425258331212,0.6287142762591428,-2502.697180341656,4449.028149454103,-1.2968392487223797,0.375,0.05660377358490566,0.2830188679245283
Donchian 48-bar breakout 2R,13:30-14:30,hold,MGC,OOS,51,0.4722222222222222,0.45098039215686275,0.03158927318362501,1.280854048942931,866.2398389596619,784.1272741632397,0.9883603120696909,0.3333333333333333,0.11764705882352941,0.23529411764705882
Donchian 48-bar breakout 2R,14:30-15:30,flat,MGC,ALL,111,0.4036363636363636,0.5315315315315315,0.11165479696793747,1.5736917609006047,2404.697310800018,502.6000000000565,1.6645645111717733,0.6428571428571429,0.02702702702702703,0.04504504504504504
Donchian 48-bar breakout 2R,14:30-15:30,flat,MGC,IS,61,0.3652694610778443,0.5573770491803278,0.09640407006426889,1.4797041338586472,1197.5047980963132,502.6000000000565,1.3342485365881693,0.625,0.03278688524590164,0.03278688524590164
Donchian 48-bar breakout 2R,14:30-15:30,flat,MGC,OOS,50,0.46296296296296297,0.5,0.13026068379041317,1.712090900026291,1207.1925127037048,456.1332985557294,2.1998032514452808,0.6666666666666666,0.02,0.06
Donchian 48-bar breakout 2R,14:30-15:30,hold,MGC,ALL,116,0.4218181818181818,0.5172413793103449,0.16842626181069315,1.6519495921322747,3416.9003952119824,863.0000000000455,1.9508589827581757,0.6428571428571429,0.034482758620689655,0.07758620689655173
Donchian 48-bar breakout 2R,14:30-15:30,hold,MGC,IS,63,0.3772455089820359,0.5079365079365079,0.15866290474307868,1.693026106453196,2065.556477225041,863.0000000000455,1.8514262122138878,0.625,0.031746031746031744,0.047619047619047616
Donchian 48-bar breakout 2R,14:30-15:30,hold,MGC,OOS,53,0.49074074074074076,0.5283018867924528,0.1800317617212537,1.597791322799629,1351.3439179869424,772.9410710747283,2.126060577741395,0.6666666666666666,0.03773584905660377,0.11320754716981132
Donchian 48-bar breakout 2R,15:30-16:00,flat,MGC,ALL,76,0.27636363636363637,0.5394736842105263,0.07408052267069586,1.8298463789311996,1134.3999999992354,372.0000000000507,1.7570629360627334,0.7857142857142857,0.0,0.0
Donchian 48-bar breakout 2R,15:30-16:00,flat,MGC,IS,42,0.25149700598802394,0.6190476190476191,0.09809501170368821,2.5060315496433545,973.7999999995898,169.80000000002735,2.399309189737248,0.875,0.0,0.0
Donchian 48-bar breakout 2R,15:30-16:00,flat,MGC,OOS,34,0.3148148148148148,0.4411764705882353,0.04441556562994061,1.2229317046079922,160.59999999964543,372.00000000005093,0.6714354185642613,0.6666666666666666,0.0,0.0
Donchian 48-bar breakout 2R,15:30-16:00,hold,MGC,ALL,0,0.0,,,,0.0,0.0,,,,
Donchian 48-bar breakout 2R,15:30-16:00,hold,MGC,IS,0,0.0,,,,0.0,0.0,,,,
Donchian 48-bar breakout 2R,15:30-16:00,hold,MGC,OOS,0,0.0,,,,0.0,0.0,,,,
Donchian 48-bar breakout 2R,Full RTH,hold,MGC,ALL,332,1.2072727272727273,0.45180722891566266,0.0060719854779939094,1.068309076938029,2560.6133271078525,3860.1899451777535,0.4570697482437529,0.6428571428571429,0.09036144578313253,0.29518072289156627
Donchian 48-bar breakout 2R,Full RTH,hold,MGC,IS,199,1.1916167664670658,0.4824120603015075,0.057438157475302024,1.1839558202139202,4314.9284523778115,3704.8235868102483,1.1251999312459011,0.875,0.09547738693467336,0.2663316582914573
Donchian 48-bar breakout 2R,Full RTH,hold,MGC,OOS,133,1.2314814814814814,0.40601503759398494,-0.07078416660820394,0.8749540727425705,-1754.3151252699627,3069.198536365312,-1.0476996981465772,0.3333333333333333,0.08270676691729323,0.3383458646616541
Noise-band momentum 2R,09:30-11:30,flat,MGC,ALL,124,0.4509090909090909,0.3870967741935484,-0.07089940692663542,0.6929905140414084,-2674.341650653893,3206.507028929138,-1.372482874135279,0.2857142857142857,0.20967741935483872,0.532258064516129
Noise-band momentum 2R,09:30-11:30,flat,MGC,IS,67,0.40119760479041916,0.43283582089552236,-7.664126888582903e-05,0.6364252800182872,-2127.5272402150104,2603.632139200461,-1.4971065560576373,0.375,0.22388059701492538,0.4626865671641791
Noise-band momentum 2R,09:30-11:30,flat,MGC,OOS,57,0.5277777777777778,0.3333333333333333,-0.15414721919100777,0.8087559680531929,-546.8144104388837,818.4485728641014,-1.2625911482001655,0.16666666666666666,0.19298245614035087,0.6140350877192983
Noise-band momentum 2R,09:30-11:30,hold,MGC,ALL,124,0.4509090909090909,0.3225806451612903,-0.11468963514663895,0.6315186870230307,-4366.305150201705,5026.51124998387,-1.6217629511404985,0.42857142857142855,0.28225806451612906,0.6612903225806451
Noise-band momentum 2R,09:30-11:30,hold,MGC,IS,67,0.40119760479041916,0.34328358208955223,-0.031582963232112446,0.5778556564684685,-3526.2946135999996,3968.5820981247975,-1.7841241896068565,0.375,0.31343283582089554,0.6268656716417911
Noise-band momentum 2R,09:30-11:30,hold,MGC,OOS,57,0.5277777777777778,0.2982456140350877,-0.21237642494090697,0.7597340967173658,-840.0105366017043,1245.3018823598993,-1.4777299630326926,0.5,0.24561403508771928,0.7017543859649122
Noise-band momentum 2R,11:30-13:30,flat,MGC,ALL,112,0.4072727272727273,0.375,-0.1868133037061978,0.9180081794372037,-692.7903566243401,3527.8126374655567,-0.22067684279916086,0.42857142857142855,0.13392857142857142,0.4642857142857143
Noise-band momentum 2R,11:30-13:30,flat,MGC,IS,74,0.4431137724550898,0.36486486486486486,-0.15830762739201276,0.9995557489646062,-2.800905911702273,2478.117490607753,-0.001183751505613336,0.375,0.16216216216216217,0.5135135135135135
Noise-band momentum 2R,11:30-13:30,flat,MGC,OOS,38,0.35185185185185186,0.39473684210526316,-0.24232435758118973,0.6782851652015025,-689.989450712638,1227.5458763669776,-1.3561451035441314,0.5,0.07894736842105263,0.3684210526315789
Noise-band momentum 2R,11:30-13:30,hold,MGC,ALL,112,0.4072727272727273,0.30357142857142855,-0.19009245217237544,0.9520783035303703,-475.5074753021181,1865.8525879703195,-0.14362189331456948,0.35714285714285715,0.19642857142857142,0.625
Noise-band momentum 2R,11:30-13:30,hold,MGC,IS,74,0.4431137724550898,0.2972972972972973,-0.1592509310322352,0.9839751912176697,-117.86368882533503,1760.910450097724,-0.04813478486109457,0.375,0.22972972972972974,0.6486486486486487
Noise-band momentum 2R,11:30-13:30,hold,MGC,OOS,38,0.35185185185185186,0.3157894736842105,-0.2501522564979119,0.8607043889448158,-357.6437864767839,1230.1389529398439,-0.5398598493433945,0.3333333333333333,0.13157894736842105,0.5789473684210527
Noise-band momentum 2R,13:30-16:00,flat,MGC,ALL,124,0.4509090909090909,0.5161290322580645,0.2172129730497784,1.2694423509385904,2332.81411895767,2519.8016566648475,0.9628914365019503,0.5,0.23387096774193547,0.3387096774193548
Noise-band momentum 2R,13:30-16:00,flat,MGC,IS,74,0.4431137724550898,0.5135135135135135,0.16108601455042193,1.0762344716998289,510.016514858263,2519.8016566648475,0.29701711192623226,0.375,0.21621621621621623,0.35135135135135137
Noise-band momentum 2R,13:30-16:00,flat,MGC,OOS,50,0.46296296296296297,0.52,0.300280871628826,1.9262980816420918,1822.7976040994054,461.31511491699007,2.8832924824918025,0.6666666666666666,0.26,0.32
Noise-band momentum 2R,13:30-16:00,hold,MGC,ALL,111,0.4036363636363636,0.5135135135135135,0.25107956066972015,1.2980978883613996,2377.242835868622,2875.8016566648075,1.0143323769319619,0.42857142857142855,0.26126126126126126,0.35135135135135137
Noise-band momentum 2R,13:30-16:00,hold,MGC,IS,67,0.40119760479041916,0.4925373134328358,0.16290214314715284,1.0080461582055127,53.21651485830665,2875.8016566648075,0.032757006680334204,0.25,0.23880597014925373,0.3880597014925373
Noise-band momentum 2R,13:30-16:00,hold,MGC,OOS,44,0.4074074074074074,0.5454545454545454,0.3853497191699933,2.7078360522062206,2324.026321010315,306.26526115721435,3.4871691391504376,0.6666666666666666,0.29545454545454547,0.29545454545454547
Noise-band momentum 2R,09:30-10:30,flat,MGC,ALL,49,0.1781818181818182,0.40816326530612246,-0.13821471018944054,1.035932755571596,85.4866832282701,946.6769975882579,0.09030688842907743,0.35714285714285715,0.16326530612244897,0.5714285714285714
Noise-band momentum 2R,09:30-10:30,flat,MGC,IS,25,0.1497005988023952,0.56,0.23835926650161654,1.7569083798144915,858.4226704577169,354.72833512143234,1.2997811636572463,0.625,0.24,0.4
Noise-band momentum 2R,09:30-10:30,flat,MGC,OOS,24,0.2222222222222222,0.25,-0.530479269242625,0.3791464143219136,-772.9359872294467,772.9359872294469,-2.994623912617938,0.0,0.08333333333333333,0.75
Noise-band momentum 2R,09:30-10:30,hold,MGC,ALL,49,0.1781818181818182,0.30612244897959184,-0.10528671899484843,1.0675546121804644,226.20053130086634,1087.9525829187435,0.17094515196169555,0.2857142857142857,0.30612244897959184,0.673469387755102
Noise-band momentum 2R,09:30-10:30,hold,MGC,IS,25,0.1497005988023952,0.44,0.3139642157682126,1.4493703641417803,836.5249864153701,603.5757457937549,0.9446548468149979,0.375,0.44,0.52
Noise-band momentum 2R,09:30-10:30,hold,MGC,OOS,24,0.2222222222222222,0.16666666666666666,-0.5420064427063703,0.5895214595311019,-610.324455114504,964.6098293655971,-1.4404687383782753,0.16666666666666666,0.16666666666666666,0.8333333333333334
Noise-band momentum 2R,10:30-11:30,flat,MGC,ALL,87,0.31636363636363635,0.40229885057471265,-0.052564300000029304,0.5607202496609897,-2926.114899174784,3289.146071457312,-1.685579678017423,0.42857142857142855,0.1839080459770115,0.4827586206896552
Noise-band momentum 2R,10:30-11:30,flat,MGC,IS,51,0.30538922155688625,0.37254901960784315,-0.15261465657440842,0.3963330373876921,-3019.83612659859,3071.00223609097,-2.3915560325525633,0.25,0.1568627450980392,0.49019607843137253
Noise-band momentum 2R,10:30-11:30,flat,MGC,OOS,36,0.3333333333333333,0.4444444444444444,0.08917370514700775,1.0565035689349853,93.72122742380509,496.0202765278019,0.24568898094240255,0.6666666666666666,0.2222222222222222,0.4722222222222222
Noise-band momentum 2R,10:30-11:30,hold,MGC,ALL,87,0.31636363636363635,0.3218390804597701,-0.14202681868685096,0.4609002779301414,-5256.6017122474805,5583.046825548803,-2.0875908663789544,0.2857142857142857,0.26436781609195403,0.6666666666666666
Noise-band momentum 2R,10:30-11:30,hold,MGC,IS,51,0.30538922155688625,0.27450980392156865,-0.25940030427329874,0.31786662154549994,-5087.682431578102,5092.6179586126,-2.750528511598166,0.125,0.23529411764705882,0.7058823529411765
Noise-band momentum 2R,10:30-11:30,hold,MGC,OOS,36,0.3333333333333333,0.3888888888888889,0.02425228589395008,0.9263074829006053,-168.9192806693769,799.9642369882985,-0.3309400763524277,0.5,0.3055555555555556,0.6111111111111112
Noise-band momentum 2R,11:30-12:30,flat,MGC,ALL,80,0.2909090909090909,0.325,-0.17977044915657375,0.6975628115165557,-1735.445178695976,2216.4690964011743,-1.0932060463353894,0.2857142857142857,0.0875,0.375
Noise-band momentum 2R,11:30-12:30,flat,MGC,IS,47,0.281437125748503,0.2553191489361702,-0.30352564596811193,0.5501795944564613,-1979.5628461333667,2161.534520145263,-1.8237974494857034,0.125,0.10638297872340426,0.5106382978723404
Noise-band momentum 2R,11:30-12:30,flat,MGC,OOS,33,0.3055555555555556,0.42424242424242425,-0.003513047637110217,1.182529421042217,244.1176674373922,404.5211830017714,0.5143354811887524,0.5,0.06060606060606061,0.18181818181818182
Noise-band momentum 2R,11:30-12:30,hold,MGC,ALL,80,0.2909090909090909,0.3,-0.2477737826212442,0.7636551738759058,-1780.7451052183103,2380.543271643686,-0.9214447874226523,0.2857142857142857,0.1875,0.65
Noise-band momentum 2R,11:30-12:30,hold,MGC,IS,47,0.281437125748503,0.2765957446808511,-0.2320944159396666,0.717596011528808,-1462.569133380025,1663.9138718060385,-1.180667178003263,0.25,0.23404255319148937,0.6808510638297872
Noise-band momentum 2R,11:30-12:30,hold,MGC,OOS,33,0.3055555555555556,0.3333333333333333,-0.27010500183440034,0.8649235534631838,-318.17597183828434,1273.4639297182252,-0.4599942543064018,0.3333333333333333,0.12121212121212122,0.6060606060606061
Noise-band momentum 2R,12:30-13:30,flat,MGC,ALL,70,0.2545454545454545,0.44285714285714284,-0.07282107829176715,1.3183659333110485,1212.6230301912062,1414.3729794402657,0.5710323191476111,0.6428571428571429,0.12857142857142856,0.35714285714285715
Noise-band momentum 2R,12:30-13:30,flat,MGC,IS,43,0.25748502994011974,0.5116279069767442,0.07250171348197325,1.703085438502429,1871.0726112233003,804.0591449702783,1.1510882225951737,0.875,0.16279069767441862,0.3488372093023256
Noise-band momentum 2R,12:30-13:30,flat,MGC,OOS,27,0.25,0.3333333333333333,-0.30426108000550184,0.42627080657746863,-658.4495810320942,875.513834469953,-2.729196892839379,0.3333333333333333,0.07407407407407407,0.37037037037037035
Noise-band momentum 2R,12:30-13:30,hold,MGC,ALL,70,0.2545454545454545,0.37142857142857144,-0.003459702812746165,1.4118084176329775,1818.163401233795,852.4078475841989,0.8112775017435366,0.6428571428571429,0.21428571428571427,0.5
Noise-band momentum 2R,12:30-13:30,hold,MGC,IS,43,0.25748502994011974,0.37209302325581395,0.08706812062538688,1.5629829243114637,1813.8573863464003,852.4078475841989,1.0733458161448588,0.625,0.2558139534883721,0.5116279069767442
Noise-band momentum 2R,12:30-13:30,hold,MGC,OOS,27,0.25,0.37037037037037035,-0.14763364384384708,1.003608790372212,4.306014887394518,562.6178893857508,0.012063133642538807,0.6666666666666666,0.14814814814814814,0.48148148148148145
Noise-band momentum 2R,13:30-14:30,flat,MGC,ALL,73,0.26545454545454544,0.4931506849315068,0.0567047370544105,0.6629011807381994,-1720.0960211861423,3658.04186923433,-0.8763468205677547,0.42857142857142855,0.136986301369863,0.2876712328767123
Noise-band momentum 2R,13:30-14:30,flat,MGC,IS,46,0.2754491017964072,0.43478260869565216,-0.016600358900565083,0.48544819057192323,-2235.573649047413,3658.04186923433,-1.5131837011016729,0.375,0.10869565217391304,0.2826086956521739
Noise-band momentum 2R,13:30-14:30,flat,MGC,OOS,27,0.25,0.5925925925925926,0.18159490053325789,1.6800985818007441,515.4776278612707,248.1739823925695,1.6635137004418696,0.5,0.18518518518518517,0.2962962962962963
Noise-band momentum 2R,13:30-14:30,hold,MGC,ALL,73,0.26545454545454544,0.4657534246575342,0.12088408328088401,0.8497691637377017,-957.0268361304546,4488.250971010667,-0.35338632890616256,0.42857142857142855,0.2328767123287671,0.3835616438356164
Noise-band momentum 2R,13:30-14:30,hold,MGC,IS,46,0.2754491017964072,0.45652173913043476,0.05610105534584679,0.6289129482211688,-2020.941469563043,4488.250971010667,-1.014420621568936,0.375,0.21739130434782608,0.41304347826086957
Noise-band momentum 2R,13:30-14:30,hold,MGC,OOS,27,0.25,0.48148148148148145,0.23125516791094738,2.150959702387311,1063.9146334325887,234.4740532067583,1.9176853066161552,0.5,0.25925925925925924,0.3333333333333333
Noise-band momentum 2R,14:30-15:30,flat,MGC,ALL,77,0.28,0.5714285714285714,0.21805796226406257,1.9967523840710695,3025.3051307665523,476.88170569517246,2.0793808983906614,0.42857142857142855,0.11688311688311688,0.18181818181818182
Noise-band momentum 2R,14:30-15:30,flat,MGC,IS,48,0.2874251497005988,0.6041666666666666,0.14054843033856687,1.7704158320196097,1595.4725141318413,476.88170569517246,1.7722388475363284,0.375,0.08333333333333333,0.1875
Noise-band momentum 2R,14:30-15:30,flat,MGC,OOS,29,0.26851851851851855,0.5172413793103449,0.3463496013131588,2.4828622459994727,1429.832616634712,311.1912079504759,2.5689835934416054,0.5,0.1724137931034483,0.1724137931034483
Noise-band momentum 2R,14:30-15:30,hold,MGC,ALL,77,0.28,0.5844155844155844,0.26553098697029315,2.239537390989194,4098.009436836824,450.76341430863465,2.3057730152218796,0.5714285714285714,0.18181818181818182,0.23376623376623376
Noise-band momentum 2R,14:30-15:30,hold,MGC,IS,48,0.2874251497005988,0.625,0.20307071945431707,2.1180006008014933,2570.106060152023,450.76341430863465,2.184099614826193,0.625,0.16666666666666666,0.2708333333333333
Noise-band momentum 2R,14:30-15:30,hold,MGC,OOS,29,0.26851851851851855,0.5172413793103449,0.3689134987208743,2.5169233836953544,1527.9033766848027,282.19120795047047,2.5860940097385128,0.5,0.20689655172413793,0.1724137931034483
Noise-band momentum 2R,15:30-16:00,flat,MGC,ALL,65,0.23636363636363636,0.46153846153846156,0.0656899587757456,1.3144349159519082,800.0614985172214,777.9935062332746,0.7061610959584931,0.5714285714285714,0.06153846153846154,0.13846153846153847
Noise-band momentum 2R,15:30-16:00,flat,MGC,IS,39,0.23353293413173654,0.5128205128205128,0.11151587941965713,1.8543565065728587,1284.2802994277258,445.5201421517982,1.6477018643699606,0.5,0.07692307692307693,0.15384615384615385
Noise-band momentum 2R,15:30-16:00,flat,MGC,OOS,26,0.24074074074074073,0.38461538461538464,-0.003048922190121727,0.534954431196404,-484.21880091050446,777.9935062332751,-1.469448736747507,0.6666666666666666,0.038461538461538464,0.11538461538461539
Noise-band momentum 2R,15:30-16:00,hold,MGC,ALL,0,0.0,,,,0.0,0.0,,,,
Noise-band momentum 2R,15:30-16:00,hold,MGC,IS,0,0.0,,,,0.0,0.0,,,,
Noise-band momentum 2R,15:30-16:00,hold,MGC,OOS,0,0.0,,,,0.0,0.0,,,,
Noise-band momentum 2R,Full RTH,hold,MGC,ALL,240,0.8727272727272727,0.37083333333333335,-0.03978414909739132,0.9264530700120852,-1394.023386070341,3438.750408076933,-0.2902167183406069,0.2857142857142857,0.25833333333333336,0.5833333333333334
Noise-band momentum 2R,Full RTH,hold,MGC,IS,136,0.8143712574850299,0.38235294117647056,0.030414233640375512,0.8578295651416153,-1919.619462385856,3438.750408076933,-0.5415210240889118,0.25,0.29411764705882354,0.5661764705882353
Noise-band momentum 2R,Full RTH,hold,MGC,OOS,104,0.9629629629629629,0.3557692307692308,-0.1315820342160095,1.0964049529515352,525.5960763155135,1010.1793676912176,0.5387828706242389,0.3333333333333333,0.21153846153846154,0.6057692307692307
Bollinger squeeze 2R,09:30-11:30,flat,MGC,ALL,7,0.025454545454545455,0.42857142857142855,-0.057632228482550014,0.5690849950501288,-152.35000000004328,353.5500000000378,-0.6082886897304132,0.6,0.14285714285714285,0.2857142857142857
Bollinger squeeze 2R,09:30-11:30,flat,MGC,IS,4,0.023952095808383235,0.25,-0.5426525018094666,0.18800443108083503,-256.55000000003054,315.95000000002506,-1.541699777719758,0.5,0.0,0.5
Bollinger squeeze 2R,09:30-11:30,flat,MGC,OOS,3,0.027777777777777776,0.6666666666666666,0.5890614692866721,3.771276595743404,104.19999999998728,37.600000000012734,1.2796836991721077,0.6666666666666666,0.3333333333333333,0.0
Bollinger squeeze 2R,09:30-11:30,hold,MGC,ALL,7,0.025454545454545455,0.2857142857142857,-0.16228562105061278,0.3426128773710916,-615.1500000000227,935.7500000000329,-1.0840161446846655,0.4,0.2857142857142857,0.7142857142857143
Bollinger squeeze 2R,09:30-11:30,hold,MGC,IS,4,0.023952095808383235,0.0,-1.0153280717728668,0.0,-851.5500000000306,851.5500000000306,-2.1815602917456594,0.0,0.0,1.0
Bollinger squeeze 2R,09:30-11:30,hold,MGC,OOS,3,0.027777777777777776,0.6666666666666666,0.9751043132457257,3.8076009501187875,236.40000000000802,84.20000000000218,1.443552844462297,0.6666666666666666,0.6666666666666666,0.3333333333333333
Bollinger squeeze 2R,11:30-13:30,flat,MGC,ALL,61,0.22181818181818183,0.4098360655737705,0.008466585741967637,0.8413494415317457,-487.2000000002006,1657.5500000001314,-0.5254857310004281,0.6153846153846154,0.16393442622950818,0.36065573770491804
Bollinger squeeze 2R,11:30-13:30,flat,MGC,IS,44,0.2634730538922156,0.3181818181818182,-0.22218414087166646,0.5118546741544251,-1351.6500000001997,1657.5500000001314,-2.1390807949701767,0.42857142857142855,0.09090909090909091,0.4090909090909091
Bollinger squeeze 2R,11:30-13:30,flat,MGC,OOS,17,0.1574074074074074,0.6470588235294118,0.605444936977256,3.8628912071531007,864.4499999999997,94.30000000000587,3.197680795908901,0.8333333333333334,0.35294117647058826,0.23529411764705882
Bollinger squeeze 2R,11:30-13:30,hold,MGC,ALL,62,0.22545454545454546,0.3387096774193548,-0.1313568040443729,0.6582188824577403,-1544.1500000001442,2777.5000000001774,-1.1844107742248238,0.35714285714285715,0.20967741935483872,0.5967741935483871
Bollinger squeeze 2R,11:30-13:30,hold,MGC,IS,45,0.2694610778443114,0.24444444444444444,-0.4307881164918685,0.40052557982543935,-2486.5000000001796,2777.5000000001774,-2.6554395432247686,0.0,0.13333333333333333,0.7111111111111111
Bollinger squeeze 2R,11:30-13:30,hold,MGC,OOS,17,0.1574074074074074,0.5882352941176471,0.6612554936107626,3.5458597865728274,942.3500000000357,134.90000000000077,3.202608388589205,0.8333333333333334,0.4117647058823529,0.29411764705882354
Bollinger squeeze 2R,13:30-16:00,flat,MGC,ALL,153,0.5563636363636364,0.42483660130718953,0.04256370703793106,1.0331144801240555,208.04999999942976,1409.4000000002516,0.1434453669297562,0.3076923076923077,0.19607843137254902,0.38562091503267976
Bollinger squeeze 2R,13:30-16:00,flat,MGC,IS,93,0.5568862275449101,0.41935483870967744,0.04128563345696789,1.0637838598795357,271.8499999996001,1409.4000000002516,0.2664250305722352,0.375,0.1935483870967742,0.3870967741935484
Bollinger squeeze 2R,13:30-16:00,flat,MGC,OOS,60,0.5555555555555556,0.43333333333333335,0.044544721088424,0.9684267827979592,-63.800000000170094,610.1000000001892,-0.16197159823638818,0.2,0.2,0.38333333333333336
Bollinger squeeze 2R,13:30-16:00,hold,MGC,ALL,134,0.48727272727272725,0.4552238805970149,0.09507441937953079,1.1491688578732322,819.7499999995314,1235.5000000001792,0.5797760367319518,0.38461538461538464,0.22388059701492538,0.417910447761194
Bollinger squeeze 2R,13:30-16:00,hold,MGC,IS,81,0.48502994011976047,0.4567901234567901,0.09483501416842773,1.1879100469005763,703.1499999996735,1235.5000000001792,0.702722992635938,0.5,0.2222222222222222,0.43209876543209874
Bollinger squeeze 2R,13:30-16:00,hold,MGC,OOS,53,0.49074074074074076,0.4528301886792453,0.09544030281536758,1.0664955802679483,116.599999999858,530.7500000000476,0.3120030992381476,0.2,0.22641509433962265,0.39622641509433965
Bollinger squeeze 2R,09:30-10:30,flat,MGC,ALL,2,0.007272727272727273,1.0,0.201147035991745,inf,51.79999999998181,0.0,1.3499397333719358,1.0,0.0,0.0
Bollinger squeeze 2R,09:30-10:30,flat,MGC,IS,2,0.011976047904191617,1.0,0.201147035991745,inf,51.79999999998181,0.0,1.7343270370690342,1.0,0.0,0.0
Bollinger squeeze 2R,09:30-10:30,flat,MGC,OOS,0,0.0,,,,0.0,0.0,,,,
Bollinger squeeze 2R,09:30-10:30,hold,MGC,ALL,2,0.007272727272727273,0.0,-1.020011473883144,0.0,-267.3500000000178,267.3500000000178,-1.3505361643521614,0.0,0.0,1.0
Bollinger squeeze 2R,09:30-10:30,hold,MGC,IS,2,0.011976047904191617,0.0,-1.020011473883144,0.0,-267.3500000000178,267.3500000000178,-1.7350969142073958,0.0,0.0,1.0
Bollinger squeeze 2R,09:30-10:30,hold,MGC,OOS,0,0.0,,,,0.0,0.0,,,,
Bollinger squeeze 2R,10:30-11:30,flat,MGC,ALL,5,0.01818181818181818,0.6,0.3273194696776876,2.334106728537678,114.99999999997453,86.20000000002001,0.7534524330764795,0.6,0.2,0.0
Bollinger squeeze 2R,10:30-11:30,flat,MGC,IS,2,0.011976047904191617,0.5,-0.06529352973578913,1.222222222221927,10.799999999987264,48.60000000000728,0.17235262564743078,0.5,0.0,0.0
Bollinger squeeze 2R,10:30-11:30,flat,MGC,OOS,3,0.027777777777777776,0.6666666666666666,0.5890614692866721,3.771276595743404,104.19999999998728,37.600000000012734,1.2796836991721077,0.6666666666666666,0.3333333333333333,0.0
Bollinger squeeze 2R,10:30-11:30,hold,MGC,ALL,5,0.01818181818181818,0.4,0.18080472008239962,0.4796529024536251,-347.80000000000484,668.400000000015,-0.6531195167146646,0.4,0.4,0.6
Bollinger squeeze 2R,10:30-11:30,hold,MGC,IS,2,0.011976047904191617,0.0,-1.0106446696625895,0.0,-584.2000000000128,584.2000000000128,-1.6210868608008606,0.0,0.0,1.0
Bollinger squeeze 2R,10:30-11:30,hold,MGC,OOS,3,0.027777777777777776,0.6666666666666666,0.9751043132457257,3.8076009501187875,236.40000000000802,84.20000000000218,1.443552844462297,0.6666666666666666,0.6666666666666666,0.3333333333333333
Bollinger squeeze 2R,11:30-12:30,flat,MGC,ALL,19,0.06909090909090909,0.5263157894736842,0.1836873374166859,0.7912963232793707,-214.85000000006528,983.8500000000594,-0.3379981243706515,0.7,0.15789473684210525,0.21052631578947367
Bollinger squeeze 2R,11:30-12:30,flat,MGC,IS,13,0.07784431137724551,0.3076923076923077,-0.10239961244857038,0.4551945213463346,-560.8500000000512,983.8500000000594,-1.1879440192290265,0.5,0.15384615384615385,0.3076923076923077
Bollinger squeeze 2R,11:30-12:30,flat,MGC,OOS,6,0.05555555555555555,1.0,0.8035423954580744,inf,345.9999999999858,0.0,2.951884381102383,1.0,0.16666666666666666,0.0
Bollinger squeeze 2R,11:30-12:30,hold,MGC,ALL,25,0.09090909090909091,0.4,0.17454224088879436,0.8869094539912896,-215.19999999998598,1412.1000000000724,-0.24536095820187573,0.6363636363636364,0.36,0.56
Bollinger squeeze 2R,11:30-12:30,hold,MGC,IS,18,0.10778443113772455,0.16666666666666666,-0.4920201411819067,0.34037521677439936,-1255.2000000000576,1412.1000000000724,-2.103867795369816,0.3333333333333333,0.16666666666666666,0.7777777777777778
Bollinger squeeze 2R,11:30-12:30,hold,MGC,OOS,7,0.06481481481481481,1.0,1.8885597947848827,inf,1040.0000000000716,0.0,4.094086110829037,1.0,0.8571428571428571,0.0
Bollinger squeeze 2R,12:30-13:30,flat,MGC,ALL,41,0.14909090909090908,0.3902439024390244,-0.1579328013793943,0.7449655793603596,-396.4000000002357,847.4500000001613,-0.6940571991171971,0.25,0.07317073170731707,0.3170731707317073
Bollinger squeeze 2R,12:30-13:30,flat,MGC,IS,29,0.17365269461077845,0.3793103448275862,-0.1350941555787101,0.7866192766045329,-255.1500000001546,712.1500000000494,-0.6144342515567262,0.2857142857142857,0.06896551724137931,0.3103448275862069
Bollinger squeeze 2R,12:30-13:30,flat,MGC,OOS,12,0.1111111111111111,0.4166666666666667,-0.21312619539771446,0.6060521545110558,-141.2500000000811,217.4500000000411,-1.0851168173353685,0.2,0.08333333333333333,0.3333333333333333
Bollinger squeeze 2R,12:30-13:30,hold,MGC,ALL,42,0.15272727272727274,0.2857142857142857,-0.34900172103525373,0.5152464039919994,-1447.4500000001872,1524.4500000001249,-1.5979824649425505,0.15384615384615385,0.11904761904761904,0.6428571428571429
Bollinger squeeze 2R,12:30-13:30,hold,MGC,IS,30,0.17964071856287425,0.3,-0.35416216643197196,0.5231296874031259,-1154.0500000001311,1524.4500000001249,-1.7134869638693488,0.125,0.13333333333333333,0.6666666666666666
Bollinger squeeze 2R,12:30-13:30,hold,MGC,OOS,12,0.1111111111111111,0.25,-0.33610060754345783,0.48153383990099996,-293.40000000005523,293.40000000005523,-1.7162166308194207,0.2,0.08333333333333333,0.5833333333333334
Bollinger squeeze 2R,13:30-14:30,flat,MGC,ALL,64,0.23272727272727273,0.375,-0.06043486566712353,0.9197325143216869,-184.25000000030406,762.1500000000902,-0.24032518466321648,0.38461538461538464,0.125,0.328125
Bollinger squeeze 2R,13:30-14:30,flat,MGC,IS,36,0.2155688622754491,0.3611111111111111,-0.06754249181308562,0.9918606598558444,-12.150000000190069,762.1500000000902,-0.02341968165842499,0.375,0.1388888888888889,0.3611111111111111
Bollinger squeeze 2R,13:30-14:30,flat,MGC,OOS,28,0.25925925925925924,0.39285714285714285,-0.05129648919374362,0.7855986047089849,-172.10000000011382,395.4500000000186,-0.7180293135635412,0.4,0.10714285714285714,0.2857142857142857
Bollinger squeeze 2R,13:30-14:30,hold,MGC,ALL,70,0.2545454545454545,0.4142857142857143,0.005532786598647713,1.0726217635619637,237.14999999979025,960.2000000001082,0.21680565285767273,0.46153846153846156,0.24285714285714285,0.5142857142857142
Bollinger squeeze 2R,13:30-14:30,hold,MGC,IS,40,0.23952095808383234,0.4,-0.0183050219640274,1.1329603502796524,273.2999999998501,960.2000000001082,0.3644920438060317,0.375,0.25,0.525
Bollinger squeeze 2R,13:30-14:30,hold,MGC,OOS,30,0.2777777777777778,0.43333333333333335,0.03731653134888122,0.9701252014379104,-36.15000000005941,594.9500000000455,-0.11017591684940402,0.6,0.23333333333333334,0.5
Bollinger squeeze 2R,14:30-15:30,flat,MGC,ALL,61,0.22181818181818183,0.4918032786885246,0.12217585747617184,1.2853631415693985,487.599999999695,564.5000000001124,0.6046711502712186,0.46153846153846156,0.14754098360655737,0.22950819672131148
Bollinger squeeze 2R,14:30-15:30,flat,MGC,IS,39,0.23353293413173654,0.46153846153846156,0.10046729459780396,1.3210582010580083,379.2499999998222,564.5000000001124,0.6520201512893026,0.375,0.1282051282051282,0.23076923076923078
Bollinger squeeze 2R,14:30-15:30,flat,MGC,OOS,22,0.2037037037037037,0.5454545454545454,0.16065921894236931,1.2054223149110965,108.34999999987289,126.85000000002657,0.5612951831349594,0.6,0.18181818181818182,0.22727272727272727
Bollinger squeeze 2R,14:30-15:30,hold,MGC,ALL,69,0.2509090909090909,0.4927536231884058,0.20240945747514932,1.4584254030606643,1120.2999999997562,538.4000000001008,0.9011006402853214,0.6153846153846154,0.21739130434782608,0.3188405797101449
Bollinger squeeze 2R,14:30-15:30,hold,MGC,IS,44,0.2634730538922156,0.5,0.2061248941095032,1.520056140350734,926.3499999998246,538.4000000001008,1.0008118417803606,0.625,0.20454545454545456,0.3409090909090909
Bollinger squeeze 2R,14:30-15:30,hold,MGC,OOS,25,0.23148148148148148,0.48,0.19587028899868653,1.2927326239527728,193.9499999999317,227.04999999999598,0.8331166668444515,0.6,0.24,0.28
Bollinger squeeze 2R,15:30-16:00,flat,MGC,ALL,31,0.11272727272727273,0.2903225806451613,-0.20465255788453224,0.5125821921193469,-492.95000000015966,648.4500000001314,-1.3154126985771388,0.38461538461538464,0.03225806451612903,0.1935483870967742
Bollinger squeeze 2R,15:30-16:00,flat,MGC,IS,18,0.10778443113772455,0.2777777777777778,-0.09400983503180307,0.6317907444667045,-219.60000000008563,455.80000000004725,-0.8510854248204374,0.5,0.05555555555555555,0.1111111111111111
Bollinger squeeze 2R,15:30-16:00,flat,MGC,OOS,13,0.12037037037037036,0.3076923076923077,-0.3578501741421572,0.3412459332448681,-273.3500000000738,317.1500000000629,-2.4720444513200426,0.2,0.0,0.3076923076923077
Bollinger squeeze 2R,15:30-16:00,hold,MGC,ALL,0,0.0,,,,0.0,0.0,,,,
Bollinger squeeze 2R,15:30-16:00,hold,MGC,IS,0,0.0,,,,0.0,0.0,,,,
Bollinger squeeze 2R,15:30-16:00,hold,MGC,OOS,0,0.0,,,,0.0,0.0,,,,
Bollinger squeeze 2R,Full RTH,hold,MGC,ALL,189,0.6872727272727273,0.43386243386243384,0.06795047843409077,1.008805232946142,82.44999999944616,1972.950000000173,0.04321557588718467,0.5714285714285714,0.2328042328042328,0.4603174603174603
Bollinger squeeze 2R,Full RTH,hold,MGC,IS,118,0.7065868263473054,0.3898305084745763,-0.06504039083267266,0.820510696460693,-1300.0500000004688,1972.950000000173,-0.9561328827390116,0.375,0.19491525423728814,0.5169491525423728
Bollinger squeeze 2R,Full RTH,hold,MGC,OOS,71,0.6574074074074074,0.5070422535211268,0.28897755693378213,1.6519073890695477,1382.4999999999156,429.25000000003547,2.9077619341857814,0.8333333333333334,0.29577464788732394,0.36619718309859156
PDH/PDL sweep-reclaim 2R,09:30-11:30,flat,MGC,ALL,108,0.3927272727272727,0.3888888888888889,-0.021326873634356945,0.9972825469038464,-22.442041523712447,1834.4139859663064,-0.009526520139606415,0.5714285714285714,0.18518518518518517,0.42592592592592593
PDH/PDL sweep-reclaim 2R,09:30-11:30,flat,MGC,IS,66,0.39520958083832336,0.36363636363636365,-0.03886506147449201,0.9035780760542278,-539.2345313312543,1834.4139859663064,-0.34484358052711334,0.5,0.21212121212121213,0.45454545454545453
PDH/PDL sweep-reclaim 2R,09:30-11:30,flat,MGC,OOS,42,0.3888888888888889,0.42857142857142855,0.006233135828712454,1.1938430162298708,516.7924898075426,837.6172243698502,0.6652594200919224,0.6666666666666666,0.14285714285714285,0.38095238095238093
PDH/PDL sweep-reclaim 2R,09:30-11:30,hold,MGC,ALL,111,0.4036363636363636,0.38738738738738737,0.019627320370098504,1.0003664135601862,3.7012032815876523,1809.99518892454,0.0013173992351249704,0.42857142857142855,0.25225225225225223,0.5315315315315315
PDH/PDL sweep-reclaim 2R,09:30-11:30,hold,MGC,IS,67,0.40119760479041916,0.3582089552238806,-0.03125414112237918,0.7982382119117835,-1432.0641408859656,1809.99518892454,-0.7863128811789565,0.125,0.26865671641791045,0.5522388059701493
PDH/PDL sweep-reclaim 2R,09:30-11:30,hold,MGC,OOS,44,0.4074074074074074,0.4318181818181818,0.09710590946091681,1.4780519355360868,1435.765344167553,866.3943814993772,1.471723116713085,0.8333333333333334,0.22727272727272727,0.5
PDH/PDL sweep-reclaim 2R,11:30-13:30,flat,MGC,ALL,30,0.10909090909090909,0.3333333333333333,-0.09452631018438575,0.5874799659496552,-666.4937734280084,666.4937734280085,-1.0612530972461027,0.3076923076923077,0.06666666666666667,0.16666666666666666
PDH/PDL sweep-reclaim 2R,11:30-13:30,flat,MGC,IS,17,0.10179640718562874,0.35294117647058826,0.05226800224382539,0.6949438120827459,-314.1104726834893,418.7308064861927,-0.7338830973910304,0.375,0.11764705882352941,0.11764705882352941
PDH/PDL sweep-reclaim 2R,11:30-13:30,flat,MGC,OOS,13,0.12037037037037036,0.3076923076923077,-0.28648810335973873,0.3986461725158106,-352.3833007445189,549.1833007445007,-1.8354574661092777,0.2,0.0,0.23076923076923078
PDH/PDL sweep-reclaim 2R,11:30-13:30,hold,MGC,ALL,30,0.10909090909090909,0.26666666666666666,-0.13761999806203523,0.6584045741742182,-676.218436611419,1066.3900491562365,-0.8395548866212966,0.23076923076923078,0.06666666666666667,0.23333333333333334
PDH/PDL sweep-reclaim 2R,11:30-13:30,hold,MGC,IS,17,0.10179640718562874,0.29411764705882354,0.07034235406614389,0.8901658273476025,-122.91365345877892,513.0852660035965,-0.21990245775079723,0.25,0.11764705882352941,0.17647058823529413
PDH/PDL sweep-reclaim 2R,11:30-13:30,hold,MGC,OOS,13,0.12037037037037036,0.23076923076923078,-0.409570766229654,0.35699975876310125,-553.30478315264,781.1047831526255,-2.4041038930348284,0.2,0.0,0.3076923076923077
PDH/PDL sweep-reclaim 2R,13:30-16:00,flat,MGC,ALL,18,0.06545454545454546,0.4444444444444444,-0.0430551485904384,0.5931293337914297,-802.2633901283543,1547.3608168340218,-0.7071540235597721,0.45454545454545453,0.16666666666666666,0.3333333333333333
PDH/PDL sweep-reclaim 2R,13:30-16:00,flat,MGC,IS,10,0.059880239520958084,0.3,-0.10210781532558799,0.46731076163799584,-630.4777701654587,1164.975196871155,-0.9185268351761696,0.3333333333333333,0.2,0.4
PDH/PDL sweep-reclaim 2R,13:30-16:00,flat,MGC,OOS,8,0.07407407407407407,0.625,0.03076068482849842,0.7820572717163115,-171.78561996289574,612.6145062407734,-0.38174043824255494,0.6,0.125,0.25
PDH/PDL sweep-reclaim 2R,13:30-16:00,hold,MGC,ALL,16,0.05818181818181818,0.375,-0.058668510022753806,0.5516441795323871,-884.0633901283452,1598.7608168340143,-0.7806087236120242,0.45454545454545453,0.1875,0.375
PDH/PDL sweep-reclaim 2R,13:30-16:00,hold,MGC,IS,10,0.059880239520958084,0.3,-0.10210781532558799,0.46731076163799584,-630.4777701654587,1164.975196871155,-0.9185268351761696,0.3333333333333333,0.2,0.4
PDH/PDL sweep-reclaim 2R,13:30-16:00,hold,MGC,OOS,6,0.05555555555555555,0.5,0.01373033214863644,0.6782784153868098,-253.58561996288662,612.6145062407734,-0.5658705787795292,0.6,0.16666666666666666,0.3333333333333333
PDH/PDL sweep-reclaim 2R,09:30-10:30,flat,MGC,ALL,83,0.3018181818181818,0.46987951807228917,0.0646605650419273,1.3552433301416016,1846.5549616925432,1110.0540494712764,0.7082696274148482,0.5,0.1686746987951807,0.39759036144578314
PDH/PDL sweep-reclaim 2R,09:30-10:30,flat,MGC,IS,54,0.32335329341317365,0.4444444444444444,0.07125664563503846,1.4676836060607787,1662.2964038891216,1110.0540494712764,0.8731144527066527,0.5,0.18518518518518517,0.4074074074074074
PDH/PDL sweep-reclaim 2R,09:30-10:30,flat,MGC,OOS,29,0.26851851851851855,0.5172413793103449,0.052378208075444396,1.1121010943242755,184.25855780342204,922.3457406666489,0.3203755267971529,0.5,0.13793103448275862,0.3793103448275862
PDH/PDL sweep-reclaim 2R,09:30-10:30,hold,MGC,ALL,85,0.3090909090909091,0.4,0.08495353313687666,1.0444953135210397,366.4721470667463,2104.6022162608683,0.1345253022540327,0.5714285714285714,0.3058823529411765,0.5529411764705883
PDH/PDL sweep-reclaim 2R,09:30-10:30,hold,MGC,IS,54,0.32335329341317365,0.37037037037037035,0.03169331548458432,0.8615757201500569,-813.0183972125011,2104.6022162608683,-0.44505404969329937,0.375,0.3148148148148148,0.5740740740740741
PDH/PDL sweep-reclaim 2R,09:30-10:30,hold,MGC,OOS,31,0.28703703703703703,0.45161290322580644,0.17772939614409564,1.4991883746001093,1179.4905442792476,653.9804479256944,1.3541320449066918,0.8333333333333334,0.2903225806451613,0.5161290322580645
PDH/PDL sweep-reclaim 2R,10:30-11:30,flat,MGC,ALL,23,0.08363636363636363,0.34782608695652173,-0.2804152991822086,0.6951883315169142,-377.96278761378915,634.809653496649,-0.6124522619067442,0.3076923076923077,0.043478260869565216,0.34782608695652173
PDH/PDL sweep-reclaim 2R,10:30-11:30,flat,MGC,IS,13,0.07784431137724551,0.3076923076923077,-0.31752418026067214,0.7558348076047668,-188.2033476868453,540.3283079293257,-0.4424805098043808,0.2857142857142857,0.0,0.3076923076923077
PDH/PDL sweep-reclaim 2R,10:30-11:30,flat,MGC,OOS,10,0.09259259259259259,0.4,-0.23217375378020594,0.5955548199214307,-189.75943992694368,390.8063058097981,-1.0442013677739896,0.3333333333333333,0.1,0.4
PDH/PDL sweep-reclaim 2R,10:30-11:30,hold,MGC,ALL,26,0.09454545454545454,0.34615384615384615,-0.18672631327786238,1.507370410360284,946.2290562148462,1022.1415937497321,0.5152244804183069,0.46153846153846156,0.07692307692307693,0.46153846153846156
PDH/PDL sweep-reclaim 2R,10:30-11:30,hold,MGC,IS,14,0.08383233532934131,0.35714285714285715,-0.20445139340732776,1.743500399630238,910.3542563265296,1022.1415937497321,0.660406159947723,0.42857142857142855,0.07142857142857142,0.42857142857142855
PDH/PDL sweep-reclaim 2R,10:30-11:30,hold,MGC,OOS,12,0.1111111111111111,0.3333333333333333,-0.16604705312681942,1.0560062151522156,35.874799888316126,544.5720659945327,0.11432697404573246,0.5,0.08333333333333333,0.5
PDH/PDL sweep-reclaim 2R,11:30-12:30,flat,MGC,ALL,18,0.06545454545454546,0.5555555555555556,-0.034780545766328025,1.1528846937016592,70.68143257357067,224.5185674263857,0.20699498136443967,0.5454545454545454,0.0,0.1111111111111111
PDH/PDL sweep-reclaim 2R,11:30-12:30,flat,MGC,IS,12,0.0718562874251497,0.5833333333333334,0.05812476308796829,1.531707728986957,158.91791477163758,136.2820852283188,0.6423326031260775,0.5714285714285714,0.0,0.08333333333333333
PDH/PDL sweep-reclaim 2R,11:30-12:30,flat,MGC,OOS,6,0.05555555555555555,0.5,-0.22059116347492067,0.4601175881212134,-88.23648219806691,121.43648219804143,-1.1164320204485867,0.5,0.0,0.16666666666666666
PDH/PDL sweep-reclaim 2R,11:30-12:30,hold,MGC,ALL,20,0.07272727272727272,0.35,-0.04624037334721049,0.8638586689343438,-187.61932917070862,563.921748201667,-0.24568547998623802,0.4166666666666667,0.05,0.15
PDH/PDL sweep-reclaim 2R,11:30-12:30,hold,MGC,IS,13,0.07784431137724551,0.3076923076923077,0.029229697180534045,0.8659103787387229,-136.78284697263805,513.0852660035965,-0.24928103133762441,0.2857142857142857,0.07692307692307693,0.15384615384615385
PDH/PDL sweep-reclaim 2R,11:30-12:30,hold,MGC,OOS,7,0.06481481481481481,0.42857142857142855,-0.1863990757558789,0.8580131223332992,-50.83648219807052,358.0364821980506,-0.27185261508437086,0.6,0.0,0.14285714285714285
PDH/PDL sweep-reclaim 2R,12:30-13:30,flat,MGC,ALL,10,0.03636363636363636,0.2,-0.1601898096348166,0.2943414120348865,-338.67762503258837,429.94544501928686,-1.4714386084113882,0.125,0.1,0.3
PDH/PDL sweep-reclaim 2R,12:30-13:30,flat,MGC,IS,4,0.023952095808383235,0.25,0.16748072371841388,0.6882241785445247,-51.1308064861363,142.3986264728348,-0.4035326224056518,0.25,0.25,0.25
PDH/PDL sweep-reclaim 2R,12:30-13:30,flat,MGC,OOS,6,0.05555555555555555,0.16666666666666666,-0.37863683187030367,0.08988854558070575,-287.5468185464521,287.5468185464521,-2.8265621880726255,0.0,0.0,0.3333333333333333
PDH/PDL sweep-reclaim 2R,12:30-13:30,hold,MGC,ALL,10,0.03636363636363636,0.1,-0.3203792474916846,0.18765424138855394,-488.5991074407102,592.8669274274059,-1.8974679972962376,0.125,0.1,0.4
PDH/PDL sweep-reclaim 2R,12:30-13:30,hold,MGC,IS,4,0.023952095808383235,0.25,0.2039584889443759,1.1400948074533623,13.869193513859145,90.39862647283663,0.13033352431799863,0.25,0.25,0.25
PDH/PDL sweep-reclaim 2R,12:30-13:30,hold,MGC,OOS,6,0.05555555555555555,0.0,-0.6699377384490584,0.0,-502.4683009545694,502.4683009545694,-3.724068385463943,0.0,0.0,0.5
PDH/PDL sweep-reclaim 2R,13:30-14:30,flat,MGC,ALL,5,0.01818181818181818,0.4,-0.34187898171954273,0.6462579453040261,-50.2485437232217,113.64854372322625,-0.43074293877425396,0.25,0.0,0.4
PDH/PDL sweep-reclaim 2R,13:30-14:30,flat,MGC,IS,2,0.011976047904191617,0.5,-0.399419255635901,1.8011853053858728,28.20095645327619,35.199043546728355,0.4765035443734187,0.5,0.0,0.5
PDH/PDL sweep-reclaim 2R,13:30-14:30,flat,MGC,OOS,3,0.027777777777777776,0.3333333333333333,-0.3035187991086372,0.26579441132697085,-78.44950017649789,106.84950017648879,-1.4137068895067149,0.0,0.0,0.3333333333333333
PDH/PDL sweep-reclaim 2R,13:30-14:30,hold,MGC,ALL,6,0.02181818181818182,0.3333333333333333,0.0730183298486287,1.6678694921686996,251.71418693511467,210.84950017648518,0.45094216733488096,0.4,0.3333333333333333,0.5
PDH/PDL sweep-reclaim 2R,13:30-14:30,hold,MGC,IS,3,0.017964071856287425,0.3333333333333333,-0.03570680608959805,2.7088157166697053,283.7348008336859,166.04177856384308,0.7405693943634982,0.3333333333333333,0.3333333333333333,0.6666666666666666
PDH/PDL sweep-reclaim 2R,13:30-14:30,hold,MGC,OOS,3,0.027777777777777776,0.3333333333333333,0.18174346578685543,0.8481352155363457,-32.020613898571156,210.84950017648515,-0.19237326449798148,0.5,0.3333333333333333,0.3333333333333333
PDH/PDL sweep-reclaim 2R,14:30-15:30,flat,MGC,ALL,9,0.03272727272727273,0.4444444444444444,-0.003881350514784653,0.46260873385040396,-528.6929331193683,888.2137804275194,-0.6766541106903021,0.5714285714285714,0.1111111111111111,0.2222222222222222
PDH/PDL sweep-reclaim 2R,14:30-15:30,flat,MGC,IS,6,0.03592814371257485,0.3333333333333333,0.09684005278644277,0.29110887957170944,-288.1279270550564,374.24877436321657,-0.9926616603997414,0.5,0.16666666666666666,0.16666666666666666
PDH/PDL sweep-reclaim 2R,14:30-15:30,flat,MGC,OOS,3,0.027777777777777776,0.6666666666666666,-0.20532415711723942,0.5833398222310632,-240.5650060643119,577.3650060642937,-0.5571349407453823,0.6666666666666666,0.0,0.3333333333333333
PDH/PDL sweep-reclaim 2R,14:30-15:30,hold,MGC,ALL,10,0.03636363636363636,0.4,-0.13768061394558329,0.2878683935555619,-1135.7775770634598,1576.2984243716057,-1.1539418185753396,0.42857142857142855,0.1,0.3
PDH/PDL sweep-reclaim 2R,14:30-15:30,hold,MGC,IS,7,0.041916167664670656,0.2857142857142857,-0.13056539071244075,0.1015404953284487,-914.2125709991444,998.933418307312,-1.6103723674269694,0.25,0.14285714285714285,0.2857142857142857
PDH/PDL sweep-reclaim 2R,14:30-15:30,hold,MGC,OOS,3,0.027777777777777776,0.6666666666666666,-0.15428280148958257,0.6162479475944501,-221.5650060643155,577.3650060642937,-0.5324254545420842,0.6666666666666666,0.0,0.3333333333333333
PDH/PDL sweep-reclaim 2R,15:30-16:00,flat,MGC,ALL,2,0.007272727272727273,1.0,0.08185174286808442,inf,81.7999999999909,0.0,1.3133632721171506,1.0,0.0,0.0
PDH/PDL sweep-reclaim 2R,15:30-16:00,flat,MGC,IS,0,0.0,,,,0.0,0.0,,,,
PDH/PDL sweep-reclaim 2R,15:30-16:00,flat,MGC,OOS,2,0.018518518518518517,1.0,0.08185174286808442,inf,81.7999999999909,0.0,2.101016635220495,1.0,0.0,0.0
PDH/PDL sweep-reclaim 2R,15:30-16:00,hold,MGC,ALL,0,0.0,,,,0.0,0.0,,,,
PDH/PDL sweep-reclaim 2R,15:30-16:00,hold,MGC,IS,0,0.0,,,,0.0,0.0,,,,
PDH/PDL sweep-reclaim 2R,15:30-16:00,hold,MGC,OOS,0,0.0,,,,0.0,0.0,,,,
PDH/PDL sweep-reclaim 2R,Full RTH,hold,MGC,ALL,155,0.5636363636363636,0.36129032258064514,-0.02437757732909963,0.883351666659791,-1635.2119612468448,3098.8310119329944,-0.49246203345315687,0.42857142857142855,0.2064516129032258,0.45806451612903226
PDH/PDL sweep-reclaim 2R,Full RTH,hold,MGC,IS,93,0.5568862275449101,0.3333333333333333,-0.04184225950804948,0.7555093655561685,-2298.323384496897,3098.8310119329944,-1.0633487678628197,0.25,0.22580645161290322,0.4731182795698925
PDH/PDL sweep-reclaim 2R,Full RTH,hold,MGC,OOS,62,0.5740740740740741,0.4032258064516129,0.0018194459393250768,1.1435974468535541,663.1114232500529,1567.3753202907328,0.5788708636813742,0.6666666666666666,0.1774193548387097,0.43548387096774194
